gsm,series_accession,group_class,analysis_set,disease_label,in_counts_matrix,scale,age,sex,bmi,diabetes,nas_score,fibrosis_stage,instrument_model,series_title,sample_title,material_class,is_single_cell,organism,tissue,cell_line,cell_type,source_name,group_rule_fired,weight,ethnicity,steatosis_grade,inflammation_grade,ballooning_grade,is_treated,treatment_agent,treatment_dose,treatment_duration,treatment_source,treatment_protocol,genotype,library_strategy,library_source,library_selection,molecule,batch,srx,srp_study,bioproject,geo_sample_url,geo_series_url,geo_series_suppl_dir,geo_sample_suppl_files,srr,fastq_ftp,fastq_bytes,read_count,sra_run_url,pubmed_id,submission_date,characteristics_all
GSM4957321,GSE162694,case,primary,,yes,counts,36,Male,,,3,0,Illumina HiSeq 3000,Molecular Characterization and Cell Type Composition Deconvolution of Fibrosis in NAFLD,nash1_F0 548nash1,human liver tissue,no,Homo sapiens,Liver,,,Liver biopsy,histology: NAS=3 steatosis=- fibrosis=0,,,,,,no,,,,,,,RNA-Seq,transcriptomic,cDNA,total RNA,,SRX9633405,SRP295965,PRJNA682622,https://www.ncbi.nlm.nih.gov/geo/query/acc.cgi?acc=GSM4957321,https://www.ncbi.nlm.nih.gov/geo/query/acc.cgi?acc=GSE162694,https://ftp.ncbi.nlm.nih.gov/geo/series/GSE162nnn/GSE162694/suppl/,,SRR13199852,ftp.sra.ebi.ac.uk/vol1/fastq/SRR131/052/SRR13199852/SRR13199852.fastq.gz,1104994085,49892342,https://www.ncbi.nlm.nih.gov/sra/SRR13199852,34508113,Dec 04 2020,tissue: Liver || age: 36 || Sex: Male || fibrosis stage: 0 || nas score: 3
GSM4957322,GSE162694,case,primary,,yes,counts,55,Female,,,3,1,Illumina HiSeq 3000,Molecular Characterization and Cell Type Composition Deconvolution of Fibrosis in NAFLD,nash10_F1 548nash10,human liver tissue,no,Homo sapiens,Liver,,,Liver biopsy,histology: NAS=3 steatosis=- fibrosis=1,,,,,,no,,,,,,,RNA-Seq,transcriptomic,cDNA,total RNA,,SRX9633406,SRP295965,PRJNA682622,https://www.ncbi.nlm.nih.gov/geo/query/acc.cgi?acc=GSM4957322,https://www.ncbi.nlm.nih.gov/geo/query/acc.cgi?acc=GSE162694,https://ftp.ncbi.nlm.nih.gov/geo/series/GSE162nnn/GSE162694/suppl/,,SRR13199853,ftp.sra.ebi.ac.uk/vol1/fastq/SRR131/053/SRR13199853/SRR13199853.fastq.gz,1144797583,50026030,https://www.ncbi.nlm.nih.gov/sra/SRR13199853,34508113,Dec 04 2020,tissue: Liver || age: 55 || Sex: Female || fibrosis stage: 1 || nas score: 3
GSM4957323,GSE162694,control,primary,,yes,counts,25,Female,,,0,normal liver histology,Illumina HiSeq 3000,Molecular Characterization and Cell Type Composition Deconvolution of Fibrosis in NAFLD,nash100_N 548nash100,human liver tissue,no,Homo sapiens,Liver,,,Liver biopsy,fibrosis stage: normal liver histology,,,,,,no,,,,,,,RNA-Seq,transcriptomic,cDNA,total RNA,,SRX9633407,SRP295965,PRJNA682622,https://www.ncbi.nlm.nih.gov/geo/query/acc.cgi?acc=GSM4957323,https://www.ncbi.nlm.nih.gov/geo/query/acc.cgi?acc=GSE162694,https://ftp.ncbi.nlm.nih.gov/geo/series/GSE162nnn/GSE162694/suppl/,,SRR13199854,ftp.sra.ebi.ac.uk/vol1/fastq/SRR131/054/SRR13199854/SRR13199854.fastq.gz,1159420586,46588427,https://www.ncbi.nlm.nih.gov/sra/SRR13199854,34508113,Dec 04 2020,tissue: Liver || age: 25 || Sex: Female || fibrosis stage: normal liver histology || nas score: 0
GSM4957324,GSE162694,case,primary,,yes,counts,46,Female,,,7,3,Illumina HiSeq 3000,Molecular Characterization and Cell Type Composition Deconvolution of Fibrosis in NAFLD,nash101_F3 548nash101,human liver tissue,no,Homo sapiens,Liver,,,Liver biopsy,histology: NAS=7 steatosis=- fibrosis=3,,,,,,no,,,,,,,RNA-Seq,transcriptomic,cDNA,total RNA,,SRX9633408,SRP295965,PRJNA682622,https://www.ncbi.nlm.nih.gov/geo/query/acc.cgi?acc=GSM4957324,https://www.ncbi.nlm.nih.gov/geo/query/acc.cgi?acc=GSE162694,https://ftp.ncbi.nlm.nih.gov/geo/series/GSE162nnn/GSE162694/suppl/,,SRR13199855,ftp.sra.ebi.ac.uk/vol1/fastq/SRR131/055/SRR13199855/SRR13199855.fastq.gz,1249711828,51850912,https://www.ncbi.nlm.nih.gov/sra/SRR13199855,34508113,Dec 04 2020,tissue: Liver || age: 46 || Sex: Female || fibrosis stage: 3 || nas score: 7
GSM4957325,GSE162694,case,primary,,yes,counts,47,Male,,,5,1,Illumina HiSeq 3000,Molecular Characterization and Cell Type Composition Deconvolution of Fibrosis in NAFLD,nash102_F1 548nash102,human liver tissue,no,Homo sapiens,Liver,,,Liver biopsy,histology: NAS=5 steatosis=- fibrosis=1,,,,,,no,,,,,,,RNA-Seq,transcriptomic,cDNA,total RNA,,SRX9633409,SRP295965,PRJNA682622,https://www.ncbi.nlm.nih.gov/geo/query/acc.cgi?acc=GSM4957325,https://www.ncbi.nlm.nih.gov/geo/query/acc.cgi?acc=GSE162694,https://ftp.ncbi.nlm.nih.gov/geo/series/GSE162nnn/GSE162694/suppl/,,SRR13199856,ftp.sra.ebi.ac.uk/vol1/fastq/SRR131/056/SRR13199856/SRR13199856.fastq.gz,1302511092,67159928,https://www.ncbi.nlm.nih.gov/sra/SRR13199856,34508113,Dec 04 2020,tissue: Liver || age: 47 || Sex: Male || fibrosis stage: 1 || nas score: 5
GSM4957326,GSE162694,control,primary,,yes,counts,54,Female,,,0,normal liver histology,Illumina HiSeq 3000,Molecular Characterization and Cell Type Composition Deconvolution of Fibrosis in NAFLD,nash103_N 548nash103,human liver tissue,no,Homo sapiens,Liver,,,Liver biopsy,fibrosis stage: normal liver histology,,,,,,no,,,,,,,RNA-Seq,transcriptomic,cDNA,total RNA,,SRX9633410,SRP295965,PRJNA682622,https://www.ncbi.nlm.nih.gov/geo/query/acc.cgi?acc=GSM4957326,https://www.ncbi.nlm.nih.gov/geo/query/acc.cgi?acc=GSE162694,https://ftp.ncbi.nlm.nih.gov/geo/series/GSE162nnn/GSE162694/suppl/,,SRR13199857,ftp.sra.ebi.ac.uk/vol1/fastq/SRR131/057/SRR13199857/SRR13199857.fastq.gz,1101140210,46786937,https://www.ncbi.nlm.nih.gov/sra/SRR13199857,34508113,Dec 04 2020,tissue: Liver || age: 54 || Sex: Female || fibrosis stage: normal liver histology || nas score: 0
GSM4957327,GSE162694,case,primary,,yes,counts,65,Male,,,4,0,Illumina HiSeq 3000,Molecular Characterization and Cell Type Composition Deconvolution of Fibrosis in NAFLD,nash10_F0 548nash104,human liver tissue,no,Homo sapiens,Liver,,,Liver biopsy,histology: NAS=4 steatosis=- fibrosis=0,,,,,,no,,,,,,,RNA-Seq,transcriptomic,cDNA,total RNA,,SRX9633411,SRP295965,PRJNA682622,https://www.ncbi.nlm.nih.gov/geo/query/acc.cgi?acc=GSM4957327,https://www.ncbi.nlm.nih.gov/geo/query/acc.cgi?acc=GSE162694,https://ftp.ncbi.nlm.nih.gov/geo/series/GSE162nnn/GSE162694/suppl/,,SRR13199858,ftp.sra.ebi.ac.uk/vol1/fastq/SRR131/058/SRR13199858/SRR13199858.fastq.gz,1172279981,49350848,https://www.ncbi.nlm.nih.gov/sra/SRR13199858,34508113,Dec 04 2020,tissue: Liver || age: 65 || Sex: Male || fibrosis stage: 0 || nas score: 4
GSM4957328,GSE162694,case,primary,,yes,counts,45,Male,,,5,2,Illumina HiSeq 3000,Molecular Characterization and Cell Type Composition Deconvolution of Fibrosis in NAFLD,nash10_F2 548nash105,human liver tissue,no,Homo sapiens,Liver,,,Liver biopsy,histology: NAS=5 steatosis=- fibrosis=2,,,,,,no,,,,,,,RNA-Seq,transcriptomic,cDNA,total RNA,,SRX9633412,SRP295965,PRJNA682622,https://www.ncbi.nlm.nih.gov/geo/query/acc.cgi?acc=GSM4957328,https://www.ncbi.nlm.nih.gov/geo/query/acc.cgi?acc=GSE162694,https://ftp.ncbi.nlm.nih.gov/geo/series/GSE162nnn/GSE162694/suppl/,,SRR13199859,ftp.sra.ebi.ac.uk/vol1/fastq/SRR131/059/SRR13199859/SRR13199859.fastq.gz,1140362421,47884395,https://www.ncbi.nlm.nih.gov/sra/SRR13199859,34508113,Dec 04 2020,tissue: Liver || age: 45 || Sex: Male || fibrosis stage: 2 || nas score: 5
GSM4957329,GSE162694,case,primary,,yes,counts,22,Female,,,4,1,Illumina HiSeq 3000,Molecular Characterization and Cell Type Composition Deconvolution of Fibrosis in NAFLD,nash106_F1 548nash106,human liver tissue,no,Homo sapiens,Liver,,,Liver biopsy,histology: NAS=4 steatosis=- fibrosis=1,,,,,,no,,,,,,,RNA-Seq,transcriptomic,cDNA,total RNA,,SRX9633413,SRP295965,PRJNA682622,https://www.ncbi.nlm.nih.gov/geo/query/acc.cgi?acc=GSM4957329,https://www.ncbi.nlm.nih.gov/geo/query/acc.cgi?acc=GSE162694,https://ftp.ncbi.nlm.nih.gov/geo/series/GSE162nnn/GSE162694/suppl/,,SRR13199860,ftp.sra.ebi.ac.uk/vol1/fastq/SRR131/060/SRR13199860/SRR13199860.fastq.gz,1073699730,44012334,https://www.ncbi.nlm.nih.gov/sra/SRR13199860,34508113,Dec 04 2020,tissue: Liver || age: 22 || Sex: Female || fibrosis stage: 1 || nas score: 4
GSM4957330,GSE162694,control,primary,,yes,counts,55,Female,,,0,normal liver histology,Illumina HiSeq 3000,Molecular Characterization and Cell Type Composition Deconvolution of Fibrosis in NAFLD,nash10_N 548nash108,human liver tissue,no,Homo sapiens,Liver,,,Liver biopsy,fibrosis stage: normal liver histology,,,,,,no,,,,,,,RNA-Seq,transcriptomic,cDNA,total RNA,,SRX9633414,SRP295965,PRJNA682622,https://www.ncbi.nlm.nih.gov/geo/query/acc.cgi?acc=GSM4957330,https://www.ncbi.nlm.nih.gov/geo/query/acc.cgi?acc=GSE162694,https://ftp.ncbi.nlm.nih.gov/geo/series/GSE162nnn/GSE162694/suppl/,,SRR13199861,ftp.sra.ebi.ac.uk/vol1/fastq/SRR131/061/SRR13199861/SRR13199861.fastq.gz,1012669054,43690748,https://www.ncbi.nlm.nih.gov/sra/SRR13199861,34508113,Dec 04 2020,tissue: Liver || age: 55 || Sex: Female || fibrosis stage: normal liver histology || nas score: 0
GSM4957331,GSE162694,control,primary,,yes,counts,34,Female,,,0,normal liver histology,Illumina HiSeq 3000,Molecular Characterization and Cell Type Composition Deconvolution of Fibrosis in NAFLD,nash109_N 548nash109,human liver tissue,no,Homo sapiens,Liver,,,Liver biopsy,fibrosis stage: normal liver histology,,,,,,no,,,,,,,RNA-Seq,transcriptomic,cDNA,total RNA,,SRX9633415,SRP295965,PRJNA682622,https://www.ncbi.nlm.nih.gov/geo/query/acc.cgi?acc=GSM4957331,https://www.ncbi.nlm.nih.gov/geo/query/acc.cgi?acc=GSE162694,https://ftp.ncbi.nlm.nih.gov/geo/series/GSE162nnn/GSE162694/suppl/,,SRR13199862,ftp.sra.ebi.ac.uk/vol1/fastq/SRR131/062/SRR13199862/SRR13199862.fastq.gz,1213223184,49584655,https://www.ncbi.nlm.nih.gov/sra/SRR13199862,34508113,Dec 04 2020,tissue: Liver || age: 34 || Sex: Female || fibrosis stage: normal liver histology || nas score: 0
GSM4957332,GSE162694,case,primary,,yes,counts,25,Male,,,5,1,Illumina HiSeq 3000,Molecular Characterization and Cell Type Composition Deconvolution of Fibrosis in NAFLD,nash11_F1 548nash11,human liver tissue,no,Homo sapiens,Liver,,,Liver biopsy,histology: NAS=5 steatosis=- fibrosis=1,,,,,,no,,,,,,,RNA-Seq,transcriptomic,cDNA,total RNA,,SRX9633416,SRP295965,PRJNA682622,https://www.ncbi.nlm.nih.gov/geo/query/acc.cgi?acc=GSM4957332,https://www.ncbi.nlm.nih.gov/geo/query/acc.cgi?acc=GSE162694,https://ftp.ncbi.nlm.nih.gov/geo/series/GSE162nnn/GSE162694/suppl/,,SRR13199863,ftp.sra.ebi.ac.uk/vol1/fastq/SRR131/063/SRR13199863/SRR13199863.fastq.gz,1341147856,57698089,https://www.ncbi.nlm.nih.gov/sra/SRR13199863,34508113,Dec 04 2020,tissue: Liver || age: 25 || Sex: Male || fibrosis stage: 1 || nas score: 5
GSM4957333,GSE162694,case,primary,,yes,counts,59,Female,,,6,2,Illumina HiSeq 3000,Molecular Characterization and Cell Type Composition Deconvolution of Fibrosis in NAFLD,nash110_F2 548nash110,human liver tissue,no,Homo sapiens,Liver,,,Liver biopsy,histology: NAS=6 steatosis=- fibrosis=2,,,,,,no,,,,,,,RNA-Seq,transcriptomic,cDNA,total RNA,,SRX9633417,SRP295965,PRJNA682622,https://www.ncbi.nlm.nih.gov/geo/query/acc.cgi?acc=GSM4957333,https://www.ncbi.nlm.nih.gov/geo/query/acc.cgi?acc=GSE162694,https://ftp.ncbi.nlm.nih.gov/geo/series/GSE162nnn/GSE162694/suppl/,,SRR13199864,ftp.sra.ebi.ac.uk/vol1/fastq/SRR131/064/SRR13199864/SRR13199864.fastq.gz,1117833017,46343235,https://www.ncbi.nlm.nih.gov/sra/SRR13199864,34508113,Dec 04 2020,tissue: Liver || age: 59 || Sex: Female || fibrosis stage: 2 || nas score: 6
GSM4957334,GSE162694,case,primary,,yes,counts,61,Female,,,5,2,Illumina HiSeq 3000,Molecular Characterization and Cell Type Composition Deconvolution of Fibrosis in NAFLD,nash111_F2 548nash111,human liver tissue,no,Homo sapiens,Liver,,,Liver biopsy,histology: NAS=5 steatosis=- fibrosis=2,,,,,,no,,,,,,,RNA-Seq,transcriptomic,cDNA,total RNA,,SRX9633418,SRP295965,PRJNA682622,https://www.ncbi.nlm.nih.gov/geo/query/acc.cgi?acc=GSM4957334,https://www.ncbi.nlm.nih.gov/geo/query/acc.cgi?acc=GSE162694,https://ftp.ncbi.nlm.nih.gov/geo/series/GSE162nnn/GSE162694/suppl/,,SRR13199865,ftp.sra.ebi.ac.uk/vol1/fastq/SRR131/065/SRR13199865/SRR13199865.fastq.gz,1112853911,46197562,https://www.ncbi.nlm.nih.gov/sra/SRR13199865,34508113,Dec 04 2020,tissue: Liver || age: 61 || Sex: Female || fibrosis stage: 2 || nas score: 5
GSM4957335,GSE162694,case,primary,,yes,counts,59,Female,,,,4,Illumina HiSeq 3000,Molecular Characterization and Cell Type Composition Deconvolution of Fibrosis in NAFLD,nash1119_F4 548nash1119,human liver tissue,no,Homo sapiens,Liver,,,Liver biopsy,histology: NAS=NA steatosis=- fibrosis=4,,,,,,no,,,,,,,RNA-Seq,transcriptomic,cDNA,total RNA,,SRX9633419,SRP295965,PRJNA682622,https://www.ncbi.nlm.nih.gov/geo/query/acc.cgi?acc=GSM4957335,https://www.ncbi.nlm.nih.gov/geo/query/acc.cgi?acc=GSE162694,https://ftp.ncbi.nlm.nih.gov/geo/series/GSE162nnn/GSE162694/suppl/,,SRR13199866,ftp.sra.ebi.ac.uk/vol1/fastq/SRR131/066/SRR13199866/SRR13199866.fastq.gz,1469181053,74238249,https://www.ncbi.nlm.nih.gov/sra/SRR13199866,34508113,Dec 04 2020,tissue: Liver || age: 59 || Sex: Female || fibrosis stage: 4 || nas score: NA
GSM4957336,GSE162694,control,primary,,yes,counts,35,Female,,,0,normal liver histology,Illumina HiSeq 3000,Molecular Characterization and Cell Type Composition Deconvolution of Fibrosis in NAFLD,nash112_N 548nash112,human liver tissue,no,Homo sapiens,Liver,,,Liver biopsy,fibrosis stage: normal liver histology,,,,,,no,,,,,,,RNA-Seq,transcriptomic,cDNA,total RNA,,SRX9633420,SRP295965,PRJNA682622,https://www.ncbi.nlm.nih.gov/geo/query/acc.cgi?acc=GSM4957336,https://www.ncbi.nlm.nih.gov/geo/query/acc.cgi?acc=GSE162694,https://ftp.ncbi.nlm.nih.gov/geo/series/GSE162nnn/GSE162694/suppl/,,SRR13199867,ftp.sra.ebi.ac.uk/vol1/fastq/SRR131/067/SRR13199867/SRR13199867.fastq.gz,1309226353,62963501,https://www.ncbi.nlm.nih.gov/sra/SRR13199867,34508113,Dec 04 2020,tissue: Liver || age: 35 || Sex: Female || fibrosis stage: normal liver histology || nas score: 0
GSM4957337,GSE162694,case,primary,,yes,counts,68,Female,,,,4,Illumina HiSeq 3000,Molecular Characterization and Cell Type Composition Deconvolution of Fibrosis in NAFLD,nash1120_F4 548nash1120,human liver tissue,no,Homo sapiens,Liver,,,Liver biopsy,histology: NAS=NA steatosis=- fibrosis=4,,,,,,no,,,,,,,RNA-Seq,transcriptomic,cDNA,total RNA,,SRX9633421,SRP295965,PRJNA682622,https://www.ncbi.nlm.nih.gov/geo/query/acc.cgi?acc=GSM4957337,https://www.ncbi.nlm.nih.gov/geo/query/acc.cgi?acc=GSE162694,https://ftp.ncbi.nlm.nih.gov/geo/series/GSE162nnn/GSE162694/suppl/,,SRR13199868,ftp.sra.ebi.ac.uk/vol1/fastq/SRR131/068/SRR13199868/SRR13199868.fastq.gz,1676821162,81188533,https://www.ncbi.nlm.nih.gov/sra/SRR13199868,34508113,Dec 04 2020,tissue: Liver || age: 68 || Sex: Female || fibrosis stage: 4 || nas score: NA
GSM4957338,GSE162694,case,primary,,yes,counts,64,Female,,,,4,Illumina HiSeq 3000,Molecular Characterization and Cell Type Composition Deconvolution of Fibrosis in NAFLD,nash1121_F4 548nash1121,human liver tissue,no,Homo sapiens,Liver,,,Liver biopsy,histology: NAS=NA steatosis=- fibrosis=4,,,,,,no,,,,,,,RNA-Seq,transcriptomic,cDNA,total RNA,,SRX9633422,SRP295965,PRJNA682622,https://www.ncbi.nlm.nih.gov/geo/query/acc.cgi?acc=GSM4957338,https://www.ncbi.nlm.nih.gov/geo/query/acc.cgi?acc=GSE162694,https://ftp.ncbi.nlm.nih.gov/geo/series/GSE162nnn/GSE162694/suppl/,,SRR13199869,ftp.sra.ebi.ac.uk/vol1/fastq/SRR131/069/SRR13199869/SRR13199869.fastq.gz,1708471028,83179551,https://www.ncbi.nlm.nih.gov/sra/SRR13199869,34508113,Dec 04 2020,tissue: Liver || age: 64 || Sex: Female || fibrosis stage: 4 || nas score: NA
GSM4957339,GSE162694,case,primary,,yes,counts,55,Male,,,,4,Illumina HiSeq 3000,Molecular Characterization and Cell Type Composition Deconvolution of Fibrosis in NAFLD,nash1122_F4 548nash1122,human liver tissue,no,Homo sapiens,Liver,,,Liver biopsy,histology: NAS=NA steatosis=- fibrosis=4,,,,,,no,,,,,,,RNA-Seq,transcriptomic,cDNA,total RNA,,SRX9633423,SRP295965,PRJNA682622,https://www.ncbi.nlm.nih.gov/geo/query/acc.cgi?acc=GSM4957339,https://www.ncbi.nlm.nih.gov/geo/query/acc.cgi?acc=GSE162694,https://ftp.ncbi.nlm.nih.gov/geo/series/GSE162nnn/GSE162694/suppl/,,SRR13199870,ftp.sra.ebi.ac.uk/vol1/fastq/SRR131/070/SRR13199870/SRR13199870.fastq.gz,1435277775,72750407,https://www.ncbi.nlm.nih.gov/sra/SRR13199870,34508113,Dec 04 2020,tissue: Liver || age: 55 || Sex: Male || fibrosis stage: 4 || nas score: NA
GSM4957340,GSE162694,case,primary,,yes,counts,56,Female,,,,4,Illumina HiSeq 3000,Molecular Characterization and Cell Type Composition Deconvolution of Fibrosis in NAFLD,nash1123_F4 548nash1123,human liver tissue,no,Homo sapiens,Liver,,,Liver biopsy,histology: NAS=NA steatosis=- fibrosis=4,,,,,,no,,,,,,,RNA-Seq,transcriptomic,cDNA,total RNA,,SRX9633424,SRP295965,PRJNA682622,https://www.ncbi.nlm.nih.gov/geo/query/acc.cgi?acc=GSM4957340,https://www.ncbi.nlm.nih.gov/geo/query/acc.cgi?acc=GSE162694,https://ftp.ncbi.nlm.nih.gov/geo/series/GSE162nnn/GSE162694/suppl/,,SRR13199871,ftp.sra.ebi.ac.uk/vol1/fastq/SRR131/071/SRR13199871/SRR13199871.fastq.gz,1638637637,77217861,https://www.ncbi.nlm.nih.gov/sra/SRR13199871,34508113,Dec 04 2020,tissue: Liver || age: 56 || Sex: Female || fibrosis stage: 4 || nas score: NA
GSM4957341,GSE162694,case,primary,,yes,counts,69,Male,,,,4,Illumina HiSeq 3000,Molecular Characterization and Cell Type Composition Deconvolution of Fibrosis in NAFLD,nash112_F4 548nash1124,human liver tissue,no,Homo sapiens,Liver,,,Liver biopsy,histology: NAS=NA steatosis=- fibrosis=4,,,,,,no,,,,,,,RNA-Seq,transcriptomic,cDNA,total RNA,,SRX9633425,SRP295965,PRJNA682622,https://www.ncbi.nlm.nih.gov/geo/query/acc.cgi?acc=GSM4957341,https://www.ncbi.nlm.nih.gov/geo/query/acc.cgi?acc=GSE162694,https://ftp.ncbi.nlm.nih.gov/geo/series/GSE162nnn/GSE162694/suppl/,,SRR13199872,ftp.sra.ebi.ac.uk/vol1/fastq/SRR131/072/SRR13199872/SRR13199872.fastq.gz,1351419817,68991464,https://www.ncbi.nlm.nih.gov/sra/SRR13199872,34508113,Dec 04 2020,tissue: Liver || age: 69 || Sex: Male || fibrosis stage: 4 || nas score: NA
GSM4957342,GSE162694,case,primary,,yes,counts,48,Male,,,,4,Illumina HiSeq 3000,Molecular Characterization and Cell Type Composition Deconvolution of Fibrosis in NAFLD,nash112_F4 548nash1125,human liver tissue,no,Homo sapiens,Liver,,,Liver biopsy,histology: NAS=NA steatosis=- fibrosis=4,,,,,,no,,,,,,,RNA-Seq,transcriptomic,cDNA,total RNA,,SRX9633426,SRP295965,PRJNA682622,https://www.ncbi.nlm.nih.gov/geo/query/acc.cgi?acc=GSM4957342,https://www.ncbi.nlm.nih.gov/geo/query/acc.cgi?acc=GSE162694,https://ftp.ncbi.nlm.nih.gov/geo/series/GSE162nnn/GSE162694/suppl/,,SRR13199873,ftp.sra.ebi.ac.uk/vol1/fastq/SRR131/073/SRR13199873/SRR13199873.fastq.gz,1259185019,63857319,https://www.ncbi.nlm.nih.gov/sra/SRR13199873,34508113,Dec 04 2020,tissue: Liver || age: 48 || Sex: Male || fibrosis stage: 4 || nas score: NA
GSM4957343,GSE162694,case,primary,,yes,counts,49,Female,,,7,2,Illumina HiSeq 3000,Molecular Characterization and Cell Type Composition Deconvolution of Fibrosis in NAFLD,nash1126_F2 548nash1126,human liver tissue,no,Homo sapiens,Liver,,,Liver biopsy,histology: NAS=7 steatosis=- fibrosis=2,,,,,,no,,,,,,,RNA-Seq,transcriptomic,cDNA,total RNA,,SRX9633427,SRP295965,PRJNA682622,https://www.ncbi.nlm.nih.gov/geo/query/acc.cgi?acc=GSM4957343,https://www.ncbi.nlm.nih.gov/geo/query/acc.cgi?acc=GSE162694,https://ftp.ncbi.nlm.nih.gov/geo/series/GSE162nnn/GSE162694/suppl/,,SRR13199874,ftp.sra.ebi.ac.uk/vol1/fastq/SRR131/074/SRR13199874/SRR13199874.fastq.gz,1458232041,69487033,https://www.ncbi.nlm.nih.gov/sra/SRR13199874,34508113,Dec 04 2020,tissue: Liver || age: 49 || Sex: Female || fibrosis stage: 2 || nas score: 7
GSM4957344,GSE162694,case,primary,,yes,counts,46,Female,,,5,2,Illumina HiSeq 3000,Molecular Characterization and Cell Type Composition Deconvolution of Fibrosis in NAFLD,nash1127_F2 548nash1127,human liver tissue,no,Homo sapiens,Liver,,,Liver biopsy,histology: NAS=5 steatosis=- fibrosis=2,,,,,,no,,,,,,,RNA-Seq,transcriptomic,cDNA,total RNA,,SRX9633428,SRP295965,PRJNA682622,https://www.ncbi.nlm.nih.gov/geo/query/acc.cgi?acc=GSM4957344,https://www.ncbi.nlm.nih.gov/geo/query/acc.cgi?acc=GSE162694,https://ftp.ncbi.nlm.nih.gov/geo/series/GSE162nnn/GSE162694/suppl/,,SRR13199875,ftp.sra.ebi.ac.uk/vol1/fastq/SRR131/075/SRR13199875/SRR13199875.fastq.gz,1627638699,73754481,https://www.ncbi.nlm.nih.gov/sra/SRR13199875,34508113,Dec 04 2020,tissue: Liver || age: 46 || Sex: Female || fibrosis stage: 2 || nas score: 5
GSM4957345,GSE162694,case,primary,,yes,counts,50,Female,,,7,3,Illumina HiSeq 3000,Molecular Characterization and Cell Type Composition Deconvolution of Fibrosis in NAFLD,nash112_F3 548nash1128,human liver tissue,no,Homo sapiens,Liver,,,Liver biopsy,histology: NAS=7 steatosis=- fibrosis=3,,,,,,no,,,,,,,RNA-Seq,transcriptomic,cDNA,total RNA,,SRX9633429,SRP295965,PRJNA682622,https://www.ncbi.nlm.nih.gov/geo/query/acc.cgi?acc=GSM4957345,https://www.ncbi.nlm.nih.gov/geo/query/acc.cgi?acc=GSE162694,https://ftp.ncbi.nlm.nih.gov/geo/series/GSE162nnn/GSE162694/suppl/,,SRR13199876,ftp.sra.ebi.ac.uk/vol1/fastq/SRR131/076/SRR13199876/SRR13199876.fastq.gz,1216992830,54973785,https://www.ncbi.nlm.nih.gov/sra/SRR13199876,34508113,Dec 04 2020,tissue: Liver || age: 50 || Sex: Female || fibrosis stage: 3 || nas score: 7
GSM4957346,GSE162694,case,primary,,yes,counts,18,Female,,,7,2,Illumina HiSeq 3000,Molecular Characterization and Cell Type Composition Deconvolution of Fibrosis in NAFLD,nash1129_F2 548nash1129,human liver tissue,no,Homo sapiens,Liver,,,Liver biopsy,histology: NAS=7 steatosis=- fibrosis=2,,,,,,no,,,,,,,RNA-Seq,transcriptomic,cDNA,total RNA,,SRX9633430,SRP295965,PRJNA682622,https://www.ncbi.nlm.nih.gov/geo/query/acc.cgi?acc=GSM4957346,https://www.ncbi.nlm.nih.gov/geo/query/acc.cgi?acc=GSE162694,https://ftp.ncbi.nlm.nih.gov/geo/series/GSE162nnn/GSE162694/suppl/,,SRR13199877,ftp.sra.ebi.ac.uk/vol1/fastq/SRR131/077/SRR13199877/SRR13199877.fastq.gz,1316284506,62946832,https://www.ncbi.nlm.nih.gov/sra/SRR13199877,34508113,Dec 04 2020,tissue: Liver || age: 18 || Sex: Female || fibrosis stage: 2 || nas score: 7
GSM4957347,GSE162694,case,primary,,yes,counts,34,Male,,,4,1,Illumina HiSeq 3000,Molecular Characterization and Cell Type Composition Deconvolution of Fibrosis in NAFLD,nash113_F1 548nash113,human liver tissue,no,Homo sapiens,Liver,,,Liver biopsy,histology: NAS=4 steatosis=- fibrosis=1,,,,,,no,,,,,,,RNA-Seq,transcriptomic,cDNA,total RNA,,SRX9633431,SRP295965,PRJNA682622,https://www.ncbi.nlm.nih.gov/geo/query/acc.cgi?acc=GSM4957347,https://www.ncbi.nlm.nih.gov/geo/query/acc.cgi?acc=GSE162694,https://ftp.ncbi.nlm.nih.gov/geo/series/GSE162nnn/GSE162694/suppl/,,SRR13199878,ftp.sra.ebi.ac.uk/vol1/fastq/SRR131/078/SRR13199878/SRR13199878.fastq.gz,1041459086,44913638,https://www.ncbi.nlm.nih.gov/sra/SRR13199878,34508113,Dec 04 2020,tissue: Liver || age: 34 || Sex: Male || fibrosis stage: 1 || nas score: 4
GSM4957348,GSE162694,case,primary,,yes,counts,57,Female,,,5,2,Illumina HiSeq 3000,Molecular Characterization and Cell Type Composition Deconvolution of Fibrosis in NAFLD,nash1130_F2 548nash1130,human liver tissue,no,Homo sapiens,Liver,,,Liver biopsy,histology: NAS=5 steatosis=- fibrosis=2,,,,,,no,,,,,,,RNA-Seq,transcriptomic,cDNA,total RNA,,SRX9633432,SRP295965,PRJNA682622,https://www.ncbi.nlm.nih.gov/geo/query/acc.cgi?acc=GSM4957348,https://www.ncbi.nlm.nih.gov/geo/query/acc.cgi?acc=GSE162694,https://ftp.ncbi.nlm.nih.gov/geo/series/GSE162nnn/GSE162694/suppl/,,SRR13199879,ftp.sra.ebi.ac.uk/vol1/fastq/SRR131/079/SRR13199879/SRR13199879.fastq.gz,1520888604,66235069,https://www.ncbi.nlm.nih.gov/sra/SRR13199879,34508113,Dec 04 2020,tissue: Liver || age: 57 || Sex: Female || fibrosis stage: 2 || nas score: 5
GSM4957349,GSE162694,case,primary,,yes,counts,65,Female,,,4,4,Illumina HiSeq 3000,Molecular Characterization and Cell Type Composition Deconvolution of Fibrosis in NAFLD,nash1131_F4 548nash1131,human liver tissue,no,Homo sapiens,Liver,,,Liver biopsy,histology: NAS=4 steatosis=- fibrosis=4,,,,,,no,,,,,,,RNA-Seq,transcriptomic,cDNA,total RNA,,SRX9633433,SRP295965,PRJNA682622,https://www.ncbi.nlm.nih.gov/geo/query/acc.cgi?acc=GSM4957349,https://www.ncbi.nlm.nih.gov/geo/query/acc.cgi?acc=GSE162694,https://ftp.ncbi.nlm.nih.gov/geo/series/GSE162nnn/GSE162694/suppl/,,SRR13199880,ftp.sra.ebi.ac.uk/vol1/fastq/SRR131/080/SRR13199880/SRR13199880.fastq.gz,1449937983,62180520,https://www.ncbi.nlm.nih.gov/sra/SRR13199880,34508113,Dec 04 2020,tissue: Liver || age: 65 || Sex: Female || fibrosis stage: 4 || nas score: 4
GSM4957350,GSE162694,case,primary,,yes,counts,59,Male,,,6,2,Illumina HiSeq 3000,Molecular Characterization and Cell Type Composition Deconvolution of Fibrosis in NAFLD,nash1132_F2 548nash1132,human liver tissue,no,Homo sapiens,Liver,,,Liver biopsy,histology: NAS=6 steatosis=- fibrosis=2,,,,,,no,,,,,,,RNA-Seq,transcriptomic,cDNA,total RNA,,SRX9633434,SRP295965,PRJNA682622,https://www.ncbi.nlm.nih.gov/geo/query/acc.cgi?acc=GSM4957350,https://www.ncbi.nlm.nih.gov/geo/query/acc.cgi?acc=GSE162694,https://ftp.ncbi.nlm.nih.gov/geo/series/GSE162nnn/GSE162694/suppl/,,SRR13199881,ftp.sra.ebi.ac.uk/vol1/fastq/SRR131/081/SRR13199881/SRR13199881.fastq.gz,1445902723,63492190,https://www.ncbi.nlm.nih.gov/sra/SRR13199881,34508113,Dec 04 2020,tissue: Liver || age: 59 || Sex: Male || fibrosis stage: 2 || nas score: 6
GSM4957351,GSE162694,case,primary,,yes,counts,64,Male,,,6,2,Illumina HiSeq 3000,Molecular Characterization and Cell Type Composition Deconvolution of Fibrosis in NAFLD,nash1133_F2 548nash1133,human liver tissue,no,Homo sapiens,Liver,,,Liver biopsy,histology: NAS=6 steatosis=- fibrosis=2,,,,,,no,,,,,,,RNA-Seq,transcriptomic,cDNA,total RNA,,SRX9633435,SRP295965,PRJNA682622,https://www.ncbi.nlm.nih.gov/geo/query/acc.cgi?acc=GSM4957351,https://www.ncbi.nlm.nih.gov/geo/query/acc.cgi?acc=GSE162694,https://ftp.ncbi.nlm.nih.gov/geo/series/GSE162nnn/GSE162694/suppl/,,SRR13199882,ftp.sra.ebi.ac.uk/vol1/fastq/SRR131/082/SRR13199882/SRR13199882.fastq.gz,1543440706,72388749,https://www.ncbi.nlm.nih.gov/sra/SRR13199882,34508113,Dec 04 2020,tissue: Liver || age: 64 || Sex: Male || fibrosis stage: 2 || nas score: 6
GSM4957352,GSE162694,case,primary,,yes,counts,51,Male,,,,2,Illumina HiSeq 3000,Molecular Characterization and Cell Type Composition Deconvolution of Fibrosis in NAFLD,nash113_F2 548nash1134,human liver tissue,no,Homo sapiens,Liver,,,Liver biopsy,histology: NAS=NA steatosis=- fibrosis=2,,,,,,no,,,,,,,RNA-Seq,transcriptomic,cDNA,total RNA,,SRX9633436,SRP295965,PRJNA682622,https://www.ncbi.nlm.nih.gov/geo/query/acc.cgi?acc=GSM4957352,https://www.ncbi.nlm.nih.gov/geo/query/acc.cgi?acc=GSE162694,https://ftp.ncbi.nlm.nih.gov/geo/series/GSE162nnn/GSE162694/suppl/,,SRR13199883,ftp.sra.ebi.ac.uk/vol1/fastq/SRR131/083/SRR13199883/SRR13199883.fastq.gz,1352403601,58756787,https://www.ncbi.nlm.nih.gov/sra/SRR13199883,34508113,Dec 04 2020,tissue: Liver || age: 51 || Sex: Male || fibrosis stage: 2 || nas score: NA
GSM4957353,GSE162694,case,primary,,yes,counts,35,Female,,,7,2,Illumina HiSeq 3000,Molecular Characterization and Cell Type Composition Deconvolution of Fibrosis in NAFLD,nash113_F2 548nash1135,human liver tissue,no,Homo sapiens,Liver,,,Liver biopsy,histology: NAS=7 steatosis=- fibrosis=2,,,,,,no,,,,,,,RNA-Seq,transcriptomic,cDNA,total RNA,,SRX9633437,SRP295965,PRJNA682622,https://www.ncbi.nlm.nih.gov/geo/query/acc.cgi?acc=GSM4957353,https://www.ncbi.nlm.nih.gov/geo/query/acc.cgi?acc=GSE162694,https://ftp.ncbi.nlm.nih.gov/geo/series/GSE162nnn/GSE162694/suppl/,,SRR13199884,ftp.sra.ebi.ac.uk/vol1/fastq/SRR131/084/SRR13199884/SRR13199884.fastq.gz,1300420702,59480617,https://www.ncbi.nlm.nih.gov/sra/SRR13199884,34508113,Dec 04 2020,tissue: Liver || age: 35 || Sex: Female || fibrosis stage: 2 || nas score: 7
GSM4957354,GSE162694,case,primary,,yes,counts,51,Female,,,7,2,Illumina HiSeq 3000,Molecular Characterization and Cell Type Composition Deconvolution of Fibrosis in NAFLD,nash1136_F2 548nash1136,human liver tissue,no,Homo sapiens,Liver,,,Liver biopsy,histology: NAS=7 steatosis=- fibrosis=2,,,,,,no,,,,,,,RNA-Seq,transcriptomic,cDNA,total RNA,,SRX9633438,SRP295965,PRJNA682622,https://www.ncbi.nlm.nih.gov/geo/query/acc.cgi?acc=GSM4957354,https://www.ncbi.nlm.nih.gov/geo/query/acc.cgi?acc=GSE162694,https://ftp.ncbi.nlm.nih.gov/geo/series/GSE162nnn/GSE162694/suppl/,,SRR13199885,ftp.sra.ebi.ac.uk/vol1/fastq/SRR131/085/SRR13199885/SRR13199885.fastq.gz,1519025634,68574451,https://www.ncbi.nlm.nih.gov/sra/SRR13199885,34508113,Dec 04 2020,tissue: Liver || age: 51 || Sex: Female || fibrosis stage: 2 || nas score: 7
GSM4957355,GSE162694,case,primary,,yes,counts,61,Male,,,,3,Illumina HiSeq 3000,Molecular Characterization and Cell Type Composition Deconvolution of Fibrosis in NAFLD,nash1137_F3 548nash1137,human liver tissue,no,Homo sapiens,Liver,,,Liver biopsy,histology: NAS=NA steatosis=- fibrosis=3,,,,,,no,,,,,,,RNA-Seq,transcriptomic,cDNA,total RNA,,SRX9633439,SRP295965,PRJNA682622,https://www.ncbi.nlm.nih.gov/geo/query/acc.cgi?acc=GSM4957355,https://www.ncbi.nlm.nih.gov/geo/query/acc.cgi?acc=GSE162694,https://ftp.ncbi.nlm.nih.gov/geo/series/GSE162nnn/GSE162694/suppl/,,SRR13199886,ftp.sra.ebi.ac.uk/vol1/fastq/SRR131/086/SRR13199886/SRR13199886.fastq.gz,1401637542,62142692,https://www.ncbi.nlm.nih.gov/sra/SRR13199886,34508113,Dec 04 2020,tissue: Liver || age: 61 || Sex: Male || fibrosis stage: 3 || nas score: NA
GSM4957356,GSE162694,case,primary,,yes,counts,62,Male,,,,3,Illumina HiSeq 3000,Molecular Characterization and Cell Type Composition Deconvolution of Fibrosis in NAFLD,nash113_F3 548nash1138,human liver tissue,no,Homo sapiens,Liver,,,Liver biopsy,histology: NAS=NA steatosis=- fibrosis=3,,,,,,no,,,,,,,RNA-Seq,transcriptomic,cDNA,total RNA,,SRX9633440,SRP295965,PRJNA682622,https://www.ncbi.nlm.nih.gov/geo/query/acc.cgi?acc=GSM4957356,https://www.ncbi.nlm.nih.gov/geo/query/acc.cgi?acc=GSE162694,https://ftp.ncbi.nlm.nih.gov/geo/series/GSE162nnn/GSE162694/suppl/,,SRR13199887,ftp.sra.ebi.ac.uk/vol1/fastq/SRR131/087/SRR13199887/SRR13199887.fastq.gz,1431597052,63960856,https://www.ncbi.nlm.nih.gov/sra/SRR13199887,34508113,Dec 04 2020,tissue: Liver || age: 62 || Sex: Male || fibrosis stage: 3 || nas score: NA
GSM4957357,GSE162694,case,primary,,yes,counts,54,Male,,,7,2,Illumina HiSeq 3000,Molecular Characterization and Cell Type Composition Deconvolution of Fibrosis in NAFLD,nash1139_F2 548nash1139,human liver tissue,no,Homo sapiens,Liver,,,Liver biopsy,histology: NAS=7 steatosis=- fibrosis=2,,,,,,no,,,,,,,RNA-Seq,transcriptomic,cDNA,total RNA,,SRX9633441,SRP295965,PRJNA682622,https://www.ncbi.nlm.nih.gov/geo/query/acc.cgi?acc=GSM4957357,https://www.ncbi.nlm.nih.gov/geo/query/acc.cgi?acc=GSE162694,https://ftp.ncbi.nlm.nih.gov/geo/series/GSE162nnn/GSE162694/suppl/,,SRR13199888,ftp.sra.ebi.ac.uk/vol1/fastq/SRR131/088/SRR13199888/SRR13199888.fastq.gz,1673728618,75035772,https://www.ncbi.nlm.nih.gov/sra/SRR13199888,34508113,Dec 04 2020,tissue: Liver || age: 54 || Sex: Male || fibrosis stage: 2 || nas score: 7
GSM4957358,GSE162694,control,primary,,yes,counts,58,Female,,,0,normal liver histology,Illumina HiSeq 3000,Molecular Characterization and Cell Type Composition Deconvolution of Fibrosis in NAFLD,nash11_N 548nash114,human liver tissue,no,Homo sapiens,Liver,,,Liver biopsy,fibrosis stage: normal liver histology,,,,,,no,,,,,,,RNA-Seq,transcriptomic,cDNA,total RNA,,SRX9633442,SRP295965,PRJNA682622,https://www.ncbi.nlm.nih.gov/geo/query/acc.cgi?acc=GSM4957358,https://www.ncbi.nlm.nih.gov/geo/query/acc.cgi?acc=GSE162694,https://ftp.ncbi.nlm.nih.gov/geo/series/GSE162nnn/GSE162694/suppl/,,SRR13199889,ftp.sra.ebi.ac.uk/vol1/fastq/SRR131/089/SRR13199889/SRR13199889.fastq.gz,1199248233,51453198,https://www.ncbi.nlm.nih.gov/sra/SRR13199889,34508113,Dec 04 2020,tissue: Liver || age: 58 || Sex: Female || fibrosis stage: normal liver histology || nas score: 0
GSM4957359,GSE162694,case,primary,,yes,counts,58,Male,,,3,1,Illumina HiSeq 3000,Molecular Characterization and Cell Type Composition Deconvolution of Fibrosis in NAFLD,nash11_F1 548nash115,human liver tissue,no,Homo sapiens,Liver,,,Liver biopsy,histology: NAS=3 steatosis=- fibrosis=1,,,,,,no,,,,,,,RNA-Seq,transcriptomic,cDNA,total RNA,,SRX9633443,SRP295965,PRJNA682622,https://www.ncbi.nlm.nih.gov/geo/query/acc.cgi?acc=GSM4957359,https://www.ncbi.nlm.nih.gov/geo/query/acc.cgi?acc=GSE162694,https://ftp.ncbi.nlm.nih.gov/geo/series/GSE162nnn/GSE162694/suppl/,,SRR13199890,ftp.sra.ebi.ac.uk/vol1/fastq/SRR131/090/SRR13199890/SRR13199890.fastq.gz,1408952230,59084409,https://www.ncbi.nlm.nih.gov/sra/SRR13199890,34508113,Dec 04 2020,tissue: Liver || age: 58 || Sex: Male || fibrosis stage: 1 || nas score: 3
GSM4957360,GSE162694,case,primary,,yes,counts,64,Male,,,6,4,Illumina HiSeq 3000,Molecular Characterization and Cell Type Composition Deconvolution of Fibrosis in NAFLD,nash116_F4 548nash116,human liver tissue,no,Homo sapiens,Liver,,,Liver biopsy,histology: NAS=6 steatosis=- fibrosis=4,,,,,,no,,,,,,,RNA-Seq,transcriptomic,cDNA,total RNA,,SRX9633444,SRP295965,PRJNA682622,https://www.ncbi.nlm.nih.gov/geo/query/acc.cgi?acc=GSM4957360,https://www.ncbi.nlm.nih.gov/geo/query/acc.cgi?acc=GSE162694,https://ftp.ncbi.nlm.nih.gov/geo/series/GSE162nnn/GSE162694/suppl/,,SRR13199891,ftp.sra.ebi.ac.uk/vol1/fastq/SRR131/091/SRR13199891/SRR13199891.fastq.gz,1191536191,61568266,https://www.ncbi.nlm.nih.gov/sra/SRR13199891,34508113,Dec 04 2020,tissue: Liver || age: 64 || Sex: Male || fibrosis stage: 4 || nas score: 6
GSM4957361,GSE162694,case,primary,,yes,counts,22,Female,,,6,1,Illumina HiSeq 3000,Molecular Characterization and Cell Type Composition Deconvolution of Fibrosis in NAFLD,nash117_F1 548nash117,human liver tissue,no,Homo sapiens,Liver,,,Liver biopsy,histology: NAS=6 steatosis=- fibrosis=1,,,,,,no,,,,,,,RNA-Seq,transcriptomic,cDNA,total RNA,,SRX9633445,SRP295965,PRJNA682622,https://www.ncbi.nlm.nih.gov/geo/query/acc.cgi?acc=GSM4957361,https://www.ncbi.nlm.nih.gov/geo/query/acc.cgi?acc=GSE162694,https://ftp.ncbi.nlm.nih.gov/geo/series/GSE162nnn/GSE162694/suppl/,,SRR13199892,ftp.sra.ebi.ac.uk/vol1/fastq/SRR131/092/SRR13199892/SRR13199892.fastq.gz,1473306586,60742142,https://www.ncbi.nlm.nih.gov/sra/SRR13199892,34508113,Dec 04 2020,tissue: Liver || age: 22 || Sex: Female || fibrosis stage: 1 || nas score: 6
GSM4957362,GSE162694,case,primary,,yes,counts,32,Female,,,6,2,Illumina HiSeq 3000,Molecular Characterization and Cell Type Composition Deconvolution of Fibrosis in NAFLD,nash12_F2 548nash12,human liver tissue,no,Homo sapiens,Liver,,,Liver biopsy,histology: NAS=6 steatosis=- fibrosis=2,,,,,,no,,,,,,,RNA-Seq,transcriptomic,cDNA,total RNA,,SRX9633446,SRP295965,PRJNA682622,https://www.ncbi.nlm.nih.gov/geo/query/acc.cgi?acc=GSM4957362,https://www.ncbi.nlm.nih.gov/geo/query/acc.cgi?acc=GSE162694,https://ftp.ncbi.nlm.nih.gov/geo/series/GSE162nnn/GSE162694/suppl/,,SRR13199893,ftp.sra.ebi.ac.uk/vol1/fastq/SRR131/093/SRR13199893/SRR13199893.fastq.gz,1341595291,57994810,https://www.ncbi.nlm.nih.gov/sra/SRR13199893,34508113,Dec 04 2020,tissue: Liver || age: 32 || Sex: Female || fibrosis stage: 2 || nas score: 6
GSM4957363,GSE162694,case,primary,,yes,counts,48,Female,,,2,0,Illumina HiSeq 3000,Molecular Characterization and Cell Type Composition Deconvolution of Fibrosis in NAFLD,nash13_F0 548nash13,human liver tissue,no,Homo sapiens,Liver,,,Liver biopsy,histology: NAS=2 steatosis=- fibrosis=0,,,,,,no,,,,,,,RNA-Seq,transcriptomic,cDNA,total RNA,,SRX9633447,SRP295965,PRJNA682622,https://www.ncbi.nlm.nih.gov/geo/query/acc.cgi?acc=GSM4957363,https://www.ncbi.nlm.nih.gov/geo/query/acc.cgi?acc=GSE162694,https://ftp.ncbi.nlm.nih.gov/geo/series/GSE162nnn/GSE162694/suppl/,,SRR13199894,ftp.sra.ebi.ac.uk/vol1/fastq/SRR131/094/SRR13199894/SRR13199894.fastq.gz,1202886034,48971614,https://www.ncbi.nlm.nih.gov/sra/SRR13199894,34508113,Dec 04 2020,tissue: Liver || age: 48 || Sex: Female || fibrosis stage: 0 || nas score: 2
GSM4957364,GSE162694,case,primary,,yes,counts,32,Male,,,5,0,Illumina HiSeq 3000,Molecular Characterization and Cell Type Composition Deconvolution of Fibrosis in NAFLD,nash1_F0 548nash14,human liver tissue,no,Homo sapiens,Liver,,,Liver biopsy,histology: NAS=5 steatosis=- fibrosis=0,,,,,,no,,,,,,,RNA-Seq,transcriptomic,cDNA,total RNA,,SRX9633448,SRP295965,PRJNA682622,https://www.ncbi.nlm.nih.gov/geo/query/acc.cgi?acc=GSM4957364,https://www.ncbi.nlm.nih.gov/geo/query/acc.cgi?acc=GSE162694,https://ftp.ncbi.nlm.nih.gov/geo/series/GSE162nnn/GSE162694/suppl/,,SRR13199895,ftp.sra.ebi.ac.uk/vol1/fastq/SRR131/095/SRR13199895/SRR13199895.fastq.gz,1370253541,60539579,https://www.ncbi.nlm.nih.gov/sra/SRR13199895,34508113,Dec 04 2020,tissue: Liver || age: 32 || Sex: Male || fibrosis stage: 0 || nas score: 5
GSM4957365,GSE162694,case,primary,,yes,counts,37,Female,,,,1,Illumina HiSeq 3000,Molecular Characterization and Cell Type Composition Deconvolution of Fibrosis in NAFLD,nash143_F1 548nash143,human liver tissue,no,Homo sapiens,Liver,,,Liver biopsy,histology: NAS=NA steatosis=- fibrosis=1,,,,,,no,,,,,,,RNA-Seq,transcriptomic,cDNA,total RNA,,SRX9633449,SRP295965,PRJNA682622,https://www.ncbi.nlm.nih.gov/geo/query/acc.cgi?acc=GSM4957365,https://www.ncbi.nlm.nih.gov/geo/query/acc.cgi?acc=GSE162694,https://ftp.ncbi.nlm.nih.gov/geo/series/GSE162nnn/GSE162694/suppl/,,SRR13199896,ftp.sra.ebi.ac.uk/vol1/fastq/SRR131/096/SRR13199896/SRR13199896.fastq.gz,1346877475,62317228,https://www.ncbi.nlm.nih.gov/sra/SRR13199896,34508113,Dec 04 2020,tissue: Liver || age: 37 || Sex: Female || fibrosis stage: 1 || nas score: NA
GSM4957366,GSE162694,case,primary,,yes,counts,59,Female,,,,4,Illumina HiSeq 3000,Molecular Characterization and Cell Type Composition Deconvolution of Fibrosis in NAFLD,nash1_F4 548nash144,human liver tissue,no,Homo sapiens,Liver,,,Liver biopsy,histology: NAS=NA steatosis=- fibrosis=4,,,,,,no,,,,,,,RNA-Seq,transcriptomic,cDNA,total RNA,,SRX9633450,SRP295965,PRJNA682622,https://www.ncbi.nlm.nih.gov/geo/query/acc.cgi?acc=GSM4957366,https://www.ncbi.nlm.nih.gov/geo/query/acc.cgi?acc=GSE162694,https://ftp.ncbi.nlm.nih.gov/geo/series/GSE162nnn/GSE162694/suppl/,,SRR13199897,ftp.sra.ebi.ac.uk/vol1/fastq/SRR131/097/SRR13199897/SRR13199897.fastq.gz,1170675558,52948853,https://www.ncbi.nlm.nih.gov/sra/SRR13199897,34508113,Dec 04 2020,tissue: Liver || age: 59 || Sex: Female || fibrosis stage: 4 || nas score: NA
GSM4957367,GSE162694,case,primary,,yes,counts,41,Female,,,,1,Illumina HiSeq 3000,Molecular Characterization and Cell Type Composition Deconvolution of Fibrosis in NAFLD,nash1_F1 548nash145,human liver tissue,no,Homo sapiens,Liver,,,Liver biopsy,histology: NAS=NA steatosis=- fibrosis=1,,,,,,no,,,,,,,RNA-Seq,transcriptomic,cDNA,total RNA,,SRX9633451,SRP295965,PRJNA682622,https://www.ncbi.nlm.nih.gov/geo/query/acc.cgi?acc=GSM4957367,https://www.ncbi.nlm.nih.gov/geo/query/acc.cgi?acc=GSE162694,https://ftp.ncbi.nlm.nih.gov/geo/series/GSE162nnn/GSE162694/suppl/,,SRR13199898,ftp.sra.ebi.ac.uk/vol1/fastq/SRR131/098/SRR13199898/SRR13199898.fastq.gz,1235345476,54311582,https://www.ncbi.nlm.nih.gov/sra/SRR13199898,34508113,Dec 04 2020,tissue: Liver || age: 41 || Sex: Female || fibrosis stage: 1 || nas score: NA
GSM4957368,GSE162694,case,primary,,yes,counts,56,Female,,,,0,Illumina HiSeq 3000,Molecular Characterization and Cell Type Composition Deconvolution of Fibrosis in NAFLD,nash146_F0 548nash146,human liver tissue,no,Homo sapiens,Liver,,,Liver biopsy,histology: NAS=NA steatosis=- fibrosis=0,,,,,,no,,,,,,,RNA-Seq,transcriptomic,cDNA,total RNA,,SRX9633452,SRP295965,PRJNA682622,https://www.ncbi.nlm.nih.gov/geo/query/acc.cgi?acc=GSM4957368,https://www.ncbi.nlm.nih.gov/geo/query/acc.cgi?acc=GSE162694,https://ftp.ncbi.nlm.nih.gov/geo/series/GSE162nnn/GSE162694/suppl/,,SRR13199899,ftp.sra.ebi.ac.uk/vol1/fastq/SRR131/099/SRR13199899/SRR13199899.fastq.gz,1385354841,60323447,https://www.ncbi.nlm.nih.gov/sra/SRR13199899,34508113,Dec 04 2020,tissue: Liver || age: 56 || Sex: Female || fibrosis stage: 0 || nas score: NA
GSM4957369,GSE162694,case,primary,,yes,counts,42,Female,,,,0,Illumina HiSeq 3000,Molecular Characterization and Cell Type Composition Deconvolution of Fibrosis in NAFLD,nash1_F0 548nash148,human liver tissue,no,Homo sapiens,Liver,,,Liver biopsy,histology: NAS=NA steatosis=- fibrosis=0,,,,,,no,,,,,,,RNA-Seq,transcriptomic,cDNA,total RNA,,SRX9633453,SRP295965,PRJNA682622,https://www.ncbi.nlm.nih.gov/geo/query/acc.cgi?acc=GSM4957369,https://www.ncbi.nlm.nih.gov/geo/query/acc.cgi?acc=GSE162694,https://ftp.ncbi.nlm.nih.gov/geo/series/GSE162nnn/GSE162694/suppl/,,SRR13199900,ftp.sra.ebi.ac.uk/vol1/fastq/SRR131/000/SRR13199900/SRR13199900.fastq.gz,1255874563,56899268,https://www.ncbi.nlm.nih.gov/sra/SRR13199900,34508113,Dec 04 2020,tissue: Liver || age: 42 || Sex: Female || fibrosis stage: 0 || nas score: NA
GSM4957370,GSE162694,case,primary,,yes,counts,26,Female,,,,1,Illumina HiSeq 3000,Molecular Characterization and Cell Type Composition Deconvolution of Fibrosis in NAFLD,nash149_F1 548nash149,human liver tissue,no,Homo sapiens,Liver,,,Liver biopsy,histology: NAS=NA steatosis=- fibrosis=1,,,,,,no,,,,,,,RNA-Seq,transcriptomic,cDNA,total RNA,,SRX9633454,SRP295965,PRJNA682622,https://www.ncbi.nlm.nih.gov/geo/query/acc.cgi?acc=GSM4957370,https://www.ncbi.nlm.nih.gov/geo/query/acc.cgi?acc=GSE162694,https://ftp.ncbi.nlm.nih.gov/geo/series/GSE162nnn/GSE162694/suppl/,,SRR13199901,ftp.sra.ebi.ac.uk/vol1/fastq/SRR131/001/SRR13199901/SRR13199901.fastq.gz,1403842462,59700672,https://www.ncbi.nlm.nih.gov/sra/SRR13199901,34508113,Dec 04 2020,tissue: Liver || age: 26 || Sex: Female || fibrosis stage: 1 || nas score: NA
GSM4957371,GSE162694,case,primary,,yes,counts,35,Male,,,3,0,Illumina HiSeq 3000,Molecular Characterization and Cell Type Composition Deconvolution of Fibrosis in NAFLD,nash1_F0 548nash15,human liver tissue,no,Homo sapiens,Liver,,,Liver biopsy,histology: NAS=3 steatosis=- fibrosis=0,,,,,,no,,,,,,,RNA-Seq,transcriptomic,cDNA,total RNA,,SRX9633455,SRP295965,PRJNA682622,https://www.ncbi.nlm.nih.gov/geo/query/acc.cgi?acc=GSM4957371,https://www.ncbi.nlm.nih.gov/geo/query/acc.cgi?acc=GSE162694,https://ftp.ncbi.nlm.nih.gov/geo/series/GSE162nnn/GSE162694/suppl/,,SRR13199902,ftp.sra.ebi.ac.uk/vol1/fastq/SRR131/002/SRR13199902/SRR13199902.fastq.gz,1286592356,57603091,https://www.ncbi.nlm.nih.gov/sra/SRR13199902,34508113,Dec 04 2020,tissue: Liver || age: 35 || Sex: Male || fibrosis stage: 0 || nas score: 3
GSM4957372,GSE162694,case,primary,,yes,counts,53,Female,,,,0,Illumina HiSeq 3000,Molecular Characterization and Cell Type Composition Deconvolution of Fibrosis in NAFLD,nash150_F0 548nash150,human liver tissue,no,Homo sapiens,Liver,,,Liver biopsy,histology: NAS=NA steatosis=- fibrosis=0,,,,,,no,,,,,,,RNA-Seq,transcriptomic,cDNA,total RNA,,SRX9633456,SRP295965,PRJNA682622,https://www.ncbi.nlm.nih.gov/geo/query/acc.cgi?acc=GSM4957372,https://www.ncbi.nlm.nih.gov/geo/query/acc.cgi?acc=GSE162694,https://ftp.ncbi.nlm.nih.gov/geo/series/GSE162nnn/GSE162694/suppl/,,SRR13199903,ftp.sra.ebi.ac.uk/vol1/fastq/SRR131/003/SRR13199903/SRR13199903.fastq.gz,1331360888,57066286,https://www.ncbi.nlm.nih.gov/sra/SRR13199903,34508113,Dec 04 2020,tissue: Liver || age: 53 || Sex: Female || fibrosis stage: 0 || nas score: NA
GSM4957373,GSE162694,case,primary,,yes,counts,45,Female,,,,0,Illumina HiSeq 3000,Molecular Characterization and Cell Type Composition Deconvolution of Fibrosis in NAFLD,nash151_F0 548nash151,human liver tissue,no,Homo sapiens,Liver,,,Liver biopsy,histology: NAS=NA steatosis=- fibrosis=0,,,,,,no,,,,,,,RNA-Seq,transcriptomic,cDNA,total RNA,,SRX9633457,SRP295965,PRJNA682622,https://www.ncbi.nlm.nih.gov/geo/query/acc.cgi?acc=GSM4957373,https://www.ncbi.nlm.nih.gov/geo/query/acc.cgi?acc=GSE162694,https://ftp.ncbi.nlm.nih.gov/geo/series/GSE162nnn/GSE162694/suppl/,,SRR13199904,ftp.sra.ebi.ac.uk/vol1/fastq/SRR131/004/SRR13199904/SRR13199904.fastq.gz,1243150928,52489174,https://www.ncbi.nlm.nih.gov/sra/SRR13199904,34508113,Dec 04 2020,tissue: Liver || age: 45 || Sex: Female || fibrosis stage: 0 || nas score: NA
GSM4957374,GSE162694,case,primary,,yes,counts,55,Female,,,,3,Illumina HiSeq 3000,Molecular Characterization and Cell Type Composition Deconvolution of Fibrosis in NAFLD,nash153_F3 548nash153,human liver tissue,no,Homo sapiens,Liver,,,Liver biopsy,histology: NAS=NA steatosis=- fibrosis=3,,,,,,no,,,,,,,RNA-Seq,transcriptomic,cDNA,total RNA,,SRX9633458,SRP295965,PRJNA682622,https://www.ncbi.nlm.nih.gov/geo/query/acc.cgi?acc=GSM4957374,https://www.ncbi.nlm.nih.gov/geo/query/acc.cgi?acc=GSE162694,https://ftp.ncbi.nlm.nih.gov/geo/series/GSE162nnn/GSE162694/suppl/,,SRR13199905,ftp.sra.ebi.ac.uk/vol1/fastq/SRR131/005/SRR13199905/SRR13199905.fastq.gz,1289041650,58939474,https://www.ncbi.nlm.nih.gov/sra/SRR13199905,34508113,Dec 04 2020,tissue: Liver || age: 55 || Sex: Female || fibrosis stage: 3 || nas score: NA
GSM4957375,GSE162694,case,primary,,yes,counts,52,Female,,,,0,Illumina HiSeq 3000,Molecular Characterization and Cell Type Composition Deconvolution of Fibrosis in NAFLD,nash1_F0 548nash154,human liver tissue,no,Homo sapiens,Liver,,,Liver biopsy,histology: NAS=NA steatosis=- fibrosis=0,,,,,,no,,,,,,,RNA-Seq,transcriptomic,cDNA,total RNA,,SRX9633459,SRP295965,PRJNA682622,https://www.ncbi.nlm.nih.gov/geo/query/acc.cgi?acc=GSM4957375,https://www.ncbi.nlm.nih.gov/geo/query/acc.cgi?acc=GSE162694,https://ftp.ncbi.nlm.nih.gov/geo/series/GSE162nnn/GSE162694/suppl/,,SRR13199906,ftp.sra.ebi.ac.uk/vol1/fastq/SRR131/006/SRR13199906/SRR13199906.fastq.gz,1317851320,57009251,https://www.ncbi.nlm.nih.gov/sra/SRR13199906,34508113,Dec 04 2020,tissue: Liver || age: 52 || Sex: Female || fibrosis stage: 0 || nas score: NA
GSM4957376,GSE162694,case,primary,,yes,counts,25,Male,,,,1,Illumina HiSeq 3000,Molecular Characterization and Cell Type Composition Deconvolution of Fibrosis in NAFLD,nash1_F1 548nash155,human liver tissue,no,Homo sapiens,Liver,,,Liver biopsy,histology: NAS=NA steatosis=- fibrosis=1,,,,,,no,,,,,,,RNA-Seq,transcriptomic,cDNA,total RNA,,SRX9633460,SRP295965,PRJNA682622,https://www.ncbi.nlm.nih.gov/geo/query/acc.cgi?acc=GSM4957376,https://www.ncbi.nlm.nih.gov/geo/query/acc.cgi?acc=GSE162694,https://ftp.ncbi.nlm.nih.gov/geo/series/GSE162nnn/GSE162694/suppl/,,SRR13199907,ftp.sra.ebi.ac.uk/vol1/fastq/SRR131/007/SRR13199907/SRR13199907.fastq.gz,1546187767,71517614,https://www.ncbi.nlm.nih.gov/sra/SRR13199907,34508113,Dec 04 2020,tissue: Liver || age: 25 || Sex: Male || fibrosis stage: 1 || nas score: NA
GSM4957377,GSE162694,case,primary,,yes,counts,44,Male,,,,1,Illumina HiSeq 3000,Molecular Characterization and Cell Type Composition Deconvolution of Fibrosis in NAFLD,nash156_F1 548nash156,human liver tissue,no,Homo sapiens,Liver,,,Liver biopsy,histology: NAS=NA steatosis=- fibrosis=1,,,,,,no,,,,,,,RNA-Seq,transcriptomic,cDNA,total RNA,,SRX9633461,SRP295965,PRJNA682622,https://www.ncbi.nlm.nih.gov/geo/query/acc.cgi?acc=GSM4957377,https://www.ncbi.nlm.nih.gov/geo/query/acc.cgi?acc=GSE162694,https://ftp.ncbi.nlm.nih.gov/geo/series/GSE162nnn/GSE162694/suppl/,,SRR13199908,ftp.sra.ebi.ac.uk/vol1/fastq/SRR131/008/SRR13199908/SRR13199908.fastq.gz,1271035621,57651073,https://www.ncbi.nlm.nih.gov/sra/SRR13199908,34508113,Dec 04 2020,tissue: Liver || age: 44 || Sex: Male || fibrosis stage: 1 || nas score: NA
GSM4957378,GSE162694,case,primary,,yes,counts,51,Male,,,,0,Illumina HiSeq 3000,Molecular Characterization and Cell Type Composition Deconvolution of Fibrosis in NAFLD,nash157_F0 548nash157,human liver tissue,no,Homo sapiens,Liver,,,Liver biopsy,histology: NAS=NA steatosis=- fibrosis=0,,,,,,no,,,,,,,RNA-Seq,transcriptomic,cDNA,total RNA,,SRX9633462,SRP295965,PRJNA682622,https://www.ncbi.nlm.nih.gov/geo/query/acc.cgi?acc=GSM4957378,https://www.ncbi.nlm.nih.gov/geo/query/acc.cgi?acc=GSE162694,https://ftp.ncbi.nlm.nih.gov/geo/series/GSE162nnn/GSE162694/suppl/,,SRR13199909,ftp.sra.ebi.ac.uk/vol1/fastq/SRR131/009/SRR13199909/SRR13199909.fastq.gz,1226324890,52657863,https://www.ncbi.nlm.nih.gov/sra/SRR13199909,34508113,Dec 04 2020,tissue: Liver || age: 51 || Sex: Male || fibrosis stage: 0 || nas score: NA
GSM4957379,GSE162694,case,primary,,yes,counts,28,Female,,,,0,Illumina HiSeq 3000,Molecular Characterization and Cell Type Composition Deconvolution of Fibrosis in NAFLD,nash1_F0 548nash158,human liver tissue,no,Homo sapiens,Liver,,,Liver biopsy,histology: NAS=NA steatosis=- fibrosis=0,,,,,,no,,,,,,,RNA-Seq,transcriptomic,cDNA,total RNA,,SRX9633463,SRP295965,PRJNA682622,https://www.ncbi.nlm.nih.gov/geo/query/acc.cgi?acc=GSM4957379,https://www.ncbi.nlm.nih.gov/geo/query/acc.cgi?acc=GSE162694,https://ftp.ncbi.nlm.nih.gov/geo/series/GSE162nnn/GSE162694/suppl/,,SRR13199910,ftp.sra.ebi.ac.uk/vol1/fastq/SRR131/010/SRR13199910/SRR13199910.fastq.gz,1315344841,56445438,https://www.ncbi.nlm.nih.gov/sra/SRR13199910,34508113,Dec 04 2020,tissue: Liver || age: 28 || Sex: Female || fibrosis stage: 0 || nas score: NA
GSM4957380,GSE162694,case,primary,,yes,counts,57,Female,,,,0,Illumina HiSeq 3000,Molecular Characterization and Cell Type Composition Deconvolution of Fibrosis in NAFLD,nash159_F0 548nash159,human liver tissue,no,Homo sapiens,Liver,,,Liver biopsy,histology: NAS=NA steatosis=- fibrosis=0,,,,,,no,,,,,,,RNA-Seq,transcriptomic,cDNA,total RNA,,SRX9633464,SRP295965,PRJNA682622,https://www.ncbi.nlm.nih.gov/geo/query/acc.cgi?acc=GSM4957380,https://www.ncbi.nlm.nih.gov/geo/query/acc.cgi?acc=GSE162694,https://ftp.ncbi.nlm.nih.gov/geo/series/GSE162nnn/GSE162694/suppl/,,SRR13199911,ftp.sra.ebi.ac.uk/vol1/fastq/SRR131/011/SRR13199911/SRR13199911.fastq.gz,1228505636,53105520,https://www.ncbi.nlm.nih.gov/sra/SRR13199911,34508113,Dec 04 2020,tissue: Liver || age: 57 || Sex: Female || fibrosis stage: 0 || nas score: NA
GSM4957381,GSE162694,case,primary,,yes,counts,37,Male,,,5,1,Illumina HiSeq 3000,Molecular Characterization and Cell Type Composition Deconvolution of Fibrosis in NAFLD,nash16_F1 548nash16,human liver tissue,no,Homo sapiens,Liver,,,Liver biopsy,histology: NAS=5 steatosis=- fibrosis=1,,,,,,no,,,,,,,RNA-Seq,transcriptomic,cDNA,total RNA,,SRX9633465,SRP295965,PRJNA682622,https://www.ncbi.nlm.nih.gov/geo/query/acc.cgi?acc=GSM4957381,https://www.ncbi.nlm.nih.gov/geo/query/acc.cgi?acc=GSE162694,https://ftp.ncbi.nlm.nih.gov/geo/series/GSE162nnn/GSE162694/suppl/,,SRR13199912,ftp.sra.ebi.ac.uk/vol1/fastq/SRR131/012/SRR13199912/SRR13199912.fastq.gz,1126290472,50058812,https://www.ncbi.nlm.nih.gov/sra/SRR13199912,34508113,Dec 04 2020,tissue: Liver || age: 37 || Sex: Male || fibrosis stage: 1 || nas score: 5
GSM4957382,GSE162694,case,primary,,yes,counts,57,Female,,,,0,Illumina HiSeq 3000,Molecular Characterization and Cell Type Composition Deconvolution of Fibrosis in NAFLD,nash160_F0 548nash160,human liver tissue,no,Homo sapiens,Liver,,,Liver biopsy,histology: NAS=NA steatosis=- fibrosis=0,,,,,,no,,,,,,,RNA-Seq,transcriptomic,cDNA,total RNA,,SRX9633466,SRP295965,PRJNA682622,https://www.ncbi.nlm.nih.gov/geo/query/acc.cgi?acc=GSM4957382,https://www.ncbi.nlm.nih.gov/geo/query/acc.cgi?acc=GSE162694,https://ftp.ncbi.nlm.nih.gov/geo/series/GSE162nnn/GSE162694/suppl/,,SRR13199913,ftp.sra.ebi.ac.uk/vol1/fastq/SRR131/013/SRR13199913/SRR13199913.fastq.gz,1263784433,54698827,https://www.ncbi.nlm.nih.gov/sra/SRR13199913,34508113,Dec 04 2020,tissue: Liver || age: 57 || Sex: Female || fibrosis stage: 0 || nas score: NA
GSM4957383,GSE162694,case,primary,,yes,counts,66,Female,,,4,1,Illumina HiSeq 3000,Molecular Characterization and Cell Type Composition Deconvolution of Fibrosis in NAFLD,nash17_F1 548nash17,human liver tissue,no,Homo sapiens,Liver,,,Liver biopsy,histology: NAS=4 steatosis=- fibrosis=1,,,,,,no,,,,,,,RNA-Seq,transcriptomic,cDNA,total RNA,,SRX9633467,SRP295965,PRJNA682622,https://www.ncbi.nlm.nih.gov/geo/query/acc.cgi?acc=GSM4957383,https://www.ncbi.nlm.nih.gov/geo/query/acc.cgi?acc=GSE162694,https://ftp.ncbi.nlm.nih.gov/geo/series/GSE162nnn/GSE162694/suppl/,,SRR13199914,ftp.sra.ebi.ac.uk/vol1/fastq/SRR131/014/SRR13199914/SRR13199914.fastq.gz,1226515141,52205280,https://www.ncbi.nlm.nih.gov/sra/SRR13199914,34508113,Dec 04 2020,tissue: Liver || age: 66 || Sex: Female || fibrosis stage: 1 || nas score: 4
GSM4957384,GSE162694,case,primary,,yes,counts,42,Male,,,4,2,Illumina HiSeq 3000,Molecular Characterization and Cell Type Composition Deconvolution of Fibrosis in NAFLD,nash19_F2 548nash19,human liver tissue,no,Homo sapiens,Liver,,,Liver biopsy,histology: NAS=4 steatosis=- fibrosis=2,,,,,,no,,,,,,,RNA-Seq,transcriptomic,cDNA,total RNA,,SRX9633468,SRP295965,PRJNA682622,https://www.ncbi.nlm.nih.gov/geo/query/acc.cgi?acc=GSM4957384,https://www.ncbi.nlm.nih.gov/geo/query/acc.cgi?acc=GSE162694,https://ftp.ncbi.nlm.nih.gov/geo/series/GSE162nnn/GSE162694/suppl/,,SRR13199915,ftp.sra.ebi.ac.uk/vol1/fastq/SRR131/015/SRR13199915/SRR13199915.fastq.gz,1368566477,59233708,https://www.ncbi.nlm.nih.gov/sra/SRR13199915,34508113,Dec 04 2020,tissue: Liver || age: 42 || Sex: Male || fibrosis stage: 2 || nas score: 4
GSM4957385,GSE162694,case,primary,,yes,counts,57,Female,,,4,2,Illumina HiSeq 3000,Molecular Characterization and Cell Type Composition Deconvolution of Fibrosis in NAFLD,nash2_F2 548nash2,human liver tissue,no,Homo sapiens,Liver,,,Liver biopsy,histology: NAS=4 steatosis=- fibrosis=2,,,,,,no,,,,,,,RNA-Seq,transcriptomic,cDNA,total RNA,,SRX9633469,SRP295965,PRJNA682622,https://www.ncbi.nlm.nih.gov/geo/query/acc.cgi?acc=GSM4957385,https://www.ncbi.nlm.nih.gov/geo/query/acc.cgi?acc=GSE162694,https://ftp.ncbi.nlm.nih.gov/geo/series/GSE162nnn/GSE162694/suppl/,,SRR13199916,ftp.sra.ebi.ac.uk/vol1/fastq/SRR131/016/SRR13199916/SRR13199916.fastq.gz,1225435742,50040613,https://www.ncbi.nlm.nih.gov/sra/SRR13199916,34508113,Dec 04 2020,tissue: Liver || age: 57 || Sex: Female || fibrosis stage: 2 || nas score: 4
GSM4957386,GSE162694,case,primary,,yes,counts,65,Male,,,3,0,Illumina HiSeq 3000,Molecular Characterization and Cell Type Composition Deconvolution of Fibrosis in NAFLD,nash21_F0 548nash21,human liver tissue,no,Homo sapiens,Liver,,,Liver biopsy,histology: NAS=3 steatosis=- fibrosis=0,,,,,,no,,,,,,,RNA-Seq,transcriptomic,cDNA,total RNA,,SRX9633470,SRP295965,PRJNA682622,https://www.ncbi.nlm.nih.gov/geo/query/acc.cgi?acc=GSM4957386,https://www.ncbi.nlm.nih.gov/geo/query/acc.cgi?acc=GSE162694,https://ftp.ncbi.nlm.nih.gov/geo/series/GSE162nnn/GSE162694/suppl/,,SRR13199917,ftp.sra.ebi.ac.uk/vol1/fastq/SRR131/017/SRR13199917/SRR13199917.fastq.gz,1223600145,59080471,https://www.ncbi.nlm.nih.gov/sra/SRR13199917,34508113,Dec 04 2020,tissue: Liver || age: 65 || Sex: Male || fibrosis stage: 0 || nas score: 3
GSM4957387,GSE162694,case,primary,,yes,counts,54,Male,,,5,1,Illumina HiSeq 3000,Molecular Characterization and Cell Type Composition Deconvolution of Fibrosis in NAFLD,nash22_F1 548nash22,human liver tissue,no,Homo sapiens,Liver,,,Liver biopsy,histology: NAS=5 steatosis=- fibrosis=1,,,,,,no,,,,,,,RNA-Seq,transcriptomic,cDNA,total RNA,,SRX9633471,SRP295965,PRJNA682622,https://www.ncbi.nlm.nih.gov/geo/query/acc.cgi?acc=GSM4957387,https://www.ncbi.nlm.nih.gov/geo/query/acc.cgi?acc=GSE162694,https://ftp.ncbi.nlm.nih.gov/geo/series/GSE162nnn/GSE162694/suppl/,,SRR13199918,ftp.sra.ebi.ac.uk/vol1/fastq/SRR131/018/SRR13199918/SRR13199918.fastq.gz,1330454593,58787540,https://www.ncbi.nlm.nih.gov/sra/SRR13199918,34508113,Dec 04 2020,tissue: Liver || age: 54 || Sex: Male || fibrosis stage: 1 || nas score: 5
GSM4957388,GSE162694,case,primary,,yes,counts,53,Female,,,2,0,Illumina HiSeq 3000,Molecular Characterization and Cell Type Composition Deconvolution of Fibrosis in NAFLD,nash23_F0 548nash23,human liver tissue,no,Homo sapiens,Liver,,,Liver biopsy,histology: NAS=2 steatosis=- fibrosis=0,,,,,,no,,,,,,,RNA-Seq,transcriptomic,cDNA,total RNA,,SRX9633472,SRP295965,PRJNA682622,https://www.ncbi.nlm.nih.gov/geo/query/acc.cgi?acc=GSM4957388,https://www.ncbi.nlm.nih.gov/geo/query/acc.cgi?acc=GSE162694,https://ftp.ncbi.nlm.nih.gov/geo/series/GSE162nnn/GSE162694/suppl/,,SRR13199919,ftp.sra.ebi.ac.uk/vol1/fastq/SRR131/019/SRR13199919/SRR13199919.fastq.gz,1302696934,57587005,https://www.ncbi.nlm.nih.gov/sra/SRR13199919,34508113,Dec 04 2020,tissue: Liver || age: 53 || Sex: Female || fibrosis stage: 0 || nas score: 2
GSM4957389,GSE162694,case,primary,,yes,counts,20,Female,,,1,0,Illumina HiSeq 3000,Molecular Characterization and Cell Type Composition Deconvolution of Fibrosis in NAFLD,nash2_F0 548nash24,human liver tissue,no,Homo sapiens,Liver,,,Liver biopsy,histology: NAS=1 steatosis=- fibrosis=0,,,,,,no,,,,,,,RNA-Seq,transcriptomic,cDNA,total RNA,,SRX9633473,SRP295965,PRJNA682622,https://www.ncbi.nlm.nih.gov/geo/query/acc.cgi?acc=GSM4957389,https://www.ncbi.nlm.nih.gov/geo/query/acc.cgi?acc=GSE162694,https://ftp.ncbi.nlm.nih.gov/geo/series/GSE162nnn/GSE162694/suppl/,,SRR13199920,ftp.sra.ebi.ac.uk/vol1/fastq/SRR131/020/SRR13199920/SRR13199920.fastq.gz,1366074369,58303394,https://www.ncbi.nlm.nih.gov/sra/SRR13199920,34508113,Dec 04 2020,tissue: Liver || age: 20 || Sex: Female || fibrosis stage: 0 || nas score: 1
GSM4957390,GSE162694,case,primary,,yes,counts,20,Female,,,5,2,Illumina HiSeq 3000,Molecular Characterization and Cell Type Composition Deconvolution of Fibrosis in NAFLD,nash2_F2 548nash25,human liver tissue,no,Homo sapiens,Liver,,,Liver biopsy,histology: NAS=5 steatosis=- fibrosis=2,,,,,,no,,,,,,,RNA-Seq,transcriptomic,cDNA,total RNA,,SRX9633474,SRP295965,PRJNA682622,https://www.ncbi.nlm.nih.gov/geo/query/acc.cgi?acc=GSM4957390,https://www.ncbi.nlm.nih.gov/geo/query/acc.cgi?acc=GSE162694,https://ftp.ncbi.nlm.nih.gov/geo/series/GSE162nnn/GSE162694/suppl/,,SRR13199921,ftp.sra.ebi.ac.uk/vol1/fastq/SRR131/021/SRR13199921/SRR13199921.fastq.gz,1115993083,45571649,https://www.ncbi.nlm.nih.gov/sra/SRR13199921,34508113,Dec 04 2020,tissue: Liver || age: 20 || Sex: Female || fibrosis stage: 2 || nas score: 5
GSM4957391,GSE162694,control,primary,,yes,counts,61,Female,,,0,normal liver histology,Illumina HiSeq 3000,Molecular Characterization and Cell Type Composition Deconvolution of Fibrosis in NAFLD,nash26_N 548nash26,human liver tissue,no,Homo sapiens,Liver,,,Liver biopsy,fibrosis stage: normal liver histology,,,,,,no,,,,,,,RNA-Seq,transcriptomic,cDNA,total RNA,,SRX9633475,SRP295965,PRJNA682622,https://www.ncbi.nlm.nih.gov/geo/query/acc.cgi?acc=GSM4957391,https://www.ncbi.nlm.nih.gov/geo/query/acc.cgi?acc=GSE162694,https://ftp.ncbi.nlm.nih.gov/geo/series/GSE162nnn/GSE162694/suppl/,,SRR13199922,ftp.sra.ebi.ac.uk/vol1/fastq/SRR131/022/SRR13199922/SRR13199922.fastq.gz,1254357903,53234546,https://www.ncbi.nlm.nih.gov/sra/SRR13199922,34508113,Dec 04 2020,tissue: Liver || age: 61 || Sex: Female || fibrosis stage: normal liver histology || nas score: 0
GSM4957392,GSE162694,case,primary,,yes,counts,40,Male,,,5,1,Illumina HiSeq 3000,Molecular Characterization and Cell Type Composition Deconvolution of Fibrosis in NAFLD,nash27_F1 548nash27,human liver tissue,no,Homo sapiens,Liver,,,Liver biopsy,histology: NAS=5 steatosis=- fibrosis=1,,,,,,no,,,,,,,RNA-Seq,transcriptomic,cDNA,total RNA,,SRX9633476,SRP295965,PRJNA682622,https://www.ncbi.nlm.nih.gov/geo/query/acc.cgi?acc=GSM4957392,https://www.ncbi.nlm.nih.gov/geo/query/acc.cgi?acc=GSE162694,https://ftp.ncbi.nlm.nih.gov/geo/series/GSE162nnn/GSE162694/suppl/,,SRR13199923,ftp.sra.ebi.ac.uk/vol1/fastq/SRR131/023/SRR13199923/SRR13199923.fastq.gz,1336847893,57705435,https://www.ncbi.nlm.nih.gov/sra/SRR13199923,34508113,Dec 04 2020,tissue: Liver || age: 40 || Sex: Male || fibrosis stage: 1 || nas score: 5
GSM4957393,GSE162694,case,primary,,yes,counts,64,Female,,,6,1,Illumina HiSeq 3000,Molecular Characterization and Cell Type Composition Deconvolution of Fibrosis in NAFLD,nash2_F1 548nash28,human liver tissue,no,Homo sapiens,Liver,,,Liver biopsy,histology: NAS=6 steatosis=- fibrosis=1,,,,,,no,,,,,,,RNA-Seq,transcriptomic,cDNA,total RNA,,SRX9633477,SRP295965,PRJNA682622,https://www.ncbi.nlm.nih.gov/geo/query/acc.cgi?acc=GSM4957393,https://www.ncbi.nlm.nih.gov/geo/query/acc.cgi?acc=GSE162694,https://ftp.ncbi.nlm.nih.gov/geo/series/GSE162nnn/GSE162694/suppl/,,SRR13199924,ftp.sra.ebi.ac.uk/vol1/fastq/SRR131/024/SRR13199924/SRR13199924.fastq.gz,1291255321,56383319,https://www.ncbi.nlm.nih.gov/sra/SRR13199924,34508113,Dec 04 2020,tissue: Liver || age: 64 || Sex: Female || fibrosis stage: 1 || nas score: 6
GSM4957394,GSE162694,case,primary,,yes,counts,30,Female,,,3,0,Illumina HiSeq 3000,Molecular Characterization and Cell Type Composition Deconvolution of Fibrosis in NAFLD,nash29_F0 548nash29,human liver tissue,no,Homo sapiens,Liver,,,Liver biopsy,histology: NAS=3 steatosis=- fibrosis=0,,,,,,no,,,,,,,RNA-Seq,transcriptomic,cDNA,total RNA,,SRX9633478,SRP295965,PRJNA682622,https://www.ncbi.nlm.nih.gov/geo/query/acc.cgi?acc=GSM4957394,https://www.ncbi.nlm.nih.gov/geo/query/acc.cgi?acc=GSE162694,https://ftp.ncbi.nlm.nih.gov/geo/series/GSE162nnn/GSE162694/suppl/,,SRR13199925,ftp.sra.ebi.ac.uk/vol1/fastq/SRR131/025/SRR13199925/SRR13199925.fastq.gz,1271100232,60586490,https://www.ncbi.nlm.nih.gov/sra/SRR13199925,34508113,Dec 04 2020,tissue: Liver || age: 30 || Sex: Female || fibrosis stage: 0 || nas score: 3
GSM4957395,GSE162694,case,primary,,yes,counts,61,Male,,,0,4,Illumina HiSeq 3000,Molecular Characterization and Cell Type Composition Deconvolution of Fibrosis in NAFLD,nash3_F4 548nash3,human liver tissue,no,Homo sapiens,Liver,,,Liver biopsy,histology: NAS=0 steatosis=- fibrosis=4,,,,,,no,,,,,,,RNA-Seq,transcriptomic,cDNA,total RNA,,SRX9633479,SRP295965,PRJNA682622,https://www.ncbi.nlm.nih.gov/geo/query/acc.cgi?acc=GSM4957395,https://www.ncbi.nlm.nih.gov/geo/query/acc.cgi?acc=GSE162694,https://ftp.ncbi.nlm.nih.gov/geo/series/GSE162nnn/GSE162694/suppl/,,SRR13199926,ftp.sra.ebi.ac.uk/vol1/fastq/SRR131/026/SRR13199926/SRR13199926.fastq.gz,1194284983,58703567,https://www.ncbi.nlm.nih.gov/sra/SRR13199926,34508113,Dec 04 2020,tissue: Liver || age: 61 || Sex: Male || fibrosis stage: 4 || nas score: 0
GSM4957396,GSE162694,case,primary,,yes,counts,25,Female,,,7,2,Illumina HiSeq 3000,Molecular Characterization and Cell Type Composition Deconvolution of Fibrosis in NAFLD,nash30_F2 548nash30,human liver tissue,no,Homo sapiens,Liver,,,Liver biopsy,histology: NAS=7 steatosis=- fibrosis=2,,,,,,no,,,,,,,RNA-Seq,transcriptomic,cDNA,total RNA,,SRX9633480,SRP295965,PRJNA682622,https://www.ncbi.nlm.nih.gov/geo/query/acc.cgi?acc=GSM4957396,https://www.ncbi.nlm.nih.gov/geo/query/acc.cgi?acc=GSE162694,https://ftp.ncbi.nlm.nih.gov/geo/series/GSE162nnn/GSE162694/suppl/,,SRR13199927,ftp.sra.ebi.ac.uk/vol1/fastq/SRR131/027/SRR13199927/SRR13199927.fastq.gz,1231807062,50622121,https://www.ncbi.nlm.nih.gov/sra/SRR13199927,34508113,Dec 04 2020,tissue: Liver || age: 25 || Sex: Female || fibrosis stage: 2 || nas score: 7
GSM4957397,GSE162694,case,primary,,yes,counts,54,Female,,,4,0,Illumina HiSeq 3000,Molecular Characterization and Cell Type Composition Deconvolution of Fibrosis in NAFLD,nash31_F0 548nash31,human liver tissue,no,Homo sapiens,Liver,,,Liver biopsy,histology: NAS=4 steatosis=- fibrosis=0,,,,,,no,,,,,,,RNA-Seq,transcriptomic,cDNA,total RNA,,SRX9633481,SRP295965,PRJNA682622,https://www.ncbi.nlm.nih.gov/geo/query/acc.cgi?acc=GSM4957397,https://www.ncbi.nlm.nih.gov/geo/query/acc.cgi?acc=GSE162694,https://ftp.ncbi.nlm.nih.gov/geo/series/GSE162nnn/GSE162694/suppl/,,SRR13199928,ftp.sra.ebi.ac.uk/vol1/fastq/SRR131/028/SRR13199928/SRR13199928.fastq.gz,1127743764,49096351,https://www.ncbi.nlm.nih.gov/sra/SRR13199928,34508113,Dec 04 2020,tissue: Liver || age: 54 || Sex: Female || fibrosis stage: 0 || nas score: 4
GSM4957398,GSE162694,control,primary,,yes,counts,50,Male,,,0,normal liver histology,Illumina HiSeq 3000,Molecular Characterization and Cell Type Composition Deconvolution of Fibrosis in NAFLD,nash32_N 548nash32,human liver tissue,no,Homo sapiens,Liver,,,Liver biopsy,fibrosis stage: normal liver histology,,,,,,no,,,,,,,RNA-Seq,transcriptomic,cDNA,total RNA,,SRX9633482,SRP295965,PRJNA682622,https://www.ncbi.nlm.nih.gov/geo/query/acc.cgi?acc=GSM4957398,https://www.ncbi.nlm.nih.gov/geo/query/acc.cgi?acc=GSE162694,https://ftp.ncbi.nlm.nih.gov/geo/series/GSE162nnn/GSE162694/suppl/,,SRR13199929,ftp.sra.ebi.ac.uk/vol1/fastq/SRR131/029/SRR13199929/SRR13199929.fastq.gz,1412298613,60029060,https://www.ncbi.nlm.nih.gov/sra/SRR13199929,34508113,Dec 04 2020,tissue: Liver || age: 50 || Sex: Male || fibrosis stage: normal liver histology || nas score: 0
GSM4957399,GSE162694,case,primary,,yes,counts,28,Female,,,1,0,Illumina HiSeq 3000,Molecular Characterization and Cell Type Composition Deconvolution of Fibrosis in NAFLD,nash33_F0 548nash33,human liver tissue,no,Homo sapiens,Liver,,,Liver biopsy,histology: NAS=1 steatosis=- fibrosis=0,,,,,,no,,,,,,,RNA-Seq,transcriptomic,cDNA,total RNA,,SRX9633483,SRP295965,PRJNA682622,https://www.ncbi.nlm.nih.gov/geo/query/acc.cgi?acc=GSM4957399,https://www.ncbi.nlm.nih.gov/geo/query/acc.cgi?acc=GSE162694,https://ftp.ncbi.nlm.nih.gov/geo/series/GSE162nnn/GSE162694/suppl/,,SRR13199930,ftp.sra.ebi.ac.uk/vol1/fastq/SRR131/030/SRR13199930/SRR13199930.fastq.gz,1126642872,46783896,https://www.ncbi.nlm.nih.gov/sra/SRR13199930,34508113,Dec 04 2020,tissue: Liver || age: 28 || Sex: Female || fibrosis stage: 0 || nas score: 1
GSM4957400,GSE162694,case,primary,,yes,counts,33,Female,,,7,2,Illumina HiSeq 3000,Molecular Characterization and Cell Type Composition Deconvolution of Fibrosis in NAFLD,nash3_F2 548nash34,human liver tissue,no,Homo sapiens,Liver,,,Liver biopsy,histology: NAS=7 steatosis=- fibrosis=2,,,,,,no,,,,,,,RNA-Seq,transcriptomic,cDNA,total RNA,,SRX9633484,SRP295965,PRJNA682622,https://www.ncbi.nlm.nih.gov/geo/query/acc.cgi?acc=GSM4957400,https://www.ncbi.nlm.nih.gov/geo/query/acc.cgi?acc=GSE162694,https://ftp.ncbi.nlm.nih.gov/geo/series/GSE162nnn/GSE162694/suppl/,,SRR13199931,ftp.sra.ebi.ac.uk/vol1/fastq/SRR131/031/SRR13199931/SRR13199931.fastq.gz,1132011020,46522111,https://www.ncbi.nlm.nih.gov/sra/SRR13199931,34508113,Dec 04 2020,tissue: Liver || age: 33 || Sex: Female || fibrosis stage: 2 || nas score: 7
GSM4957401,GSE162694,case,primary,,yes,counts,72,Female,,,3,0,Illumina HiSeq 3000,Molecular Characterization and Cell Type Composition Deconvolution of Fibrosis in NAFLD,nash3_F0 548nash35,human liver tissue,no,Homo sapiens,Liver,,,Liver biopsy,histology: NAS=3 steatosis=- fibrosis=0,,,,,,no,,,,,,,RNA-Seq,transcriptomic,cDNA,total RNA,,SRX9633485,SRP295965,PRJNA682622,https://www.ncbi.nlm.nih.gov/geo/query/acc.cgi?acc=GSM4957401,https://www.ncbi.nlm.nih.gov/geo/query/acc.cgi?acc=GSE162694,https://ftp.ncbi.nlm.nih.gov/geo/series/GSE162nnn/GSE162694/suppl/,,SRR13199932,ftp.sra.ebi.ac.uk/vol1/fastq/SRR131/032/SRR13199932/SRR13199932.fastq.gz,1123838933,45461631,https://www.ncbi.nlm.nih.gov/sra/SRR13199932,34508113,Dec 04 2020,tissue: Liver || age: 72 || Sex: Female || fibrosis stage: 0 || nas score: 3
GSM4957402,GSE162694,control,primary,,yes,counts,44,Female,,,0,normal liver histology,Illumina HiSeq 3000,Molecular Characterization and Cell Type Composition Deconvolution of Fibrosis in NAFLD,nash36_N 548nash36,human liver tissue,no,Homo sapiens,Liver,,,Liver biopsy,fibrosis stage: normal liver histology,,,,,,no,,,,,,,RNA-Seq,transcriptomic,cDNA,total RNA,,SRX9633486,SRP295965,PRJNA682622,https://www.ncbi.nlm.nih.gov/geo/query/acc.cgi?acc=GSM4957402,https://www.ncbi.nlm.nih.gov/geo/query/acc.cgi?acc=GSE162694,https://ftp.ncbi.nlm.nih.gov/geo/series/GSE162nnn/GSE162694/suppl/,,SRR13199933,ftp.sra.ebi.ac.uk/vol1/fastq/SRR131/033/SRR13199933/SRR13199933.fastq.gz,1225122265,57613468,https://www.ncbi.nlm.nih.gov/sra/SRR13199933,34508113,Dec 04 2020,tissue: Liver || age: 44 || Sex: Female || fibrosis stage: normal liver histology || nas score: 0
GSM4957403,GSE162694,case,primary,,yes,counts,45,Female,,,5,3,Illumina HiSeq 3000,Molecular Characterization and Cell Type Composition Deconvolution of Fibrosis in NAFLD,nash37_F3 548nash37,human liver tissue,no,Homo sapiens,Liver,,,Liver biopsy,histology: NAS=5 steatosis=- fibrosis=3,,,,,,no,,,,,,,RNA-Seq,transcriptomic,cDNA,total RNA,,SRX9633487,SRP295965,PRJNA682622,https://www.ncbi.nlm.nih.gov/geo/query/acc.cgi?acc=GSM4957403,https://www.ncbi.nlm.nih.gov/geo/query/acc.cgi?acc=GSE162694,https://ftp.ncbi.nlm.nih.gov/geo/series/GSE162nnn/GSE162694/suppl/,,SRR13199934,ftp.sra.ebi.ac.uk/vol1/fastq/SRR131/034/SRR13199934/SRR13199934.fastq.gz,1421158273,62200310,https://www.ncbi.nlm.nih.gov/sra/SRR13199934,34508113,Dec 04 2020,tissue: Liver || age: 45 || Sex: Female || fibrosis stage: 3 || nas score: 5
GSM4957404,GSE162694,control,primary,,yes,counts,28,Female,,,0,normal liver histology,Illumina HiSeq 3000,Molecular Characterization and Cell Type Composition Deconvolution of Fibrosis in NAFLD,nash3_N 548nash38,human liver tissue,no,Homo sapiens,Liver,,,Liver biopsy,fibrosis stage: normal liver histology,,,,,,no,,,,,,,RNA-Seq,transcriptomic,cDNA,total RNA,,SRX9633488,SRP295965,PRJNA682622,https://www.ncbi.nlm.nih.gov/geo/query/acc.cgi?acc=GSM4957404,https://www.ncbi.nlm.nih.gov/geo/query/acc.cgi?acc=GSE162694,https://ftp.ncbi.nlm.nih.gov/geo/series/GSE162nnn/GSE162694/suppl/,,SRR13199935,ftp.sra.ebi.ac.uk/vol1/fastq/SRR131/035/SRR13199935/SRR13199935.fastq.gz,1078752198,45580879,https://www.ncbi.nlm.nih.gov/sra/SRR13199935,34508113,Dec 04 2020,tissue: Liver || age: 28 || Sex: Female || fibrosis stage: normal liver histology || nas score: 0
GSM4957405,GSE162694,case,primary,,yes,counts,50,Male,,,1,0,Illumina HiSeq 3000,Molecular Characterization and Cell Type Composition Deconvolution of Fibrosis in NAFLD,nash39_F0 548nash39,human liver tissue,no,Homo sapiens,Liver,,,Liver biopsy,histology: NAS=1 steatosis=- fibrosis=0,,,,,,no,,,,,,,RNA-Seq,transcriptomic,cDNA,total RNA,,SRX9633489,SRP295965,PRJNA682622,https://www.ncbi.nlm.nih.gov/geo/query/acc.cgi?acc=GSM4957405,https://www.ncbi.nlm.nih.gov/geo/query/acc.cgi?acc=GSE162694,https://ftp.ncbi.nlm.nih.gov/geo/series/GSE162nnn/GSE162694/suppl/,,SRR13199936,ftp.sra.ebi.ac.uk/vol1/fastq/SRR131/036/SRR13199936/SRR13199936.fastq.gz,1409817279,61495423,https://www.ncbi.nlm.nih.gov/sra/SRR13199936,34508113,Dec 04 2020,tissue: Liver || age: 50 || Sex: Male || fibrosis stage: 0 || nas score: 1
GSM4957406,GSE162694,control,primary,,yes,counts,22,Female,,,0,normal liver histology,Illumina HiSeq 3000,Molecular Characterization and Cell Type Composition Deconvolution of Fibrosis in NAFLD,nash40_N 548nash40,human liver tissue,no,Homo sapiens,Liver,,,Liver biopsy,fibrosis stage: normal liver histology,,,,,,no,,,,,,,RNA-Seq,transcriptomic,cDNA,total RNA,,SRX9633490,SRP295965,PRJNA682622,https://www.ncbi.nlm.nih.gov/geo/query/acc.cgi?acc=GSM4957406,https://www.ncbi.nlm.nih.gov/geo/query/acc.cgi?acc=GSE162694,https://ftp.ncbi.nlm.nih.gov/geo/series/GSE162nnn/GSE162694/suppl/,,SRR13199937,ftp.sra.ebi.ac.uk/vol1/fastq/SRR131/037/SRR13199937/SRR13199937.fastq.gz,1548478412,59914227,https://www.ncbi.nlm.nih.gov/sra/SRR13199937,34508113,Dec 04 2020,tissue: Liver || age: 22 || Sex: Female || fibrosis stage: normal liver histology || nas score: 0
GSM4957407,GSE162694,case,primary,,yes,counts,32,Male,,,6,3,Illumina HiSeq 3000,Molecular Characterization and Cell Type Composition Deconvolution of Fibrosis in NAFLD,nash41_F3 548nash41,human liver tissue,no,Homo sapiens,Liver,,,Liver biopsy,histology: NAS=6 steatosis=- fibrosis=3,,,,,,no,,,,,,,RNA-Seq,transcriptomic,cDNA,total RNA,,SRX9633491,SRP295965,PRJNA682622,https://www.ncbi.nlm.nih.gov/geo/query/acc.cgi?acc=GSM4957407,https://www.ncbi.nlm.nih.gov/geo/query/acc.cgi?acc=GSE162694,https://ftp.ncbi.nlm.nih.gov/geo/series/GSE162nnn/GSE162694/suppl/,,SRR13199938,ftp.sra.ebi.ac.uk/vol1/fastq/SRR131/038/SRR13199938/SRR13199938.fastq.gz,1036127884,45900681,https://www.ncbi.nlm.nih.gov/sra/SRR13199938,34508113,Dec 04 2020,tissue: Liver || age: 32 || Sex: Male || fibrosis stage: 3 || nas score: 6
GSM4957408,GSE162694,case,primary,,yes,counts,53,Female,,,2,0,Illumina HiSeq 3000,Molecular Characterization and Cell Type Composition Deconvolution of Fibrosis in NAFLD,nash_F0 548nash44,human liver tissue,no,Homo sapiens,Liver,,,Liver biopsy,histology: NAS=2 steatosis=- fibrosis=0,,,,,,no,,,,,,,RNA-Seq,transcriptomic,cDNA,total RNA,,SRX9633492,SRP295965,PRJNA682622,https://www.ncbi.nlm.nih.gov/geo/query/acc.cgi?acc=GSM4957408,https://www.ncbi.nlm.nih.gov/geo/query/acc.cgi?acc=GSE162694,https://ftp.ncbi.nlm.nih.gov/geo/series/GSE162nnn/GSE162694/suppl/,,SRR13199939,ftp.sra.ebi.ac.uk/vol1/fastq/SRR131/039/SRR13199939/SRR13199939.fastq.gz,1139781341,50295667,https://www.ncbi.nlm.nih.gov/sra/SRR13199939,34508113,Dec 04 2020,tissue: Liver || age: 53 || Sex: Female || fibrosis stage: 0 || nas score: 2
GSM4957409,GSE162694,control,primary,,yes,counts,37,Female,,,0,normal liver histology,Illumina HiSeq 3000,Molecular Characterization and Cell Type Composition Deconvolution of Fibrosis in NAFLD,nash_N 548nash45,human liver tissue,no,Homo sapiens,Liver,,,Liver biopsy,fibrosis stage: normal liver histology,,,,,,no,,,,,,,RNA-Seq,transcriptomic,cDNA,total RNA,,SRX9633493,SRP295965,PRJNA682622,https://www.ncbi.nlm.nih.gov/geo/query/acc.cgi?acc=GSM4957409,https://www.ncbi.nlm.nih.gov/geo/query/acc.cgi?acc=GSE162694,https://ftp.ncbi.nlm.nih.gov/geo/series/GSE162nnn/GSE162694/suppl/,,SRR13199940,ftp.sra.ebi.ac.uk/vol1/fastq/SRR131/040/SRR13199940/SRR13199940.fastq.gz,998277022,44588718,https://www.ncbi.nlm.nih.gov/sra/SRR13199940,34508113,Dec 04 2020,tissue: Liver || age: 37 || Sex: Female || fibrosis stage: normal liver histology || nas score: 0
GSM4957410,GSE162694,case,primary,,yes,counts,41,Female,,,2,0,Illumina HiSeq 3000,Molecular Characterization and Cell Type Composition Deconvolution of Fibrosis in NAFLD,nash46_F0 548nash46,human liver tissue,no,Homo sapiens,Liver,,,Liver biopsy,histology: NAS=2 steatosis=- fibrosis=0,,,,,,no,,,,,,,RNA-Seq,transcriptomic,cDNA,total RNA,,SRX9633494,SRP295965,PRJNA682622,https://www.ncbi.nlm.nih.gov/geo/query/acc.cgi?acc=GSM4957410,https://www.ncbi.nlm.nih.gov/geo/query/acc.cgi?acc=GSE162694,https://ftp.ncbi.nlm.nih.gov/geo/series/GSE162nnn/GSE162694/suppl/,,SRR13199941,ftp.sra.ebi.ac.uk/vol1/fastq/SRR131/041/SRR13199941/SRR13199941.fastq.gz,1282554831,61581296,https://www.ncbi.nlm.nih.gov/sra/SRR13199941,34508113,Dec 04 2020,tissue: Liver || age: 41 || Sex: Female || fibrosis stage: 0 || nas score: 2
GSM4957411,GSE162694,case,primary,,yes,counts,60,Female,,,2,1,Illumina HiSeq 3000,Molecular Characterization and Cell Type Composition Deconvolution of Fibrosis in NAFLD,nash47_F1 548nash47,human liver tissue,no,Homo sapiens,Liver,,,Liver biopsy,histology: NAS=2 steatosis=- fibrosis=1,,,,,,no,,,,,,,RNA-Seq,transcriptomic,cDNA,total RNA,,SRX9633495,SRP295965,PRJNA682622,https://www.ncbi.nlm.nih.gov/geo/query/acc.cgi?acc=GSM4957411,https://www.ncbi.nlm.nih.gov/geo/query/acc.cgi?acc=GSE162694,https://ftp.ncbi.nlm.nih.gov/geo/series/GSE162nnn/GSE162694/suppl/,,SRR13199942,ftp.sra.ebi.ac.uk/vol1/fastq/SRR131/042/SRR13199942/SRR13199942.fastq.gz,1252200536,58525653,https://www.ncbi.nlm.nih.gov/sra/SRR13199942,34508113,Dec 04 2020,tissue: Liver || age: 60 || Sex: Female || fibrosis stage: 1 || nas score: 2
GSM4957412,GSE162694,case,primary,,yes,counts,49,Female,,,2,1,Illumina HiSeq 3000,Molecular Characterization and Cell Type Composition Deconvolution of Fibrosis in NAFLD,nash_F1 548nash48,human liver tissue,no,Homo sapiens,Liver,,,Liver biopsy,histology: NAS=2 steatosis=- fibrosis=1,,,,,,no,,,,,,,RNA-Seq,transcriptomic,cDNA,total RNA,,SRX9633496,SRP295965,PRJNA682622,https://www.ncbi.nlm.nih.gov/geo/query/acc.cgi?acc=GSM4957412,https://www.ncbi.nlm.nih.gov/geo/query/acc.cgi?acc=GSE162694,https://ftp.ncbi.nlm.nih.gov/geo/series/GSE162nnn/GSE162694/suppl/,,SRR13199943,ftp.sra.ebi.ac.uk/vol1/fastq/SRR131/043/SRR13199943/SRR13199943.fastq.gz,1337680019,60576123,https://www.ncbi.nlm.nih.gov/sra/SRR13199943,34508113,Dec 04 2020,tissue: Liver || age: 49 || Sex: Female || fibrosis stage: 1 || nas score: 2
GSM4957413,GSE162694,control,primary,,yes,counts,47,Female,,,0,normal liver histology,Illumina HiSeq 3000,Molecular Characterization and Cell Type Composition Deconvolution of Fibrosis in NAFLD,nash49_N 548nash49,human liver tissue,no,Homo sapiens,Liver,,,Liver biopsy,fibrosis stage: normal liver histology,,,,,,no,,,,,,,RNA-Seq,transcriptomic,cDNA,total RNA,,SRX9633497,SRP295965,PRJNA682622,https://www.ncbi.nlm.nih.gov/geo/query/acc.cgi?acc=GSM4957413,https://www.ncbi.nlm.nih.gov/geo/query/acc.cgi?acc=GSE162694,https://ftp.ncbi.nlm.nih.gov/geo/series/GSE162nnn/GSE162694/suppl/,,SRR13199944,ftp.sra.ebi.ac.uk/vol1/fastq/SRR131/044/SRR13199944/SRR13199944.fastq.gz,1148601121,54596362,https://www.ncbi.nlm.nih.gov/sra/SRR13199944,34508113,Dec 04 2020,tissue: Liver || age: 47 || Sex: Female || fibrosis stage: normal liver histology || nas score: 0
GSM4957414,GSE162694,case,primary,,yes,counts,40,Female,,,3,0,Illumina HiSeq 3000,Molecular Characterization and Cell Type Composition Deconvolution of Fibrosis in NAFLD,nash_F0 548nash5,human liver tissue,no,Homo sapiens,Liver,,,Liver biopsy,histology: NAS=3 steatosis=- fibrosis=0,,,,,,no,,,,,,,RNA-Seq,transcriptomic,cDNA,total RNA,,SRX9633498,SRP295965,PRJNA682622,https://www.ncbi.nlm.nih.gov/geo/query/acc.cgi?acc=GSM4957414,https://www.ncbi.nlm.nih.gov/geo/query/acc.cgi?acc=GSE162694,https://ftp.ncbi.nlm.nih.gov/geo/series/GSE162nnn/GSE162694/suppl/,,SRR13199945,ftp.sra.ebi.ac.uk/vol1/fastq/SRR131/045/SRR13199945/SRR13199945.fastq.gz,1148764054,53102731,https://www.ncbi.nlm.nih.gov/sra/SRR13199945,34508113,Dec 04 2020,tissue: Liver || age: 40 || Sex: Female || fibrosis stage: 0 || nas score: 3
GSM4957415,GSE162694,case,primary,,yes,counts,34,Female,,,1,2,Illumina HiSeq 3000,Molecular Characterization and Cell Type Composition Deconvolution of Fibrosis in NAFLD,nash51_F2 548nash51,human liver tissue,no,Homo sapiens,Liver,,,Liver biopsy,histology: NAS=1 steatosis=- fibrosis=2,,,,,,no,,,,,,,RNA-Seq,transcriptomic,cDNA,total RNA,,SRX9633499,SRP295965,PRJNA682622,https://www.ncbi.nlm.nih.gov/geo/query/acc.cgi?acc=GSM4957415,https://www.ncbi.nlm.nih.gov/geo/query/acc.cgi?acc=GSE162694,https://ftp.ncbi.nlm.nih.gov/geo/series/GSE162nnn/GSE162694/suppl/,,SRR13199946,ftp.sra.ebi.ac.uk/vol1/fastq/SRR131/046/SRR13199946/SRR13199946.fastq.gz,1188638146,49447952,https://www.ncbi.nlm.nih.gov/sra/SRR13199946,34508113,Dec 04 2020,tissue: Liver || age: 34 || Sex: Female || fibrosis stage: 2 || nas score: 1
GSM4957416,GSE162694,case,primary,,yes,counts,25,Female,,,1,0,Illumina HiSeq 3000,Molecular Characterization and Cell Type Composition Deconvolution of Fibrosis in NAFLD,nash52_F0 548nash52,human liver tissue,no,Homo sapiens,Liver,,,Liver biopsy,histology: NAS=1 steatosis=- fibrosis=0,,,,,,no,,,,,,,RNA-Seq,transcriptomic,cDNA,total RNA,,SRX9633500,SRP295965,PRJNA682622,https://www.ncbi.nlm.nih.gov/geo/query/acc.cgi?acc=GSM4957416,https://www.ncbi.nlm.nih.gov/geo/query/acc.cgi?acc=GSE162694,https://ftp.ncbi.nlm.nih.gov/geo/series/GSE162nnn/GSE162694/suppl/,,SRR13199947,ftp.sra.ebi.ac.uk/vol1/fastq/SRR131/047/SRR13199947/SRR13199947.fastq.gz,1070453648,52546598,https://www.ncbi.nlm.nih.gov/sra/SRR13199947,34508113,Dec 04 2020,tissue: Liver || age: 25 || Sex: Female || fibrosis stage: 0 || nas score: 1
GSM4957417,GSE162694,case,primary,,yes,counts,32,Female,,,1,1,Illumina HiSeq 3000,Molecular Characterization and Cell Type Composition Deconvolution of Fibrosis in NAFLD,nash53_F1 548nash53,human liver tissue,no,Homo sapiens,Liver,,,Liver biopsy,histology: NAS=1 steatosis=- fibrosis=1,,,,,,no,,,,,,,RNA-Seq,transcriptomic,cDNA,total RNA,,SRX9633501,SRP295965,PRJNA682622,https://www.ncbi.nlm.nih.gov/geo/query/acc.cgi?acc=GSM4957417,https://www.ncbi.nlm.nih.gov/geo/query/acc.cgi?acc=GSE162694,https://ftp.ncbi.nlm.nih.gov/geo/series/GSE162nnn/GSE162694/suppl/,,SRR13199948,ftp.sra.ebi.ac.uk/vol1/fastq/SRR131/048/SRR13199948/SRR13199948.fastq.gz,1106105517,48839937,https://www.ncbi.nlm.nih.gov/sra/SRR13199948,34508113,Dec 04 2020,tissue: Liver || age: 32 || Sex: Female || fibrosis stage: 1 || nas score: 1
GSM4957418,GSE162694,control,primary,,yes,counts,44,Female,,,0,normal liver histology,Illumina HiSeq 3000,Molecular Characterization and Cell Type Composition Deconvolution of Fibrosis in NAFLD,nash_N 548nash54,human liver tissue,no,Homo sapiens,Liver,,,Liver biopsy,fibrosis stage: normal liver histology,,,,,,no,,,,,,,RNA-Seq,transcriptomic,cDNA,total RNA,,SRX9633502,SRP295965,PRJNA682622,https://www.ncbi.nlm.nih.gov/geo/query/acc.cgi?acc=GSM4957418,https://www.ncbi.nlm.nih.gov/geo/query/acc.cgi?acc=GSE162694,https://ftp.ncbi.nlm.nih.gov/geo/series/GSE162nnn/GSE162694/suppl/,,SRR13199949,ftp.sra.ebi.ac.uk/vol1/fastq/SRR131/049/SRR13199949/SRR13199949.fastq.gz,1007938514,45035655,https://www.ncbi.nlm.nih.gov/sra/SRR13199949,34508113,Dec 04 2020,tissue: Liver || age: 44 || Sex: Female || fibrosis stage: normal liver histology || nas score: 0
GSM4957419,GSE162694,case,primary,,yes,counts,34,Female,,,4,1,Illumina HiSeq 3000,Molecular Characterization and Cell Type Composition Deconvolution of Fibrosis in NAFLD,nash_F1 548nash55,human liver tissue,no,Homo sapiens,Liver,,,Liver biopsy,histology: NAS=4 steatosis=- fibrosis=1,,,,,,no,,,,,,,RNA-Seq,transcriptomic,cDNA,total RNA,,SRX9633503,SRP295965,PRJNA682622,https://www.ncbi.nlm.nih.gov/geo/query/acc.cgi?acc=GSM4957419,https://www.ncbi.nlm.nih.gov/geo/query/acc.cgi?acc=GSE162694,https://ftp.ncbi.nlm.nih.gov/geo/series/GSE162nnn/GSE162694/suppl/,,SRR13199950,ftp.sra.ebi.ac.uk/vol1/fastq/SRR131/050/SRR13199950/SRR13199950.fastq.gz,1091471277,50427780,https://www.ncbi.nlm.nih.gov/sra/SRR13199950,34508113,Dec 04 2020,tissue: Liver || age: 34 || Sex: Female || fibrosis stage: 1 || nas score: 4
GSM4957420,GSE162694,case,primary,,yes,counts,62,Female,,,4,1,Illumina HiSeq 3000,Molecular Characterization and Cell Type Composition Deconvolution of Fibrosis in NAFLD,nash56_F1 548nash56,human liver tissue,no,Homo sapiens,Liver,,,Liver biopsy,histology: NAS=4 steatosis=- fibrosis=1,,,,,,no,,,,,,,RNA-Seq,transcriptomic,cDNA,total RNA,,SRX9633504,SRP295965,PRJNA682622,https://www.ncbi.nlm.nih.gov/geo/query/acc.cgi?acc=GSM4957420,https://www.ncbi.nlm.nih.gov/geo/query/acc.cgi?acc=GSE162694,https://ftp.ncbi.nlm.nih.gov/geo/series/GSE162nnn/GSE162694/suppl/,,SRR13199951,ftp.sra.ebi.ac.uk/vol1/fastq/SRR131/051/SRR13199951/SRR13199951.fastq.gz,1331416925,59581767,https://www.ncbi.nlm.nih.gov/sra/SRR13199951,34508113,Dec 04 2020,tissue: Liver || age: 62 || Sex: Female || fibrosis stage: 1 || nas score: 4
GSM4957421,GSE162694,control,primary,,yes,counts,60,Female,,,0,normal liver histology,Illumina HiSeq 3000,Molecular Characterization and Cell Type Composition Deconvolution of Fibrosis in NAFLD,nash57_N 548nash57,human liver tissue,no,Homo sapiens,Liver,,,Liver biopsy,fibrosis stage: normal liver histology,,,,,,no,,,,,,,RNA-Seq,transcriptomic,cDNA,total RNA,,SRX9633505,SRP295965,PRJNA682622,https://www.ncbi.nlm.nih.gov/geo/query/acc.cgi?acc=GSM4957421,https://www.ncbi.nlm.nih.gov/geo/query/acc.cgi?acc=GSE162694,https://ftp.ncbi.nlm.nih.gov/geo/series/GSE162nnn/GSE162694/suppl/,,SRR13199952,ftp.sra.ebi.ac.uk/vol1/fastq/SRR131/052/SRR13199952/SRR13199952.fastq.gz,1210375105,54953271,https://www.ncbi.nlm.nih.gov/sra/SRR13199952,34508113,Dec 04 2020,tissue: Liver || age: 60 || Sex: Female || fibrosis stage: normal liver histology || nas score: 0
GSM4957422,GSE162694,case,primary,,yes,counts,46,Female,,,3,0,Illumina HiSeq 3000,Molecular Characterization and Cell Type Composition Deconvolution of Fibrosis in NAFLD,nash_F0 548nash58,human liver tissue,no,Homo sapiens,Liver,,,Liver biopsy,histology: NAS=3 steatosis=- fibrosis=0,,,,,,no,,,,,,,RNA-Seq,transcriptomic,cDNA,total RNA,,SRX9633506,SRP295965,PRJNA682622,https://www.ncbi.nlm.nih.gov/geo/query/acc.cgi?acc=GSM4957422,https://www.ncbi.nlm.nih.gov/geo/query/acc.cgi?acc=GSE162694,https://ftp.ncbi.nlm.nih.gov/geo/series/GSE162nnn/GSE162694/suppl/,,SRR13199953,ftp.sra.ebi.ac.uk/vol1/fastq/SRR131/053/SRR13199953/SRR13199953.fastq.gz,1138532440,50429357,https://www.ncbi.nlm.nih.gov/sra/SRR13199953,34508113,Dec 04 2020,tissue: Liver || age: 46 || Sex: Female || fibrosis stage: 0 || nas score: 3
GSM4957423,GSE162694,control,primary,,yes,counts,47,Female,,,0,normal liver histology,Illumina HiSeq 3000,Molecular Characterization and Cell Type Composition Deconvolution of Fibrosis in NAFLD,nash59_N 548nash59,human liver tissue,no,Homo sapiens,Liver,,,Liver biopsy,fibrosis stage: normal liver histology,,,,,,no,,,,,,,RNA-Seq,transcriptomic,cDNA,total RNA,,SRX9633507,SRP295965,PRJNA682622,https://www.ncbi.nlm.nih.gov/geo/query/acc.cgi?acc=GSM4957423,https://www.ncbi.nlm.nih.gov/geo/query/acc.cgi?acc=GSE162694,https://ftp.ncbi.nlm.nih.gov/geo/series/GSE162nnn/GSE162694/suppl/,,SRR13199954,ftp.sra.ebi.ac.uk/vol1/fastq/SRR131/054/SRR13199954/SRR13199954.fastq.gz,1094698707,51546751,https://www.ncbi.nlm.nih.gov/sra/SRR13199954,34508113,Dec 04 2020,tissue: Liver || age: 47 || Sex: Female || fibrosis stage: normal liver histology || nas score: 0
GSM4957424,GSE162694,case,primary,,yes,counts,42,Male,,,6,1,Illumina HiSeq 3000,Molecular Characterization and Cell Type Composition Deconvolution of Fibrosis in NAFLD,nash6_F1 548nash6,human liver tissue,no,Homo sapiens,Liver,,,Liver biopsy,histology: NAS=6 steatosis=- fibrosis=1,,,,,,no,,,,,,,RNA-Seq,transcriptomic,cDNA,total RNA,,SRX9633508,SRP295965,PRJNA682622,https://www.ncbi.nlm.nih.gov/geo/query/acc.cgi?acc=GSM4957424,https://www.ncbi.nlm.nih.gov/geo/query/acc.cgi?acc=GSE162694,https://ftp.ncbi.nlm.nih.gov/geo/series/GSE162nnn/GSE162694/suppl/,,SRR13199955,ftp.sra.ebi.ac.uk/vol1/fastq/SRR131/055/SRR13199955/SRR13199955.fastq.gz,1318290384,55343456,https://www.ncbi.nlm.nih.gov/sra/SRR13199955,34508113,Dec 04 2020,tissue: Liver || age: 42 || Sex: Male || fibrosis stage: 1 || nas score: 6
GSM4957425,GSE162694,control,primary,,yes,counts,28,Female,,,0,normal liver histology,Illumina HiSeq 3000,Molecular Characterization and Cell Type Composition Deconvolution of Fibrosis in NAFLD,nash60_N 548nash60,human liver tissue,no,Homo sapiens,Liver,,,Liver biopsy,fibrosis stage: normal liver histology,,,,,,no,,,,,,,RNA-Seq,transcriptomic,cDNA,total RNA,,SRX9633509,SRP295965,PRJNA682622,https://www.ncbi.nlm.nih.gov/geo/query/acc.cgi?acc=GSM4957425,https://www.ncbi.nlm.nih.gov/geo/query/acc.cgi?acc=GSE162694,https://ftp.ncbi.nlm.nih.gov/geo/series/GSE162nnn/GSE162694/suppl/,,SRR13199956,ftp.sra.ebi.ac.uk/vol1/fastq/SRR131/056/SRR13199956/SRR13199956.fastq.gz,1008580571,47971800,https://www.ncbi.nlm.nih.gov/sra/SRR13199956,34508113,Dec 04 2020,tissue: Liver || age: 28 || Sex: Female || fibrosis stage: normal liver histology || nas score: 0
GSM4957426,GSE162694,case,primary,,yes,counts,56,Female,,,5,1,Illumina HiSeq 3000,Molecular Characterization and Cell Type Composition Deconvolution of Fibrosis in NAFLD,nash61_F1 548nash61,human liver tissue,no,Homo sapiens,Liver,,,Liver biopsy,histology: NAS=5 steatosis=- fibrosis=1,,,,,,no,,,,,,,RNA-Seq,transcriptomic,cDNA,total RNA,,SRX9633510,SRP295965,PRJNA682622,https://www.ncbi.nlm.nih.gov/geo/query/acc.cgi?acc=GSM4957426,https://www.ncbi.nlm.nih.gov/geo/query/acc.cgi?acc=GSE162694,https://ftp.ncbi.nlm.nih.gov/geo/series/GSE162nnn/GSE162694/suppl/,,SRR13199957,ftp.sra.ebi.ac.uk/vol1/fastq/SRR131/057/SRR13199957/SRR13199957.fastq.gz,1113068400,48630824,https://www.ncbi.nlm.nih.gov/sra/SRR13199957,34508113,Dec 04 2020,tissue: Liver || age: 56 || Sex: Female || fibrosis stage: 1 || nas score: 5
GSM4957427,GSE162694,control,primary,,yes,counts,29,Female,,,0,normal liver histology,Illumina HiSeq 3000,Molecular Characterization and Cell Type Composition Deconvolution of Fibrosis in NAFLD,nash62_N 548nash62,human liver tissue,no,Homo sapiens,Liver,,,Liver biopsy,fibrosis stage: normal liver histology,,,,,,no,,,,,,,RNA-Seq,transcriptomic,cDNA,total RNA,,SRX9633511,SRP295965,PRJNA682622,https://www.ncbi.nlm.nih.gov/geo/query/acc.cgi?acc=GSM4957427,https://www.ncbi.nlm.nih.gov/geo/query/acc.cgi?acc=GSE162694,https://ftp.ncbi.nlm.nih.gov/geo/series/GSE162nnn/GSE162694/suppl/,,SRR13199958,ftp.sra.ebi.ac.uk/vol1/fastq/SRR131/058/SRR13199958/SRR13199958.fastq.gz,1143833907,52839946,https://www.ncbi.nlm.nih.gov/sra/SRR13199958,34508113,Dec 04 2020,tissue: Liver || age: 29 || Sex: Female || fibrosis stage: normal liver histology || nas score: 0
GSM4957428,GSE162694,case,primary,,yes,counts,49,Female,,,5,0,Illumina HiSeq 3000,Molecular Characterization and Cell Type Composition Deconvolution of Fibrosis in NAFLD,nash63_F0 548nash63,human liver tissue,no,Homo sapiens,Liver,,,Liver biopsy,histology: NAS=5 steatosis=- fibrosis=0,,,,,,no,,,,,,,RNA-Seq,transcriptomic,cDNA,total RNA,,SRX9633512,SRP295965,PRJNA682622,https://www.ncbi.nlm.nih.gov/geo/query/acc.cgi?acc=GSM4957428,https://www.ncbi.nlm.nih.gov/geo/query/acc.cgi?acc=GSE162694,https://ftp.ncbi.nlm.nih.gov/geo/series/GSE162nnn/GSE162694/suppl/,,SRR13199959,ftp.sra.ebi.ac.uk/vol1/fastq/SRR131/059/SRR13199959/SRR13199959.fastq.gz,1100978627,48571391,https://www.ncbi.nlm.nih.gov/sra/SRR13199959,34508113,Dec 04 2020,tissue: Liver || age: 49 || Sex: Female || fibrosis stage: 0 || nas score: 5
GSM4957429,GSE162694,control,primary,,yes,counts,49,Female,,,0,normal liver histology,Illumina HiSeq 3000,Molecular Characterization and Cell Type Composition Deconvolution of Fibrosis in NAFLD,nash6_N 548nash64,human liver tissue,no,Homo sapiens,Liver,,,Liver biopsy,fibrosis stage: normal liver histology,,,,,,no,,,,,,,RNA-Seq,transcriptomic,cDNA,total RNA,,SRX9633513,SRP295965,PRJNA682622,https://www.ncbi.nlm.nih.gov/geo/query/acc.cgi?acc=GSM4957429,https://www.ncbi.nlm.nih.gov/geo/query/acc.cgi?acc=GSE162694,https://ftp.ncbi.nlm.nih.gov/geo/series/GSE162nnn/GSE162694/suppl/,,SRR13199960,ftp.sra.ebi.ac.uk/vol1/fastq/SRR131/060/SRR13199960/SRR13199960.fastq.gz,1175336526,52050545,https://www.ncbi.nlm.nih.gov/sra/SRR13199960,34508113,Dec 04 2020,tissue: Liver || age: 49 || Sex: Female || fibrosis stage: normal liver histology || nas score: 0
GSM4957430,GSE162694,control,primary,,yes,counts,41,Female,,,0,normal liver histology,Illumina HiSeq 3000,Molecular Characterization and Cell Type Composition Deconvolution of Fibrosis in NAFLD,nash6_N 548nash65,human liver tissue,no,Homo sapiens,Liver,,,Liver biopsy,fibrosis stage: normal liver histology,,,,,,no,,,,,,,RNA-Seq,transcriptomic,cDNA,total RNA,,SRX9633514,SRP295965,PRJNA682622,https://www.ncbi.nlm.nih.gov/geo/query/acc.cgi?acc=GSM4957430,https://www.ncbi.nlm.nih.gov/geo/query/acc.cgi?acc=GSE162694,https://ftp.ncbi.nlm.nih.gov/geo/series/GSE162nnn/GSE162694/suppl/,,SRR13199961,ftp.sra.ebi.ac.uk/vol1/fastq/SRR131/061/SRR13199961/SRR13199961.fastq.gz,1178266333,52752825,https://www.ncbi.nlm.nih.gov/sra/SRR13199961,34508113,Dec 04 2020,tissue: Liver || age: 41 || Sex: Female || fibrosis stage: normal liver histology || nas score: 0
GSM4957431,GSE162694,case,primary,,yes,counts,46,Female,,,1,1,Illumina HiSeq 3000,Molecular Characterization and Cell Type Composition Deconvolution of Fibrosis in NAFLD,nash66_F1 548nash66,human liver tissue,no,Homo sapiens,Liver,,,Liver biopsy,histology: NAS=1 steatosis=- fibrosis=1,,,,,,no,,,,,,,RNA-Seq,transcriptomic,cDNA,total RNA,,SRX9633515,SRP295965,PRJNA682622,https://www.ncbi.nlm.nih.gov/geo/query/acc.cgi?acc=GSM4957431,https://www.ncbi.nlm.nih.gov/geo/query/acc.cgi?acc=GSE162694,https://ftp.ncbi.nlm.nih.gov/geo/series/GSE162nnn/GSE162694/suppl/,,SRR13199962,ftp.sra.ebi.ac.uk/vol1/fastq/SRR131/062/SRR13199962/SRR13199962.fastq.gz,1091780739,47843230,https://www.ncbi.nlm.nih.gov/sra/SRR13199962,34508113,Dec 04 2020,tissue: Liver || age: 46 || Sex: Female || fibrosis stage: 1 || nas score: 1
GSM4957432,GSE162694,case,primary,,yes,counts,60,Female,,,3,2,Illumina HiSeq 3000,Molecular Characterization and Cell Type Composition Deconvolution of Fibrosis in NAFLD,nash67_F2 548nash67,human liver tissue,no,Homo sapiens,Liver,,,Liver biopsy,histology: NAS=3 steatosis=- fibrosis=2,,,,,,no,,,,,,,RNA-Seq,transcriptomic,cDNA,total RNA,,SRX9633516,SRP295965,PRJNA682622,https://www.ncbi.nlm.nih.gov/geo/query/acc.cgi?acc=GSM4957432,https://www.ncbi.nlm.nih.gov/geo/query/acc.cgi?acc=GSE162694,https://ftp.ncbi.nlm.nih.gov/geo/series/GSE162nnn/GSE162694/suppl/,,SRR13199963,ftp.sra.ebi.ac.uk/vol1/fastq/SRR131/063/SRR13199963/SRR13199963.fastq.gz,1121644469,51835023,https://www.ncbi.nlm.nih.gov/sra/SRR13199963,34508113,Dec 04 2020,tissue: Liver || age: 60 || Sex: Female || fibrosis stage: 2 || nas score: 3
GSM4957433,GSE162694,case,primary,,yes,counts,43,Female,,,4,2,Illumina HiSeq 3000,Molecular Characterization and Cell Type Composition Deconvolution of Fibrosis in NAFLD,nash6_F2 548nash68,human liver tissue,no,Homo sapiens,Liver,,,Liver biopsy,histology: NAS=4 steatosis=- fibrosis=2,,,,,,no,,,,,,,RNA-Seq,transcriptomic,cDNA,total RNA,,SRX9633517,SRP295965,PRJNA682622,https://www.ncbi.nlm.nih.gov/geo/query/acc.cgi?acc=GSM4957433,https://www.ncbi.nlm.nih.gov/geo/query/acc.cgi?acc=GSE162694,https://ftp.ncbi.nlm.nih.gov/geo/series/GSE162nnn/GSE162694/suppl/,,SRR13199964,ftp.sra.ebi.ac.uk/vol1/fastq/SRR131/064/SRR13199964/SRR13199964.fastq.gz,1047975481,50179512,https://www.ncbi.nlm.nih.gov/sra/SRR13199964,34508113,Dec 04 2020,tissue: Liver || age: 43 || Sex: Female || fibrosis stage: 2 || nas score: 4
GSM4957434,GSE162694,control,primary,,yes,counts,54,Female,,,0,normal liver histology,Illumina HiSeq 3000,Molecular Characterization and Cell Type Composition Deconvolution of Fibrosis in NAFLD,nash69_N 548nash69,human liver tissue,no,Homo sapiens,Liver,,,Liver biopsy,fibrosis stage: normal liver histology,,,,,,no,,,,,,,RNA-Seq,transcriptomic,cDNA,total RNA,,SRX9633518,SRP295965,PRJNA682622,https://www.ncbi.nlm.nih.gov/geo/query/acc.cgi?acc=GSM4957434,https://www.ncbi.nlm.nih.gov/geo/query/acc.cgi?acc=GSE162694,https://ftp.ncbi.nlm.nih.gov/geo/series/GSE162nnn/GSE162694/suppl/,,SRR13199965,ftp.sra.ebi.ac.uk/vol1/fastq/SRR131/065/SRR13199965/SRR13199965.fastq.gz,1238728926,56604173,https://www.ncbi.nlm.nih.gov/sra/SRR13199965,34508113,Dec 04 2020,tissue: Liver || age: 54 || Sex: Female || fibrosis stage: normal liver histology || nas score: 0
GSM4957435,GSE162694,control,primary,,yes,counts,51,Female,,,0,normal liver histology,Illumina HiSeq 3000,Molecular Characterization and Cell Type Composition Deconvolution of Fibrosis in NAFLD,nash7_N 548nash7,human liver tissue,no,Homo sapiens,Liver,,,Liver biopsy,fibrosis stage: normal liver histology,,,,,,no,,,,,,,RNA-Seq,transcriptomic,cDNA,total RNA,,SRX9633519,SRP295965,PRJNA682622,https://www.ncbi.nlm.nih.gov/geo/query/acc.cgi?acc=GSM4957435,https://www.ncbi.nlm.nih.gov/geo/query/acc.cgi?acc=GSE162694,https://ftp.ncbi.nlm.nih.gov/geo/series/GSE162nnn/GSE162694/suppl/,,SRR13199966,ftp.sra.ebi.ac.uk/vol1/fastq/SRR131/066/SRR13199966/SRR13199966.fastq.gz,1276158712,52864714,https://www.ncbi.nlm.nih.gov/sra/SRR13199966,34508113,Dec 04 2020,tissue: Liver || age: 51 || Sex: Female || fibrosis stage: normal liver histology || nas score: 0
GSM4957436,GSE162694,case,primary,,yes,counts,39,Female,,,2,0,Illumina HiSeq 3000,Molecular Characterization and Cell Type Composition Deconvolution of Fibrosis in NAFLD,nash70_F0 548nash70,human liver tissue,no,Homo sapiens,Liver,,,Liver biopsy,histology: NAS=2 steatosis=- fibrosis=0,,,,,,no,,,,,,,RNA-Seq,transcriptomic,cDNA,total RNA,,SRX9633520,SRP295965,PRJNA682622,https://www.ncbi.nlm.nih.gov/geo/query/acc.cgi?acc=GSM4957436,https://www.ncbi.nlm.nih.gov/geo/query/acc.cgi?acc=GSE162694,https://ftp.ncbi.nlm.nih.gov/geo/series/GSE162nnn/GSE162694/suppl/,,SRR13199967,ftp.sra.ebi.ac.uk/vol1/fastq/SRR131/067/SRR13199967/SRR13199967.fastq.gz,1227608400,55358649,https://www.ncbi.nlm.nih.gov/sra/SRR13199967,34508113,Dec 04 2020,tissue: Liver || age: 39 || Sex: Female || fibrosis stage: 0 || nas score: 2
GSM4957437,GSE162694,control,primary,,yes,counts,37,Female,,,0,normal liver histology,Illumina HiSeq 3000,Molecular Characterization and Cell Type Composition Deconvolution of Fibrosis in NAFLD,nash71_N 548nash71,human liver tissue,no,Homo sapiens,Liver,,,Liver biopsy,fibrosis stage: normal liver histology,,,,,,no,,,,,,,RNA-Seq,transcriptomic,cDNA,total RNA,,SRX9633521,SRP295965,PRJNA682622,https://www.ncbi.nlm.nih.gov/geo/query/acc.cgi?acc=GSM4957437,https://www.ncbi.nlm.nih.gov/geo/query/acc.cgi?acc=GSE162694,https://ftp.ncbi.nlm.nih.gov/geo/series/GSE162nnn/GSE162694/suppl/,,SRR13199968,ftp.sra.ebi.ac.uk/vol1/fastq/SRR131/068/SRR13199968/SRR13199968.fastq.gz,1313227193,61212826,https://www.ncbi.nlm.nih.gov/sra/SRR13199968,34508113,Dec 04 2020,tissue: Liver || age: 37 || Sex: Female || fibrosis stage: normal liver histology || nas score: 0
GSM4957438,GSE162694,control,primary,,yes,counts,57,Female,,,0,normal liver histology,Illumina HiSeq 3000,Molecular Characterization and Cell Type Composition Deconvolution of Fibrosis in NAFLD,nash72_N 548nash72,human liver tissue,no,Homo sapiens,Liver,,,Liver biopsy,fibrosis stage: normal liver histology,,,,,,no,,,,,,,RNA-Seq,transcriptomic,cDNA,total RNA,,SRX9633522,SRP295965,PRJNA682622,https://www.ncbi.nlm.nih.gov/geo/query/acc.cgi?acc=GSM4957438,https://www.ncbi.nlm.nih.gov/geo/query/acc.cgi?acc=GSE162694,https://ftp.ncbi.nlm.nih.gov/geo/series/GSE162nnn/GSE162694/suppl/,,SRR13199969,ftp.sra.ebi.ac.uk/vol1/fastq/SRR131/069/SRR13199969/SRR13199969.fastq.gz,1373664494,62341141,https://www.ncbi.nlm.nih.gov/sra/SRR13199969,34508113,Dec 04 2020,tissue: Liver || age: 57 || Sex: Female || fibrosis stage: normal liver histology || nas score: 0
GSM4957439,GSE162694,control,primary,,yes,counts,49,Female,,,0,normal liver histology,Illumina HiSeq 3000,Molecular Characterization and Cell Type Composition Deconvolution of Fibrosis in NAFLD,nash73_N 548nash73,human liver tissue,no,Homo sapiens,Liver,,,Liver biopsy,fibrosis stage: normal liver histology,,,,,,no,,,,,,,RNA-Seq,transcriptomic,cDNA,total RNA,,SRX9633523,SRP295965,PRJNA682622,https://www.ncbi.nlm.nih.gov/geo/query/acc.cgi?acc=GSM4957439,https://www.ncbi.nlm.nih.gov/geo/query/acc.cgi?acc=GSE162694,https://ftp.ncbi.nlm.nih.gov/geo/series/GSE162nnn/GSE162694/suppl/,,SRR13199970,ftp.sra.ebi.ac.uk/vol1/fastq/SRR131/070/SRR13199970/SRR13199970.fastq.gz,1323145480,61341642,https://www.ncbi.nlm.nih.gov/sra/SRR13199970,34508113,Dec 04 2020,tissue: Liver || age: 49 || Sex: Female || fibrosis stage: normal liver histology || nas score: 0
GSM4957440,GSE162694,control,primary,,yes,counts,33,Female,,,0,normal liver histology,Illumina HiSeq 3000,Molecular Characterization and Cell Type Composition Deconvolution of Fibrosis in NAFLD,nash7_N 548nash75,human liver tissue,no,Homo sapiens,Liver,,,Liver biopsy,fibrosis stage: normal liver histology,,,,,,no,,,,,,,RNA-Seq,transcriptomic,cDNA,total RNA,,SRX9633524,SRP295965,PRJNA682622,https://www.ncbi.nlm.nih.gov/geo/query/acc.cgi?acc=GSM4957440,https://www.ncbi.nlm.nih.gov/geo/query/acc.cgi?acc=GSE162694,https://ftp.ncbi.nlm.nih.gov/geo/series/GSE162nnn/GSE162694/suppl/,,SRR13199971,ftp.sra.ebi.ac.uk/vol1/fastq/SRR131/071/SRR13199971/SRR13199971.fastq.gz,1371502257,61406996,https://www.ncbi.nlm.nih.gov/sra/SRR13199971,34508113,Dec 04 2020,tissue: Liver || age: 33 || Sex: Female || fibrosis stage: normal liver histology || nas score: 0
GSM4957441,GSE162694,control,primary,,yes,counts,32,Female,,,0,normal liver histology,Illumina HiSeq 3000,Molecular Characterization and Cell Type Composition Deconvolution of Fibrosis in NAFLD,nash76_N 548nash76,human liver tissue,no,Homo sapiens,Liver,,,Liver biopsy,fibrosis stage: normal liver histology,,,,,,no,,,,,,,RNA-Seq,transcriptomic,cDNA,total RNA,,SRX9633525,SRP295965,PRJNA682622,https://www.ncbi.nlm.nih.gov/geo/query/acc.cgi?acc=GSM4957441,https://www.ncbi.nlm.nih.gov/geo/query/acc.cgi?acc=GSE162694,https://ftp.ncbi.nlm.nih.gov/geo/series/GSE162nnn/GSE162694/suppl/,,SRR13199972,ftp.sra.ebi.ac.uk/vol1/fastq/SRR131/072/SRR13199972/SRR13199972.fastq.gz,790968530,43633608,https://www.ncbi.nlm.nih.gov/sra/SRR13199972,34508113,Dec 04 2020,tissue: Liver || age: 32 || Sex: Female || fibrosis stage: normal liver histology || nas score: 0
GSM4957442,GSE162694,case,primary,,yes,counts,53,Female,,,1,0,Illumina HiSeq 3000,Molecular Characterization and Cell Type Composition Deconvolution of Fibrosis in NAFLD,nash77_F0 548nash77,human liver tissue,no,Homo sapiens,Liver,,,Liver biopsy,histology: NAS=1 steatosis=- fibrosis=0,,,,,,no,,,,,,,RNA-Seq,transcriptomic,cDNA,total RNA,,SRX9633526,SRP295965,PRJNA682622,https://www.ncbi.nlm.nih.gov/geo/query/acc.cgi?acc=GSM4957442,https://www.ncbi.nlm.nih.gov/geo/query/acc.cgi?acc=GSE162694,https://ftp.ncbi.nlm.nih.gov/geo/series/GSE162nnn/GSE162694/suppl/,,SRR13199973,ftp.sra.ebi.ac.uk/vol1/fastq/SRR131/073/SRR13199973/SRR13199973.fastq.gz,1320275713,58912565,https://www.ncbi.nlm.nih.gov/sra/SRR13199973,34508113,Dec 04 2020,tissue: Liver || age: 53 || Sex: Female || fibrosis stage: 0 || nas score: 1
GSM4957443,GSE162694,case,primary,,yes,counts,21,Female,,,1,1,Illumina HiSeq 3000,Molecular Characterization and Cell Type Composition Deconvolution of Fibrosis in NAFLD,nash7_F1 548nash78,human liver tissue,no,Homo sapiens,Liver,,,Liver biopsy,histology: NAS=1 steatosis=- fibrosis=1,,,,,,no,,,,,,,RNA-Seq,transcriptomic,cDNA,total RNA,,SRX9633527,SRP295965,PRJNA682622,https://www.ncbi.nlm.nih.gov/geo/query/acc.cgi?acc=GSM4957443,https://www.ncbi.nlm.nih.gov/geo/query/acc.cgi?acc=GSE162694,https://ftp.ncbi.nlm.nih.gov/geo/series/GSE162nnn/GSE162694/suppl/,,SRR13199974,ftp.sra.ebi.ac.uk/vol1/fastq/SRR131/074/SRR13199974/SRR13199974.fastq.gz,1229758428,54396735,https://www.ncbi.nlm.nih.gov/sra/SRR13199974,34508113,Dec 04 2020,tissue: Liver || age: 21 || Sex: Female || fibrosis stage: 1 || nas score: 1
GSM4957444,GSE162694,control,primary,,yes,counts,34,Female,,,0,normal liver histology,Illumina HiSeq 3000,Molecular Characterization and Cell Type Composition Deconvolution of Fibrosis in NAFLD,nash79_N 548nash79,human liver tissue,no,Homo sapiens,Liver,,,Liver biopsy,fibrosis stage: normal liver histology,,,,,,no,,,,,,,RNA-Seq,transcriptomic,cDNA,total RNA,,SRX9633528,SRP295965,PRJNA682622,https://www.ncbi.nlm.nih.gov/geo/query/acc.cgi?acc=GSM4957444,https://www.ncbi.nlm.nih.gov/geo/query/acc.cgi?acc=GSE162694,https://ftp.ncbi.nlm.nih.gov/geo/series/GSE162nnn/GSE162694/suppl/,,SRR13199975,ftp.sra.ebi.ac.uk/vol1/fastq/SRR131/075/SRR13199975/SRR13199975.fastq.gz,1254863413,57238642,https://www.ncbi.nlm.nih.gov/sra/SRR13199975,34508113,Dec 04 2020,tissue: Liver || age: 34 || Sex: Female || fibrosis stage: normal liver histology || nas score: 0
GSM4957445,GSE162694,case,primary,,yes,counts,42,Female,,,3,2,Illumina HiSeq 3000,Molecular Characterization and Cell Type Composition Deconvolution of Fibrosis in NAFLD,nash80_F2 548nash80,human liver tissue,no,Homo sapiens,Liver,,,Liver biopsy,histology: NAS=3 steatosis=- fibrosis=2,,,,,,no,,,,,,,RNA-Seq,transcriptomic,cDNA,total RNA,,SRX9633529,SRP295965,PRJNA682622,https://www.ncbi.nlm.nih.gov/geo/query/acc.cgi?acc=GSM4957445,https://www.ncbi.nlm.nih.gov/geo/query/acc.cgi?acc=GSE162694,https://ftp.ncbi.nlm.nih.gov/geo/series/GSE162nnn/GSE162694/suppl/,,SRR13199976,ftp.sra.ebi.ac.uk/vol1/fastq/SRR131/076/SRR13199976/SRR13199976.fastq.gz,1366205724,60320095,https://www.ncbi.nlm.nih.gov/sra/SRR13199976,34508113,Dec 04 2020,tissue: Liver || age: 42 || Sex: Female || fibrosis stage: 2 || nas score: 3
GSM4957446,GSE162694,case,primary,,yes,counts,33,Female,,,5,2,Illumina HiSeq 3000,Molecular Characterization and Cell Type Composition Deconvolution of Fibrosis in NAFLD,nash81_F2 548nash81,human liver tissue,no,Homo sapiens,Liver,,,Liver biopsy,histology: NAS=5 steatosis=- fibrosis=2,,,,,,no,,,,,,,RNA-Seq,transcriptomic,cDNA,total RNA,,SRX9633530,SRP295965,PRJNA682622,https://www.ncbi.nlm.nih.gov/geo/query/acc.cgi?acc=GSM4957446,https://www.ncbi.nlm.nih.gov/geo/query/acc.cgi?acc=GSE162694,https://ftp.ncbi.nlm.nih.gov/geo/series/GSE162nnn/GSE162694/suppl/,,SRR13199977,ftp.sra.ebi.ac.uk/vol1/fastq/SRR131/077/SRR13199977/SRR13199977.fastq.gz,1326987734,61382108,https://www.ncbi.nlm.nih.gov/sra/SRR13199977,34508113,Dec 04 2020,tissue: Liver || age: 33 || Sex: Female || fibrosis stage: 2 || nas score: 5
GSM4957447,GSE162694,case,primary,,yes,counts,60,Female,,,5,1,Illumina HiSeq 3000,Molecular Characterization and Cell Type Composition Deconvolution of Fibrosis in NAFLD,nash82_F1 548nash82,human liver tissue,no,Homo sapiens,Liver,,,Liver biopsy,histology: NAS=5 steatosis=- fibrosis=1,,,,,,no,,,,,,,RNA-Seq,transcriptomic,cDNA,total RNA,,SRX9633531,SRP295965,PRJNA682622,https://www.ncbi.nlm.nih.gov/geo/query/acc.cgi?acc=GSM4957447,https://www.ncbi.nlm.nih.gov/geo/query/acc.cgi?acc=GSE162694,https://ftp.ncbi.nlm.nih.gov/geo/series/GSE162nnn/GSE162694/suppl/,,SRR13199978,ftp.sra.ebi.ac.uk/vol1/fastq/SRR131/078/SRR13199978/SRR13199978.fastq.gz,1223174445,54648900,https://www.ncbi.nlm.nih.gov/sra/SRR13199978,34508113,Dec 04 2020,tissue: Liver || age: 60 || Sex: Female || fibrosis stage: 1 || nas score: 5
GSM4957448,GSE162694,case,primary,,yes,counts,39,Female,,,5,2,Illumina HiSeq 3000,Molecular Characterization and Cell Type Composition Deconvolution of Fibrosis in NAFLD,nash83_F2 548nash83,human liver tissue,no,Homo sapiens,Liver,,,Liver biopsy,histology: NAS=5 steatosis=- fibrosis=2,,,,,,no,,,,,,,RNA-Seq,transcriptomic,cDNA,total RNA,,SRX9633532,SRP295965,PRJNA682622,https://www.ncbi.nlm.nih.gov/geo/query/acc.cgi?acc=GSM4957448,https://www.ncbi.nlm.nih.gov/geo/query/acc.cgi?acc=GSE162694,https://ftp.ncbi.nlm.nih.gov/geo/series/GSE162nnn/GSE162694/suppl/,,SRR13199979,ftp.sra.ebi.ac.uk/vol1/fastq/SRR131/079/SRR13199979/SRR13199979.fastq.gz,1334149160,61668625,https://www.ncbi.nlm.nih.gov/sra/SRR13199979,34508113,Dec 04 2020,tissue: Liver || age: 39 || Sex: Female || fibrosis stage: 2 || nas score: 5
GSM4957449,GSE162694,case,primary,,yes,counts,54,Female,,,2,0,Illumina HiSeq 3000,Molecular Characterization and Cell Type Composition Deconvolution of Fibrosis in NAFLD,nash_F0 548nash84,human liver tissue,no,Homo sapiens,Liver,,,Liver biopsy,histology: NAS=2 steatosis=- fibrosis=0,,,,,,no,,,,,,,RNA-Seq,transcriptomic,cDNA,total RNA,,SRX9633533,SRP295965,PRJNA682622,https://www.ncbi.nlm.nih.gov/geo/query/acc.cgi?acc=GSM4957449,https://www.ncbi.nlm.nih.gov/geo/query/acc.cgi?acc=GSE162694,https://ftp.ncbi.nlm.nih.gov/geo/series/GSE162nnn/GSE162694/suppl/,,SRR13199980,ftp.sra.ebi.ac.uk/vol1/fastq/SRR131/080/SRR13199980/SRR13199980.fastq.gz,1109096080,52681292,https://www.ncbi.nlm.nih.gov/sra/SRR13199980,34508113,Dec 04 2020,tissue: Liver || age: 54 || Sex: Female || fibrosis stage: 0 || nas score: 2
GSM4957450,GSE162694,case,primary,,yes,counts,44,Female,,,1,0,Illumina HiSeq 3000,Molecular Characterization and Cell Type Composition Deconvolution of Fibrosis in NAFLD,nash_F0 548nash85,human liver tissue,no,Homo sapiens,Liver,,,Liver biopsy,histology: NAS=1 steatosis=- fibrosis=0,,,,,,no,,,,,,,RNA-Seq,transcriptomic,cDNA,total RNA,,SRX9633534,SRP295965,PRJNA682622,https://www.ncbi.nlm.nih.gov/geo/query/acc.cgi?acc=GSM4957450,https://www.ncbi.nlm.nih.gov/geo/query/acc.cgi?acc=GSE162694,https://ftp.ncbi.nlm.nih.gov/geo/series/GSE162nnn/GSE162694/suppl/,,SRR13199981,ftp.sra.ebi.ac.uk/vol1/fastq/SRR131/081/SRR13199981/SRR13199981.fastq.gz,1375306780,63606913,https://www.ncbi.nlm.nih.gov/sra/SRR13199981,34508113,Dec 04 2020,tissue: Liver || age: 44 || Sex: Female || fibrosis stage: 0 || nas score: 1
GSM4957451,GSE162694,case,primary,,yes,counts,62,Female,,,4,4,Illumina HiSeq 3000,Molecular Characterization and Cell Type Composition Deconvolution of Fibrosis in NAFLD,nash86_F4 548nash86,human liver tissue,no,Homo sapiens,Liver,,,Liver biopsy,histology: NAS=4 steatosis=- fibrosis=4,,,,,,no,,,,,,,RNA-Seq,transcriptomic,cDNA,total RNA,,SRX9633535,SRP295965,PRJNA682622,https://www.ncbi.nlm.nih.gov/geo/query/acc.cgi?acc=GSM4957451,https://www.ncbi.nlm.nih.gov/geo/query/acc.cgi?acc=GSE162694,https://ftp.ncbi.nlm.nih.gov/geo/series/GSE162nnn/GSE162694/suppl/,,SRR13199982,ftp.sra.ebi.ac.uk/vol1/fastq/SRR131/082/SRR13199982/SRR13199982.fastq.gz,1286485542,59405333,https://www.ncbi.nlm.nih.gov/sra/SRR13199982,34508113,Dec 04 2020,tissue: Liver || age: 62 || Sex: Female || fibrosis stage: 4 || nas score: 4
GSM4957452,GSE162694,case,primary,,yes,counts,36,Male,,,2,0,Illumina HiSeq 3000,Molecular Characterization and Cell Type Composition Deconvolution of Fibrosis in NAFLD,nash87_F0 548nash87,human liver tissue,no,Homo sapiens,Liver,,,Liver biopsy,histology: NAS=2 steatosis=- fibrosis=0,,,,,,no,,,,,,,RNA-Seq,transcriptomic,cDNA,total RNA,,SRX9633536,SRP295965,PRJNA682622,https://www.ncbi.nlm.nih.gov/geo/query/acc.cgi?acc=GSM4957452,https://www.ncbi.nlm.nih.gov/geo/query/acc.cgi?acc=GSE162694,https://ftp.ncbi.nlm.nih.gov/geo/series/GSE162nnn/GSE162694/suppl/,,SRR13199983,ftp.sra.ebi.ac.uk/vol1/fastq/SRR131/083/SRR13199983/SRR13199983.fastq.gz,1455686711,62256885,https://www.ncbi.nlm.nih.gov/sra/SRR13199983,34508113,Dec 04 2020,tissue: Liver || age: 36 || Sex: Male || fibrosis stage: 0 || nas score: 2
GSM4957453,GSE162694,control,primary,,yes,counts,52,Female,,,0,normal liver histology,Illumina HiSeq 3000,Molecular Characterization and Cell Type Composition Deconvolution of Fibrosis in NAFLD,nash_N 548nash88,human liver tissue,no,Homo sapiens,Liver,,,Liver biopsy,fibrosis stage: normal liver histology,,,,,,no,,,,,,,RNA-Seq,transcriptomic,cDNA,total RNA,,SRX9633537,SRP295965,PRJNA682622,https://www.ncbi.nlm.nih.gov/geo/query/acc.cgi?acc=GSM4957453,https://www.ncbi.nlm.nih.gov/geo/query/acc.cgi?acc=GSE162694,https://ftp.ncbi.nlm.nih.gov/geo/series/GSE162nnn/GSE162694/suppl/,,SRR13199984,ftp.sra.ebi.ac.uk/vol1/fastq/SRR131/084/SRR13199984/SRR13199984.fastq.gz,1368102454,60854822,https://www.ncbi.nlm.nih.gov/sra/SRR13199984,34508113,Dec 04 2020,tissue: Liver || age: 52 || Sex: Female || fibrosis stage: normal liver histology || nas score: 0
GSM4957454,GSE162694,case,primary,,yes,counts,68,Female,,,6,1,Illumina HiSeq 3000,Molecular Characterization and Cell Type Composition Deconvolution of Fibrosis in NAFLD,nash89_F1 548nash89,human liver tissue,no,Homo sapiens,Liver,,,Liver biopsy,histology: NAS=6 steatosis=- fibrosis=1,,,,,,no,,,,,,,RNA-Seq,transcriptomic,cDNA,total RNA,,SRX9633538,SRP295965,PRJNA682622,https://www.ncbi.nlm.nih.gov/geo/query/acc.cgi?acc=GSM4957454,https://www.ncbi.nlm.nih.gov/geo/query/acc.cgi?acc=GSE162694,https://ftp.ncbi.nlm.nih.gov/geo/series/GSE162nnn/GSE162694/suppl/,,SRR13199985,ftp.sra.ebi.ac.uk/vol1/fastq/SRR131/085/SRR13199985/SRR13199985.fastq.gz,1071547936,42520369,https://www.ncbi.nlm.nih.gov/sra/SRR13199985,34508113,Dec 04 2020,tissue: Liver || age: 68 || Sex: Female || fibrosis stage: 1 || nas score: 6
GSM4957455,GSE162694,case,primary,,yes,counts,58,Female,,,1,1,Illumina HiSeq 3000,Molecular Characterization and Cell Type Composition Deconvolution of Fibrosis in NAFLD,nash9_F1 548nash9,human liver tissue,no,Homo sapiens,Liver,,,Liver biopsy,histology: NAS=1 steatosis=- fibrosis=1,,,,,,no,,,,,,,RNA-Seq,transcriptomic,cDNA,total RNA,,SRX9633539,SRP295965,PRJNA682622,https://www.ncbi.nlm.nih.gov/geo/query/acc.cgi?acc=GSM4957455,https://www.ncbi.nlm.nih.gov/geo/query/acc.cgi?acc=GSE162694,https://ftp.ncbi.nlm.nih.gov/geo/series/GSE162nnn/GSE162694/suppl/,,SRR13199986,ftp.sra.ebi.ac.uk/vol1/fastq/SRR131/086/SRR13199986/SRR13199986.fastq.gz,1312110569,54879044,https://www.ncbi.nlm.nih.gov/sra/SRR13199986,34508113,Dec 04 2020,tissue: Liver || age: 58 || Sex: Female || fibrosis stage: 1 || nas score: 1
GSM4957456,GSE162694,control,primary,,yes,counts,55,Male,,,0,normal liver histology,Illumina HiSeq 3000,Molecular Characterization and Cell Type Composition Deconvolution of Fibrosis in NAFLD,nash90_N 548nash90,human liver tissue,no,Homo sapiens,Liver,,,Liver biopsy,fibrosis stage: normal liver histology,,,,,,no,,,,,,,RNA-Seq,transcriptomic,cDNA,total RNA,,SRX9633540,SRP295965,PRJNA682622,https://www.ncbi.nlm.nih.gov/geo/query/acc.cgi?acc=GSM4957456,https://www.ncbi.nlm.nih.gov/geo/query/acc.cgi?acc=GSE162694,https://ftp.ncbi.nlm.nih.gov/geo/series/GSE162nnn/GSE162694/suppl/,,SRR13199987,ftp.sra.ebi.ac.uk/vol1/fastq/SRR131/087/SRR13199987/SRR13199987.fastq.gz,1157981892,47247065,https://www.ncbi.nlm.nih.gov/sra/SRR13199987,34508113,Dec 04 2020,tissue: Liver || age: 55 || Sex: Male || fibrosis stage: normal liver histology || nas score: 0
GSM4957457,GSE162694,case,primary,,yes,counts,30,Male,,,6,2,Illumina HiSeq 3000,Molecular Characterization and Cell Type Composition Deconvolution of Fibrosis in NAFLD,nash91_F2 548nash91,human liver tissue,no,Homo sapiens,Liver,,,Liver biopsy,histology: NAS=6 steatosis=- fibrosis=2,,,,,,no,,,,,,,RNA-Seq,transcriptomic,cDNA,total RNA,,SRX9633541,SRP295965,PRJNA682622,https://www.ncbi.nlm.nih.gov/geo/query/acc.cgi?acc=GSM4957457,https://www.ncbi.nlm.nih.gov/geo/query/acc.cgi?acc=GSE162694,https://ftp.ncbi.nlm.nih.gov/geo/series/GSE162nnn/GSE162694/suppl/,,SRR13199988,ftp.sra.ebi.ac.uk/vol1/fastq/SRR131/088/SRR13199988/SRR13199988.fastq.gz,1115427994,47019827,https://www.ncbi.nlm.nih.gov/sra/SRR13199988,34508113,Dec 04 2020,tissue: Liver || age: 30 || Sex: Male || fibrosis stage: 2 || nas score: 6
GSM4957458,GSE162694,case,primary,,yes,counts,52,Male,,,4,3,Illumina HiSeq 3000,Molecular Characterization and Cell Type Composition Deconvolution of Fibrosis in NAFLD,nash92_F3 548nash92,human liver tissue,no,Homo sapiens,Liver,,,Liver biopsy,histology: NAS=4 steatosis=- fibrosis=3,,,,,,no,,,,,,,RNA-Seq,transcriptomic,cDNA,total RNA,,SRX9633542,SRP295965,PRJNA682622,https://www.ncbi.nlm.nih.gov/geo/query/acc.cgi?acc=GSM4957458,https://www.ncbi.nlm.nih.gov/geo/query/acc.cgi?acc=GSE162694,https://ftp.ncbi.nlm.nih.gov/geo/series/GSE162nnn/GSE162694/suppl/,,SRR13199989,ftp.sra.ebi.ac.uk/vol1/fastq/SRR131/089/SRR13199989/SRR13199989.fastq.gz,1129521540,49380711,https://www.ncbi.nlm.nih.gov/sra/SRR13199989,34508113,Dec 04 2020,tissue: Liver || age: 52 || Sex: Male || fibrosis stage: 3 || nas score: 4
GSM4957459,GSE162694,case,primary,,yes,counts,20,Male,,,1,0,Illumina HiSeq 3000,Molecular Characterization and Cell Type Composition Deconvolution of Fibrosis in NAFLD,nash93_F0 548nash93,human liver tissue,no,Homo sapiens,Liver,,,Liver biopsy,histology: NAS=1 steatosis=- fibrosis=0,,,,,,no,,,,,,,RNA-Seq,transcriptomic,cDNA,total RNA,,SRX9633543,SRP295965,PRJNA682622,https://www.ncbi.nlm.nih.gov/geo/query/acc.cgi?acc=GSM4957459,https://www.ncbi.nlm.nih.gov/geo/query/acc.cgi?acc=GSE162694,https://ftp.ncbi.nlm.nih.gov/geo/series/GSE162nnn/GSE162694/suppl/,,SRR13199990,ftp.sra.ebi.ac.uk/vol1/fastq/SRR131/090/SRR13199990/SRR13199990.fastq.gz,1257116312,62733740,https://www.ncbi.nlm.nih.gov/sra/SRR13199990,34508113,Dec 04 2020,tissue: Liver || age: 20 || Sex: Male || fibrosis stage: 0 || nas score: 1
GSM4957460,GSE162694,case,primary,,yes,counts,48,Male,,,6,2,Illumina HiSeq 3000,Molecular Characterization and Cell Type Composition Deconvolution of Fibrosis in NAFLD,nash9_F2 548nash95,human liver tissue,no,Homo sapiens,Liver,,,Liver biopsy,histology: NAS=6 steatosis=- fibrosis=2,,,,,,no,,,,,,,RNA-Seq,transcriptomic,cDNA,total RNA,,SRX9633544,SRP295965,PRJNA682622,https://www.ncbi.nlm.nih.gov/geo/query/acc.cgi?acc=GSM4957460,https://www.ncbi.nlm.nih.gov/geo/query/acc.cgi?acc=GSE162694,https://ftp.ncbi.nlm.nih.gov/geo/series/GSE162nnn/GSE162694/suppl/,,SRR13199991,ftp.sra.ebi.ac.uk/vol1/fastq/SRR131/091/SRR13199991/SRR13199991.fastq.gz,1122082810,48920770,https://www.ncbi.nlm.nih.gov/sra/SRR13199991,34508113,Dec 04 2020,tissue: Liver || age: 48 || Sex: Male || fibrosis stage: 2 || nas score: 6
GSM4957461,GSE162694,case,primary,,yes,counts,48,Male,,,5,0,Illumina HiSeq 3000,Molecular Characterization and Cell Type Composition Deconvolution of Fibrosis in NAFLD,nash96_F0 548nash96,human liver tissue,no,Homo sapiens,Liver,,,Liver biopsy,histology: NAS=5 steatosis=- fibrosis=0,,,,,,no,,,,,,,RNA-Seq,transcriptomic,cDNA,total RNA,,SRX9633545,SRP295965,PRJNA682622,https://www.ncbi.nlm.nih.gov/geo/query/acc.cgi?acc=GSM4957461,https://www.ncbi.nlm.nih.gov/geo/query/acc.cgi?acc=GSE162694,https://ftp.ncbi.nlm.nih.gov/geo/series/GSE162nnn/GSE162694/suppl/,,SRR13199992,ftp.sra.ebi.ac.uk/vol1/fastq/SRR131/092/SRR13199992/SRR13199992.fastq.gz,1173460951,51594186,https://www.ncbi.nlm.nih.gov/sra/SRR13199992,34508113,Dec 04 2020,tissue: Liver || age: 48 || Sex: Male || fibrosis stage: 0 || nas score: 5
GSM4957462,GSE162694,case,primary,,yes,counts,48,Female,,,5,1,Illumina HiSeq 3000,Molecular Characterization and Cell Type Composition Deconvolution of Fibrosis in NAFLD,nash9_F1 548nash98,human liver tissue,no,Homo sapiens,Liver,,,Liver biopsy,histology: NAS=5 steatosis=- fibrosis=1,,,,,,no,,,,,,,RNA-Seq,transcriptomic,cDNA,total RNA,,SRX9633546,SRP295965,PRJNA682622,https://www.ncbi.nlm.nih.gov/geo/query/acc.cgi?acc=GSM4957462,https://www.ncbi.nlm.nih.gov/geo/query/acc.cgi?acc=GSE162694,https://ftp.ncbi.nlm.nih.gov/geo/series/GSE162nnn/GSE162694/suppl/,,SRR13199993,ftp.sra.ebi.ac.uk/vol1/fastq/SRR131/093/SRR13199993/SRR13199993.fastq.gz,1262824859,53110730,https://www.ncbi.nlm.nih.gov/sra/SRR13199993,34508113,Dec 04 2020,tissue: Liver || age: 48 || Sex: Female || fibrosis stage: 1 || nas score: 5
GSM4957463,GSE162694,control,primary,,yes,counts,52,Male,,,0,normal liver histology,Illumina HiSeq 3000,Molecular Characterization and Cell Type Composition Deconvolution of Fibrosis in NAFLD,nash99_N 548nash99,human liver tissue,no,Homo sapiens,Liver,,,Liver biopsy,fibrosis stage: normal liver histology,,,,,,no,,,,,,,RNA-Seq,transcriptomic,cDNA,total RNA,,SRX9633547,SRP295965,PRJNA682622,https://www.ncbi.nlm.nih.gov/geo/query/acc.cgi?acc=GSM4957463,https://www.ncbi.nlm.nih.gov/geo/query/acc.cgi?acc=GSE162694,https://ftp.ncbi.nlm.nih.gov/geo/series/GSE162nnn/GSE162694/suppl/,,SRR13199994,ftp.sra.ebi.ac.uk/vol1/fastq/SRR131/094/SRR13199994/SRR13199994.fastq.gz,967445663,52119196,https://www.ncbi.nlm.nih.gov/sra/SRR13199994,34508113,Dec 04 2020,tissue: Liver || age: 52 || Sex: Male || fibrosis stage: normal liver histology || nas score: 0
