gsm,series_accession,group_class,analysis_set,disease_label,in_counts_matrix,scale,age,sex,bmi,diabetes,nas_score,fibrosis_stage,instrument_model,series_title,sample_title,material_class,is_single_cell,organism,tissue,cell_line,cell_type,source_name,group_rule_fired,weight,ethnicity,steatosis_grade,inflammation_grade,ballooning_grade,is_treated,treatment_agent,treatment_dose,treatment_duration,treatment_source,treatment_protocol,genotype,library_strategy,library_source,library_selection,molecule,batch,srx,srp_study,bioproject,geo_sample_url,geo_series_url,geo_series_suppl_dir,geo_sample_suppl_files,srr,fastq_ftp,fastq_bytes,read_count,sra_run_url,pubmed_id,submission_date,characteristics_all
GSM3998167,GSE135251,case,primary,NAFLD,yes,counts,,,,,4,2,Illumina NextSeq 500,TRANSCRIPTOMIC PROFILING ACROSS THE SPECTRUM OF NON-ALCOHOLIC FATTY LIVER DISEASE,Liver patient 97,human liver tissue,no,Homo sapiens,,,,NAFLD_early_liver biopsy,explicit label: NAFLD,,,,,,no,,,,,,,RNA-Seq,transcriptomic,cDNA,total RNA,,SRX6635477,SRP217231,PRJNA558102,https://www.ncbi.nlm.nih.gov/geo/query/acc.cgi?acc=GSM3998167,https://www.ncbi.nlm.nih.gov/geo/query/acc.cgi?acc=GSE135251,https://ftp.ncbi.nlm.nih.gov/geo/series/GSE135nnn/GSE135251/suppl/,ftp://ftp.ncbi.nlm.nih.gov/geo/samples/GSM3998nnn/GSM3998167/suppl/GSM3998167_017-Ann-Daly_S1.counts.txt.gz,SRR9882956,ftp.sra.ebi.ac.uk/vol1/fastq/SRR988/006/SRR9882956/SRR9882956_1.fastq.gz;ftp.sra.ebi.ac.uk/vol1/fastq/SRR988/006/SRR9882956/SRR9882956_2.fastq.gz,1413908942;1459596531,34975618,https://www.ncbi.nlm.nih.gov/sra/SRR9882956,33268509; 33762733; 39566466,Aug 01 2019,nas score: 4 || fibrosis stage: 2 || group in paper: NASH_F2 || disease: NAFLD || Stage: early
GSM3998168,GSE135251,case,primary,NAFLD,yes,counts,,,,,7,3,Illumina NextSeq 500,TRANSCRIPTOMIC PROFILING ACROSS THE SPECTRUM OF NON-ALCOHOLIC FATTY LIVER DISEASE,Liver patient 98,human liver tissue,no,Homo sapiens,,,,NAFLD_moderate_liver biopsy,explicit label: NAFLD,,,,,,no,,,,,,,RNA-Seq,transcriptomic,cDNA,total RNA,,SRX6635478,SRP217231,PRJNA558102,https://www.ncbi.nlm.nih.gov/geo/query/acc.cgi?acc=GSM3998168,https://www.ncbi.nlm.nih.gov/geo/query/acc.cgi?acc=GSE135251,https://ftp.ncbi.nlm.nih.gov/geo/series/GSE135nnn/GSE135251/suppl/,ftp://ftp.ncbi.nlm.nih.gov/geo/samples/GSM3998nnn/GSM3998168/suppl/GSM3998168_018-Ann-Daly_S2.counts.txt.gz,SRR9882957,ftp.sra.ebi.ac.uk/vol1/fastq/SRR988/007/SRR9882957/SRR9882957_1.fastq.gz;ftp.sra.ebi.ac.uk/vol1/fastq/SRR988/007/SRR9882957/SRR9882957_2.fastq.gz,1214067581;1266563744,30081230,https://www.ncbi.nlm.nih.gov/sra/SRR9882957,33268509; 33762733; 39566466,Aug 01 2019,nas score: 7 || fibrosis stage: 3 || group in paper: NASH_F3 || disease: NAFLD || Stage: moderate
GSM3998169,GSE135251,case,primary,NAFLD,yes,counts,,,,,7,2,Illumina NextSeq 500,TRANSCRIPTOMIC PROFILING ACROSS THE SPECTRUM OF NON-ALCOHOLIC FATTY LIVER DISEASE,Liver patient 101,human liver tissue,no,Homo sapiens,,,,NAFLD_early_liver biopsy,explicit label: NAFLD,,,,,,no,,,,,,,RNA-Seq,transcriptomic,cDNA,total RNA,,SRX6635479,SRP217231,PRJNA558102,https://www.ncbi.nlm.nih.gov/geo/query/acc.cgi?acc=GSM3998169,https://www.ncbi.nlm.nih.gov/geo/query/acc.cgi?acc=GSE135251,https://ftp.ncbi.nlm.nih.gov/geo/series/GSE135nnn/GSE135251/suppl/,ftp://ftp.ncbi.nlm.nih.gov/geo/samples/GSM3998nnn/GSM3998169/suppl/GSM3998169_029-Ann-Daly_S4.counts.txt.gz,SRR9882958,ftp.sra.ebi.ac.uk/vol1/fastq/SRR988/008/SRR9882958/SRR9882958_1.fastq.gz;ftp.sra.ebi.ac.uk/vol1/fastq/SRR988/008/SRR9882958/SRR9882958_2.fastq.gz,1438679217;1480392286,35765327,https://www.ncbi.nlm.nih.gov/sra/SRR9882958,33268509; 33762733; 39566466,Aug 01 2019,nas score: 7 || fibrosis stage: 2 || group in paper: NASH_F2 || disease: NAFLD || Stage: early
GSM3998170,GSE135251,case,primary,NAFLD,yes,counts,,,,,6,3,Illumina NextSeq 500,TRANSCRIPTOMIC PROFILING ACROSS THE SPECTRUM OF NON-ALCOHOLIC FATTY LIVER DISEASE,Liver patient 102,human liver tissue,no,Homo sapiens,,,,NAFLD_moderate_liver biopsy,explicit label: NAFLD,,,,,,no,,,,,,,RNA-Seq,transcriptomic,cDNA,total RNA,,SRX6635480,SRP217231,PRJNA558102,https://www.ncbi.nlm.nih.gov/geo/query/acc.cgi?acc=GSM3998170,https://www.ncbi.nlm.nih.gov/geo/query/acc.cgi?acc=GSE135251,https://ftp.ncbi.nlm.nih.gov/geo/series/GSE135nnn/GSE135251/suppl/,ftp://ftp.ncbi.nlm.nih.gov/geo/samples/GSM3998nnn/GSM3998170/suppl/GSM3998170_030-Ann-Daly_S5.counts.txt.gz,SRR9882959,ftp.sra.ebi.ac.uk/vol1/fastq/SRR988/009/SRR9882959/SRR9882959_1.fastq.gz;ftp.sra.ebi.ac.uk/vol1/fastq/SRR988/009/SRR9882959/SRR9882959_2.fastq.gz,1678016325;1774629557,41879270,https://www.ncbi.nlm.nih.gov/sra/SRR9882959,33268509; 33762733; 39566466,Aug 01 2019,nas score: 6 || fibrosis stage: 3 || group in paper: NASH_F3 || disease: NAFLD || Stage: moderate
GSM3998171,GSE135251,case,primary,NAFLD,yes,counts,,,,,5,0,Illumina NextSeq 500,TRANSCRIPTOMIC PROFILING ACROSS THE SPECTRUM OF NON-ALCOHOLIC FATTY LIVER DISEASE,Liver patient 105,human liver tissue,no,Homo sapiens,,,,NAFLD_early_liver biopsy,explicit label: NAFLD,,,,,,no,,,,,,,RNA-Seq,transcriptomic,cDNA,total RNA,,SRX6635481,SRP217231,PRJNA558102,https://www.ncbi.nlm.nih.gov/geo/query/acc.cgi?acc=GSM3998171,https://www.ncbi.nlm.nih.gov/geo/query/acc.cgi?acc=GSE135251,https://ftp.ncbi.nlm.nih.gov/geo/series/GSE135nnn/GSE135251/suppl/,ftp://ftp.ncbi.nlm.nih.gov/geo/samples/GSM3998nnn/GSM3998171/suppl/GSM3998171_031-Ann-Daly_S6.counts.txt.gz,SRR9882960,ftp.sra.ebi.ac.uk/vol1/fastq/SRR988/000/SRR9882960/SRR9882960_1.fastq.gz;ftp.sra.ebi.ac.uk/vol1/fastq/SRR988/000/SRR9882960/SRR9882960_2.fastq.gz,1671689844;1826302976,41594970,https://www.ncbi.nlm.nih.gov/sra/SRR9882960,33268509; 33762733; 39566466,Aug 01 2019,nas score: 5 || fibrosis stage: 0 || group in paper: NASH_F0-F1 || disease: NAFLD || Stage: early
GSM3998172,GSE135251,case,primary,NAFLD,yes,counts,,,,,5,1,Illumina NextSeq 500,TRANSCRIPTOMIC PROFILING ACROSS THE SPECTRUM OF NON-ALCOHOLIC FATTY LIVER DISEASE,Liver patient 106,human liver tissue,no,Homo sapiens,,,,NAFLD_early_liver biopsy,explicit label: NAFLD,,,,,,no,,,,,,,RNA-Seq,transcriptomic,cDNA,total RNA,,SRX6635482,SRP217231,PRJNA558102,https://www.ncbi.nlm.nih.gov/geo/query/acc.cgi?acc=GSM3998172,https://www.ncbi.nlm.nih.gov/geo/query/acc.cgi?acc=GSE135251,https://ftp.ncbi.nlm.nih.gov/geo/series/GSE135nnn/GSE135251/suppl/,ftp://ftp.ncbi.nlm.nih.gov/geo/samples/GSM3998nnn/GSM3998172/suppl/GSM3998172_032-Ann-Daly_S7.counts.txt.gz,SRR9882961,ftp.sra.ebi.ac.uk/vol1/fastq/SRR988/001/SRR9882961/SRR9882961_1.fastq.gz;ftp.sra.ebi.ac.uk/vol1/fastq/SRR988/001/SRR9882961/SRR9882961_2.fastq.gz,1460576173;1562313531,36740685,https://www.ncbi.nlm.nih.gov/sra/SRR9882961,33268509; 33762733; 39566466,Aug 01 2019,nas score: 5 || fibrosis stage: 1 || group in paper: NASH_F0-F1 || disease: NAFLD || Stage: early
GSM3998173,GSE135251,case,primary,NAFLD,yes,counts,,,,,6,3,Illumina NextSeq 500,TRANSCRIPTOMIC PROFILING ACROSS THE SPECTRUM OF NON-ALCOHOLIC FATTY LIVER DISEASE,Liver patient 108,human liver tissue,no,Homo sapiens,,,,NAFLD_moderate_liver biopsy,explicit label: NAFLD,,,,,,no,,,,,,,RNA-Seq,transcriptomic,cDNA,total RNA,,SRX6635483,SRP217231,PRJNA558102,https://www.ncbi.nlm.nih.gov/geo/query/acc.cgi?acc=GSM3998173,https://www.ncbi.nlm.nih.gov/geo/query/acc.cgi?acc=GSE135251,https://ftp.ncbi.nlm.nih.gov/geo/series/GSE135nnn/GSE135251/suppl/,ftp://ftp.ncbi.nlm.nih.gov/geo/samples/GSM3998nnn/GSM3998173/suppl/GSM3998173_033-Ann-Daly_S8.counts.txt.gz,SRR9882962,ftp.sra.ebi.ac.uk/vol1/fastq/SRR988/002/SRR9882962/SRR9882962_1.fastq.gz;ftp.sra.ebi.ac.uk/vol1/fastq/SRR988/002/SRR9882962/SRR9882962_2.fastq.gz,1492871727;1538284810,36928844,https://www.ncbi.nlm.nih.gov/sra/SRR9882962,33268509; 33762733; 39566466,Aug 01 2019,nas score: 6 || fibrosis stage: 3 || group in paper: NASH_F3 || disease: NAFLD || Stage: moderate
GSM3998174,GSE135251,case,primary,NAFLD,yes,counts,,,,,6,2,Illumina NextSeq 500,TRANSCRIPTOMIC PROFILING ACROSS THE SPECTRUM OF NON-ALCOHOLIC FATTY LIVER DISEASE,Liver patient 110,human liver tissue,no,Homo sapiens,,,,NAFLD_early_liver biopsy,explicit label: NAFLD,,,,,,no,,,,,,,RNA-Seq,transcriptomic,cDNA,total RNA,,SRX6635484,SRP217231,PRJNA558102,https://www.ncbi.nlm.nih.gov/geo/query/acc.cgi?acc=GSM3998174,https://www.ncbi.nlm.nih.gov/geo/query/acc.cgi?acc=GSE135251,https://ftp.ncbi.nlm.nih.gov/geo/series/GSE135nnn/GSE135251/suppl/,ftp://ftp.ncbi.nlm.nih.gov/geo/samples/GSM3998nnn/GSM3998174/suppl/GSM3998174_035-Ann-Daly_S10.counts.txt.gz,SRR9882963,ftp.sra.ebi.ac.uk/vol1/fastq/SRR988/003/SRR9882963/SRR9882963_1.fastq.gz;ftp.sra.ebi.ac.uk/vol1/fastq/SRR988/003/SRR9882963/SRR9882963_2.fastq.gz,1438149760;1505452585,35956686,https://www.ncbi.nlm.nih.gov/sra/SRR9882963,33268509; 33762733; 39566466,Aug 01 2019,nas score: 6 || fibrosis stage: 2 || group in paper: NASH_F2 || disease: NAFLD || Stage: early
GSM3998175,GSE135251,case,primary,NAFLD,yes,counts,,,,,2,0,Illumina NextSeq 500,TRANSCRIPTOMIC PROFILING ACROSS THE SPECTRUM OF NON-ALCOHOLIC FATTY LIVER DISEASE,Liver patient 112,human liver tissue,no,Homo sapiens,,,,NAFLD_early_liver biopsy,explicit label: NAFLD,,,,,,no,,,,,,,RNA-Seq,transcriptomic,cDNA,total RNA,,SRX6635485,SRP217231,PRJNA558102,https://www.ncbi.nlm.nih.gov/geo/query/acc.cgi?acc=GSM3998175,https://www.ncbi.nlm.nih.gov/geo/query/acc.cgi?acc=GSE135251,https://ftp.ncbi.nlm.nih.gov/geo/series/GSE135nnn/GSE135251/suppl/,ftp://ftp.ncbi.nlm.nih.gov/geo/samples/GSM3998nnn/GSM3998175/suppl/GSM3998175_036-Ann-Daly_S11.counts.txt.gz,SRR9882964,ftp.sra.ebi.ac.uk/vol1/fastq/SRR988/004/SRR9882964/SRR9882964_1.fastq.gz;ftp.sra.ebi.ac.uk/vol1/fastq/SRR988/004/SRR9882964/SRR9882964_2.fastq.gz,1094253659;1131319336,27238342,https://www.ncbi.nlm.nih.gov/sra/SRR9882964,33268509; 33762733; 39566466,Aug 01 2019,nas score: 2 || fibrosis stage: 0 || group in paper: NAFL || disease: NAFLD || Stage: early
GSM3998176,GSE135251,case,primary,NAFLD,yes,counts,,,,,5,2,Illumina NextSeq 500,TRANSCRIPTOMIC PROFILING ACROSS THE SPECTRUM OF NON-ALCOHOLIC FATTY LIVER DISEASE,Liver patient 114,human liver tissue,no,Homo sapiens,,,,NAFLD_early_liver biopsy,explicit label: NAFLD,,,,,,no,,,,,,,RNA-Seq,transcriptomic,cDNA,total RNA,,SRX6635486,SRP217231,PRJNA558102,https://www.ncbi.nlm.nih.gov/geo/query/acc.cgi?acc=GSM3998176,https://www.ncbi.nlm.nih.gov/geo/query/acc.cgi?acc=GSE135251,https://ftp.ncbi.nlm.nih.gov/geo/series/GSE135nnn/GSE135251/suppl/,ftp://ftp.ncbi.nlm.nih.gov/geo/samples/GSM3998nnn/GSM3998176/suppl/GSM3998176_037-Ann-Daly_S12.counts.txt.gz,SRR9882965,ftp.sra.ebi.ac.uk/vol1/fastq/SRR988/005/SRR9882965/SRR9882965_1.fastq.gz;ftp.sra.ebi.ac.uk/vol1/fastq/SRR988/005/SRR9882965/SRR9882965_2.fastq.gz,1420156870;1458115606,35067191,https://www.ncbi.nlm.nih.gov/sra/SRR9882965,33268509; 33762733; 39566466,Aug 01 2019,nas score: 5 || fibrosis stage: 2 || group in paper: NASH_F2 || disease: NAFLD || Stage: early
GSM3998177,GSE135251,case,primary,NAFLD,yes,counts,,,,,1,1,Illumina NextSeq 500,TRANSCRIPTOMIC PROFILING ACROSS THE SPECTRUM OF NON-ALCOHOLIC FATTY LIVER DISEASE,Liver patient 115,human liver tissue,no,Homo sapiens,,,,NAFLD_early_liver biopsy,explicit label: NAFLD,,,,,,no,,,,,,,RNA-Seq,transcriptomic,cDNA,total RNA,,SRX6635487,SRP217231,PRJNA558102,https://www.ncbi.nlm.nih.gov/geo/query/acc.cgi?acc=GSM3998177,https://www.ncbi.nlm.nih.gov/geo/query/acc.cgi?acc=GSE135251,https://ftp.ncbi.nlm.nih.gov/geo/series/GSE135nnn/GSE135251/suppl/,ftp://ftp.ncbi.nlm.nih.gov/geo/samples/GSM3998nnn/GSM3998177/suppl/GSM3998177_038-Ann-Daly_S13.counts.txt.gz,SRR9882966,ftp.sra.ebi.ac.uk/vol1/fastq/SRR988/006/SRR9882966/SRR9882966_1.fastq.gz;ftp.sra.ebi.ac.uk/vol1/fastq/SRR988/006/SRR9882966/SRR9882966_2.fastq.gz,1598988688;1665816937,39349003,https://www.ncbi.nlm.nih.gov/sra/SRR9882966,33268509; 33762733; 39566466,Aug 01 2019,nas score: 1 || fibrosis stage: 1 || group in paper: NAFL || disease: NAFLD || Stage: early
GSM3998178,GSE135251,case,primary,NAFLD,yes,counts,,,,,5,2,Illumina NextSeq 500,TRANSCRIPTOMIC PROFILING ACROSS THE SPECTRUM OF NON-ALCOHOLIC FATTY LIVER DISEASE,Liver patient 116,human liver tissue,no,Homo sapiens,,,,NAFLD_early_liver biopsy,explicit label: NAFLD,,,,,,no,,,,,,,RNA-Seq,transcriptomic,cDNA,total RNA,,SRX6635488,SRP217231,PRJNA558102,https://www.ncbi.nlm.nih.gov/geo/query/acc.cgi?acc=GSM3998178,https://www.ncbi.nlm.nih.gov/geo/query/acc.cgi?acc=GSE135251,https://ftp.ncbi.nlm.nih.gov/geo/series/GSE135nnn/GSE135251/suppl/,ftp://ftp.ncbi.nlm.nih.gov/geo/samples/GSM3998nnn/GSM3998178/suppl/GSM3998178_040-Ann-Daly_S14.counts.txt.gz,SRR9882967,ftp.sra.ebi.ac.uk/vol1/fastq/SRR988/007/SRR9882967/SRR9882967_1.fastq.gz;ftp.sra.ebi.ac.uk/vol1/fastq/SRR988/007/SRR9882967/SRR9882967_2.fastq.gz,1463502109;1534233418,36488525,https://www.ncbi.nlm.nih.gov/sra/SRR9882967,33268509; 33762733; 39566466,Aug 01 2019,nas score: 5 || fibrosis stage: 2 || group in paper: NASH_F2 || disease: NAFLD || Stage: early
GSM3998179,GSE135251,case,primary,NAFLD,yes,counts,,,,,8,3,Illumina NextSeq 500,TRANSCRIPTOMIC PROFILING ACROSS THE SPECTRUM OF NON-ALCOHOLIC FATTY LIVER DISEASE,Liver patient 117,human liver tissue,no,Homo sapiens,,,,NAFLD_moderate_liver biopsy,explicit label: NAFLD,,,,,,no,,,,,,,RNA-Seq,transcriptomic,cDNA,total RNA,,SRX6635489,SRP217231,PRJNA558102,https://www.ncbi.nlm.nih.gov/geo/query/acc.cgi?acc=GSM3998179,https://www.ncbi.nlm.nih.gov/geo/query/acc.cgi?acc=GSE135251,https://ftp.ncbi.nlm.nih.gov/geo/series/GSE135nnn/GSE135251/suppl/,ftp://ftp.ncbi.nlm.nih.gov/geo/samples/GSM3998nnn/GSM3998179/suppl/GSM3998179_041-Ann-Daly_S15.counts.txt.gz,SRR9882968,ftp.sra.ebi.ac.uk/vol1/fastq/SRR988/008/SRR9882968/SRR9882968_1.fastq.gz;ftp.sra.ebi.ac.uk/vol1/fastq/SRR988/008/SRR9882968/SRR9882968_2.fastq.gz,1289828964;1341599670,31917522,https://www.ncbi.nlm.nih.gov/sra/SRR9882968,33268509; 33762733; 39566466,Aug 01 2019,nas score: 8 || fibrosis stage: 3 || group in paper: NASH_F3 || disease: NAFLD || Stage: moderate
GSM3998180,GSE135251,case,primary,NAFLD,yes,counts,,,,,5,2,Illumina NextSeq 500,TRANSCRIPTOMIC PROFILING ACROSS THE SPECTRUM OF NON-ALCOHOLIC FATTY LIVER DISEASE,Liver patient 118,human liver tissue,no,Homo sapiens,,,,NAFLD_early_liver biopsy,explicit label: NAFLD,,,,,,no,,,,,,,RNA-Seq,transcriptomic,cDNA,total RNA,,SRX6635490,SRP217231,PRJNA558102,https://www.ncbi.nlm.nih.gov/geo/query/acc.cgi?acc=GSM3998180,https://www.ncbi.nlm.nih.gov/geo/query/acc.cgi?acc=GSE135251,https://ftp.ncbi.nlm.nih.gov/geo/series/GSE135nnn/GSE135251/suppl/,ftp://ftp.ncbi.nlm.nih.gov/geo/samples/GSM3998nnn/GSM3998180/suppl/GSM3998180_042-Ann-Daly_S16.counts.txt.gz,SRR9882969,ftp.sra.ebi.ac.uk/vol1/fastq/SRR988/009/SRR9882969/SRR9882969_1.fastq.gz;ftp.sra.ebi.ac.uk/vol1/fastq/SRR988/009/SRR9882969/SRR9882969_2.fastq.gz,1378376606;1422880788,34101714,https://www.ncbi.nlm.nih.gov/sra/SRR9882969,33268509; 33762733; 39566466,Aug 01 2019,nas score: 5 || fibrosis stage: 2 || group in paper: NASH_F2 || disease: NAFLD || Stage: early
GSM3998181,GSE135251,case,primary,NAFLD,yes,counts,,,,,4,1,Illumina NextSeq 500,TRANSCRIPTOMIC PROFILING ACROSS THE SPECTRUM OF NON-ALCOHOLIC FATTY LIVER DISEASE,Liver patient 119,human liver tissue,no,Homo sapiens,,,,NAFLD_early_liver biopsy,explicit label: NAFLD,,,,,,no,,,,,,,RNA-Seq,transcriptomic,cDNA,total RNA,,SRX6635491,SRP217231,PRJNA558102,https://www.ncbi.nlm.nih.gov/geo/query/acc.cgi?acc=GSM3998181,https://www.ncbi.nlm.nih.gov/geo/query/acc.cgi?acc=GSE135251,https://ftp.ncbi.nlm.nih.gov/geo/series/GSE135nnn/GSE135251/suppl/,ftp://ftp.ncbi.nlm.nih.gov/geo/samples/GSM3998nnn/GSM3998181/suppl/GSM3998181_043-Ann-Daly_S1.counts.txt.gz,SRR9882970,ftp.sra.ebi.ac.uk/vol1/fastq/SRR988/000/SRR9882970/SRR9882970_1.fastq.gz;ftp.sra.ebi.ac.uk/vol1/fastq/SRR988/000/SRR9882970/SRR9882970_2.fastq.gz,1324747449;1373689188,33150037,https://www.ncbi.nlm.nih.gov/sra/SRR9882970,33268509; 33762733; 39566466,Aug 01 2019,nas score: 4 || fibrosis stage: 1 || group in paper: NASH_F0-F1 || disease: NAFLD || Stage: early
GSM3998182,GSE135251,case,primary,NAFLD,yes,counts,,,,,3,2,Illumina NextSeq 500,TRANSCRIPTOMIC PROFILING ACROSS THE SPECTRUM OF NON-ALCOHOLIC FATTY LIVER DISEASE,Liver patient 120,human liver tissue,no,Homo sapiens,,,,NAFLD_early_liver biopsy,explicit label: NAFLD,,,,,,no,,,,,,,RNA-Seq,transcriptomic,cDNA,total RNA,,SRX6635492,SRP217231,PRJNA558102,https://www.ncbi.nlm.nih.gov/geo/query/acc.cgi?acc=GSM3998182,https://www.ncbi.nlm.nih.gov/geo/query/acc.cgi?acc=GSE135251,https://ftp.ncbi.nlm.nih.gov/geo/series/GSE135nnn/GSE135251/suppl/,ftp://ftp.ncbi.nlm.nih.gov/geo/samples/GSM3998nnn/GSM3998182/suppl/GSM3998182_044-Ann-Daly_S2.counts.txt.gz,SRR9882971,ftp.sra.ebi.ac.uk/vol1/fastq/SRR988/001/SRR9882971/SRR9882971_1.fastq.gz;ftp.sra.ebi.ac.uk/vol1/fastq/SRR988/001/SRR9882971/SRR9882971_2.fastq.gz,1505299023;1573944669,37552632,https://www.ncbi.nlm.nih.gov/sra/SRR9882971,33268509; 33762733; 39566466,Aug 01 2019,nas score: 3 || fibrosis stage: 2 || group in paper: NASH_F2 || disease: NAFLD || Stage: early
GSM3998183,GSE135251,case,primary,NAFLD,yes,counts,,,,,6,1,Illumina NextSeq 500,TRANSCRIPTOMIC PROFILING ACROSS THE SPECTRUM OF NON-ALCOHOLIC FATTY LIVER DISEASE,Liver patient 6,human liver tissue,no,Homo sapiens,,,,NAFLD_early_liver biopsy,explicit label: NAFLD,,,,,,no,,,,,,,RNA-Seq,transcriptomic,cDNA,total RNA,,SRX6635493,SRP217231,PRJNA558102,https://www.ncbi.nlm.nih.gov/geo/query/acc.cgi?acc=GSM3998183,https://www.ncbi.nlm.nih.gov/geo/query/acc.cgi?acc=GSE135251,https://ftp.ncbi.nlm.nih.gov/geo/series/GSE135nnn/GSE135251/suppl/,ftp://ftp.ncbi.nlm.nih.gov/geo/samples/GSM3998nnn/GSM3998183/suppl/GSM3998183_046-Ann-Daly_S3.counts.txt.gz,SRR9882972,ftp.sra.ebi.ac.uk/vol1/fastq/SRR988/002/SRR9882972/SRR9882972_1.fastq.gz;ftp.sra.ebi.ac.uk/vol1/fastq/SRR988/002/SRR9882972/SRR9882972_2.fastq.gz,1278996483;1327947051,31615768,https://www.ncbi.nlm.nih.gov/sra/SRR9882972,33268509; 33762733; 39566466,Aug 01 2019,nas score: 6 || fibrosis stage: 1 || group in paper: NASH_F0-F1 || disease: NAFLD || Stage: early
GSM3998184,GSE135251,case,primary,NAFLD,yes,counts,,,,,5,2,Illumina NextSeq 500,TRANSCRIPTOMIC PROFILING ACROSS THE SPECTRUM OF NON-ALCOHOLIC FATTY LIVER DISEASE,Liver patient 7,human liver tissue,no,Homo sapiens,,,,NAFLD_early_liver biopsy,explicit label: NAFLD,,,,,,no,,,,,,,RNA-Seq,transcriptomic,cDNA,total RNA,,SRX6635494,SRP217231,PRJNA558102,https://www.ncbi.nlm.nih.gov/geo/query/acc.cgi?acc=GSM3998184,https://www.ncbi.nlm.nih.gov/geo/query/acc.cgi?acc=GSE135251,https://ftp.ncbi.nlm.nih.gov/geo/series/GSE135nnn/GSE135251/suppl/,ftp://ftp.ncbi.nlm.nih.gov/geo/samples/GSM3998nnn/GSM3998184/suppl/GSM3998184_047-Ann-Daly_S4.counts.txt.gz,SRR9882973,ftp.sra.ebi.ac.uk/vol1/fastq/SRR988/003/SRR9882973/SRR9882973_1.fastq.gz;ftp.sra.ebi.ac.uk/vol1/fastq/SRR988/003/SRR9882973/SRR9882973_2.fastq.gz,1547309302;1603046629,38511674,https://www.ncbi.nlm.nih.gov/sra/SRR9882973,33268509; 33762733; 39566466,Aug 01 2019,nas score: 5 || fibrosis stage: 2 || group in paper: NASH_F2 || disease: NAFLD || Stage: early
GSM3998185,GSE135251,case,primary,NAFLD,yes,counts,,,,,6,3,Illumina NextSeq 500,TRANSCRIPTOMIC PROFILING ACROSS THE SPECTRUM OF NON-ALCOHOLIC FATTY LIVER DISEASE,Liver patient 8,human liver tissue,no,Homo sapiens,,,,NAFLD_moderate_liver biopsy,explicit label: NAFLD,,,,,,no,,,,,,,RNA-Seq,transcriptomic,cDNA,total RNA,,SRX6635495,SRP217231,PRJNA558102,https://www.ncbi.nlm.nih.gov/geo/query/acc.cgi?acc=GSM3998185,https://www.ncbi.nlm.nih.gov/geo/query/acc.cgi?acc=GSE135251,https://ftp.ncbi.nlm.nih.gov/geo/series/GSE135nnn/GSE135251/suppl/,ftp://ftp.ncbi.nlm.nih.gov/geo/samples/GSM3998nnn/GSM3998185/suppl/GSM3998185_048-Ann-Daly_S5.counts.txt.gz,SRR9882974,ftp.sra.ebi.ac.uk/vol1/fastq/SRR988/004/SRR9882974/SRR9882974_1.fastq.gz;ftp.sra.ebi.ac.uk/vol1/fastq/SRR988/004/SRR9882974/SRR9882974_2.fastq.gz,1613219035;1723495398,39903498,https://www.ncbi.nlm.nih.gov/sra/SRR9882974,33268509; 33762733; 39566466,Aug 01 2019,nas score: 6 || fibrosis stage: 3 || group in paper: NASH_F3 || disease: NAFLD || Stage: moderate
GSM3998186,GSE135251,case,primary,NAFLD,yes,counts,,,,,3,2,Illumina NextSeq 500,TRANSCRIPTOMIC PROFILING ACROSS THE SPECTRUM OF NON-ALCOHOLIC FATTY LIVER DISEASE,Liver patient 9,human liver tissue,no,Homo sapiens,,,,NAFLD_early_liver biopsy,explicit label: NAFLD,,,,,,no,,,,,,,RNA-Seq,transcriptomic,cDNA,total RNA,,SRX6635496,SRP217231,PRJNA558102,https://www.ncbi.nlm.nih.gov/geo/query/acc.cgi?acc=GSM3998186,https://www.ncbi.nlm.nih.gov/geo/query/acc.cgi?acc=GSE135251,https://ftp.ncbi.nlm.nih.gov/geo/series/GSE135nnn/GSE135251/suppl/,ftp://ftp.ncbi.nlm.nih.gov/geo/samples/GSM3998nnn/GSM3998186/suppl/GSM3998186_049-Ann-Daly_S6.counts.txt.gz,SRR9882975,ftp.sra.ebi.ac.uk/vol1/fastq/SRR988/005/SRR9882975/SRR9882975_1.fastq.gz;ftp.sra.ebi.ac.uk/vol1/fastq/SRR988/005/SRR9882975/SRR9882975_2.fastq.gz,1534497660;1623754388,36928880,https://www.ncbi.nlm.nih.gov/sra/SRR9882975,33268509; 33762733; 39566466,Aug 01 2019,nas score: 3 || fibrosis stage: 2 || group in paper: NASH_F2 || disease: NAFLD || Stage: early
GSM3998187,GSE135251,case,primary,NAFLD,yes,counts,,,,,8,2,Illumina NextSeq 500,TRANSCRIPTOMIC PROFILING ACROSS THE SPECTRUM OF NON-ALCOHOLIC FATTY LIVER DISEASE,Liver patient 12,human liver tissue,no,Homo sapiens,,,,NAFLD_early_liver biopsy,explicit label: NAFLD,,,,,,no,,,,,,,RNA-Seq,transcriptomic,cDNA,total RNA,,SRX6635497,SRP217231,PRJNA558102,https://www.ncbi.nlm.nih.gov/geo/query/acc.cgi?acc=GSM3998187,https://www.ncbi.nlm.nih.gov/geo/query/acc.cgi?acc=GSE135251,https://ftp.ncbi.nlm.nih.gov/geo/series/GSE135nnn/GSE135251/suppl/,ftp://ftp.ncbi.nlm.nih.gov/geo/samples/GSM3998nnn/GSM3998187/suppl/GSM3998187_051-Ann-Daly_S7.counts.txt.gz,SRR9882976,ftp.sra.ebi.ac.uk/vol1/fastq/SRR988/006/SRR9882976/SRR9882976_1.fastq.gz;ftp.sra.ebi.ac.uk/vol1/fastq/SRR988/006/SRR9882976/SRR9882976_2.fastq.gz,1360650437;1413752015,33015219,https://www.ncbi.nlm.nih.gov/sra/SRR9882976,33268509; 33762733; 39566466,Aug 01 2019,nas score: 8 || fibrosis stage: 2 || group in paper: NASH_F2 || disease: NAFLD || Stage: early
GSM3998188,GSE135251,case,primary,NAFLD,yes,counts,,,,,7,3,Illumina NextSeq 500,TRANSCRIPTOMIC PROFILING ACROSS THE SPECTRUM OF NON-ALCOHOLIC FATTY LIVER DISEASE,Liver patient 14,human liver tissue,no,Homo sapiens,,,,NAFLD_moderate_liver biopsy,explicit label: NAFLD,,,,,,no,,,,,,,RNA-Seq,transcriptomic,cDNA,total RNA,,SRX6635498,SRP217231,PRJNA558102,https://www.ncbi.nlm.nih.gov/geo/query/acc.cgi?acc=GSM3998188,https://www.ncbi.nlm.nih.gov/geo/query/acc.cgi?acc=GSE135251,https://ftp.ncbi.nlm.nih.gov/geo/series/GSE135nnn/GSE135251/suppl/,ftp://ftp.ncbi.nlm.nih.gov/geo/samples/GSM3998nnn/GSM3998188/suppl/GSM3998188_053-Ann-Daly_S9.counts.txt.gz,SRR9882977,ftp.sra.ebi.ac.uk/vol1/fastq/SRR988/007/SRR9882977/SRR9882977_1.fastq.gz;ftp.sra.ebi.ac.uk/vol1/fastq/SRR988/007/SRR9882977/SRR9882977_2.fastq.gz,1588529608;1648148871,39314424,https://www.ncbi.nlm.nih.gov/sra/SRR9882977,33268509; 33762733; 39566466,Aug 01 2019,nas score: 7 || fibrosis stage: 3 || group in paper: NASH_F3 || disease: NAFLD || Stage: moderate
GSM3998189,GSE135251,case,primary,NAFLD,yes,counts,,,,,5,0,Illumina NextSeq 500,TRANSCRIPTOMIC PROFILING ACROSS THE SPECTRUM OF NON-ALCOHOLIC FATTY LIVER DISEASE,Liver patient 15,human liver tissue,no,Homo sapiens,,,,NAFLD_early_liver biopsy,explicit label: NAFLD,,,,,,no,,,,,,,RNA-Seq,transcriptomic,cDNA,total RNA,,SRX6635499,SRP217231,PRJNA558102,https://www.ncbi.nlm.nih.gov/geo/query/acc.cgi?acc=GSM3998189,https://www.ncbi.nlm.nih.gov/geo/query/acc.cgi?acc=GSE135251,https://ftp.ncbi.nlm.nih.gov/geo/series/GSE135nnn/GSE135251/suppl/,ftp://ftp.ncbi.nlm.nih.gov/geo/samples/GSM3998nnn/GSM3998189/suppl/GSM3998189_054-Ann-Daly_S10.counts.txt.gz,SRR9882978,ftp.sra.ebi.ac.uk/vol1/fastq/SRR988/008/SRR9882978/SRR9882978_1.fastq.gz;ftp.sra.ebi.ac.uk/vol1/fastq/SRR988/008/SRR9882978/SRR9882978_2.fastq.gz,1488924928;1559564016,36984010,https://www.ncbi.nlm.nih.gov/sra/SRR9882978,33268509; 33762733; 39566466,Aug 01 2019,nas score: 5 || fibrosis stage: 0 || group in paper: NAFL || disease: NAFLD || Stage: early
GSM3998190,GSE135251,case,primary,NAFLD,yes,counts,,,,,6,3,Illumina NextSeq 500,TRANSCRIPTOMIC PROFILING ACROSS THE SPECTRUM OF NON-ALCOHOLIC FATTY LIVER DISEASE,Liver patient 10,human liver tissue,no,Homo sapiens,,,,NAFLD_moderate_liver biopsy,explicit label: NAFLD,,,,,,no,,,,,,,RNA-Seq,transcriptomic,cDNA,total RNA,,SRX6635500,SRP217231,PRJNA558102,https://www.ncbi.nlm.nih.gov/geo/query/acc.cgi?acc=GSM3998190,https://www.ncbi.nlm.nih.gov/geo/query/acc.cgi?acc=GSE135251,https://ftp.ncbi.nlm.nih.gov/geo/series/GSE135nnn/GSE135251/suppl/,ftp://ftp.ncbi.nlm.nih.gov/geo/samples/GSM3998nnn/GSM3998190/suppl/GSM3998190_055-Ann-Daly_S11.counts.txt.gz,SRR9882979,ftp.sra.ebi.ac.uk/vol1/fastq/SRR988/009/SRR9882979/SRR9882979_1.fastq.gz;ftp.sra.ebi.ac.uk/vol1/fastq/SRR988/009/SRR9882979/SRR9882979_2.fastq.gz,1266719089;1316788650,31290560,https://www.ncbi.nlm.nih.gov/sra/SRR9882979,33268509; 33762733; 39566466,Aug 01 2019,nas score: 6 || fibrosis stage: 3 || group in paper: NASH_F3 || disease: NAFLD || Stage: moderate
GSM3998191,GSE135251,case,primary,NAFLD,yes,counts,,,,,6,4,Illumina NextSeq 500,TRANSCRIPTOMIC PROFILING ACROSS THE SPECTRUM OF NON-ALCOHOLIC FATTY LIVER DISEASE,Liver patient 78,human liver tissue,no,Homo sapiens,,,,NAFLD_moderate_liver biopsy,explicit label: NAFLD,,,,,,no,,,,,,,RNA-Seq,transcriptomic,cDNA,total RNA,,SRX6635501,SRP217231,PRJNA558102,https://www.ncbi.nlm.nih.gov/geo/query/acc.cgi?acc=GSM3998191,https://www.ncbi.nlm.nih.gov/geo/query/acc.cgi?acc=GSE135251,https://ftp.ncbi.nlm.nih.gov/geo/series/GSE135nnn/GSE135251/suppl/,ftp://ftp.ncbi.nlm.nih.gov/geo/samples/GSM3998nnn/GSM3998191/suppl/GSM3998191_059-Ann-Daly_S12.counts.txt.gz,SRR9882980,ftp.sra.ebi.ac.uk/vol1/fastq/SRR988/000/SRR9882980/SRR9882980_1.fastq.gz;ftp.sra.ebi.ac.uk/vol1/fastq/SRR988/000/SRR9882980/SRR9882980_2.fastq.gz,1497124358;1553038209,36958813,https://www.ncbi.nlm.nih.gov/sra/SRR9882980,33268509; 33762733; 39566466,Aug 01 2019,nas score: 6 || fibrosis stage: 4 || group in paper: NASH_F4 || disease: NAFLD || Stage: moderate
GSM3998192,GSE135251,case,primary,NAFLD,yes,counts,,,,,2,1,Illumina NextSeq 500,TRANSCRIPTOMIC PROFILING ACROSS THE SPECTRUM OF NON-ALCOHOLIC FATTY LIVER DISEASE,Liver patient 83,human liver tissue,no,Homo sapiens,,,,NAFLD_early_liver biopsy,explicit label: NAFLD,,,,,,no,,,,,,,RNA-Seq,transcriptomic,cDNA,total RNA,,SRX6635502,SRP217231,PRJNA558102,https://www.ncbi.nlm.nih.gov/geo/query/acc.cgi?acc=GSM3998192,https://www.ncbi.nlm.nih.gov/geo/query/acc.cgi?acc=GSE135251,https://ftp.ncbi.nlm.nih.gov/geo/series/GSE135nnn/GSE135251/suppl/,ftp://ftp.ncbi.nlm.nih.gov/geo/samples/GSM3998nnn/GSM3998192/suppl/GSM3998192_060-Ann-Daly_S13.counts.txt.gz,SRR9882981,ftp.sra.ebi.ac.uk/vol1/fastq/SRR988/001/SRR9882981/SRR9882981_1.fastq.gz;ftp.sra.ebi.ac.uk/vol1/fastq/SRR988/001/SRR9882981/SRR9882981_2.fastq.gz,1296813988;1355270313,31609987,https://www.ncbi.nlm.nih.gov/sra/SRR9882981,33268509; 33762733; 39566466,Aug 01 2019,nas score: 2 || fibrosis stage: 1 || group in paper: NAFL || disease: NAFLD || Stage: early
GSM3998193,GSE135251,case,primary,NAFLD,yes,counts,,,,,5,3,Illumina NextSeq 500,TRANSCRIPTOMIC PROFILING ACROSS THE SPECTRUM OF NON-ALCOHOLIC FATTY LIVER DISEASE,Liver patient 71,human liver tissue,no,Homo sapiens,,,,NAFLD_moderate_liver biopsy,explicit label: NAFLD,,,,,,no,,,,,,,RNA-Seq,transcriptomic,cDNA,total RNA,,SRX6635503,SRP217231,PRJNA558102,https://www.ncbi.nlm.nih.gov/geo/query/acc.cgi?acc=GSM3998193,https://www.ncbi.nlm.nih.gov/geo/query/acc.cgi?acc=GSE135251,https://ftp.ncbi.nlm.nih.gov/geo/series/GSE135nnn/GSE135251/suppl/,ftp://ftp.ncbi.nlm.nih.gov/geo/samples/GSM3998nnn/GSM3998193/suppl/GSM3998193_061-Ann-Daly_S14.counts.txt.gz,SRR9882982,ftp.sra.ebi.ac.uk/vol1/fastq/SRR988/002/SRR9882982/SRR9882982_1.fastq.gz;ftp.sra.ebi.ac.uk/vol1/fastq/SRR988/002/SRR9882982/SRR9882982_2.fastq.gz,1191707325;1253809587,29480870,https://www.ncbi.nlm.nih.gov/sra/SRR9882982,33268509; 33762733; 39566466,Aug 01 2019,nas score: 5 || fibrosis stage: 3 || group in paper: NASH_F3 || disease: NAFLD || Stage: moderate
GSM3998194,GSE135251,case,primary,NAFLD,yes,counts,,,,,3,1,Illumina NextSeq 500,TRANSCRIPTOMIC PROFILING ACROSS THE SPECTRUM OF NON-ALCOHOLIC FATTY LIVER DISEASE,Liver patient 84,human liver tissue,no,Homo sapiens,,,,NAFLD_early_liver biopsy,explicit label: NAFLD,,,,,,no,,,,,,,RNA-Seq,transcriptomic,cDNA,total RNA,,SRX6635504,SRP217231,PRJNA558102,https://www.ncbi.nlm.nih.gov/geo/query/acc.cgi?acc=GSM3998194,https://www.ncbi.nlm.nih.gov/geo/query/acc.cgi?acc=GSE135251,https://ftp.ncbi.nlm.nih.gov/geo/series/GSE135nnn/GSE135251/suppl/,ftp://ftp.ncbi.nlm.nih.gov/geo/samples/GSM3998nnn/GSM3998194/suppl/GSM3998194_062-Ann-Daly_S15.counts.txt.gz,SRR9882983,ftp.sra.ebi.ac.uk/vol1/fastq/SRR988/003/SRR9882983/SRR9882983_1.fastq.gz;ftp.sra.ebi.ac.uk/vol1/fastq/SRR988/003/SRR9882983/SRR9882983_2.fastq.gz,1238618474;1293529618,29957951,https://www.ncbi.nlm.nih.gov/sra/SRR9882983,33268509; 33762733; 39566466,Aug 01 2019,nas score: 3 || fibrosis stage: 1 || group in paper: NAFL || disease: NAFLD || Stage: early
GSM3998195,GSE135251,case,primary,NAFLD,yes,counts,,,,,5,3,Illumina NextSeq 500,TRANSCRIPTOMIC PROFILING ACROSS THE SPECTRUM OF NON-ALCOHOLIC FATTY LIVER DISEASE,Liver patient 2,human liver tissue,no,Homo sapiens,,,,NAFLD_moderate_liver biopsy,explicit label: NAFLD,,,,,,no,,,,,,,RNA-Seq,transcriptomic,cDNA,total RNA,,SRX6635505,SRP217231,PRJNA558102,https://www.ncbi.nlm.nih.gov/geo/query/acc.cgi?acc=GSM3998195,https://www.ncbi.nlm.nih.gov/geo/query/acc.cgi?acc=GSE135251,https://ftp.ncbi.nlm.nih.gov/geo/series/GSE135nnn/GSE135251/suppl/,ftp://ftp.ncbi.nlm.nih.gov/geo/samples/GSM3998nnn/GSM3998195/suppl/GSM3998195_075-Ann-Daly_S16.counts.txt.gz,SRR9882984,ftp.sra.ebi.ac.uk/vol1/fastq/SRR988/004/SRR9882984/SRR9882984_1.fastq.gz;ftp.sra.ebi.ac.uk/vol1/fastq/SRR988/004/SRR9882984/SRR9882984_2.fastq.gz,1410752327;1473792955,34984495,https://www.ncbi.nlm.nih.gov/sra/SRR9882984,33268509; 33762733; 39566466,Aug 01 2019,nas score: 5 || fibrosis stage: 3 || group in paper: NASH_F3 || disease: NAFLD || Stage: moderate
GSM3998196,GSE135251,case,primary,NAFLD,yes,counts,,,,,4,1,Illumina NextSeq 500,TRANSCRIPTOMIC PROFILING ACROSS THE SPECTRUM OF NON-ALCOHOLIC FATTY LIVER DISEASE,Liver patient 3,human liver tissue,no,Homo sapiens,,,,NAFLD_early_liver biopsy,explicit label: NAFLD,,,,,,no,,,,,,,RNA-Seq,transcriptomic,cDNA,total RNA,,SRX6635506,SRP217231,PRJNA558102,https://www.ncbi.nlm.nih.gov/geo/query/acc.cgi?acc=GSM3998196,https://www.ncbi.nlm.nih.gov/geo/query/acc.cgi?acc=GSE135251,https://ftp.ncbi.nlm.nih.gov/geo/series/GSE135nnn/GSE135251/suppl/,ftp://ftp.ncbi.nlm.nih.gov/geo/samples/GSM3998nnn/GSM3998196/suppl/GSM3998196_076-Ann-Daly_S3.counts.txt.gz,SRR9882985,ftp.sra.ebi.ac.uk/vol1/fastq/SRR988/005/SRR9882985/SRR9882985_1.fastq.gz;ftp.sra.ebi.ac.uk/vol1/fastq/SRR988/005/SRR9882985/SRR9882985_2.fastq.gz,1192559119;1236457866,29549489,https://www.ncbi.nlm.nih.gov/sra/SRR9882985,33268509; 33762733; 39566466,Aug 01 2019,nas score: 4 || fibrosis stage: 1 || group in paper: NAFL || disease: NAFLD || Stage: early
GSM3998197,GSE135251,case,primary,NAFLD,yes,counts,,,,,2,1,Illumina NextSeq 500,TRANSCRIPTOMIC PROFILING ACROSS THE SPECTRUM OF NON-ALCOHOLIC FATTY LIVER DISEASE,Liver patient 203,human liver tissue,no,Homo sapiens,,,,NAFLD_early_liver biopsy,explicit label: NAFLD,,,,,,no,,,,,,,RNA-Seq,transcriptomic,cDNA,total RNA,,SRX6635507,SRP217231,PRJNA558102,https://www.ncbi.nlm.nih.gov/geo/query/acc.cgi?acc=GSM3998197,https://www.ncbi.nlm.nih.gov/geo/query/acc.cgi?acc=GSE135251,https://ftp.ncbi.nlm.nih.gov/geo/series/GSE135nnn/GSE135251/suppl/,ftp://ftp.ncbi.nlm.nih.gov/geo/samples/GSM3998nnn/GSM3998197/suppl/GSM3998197_1_20.counts.txt.gz,SRR9882986,ftp.sra.ebi.ac.uk/vol1/fastq/SRR988/006/SRR9882986/SRR9882986_1.fastq.gz;ftp.sra.ebi.ac.uk/vol1/fastq/SRR988/006/SRR9882986/SRR9882986_2.fastq.gz,1443312204;1460913867,34150272,https://www.ncbi.nlm.nih.gov/sra/SRR9882986,33268509; 33762733; 39566466,Aug 01 2019,nas score: 2 || fibrosis stage: 1 || group in paper: NAFL || disease: NAFLD || Stage: early
GSM3998198,GSE135251,case,primary,NAFLD,yes,counts,,,,,2,1,Illumina NextSeq 500,TRANSCRIPTOMIC PROFILING ACROSS THE SPECTRUM OF NON-ALCOHOLIC FATTY LIVER DISEASE,Liver patient 205,human liver tissue,no,Homo sapiens,,,,NAFLD_early_liver biopsy,explicit label: NAFLD,,,,,,no,,,,,,,RNA-Seq,transcriptomic,cDNA,total RNA,,SRX6635508,SRP217231,PRJNA558102,https://www.ncbi.nlm.nih.gov/geo/query/acc.cgi?acc=GSM3998198,https://www.ncbi.nlm.nih.gov/geo/query/acc.cgi?acc=GSE135251,https://ftp.ncbi.nlm.nih.gov/geo/series/GSE135nnn/GSE135251/suppl/,ftp://ftp.ncbi.nlm.nih.gov/geo/samples/GSM3998nnn/GSM3998198/suppl/GSM3998198_10_352.counts.txt.gz,SRR9882987,ftp.sra.ebi.ac.uk/vol1/fastq/SRR988/007/SRR9882987/SRR9882987_1.fastq.gz;ftp.sra.ebi.ac.uk/vol1/fastq/SRR988/007/SRR9882987/SRR9882987_2.fastq.gz,1576405310;1617557434,37439936,https://www.ncbi.nlm.nih.gov/sra/SRR9882987,33268509; 33762733; 39566466,Aug 01 2019,nas score: 2 || fibrosis stage: 1 || group in paper: NAFL || disease: NAFLD || Stage: early
GSM3998199,GSE135251,case,primary,NAFLD,yes,counts,,,,,5,2,Illumina NextSeq 500,TRANSCRIPTOMIC PROFILING ACROSS THE SPECTRUM OF NON-ALCOHOLIC FATTY LIVER DISEASE,Liver patient 166,human liver tissue,no,Homo sapiens,,,,NAFLD_early_liver biopsy,explicit label: NAFLD,,,,,,no,,,,,,,RNA-Seq,transcriptomic,cDNA,total RNA,,SRX6635509,SRP217231,PRJNA558102,https://www.ncbi.nlm.nih.gov/geo/query/acc.cgi?acc=GSM3998199,https://www.ncbi.nlm.nih.gov/geo/query/acc.cgi?acc=GSE135251,https://ftp.ncbi.nlm.nih.gov/geo/series/GSE135nnn/GSE135251/suppl/,ftp://ftp.ncbi.nlm.nih.gov/geo/samples/GSM3998nnn/GSM3998199/suppl/GSM3998199_101-Ann-Daly_S1.counts.txt.gz,SRR9882988,ftp.sra.ebi.ac.uk/vol1/fastq/SRR988/008/SRR9882988/SRR9882988_1.fastq.gz;ftp.sra.ebi.ac.uk/vol1/fastq/SRR988/008/SRR9882988/SRR9882988_2.fastq.gz,1452076833;1502391052,35898480,https://www.ncbi.nlm.nih.gov/sra/SRR9882988,33268509; 33762733; 39566466,Aug 01 2019,nas score: 5 || fibrosis stage: 2 || group in paper: NASH_F2 || disease: NAFLD || Stage: early
GSM3998200,GSE135251,case,primary,NAFLD,yes,counts,,,,,4,3,Illumina NextSeq 500,TRANSCRIPTOMIC PROFILING ACROSS THE SPECTRUM OF NON-ALCOHOLIC FATTY LIVER DISEASE,Liver patient 167,human liver tissue,no,Homo sapiens,,,,NAFLD_moderate_liver biopsy,explicit label: NAFLD,,,,,,no,,,,,,,RNA-Seq,transcriptomic,cDNA,total RNA,,SRX6635510,SRP217231,PRJNA558102,https://www.ncbi.nlm.nih.gov/geo/query/acc.cgi?acc=GSM3998200,https://www.ncbi.nlm.nih.gov/geo/query/acc.cgi?acc=GSE135251,https://ftp.ncbi.nlm.nih.gov/geo/series/GSE135nnn/GSE135251/suppl/,ftp://ftp.ncbi.nlm.nih.gov/geo/samples/GSM3998nnn/GSM3998200/suppl/GSM3998200_102-Ann-Daly_S2.counts.txt.gz,SRR9882989,ftp.sra.ebi.ac.uk/vol1/fastq/SRR988/009/SRR9882989/SRR9882989_1.fastq.gz;ftp.sra.ebi.ac.uk/vol1/fastq/SRR988/009/SRR9882989/SRR9882989_2.fastq.gz,1614499898;1681166251,40402431,https://www.ncbi.nlm.nih.gov/sra/SRR9882989,33268509; 33762733; 39566466,Aug 01 2019,nas score: 4 || fibrosis stage: 3 || group in paper: NASH_F3 || disease: NAFLD || Stage: moderate
GSM3998201,GSE135251,case,primary,NAFLD,yes,counts,,,,,8,4,Illumina NextSeq 500,TRANSCRIPTOMIC PROFILING ACROSS THE SPECTRUM OF NON-ALCOHOLIC FATTY LIVER DISEASE,Liver patient 168,human liver tissue,no,Homo sapiens,,,,NAFLD_moderate_liver biopsy,explicit label: NAFLD,,,,,,no,,,,,,,RNA-Seq,transcriptomic,cDNA,total RNA,,SRX6635511,SRP217231,PRJNA558102,https://www.ncbi.nlm.nih.gov/geo/query/acc.cgi?acc=GSM3998201,https://www.ncbi.nlm.nih.gov/geo/query/acc.cgi?acc=GSE135251,https://ftp.ncbi.nlm.nih.gov/geo/series/GSE135nnn/GSE135251/suppl/,ftp://ftp.ncbi.nlm.nih.gov/geo/samples/GSM3998nnn/GSM3998201/suppl/GSM3998201_103-Ann-Daly_S3.counts.txt.gz,SRR9882990,ftp.sra.ebi.ac.uk/vol1/fastq/SRR988/000/SRR9882990/SRR9882990_1.fastq.gz;ftp.sra.ebi.ac.uk/vol1/fastq/SRR988/000/SRR9882990/SRR9882990_2.fastq.gz,1386430789;1442590041,34086574,https://www.ncbi.nlm.nih.gov/sra/SRR9882990,33268509; 33762733; 39566466,Aug 01 2019,nas score: 8 || fibrosis stage: 4 || group in paper: NASH_F4 || disease: NAFLD || Stage: moderate
GSM3998202,GSE135251,case,primary,NAFLD,yes,counts,,,,,5,0,Illumina NextSeq 500,TRANSCRIPTOMIC PROFILING ACROSS THE SPECTRUM OF NON-ALCOHOLIC FATTY LIVER DISEASE,Liver patient 169,human liver tissue,no,Homo sapiens,,,,NAFLD_early_liver biopsy,explicit label: NAFLD,,,,,,no,,,,,,,RNA-Seq,transcriptomic,cDNA,total RNA,,SRX6635512,SRP217231,PRJNA558102,https://www.ncbi.nlm.nih.gov/geo/query/acc.cgi?acc=GSM3998202,https://www.ncbi.nlm.nih.gov/geo/query/acc.cgi?acc=GSE135251,https://ftp.ncbi.nlm.nih.gov/geo/series/GSE135nnn/GSE135251/suppl/,ftp://ftp.ncbi.nlm.nih.gov/geo/samples/GSM3998nnn/GSM3998202/suppl/GSM3998202_104-Ann-Daly_S4.counts.txt.gz,SRR9882991,ftp.sra.ebi.ac.uk/vol1/fastq/SRR988/001/SRR9882991/SRR9882991_1.fastq.gz;ftp.sra.ebi.ac.uk/vol1/fastq/SRR988/001/SRR9882991/SRR9882991_2.fastq.gz,1420348105;1464836785,35290182,https://www.ncbi.nlm.nih.gov/sra/SRR9882991,33268509; 33762733; 39566466,Aug 01 2019,nas score: 5 || fibrosis stage: 0 || group in paper: NAFL || disease: NAFLD || Stage: early
GSM3998203,GSE135251,case,primary,NAFLD,yes,counts,,,,,4,3,Illumina NextSeq 500,TRANSCRIPTOMIC PROFILING ACROSS THE SPECTRUM OF NON-ALCOHOLIC FATTY LIVER DISEASE,Liver patient 170,human liver tissue,no,Homo sapiens,,,,NAFLD_moderate_liver biopsy,explicit label: NAFLD,,,,,,no,,,,,,,RNA-Seq,transcriptomic,cDNA,total RNA,,SRX6635513,SRP217231,PRJNA558102,https://www.ncbi.nlm.nih.gov/geo/query/acc.cgi?acc=GSM3998203,https://www.ncbi.nlm.nih.gov/geo/query/acc.cgi?acc=GSE135251,https://ftp.ncbi.nlm.nih.gov/geo/series/GSE135nnn/GSE135251/suppl/,ftp://ftp.ncbi.nlm.nih.gov/geo/samples/GSM3998nnn/GSM3998203/suppl/GSM3998203_105-Ann-Daly_S5.counts.txt.gz,SRR9882992,ftp.sra.ebi.ac.uk/vol1/fastq/SRR988/002/SRR9882992/SRR9882992_1.fastq.gz;ftp.sra.ebi.ac.uk/vol1/fastq/SRR988/002/SRR9882992/SRR9882992_2.fastq.gz,1379238314;1444829516,34535527,https://www.ncbi.nlm.nih.gov/sra/SRR9882992,33268509; 33762733; 39566466,Aug 01 2019,nas score: 4 || fibrosis stage: 3 || group in paper: NASH_F3 || disease: NAFLD || Stage: moderate
GSM3998204,GSE135251,case,primary,NAFLD,yes,counts,,,,,6,1,Illumina NextSeq 500,TRANSCRIPTOMIC PROFILING ACROSS THE SPECTRUM OF NON-ALCOHOLIC FATTY LIVER DISEASE,Liver patient 171,human liver tissue,no,Homo sapiens,,,,NAFLD_early_liver biopsy,explicit label: NAFLD,,,,,,no,,,,,,,RNA-Seq,transcriptomic,cDNA,total RNA,,SRX6635514,SRP217231,PRJNA558102,https://www.ncbi.nlm.nih.gov/geo/query/acc.cgi?acc=GSM3998204,https://www.ncbi.nlm.nih.gov/geo/query/acc.cgi?acc=GSE135251,https://ftp.ncbi.nlm.nih.gov/geo/series/GSE135nnn/GSE135251/suppl/,ftp://ftp.ncbi.nlm.nih.gov/geo/samples/GSM3998nnn/GSM3998204/suppl/GSM3998204_106-Ann-Daly_S6.counts.txt.gz,SRR9882993,ftp.sra.ebi.ac.uk/vol1/fastq/SRR988/003/SRR9882993/SRR9882993_1.fastq.gz;ftp.sra.ebi.ac.uk/vol1/fastq/SRR988/003/SRR9882993/SRR9882993_2.fastq.gz,1248120972;1303695571,31002626,https://www.ncbi.nlm.nih.gov/sra/SRR9882993,33268509; 33762733; 39566466,Aug 01 2019,nas score: 6 || fibrosis stage: 1 || group in paper: NASH_F0-F1 || disease: NAFLD || Stage: early
GSM3998205,GSE135251,case,primary,NAFLD,yes,counts,,,,,3,1,Illumina NextSeq 500,TRANSCRIPTOMIC PROFILING ACROSS THE SPECTRUM OF NON-ALCOHOLIC FATTY LIVER DISEASE,Liver patient 172,human liver tissue,no,Homo sapiens,,,,NAFLD_early_liver biopsy,explicit label: NAFLD,,,,,,no,,,,,,,RNA-Seq,transcriptomic,cDNA,total RNA,,SRX6635515,SRP217231,PRJNA558102,https://www.ncbi.nlm.nih.gov/geo/query/acc.cgi?acc=GSM3998205,https://www.ncbi.nlm.nih.gov/geo/query/acc.cgi?acc=GSE135251,https://ftp.ncbi.nlm.nih.gov/geo/series/GSE135nnn/GSE135251/suppl/,ftp://ftp.ncbi.nlm.nih.gov/geo/samples/GSM3998nnn/GSM3998205/suppl/GSM3998205_108-Ann-Daly_S8.counts.txt.gz,SRR9882994,ftp.sra.ebi.ac.uk/vol1/fastq/SRR988/004/SRR9882994/SRR9882994_1.fastq.gz;ftp.sra.ebi.ac.uk/vol1/fastq/SRR988/004/SRR9882994/SRR9882994_2.fastq.gz,1294851623;1338618010,32153274,https://www.ncbi.nlm.nih.gov/sra/SRR9882994,33268509; 33762733; 39566466,Aug 01 2019,nas score: 3 || fibrosis stage: 1 || group in paper: NAFL || disease: NAFLD || Stage: early
GSM3998206,GSE135251,case,primary,NAFLD,yes,counts,,,,,6,0,Illumina NextSeq 500,TRANSCRIPTOMIC PROFILING ACROSS THE SPECTRUM OF NON-ALCOHOLIC FATTY LIVER DISEASE,Liver patient 173,human liver tissue,no,Homo sapiens,,,,NAFLD_early_liver biopsy,explicit label: NAFLD,,,,,,no,,,,,,,RNA-Seq,transcriptomic,cDNA,total RNA,,SRX6635516,SRP217231,PRJNA558102,https://www.ncbi.nlm.nih.gov/geo/query/acc.cgi?acc=GSM3998206,https://www.ncbi.nlm.nih.gov/geo/query/acc.cgi?acc=GSE135251,https://ftp.ncbi.nlm.nih.gov/geo/series/GSE135nnn/GSE135251/suppl/,ftp://ftp.ncbi.nlm.nih.gov/geo/samples/GSM3998nnn/GSM3998206/suppl/GSM3998206_109-Ann-Daly_S1.counts.txt.gz,SRR9882995,ftp.sra.ebi.ac.uk/vol1/fastq/SRR988/005/SRR9882995/SRR9882995_1.fastq.gz;ftp.sra.ebi.ac.uk/vol1/fastq/SRR988/005/SRR9882995/SRR9882995_2.fastq.gz,1356330109;1444037852,32797451,https://www.ncbi.nlm.nih.gov/sra/SRR9882995,33268509; 33762733; 39566466,Aug 01 2019,nas score: 6 || fibrosis stage: 0 || group in paper: NASH_F0-F1 || disease: NAFLD || Stage: early
GSM3998207,GSE135251,case,primary,NAFLD,yes,counts,,,,,6,3,Illumina NextSeq 500,TRANSCRIPTOMIC PROFILING ACROSS THE SPECTRUM OF NON-ALCOHOLIC FATTY LIVER DISEASE,Liver patient 174,human liver tissue,no,Homo sapiens,,,,NAFLD_moderate_liver biopsy,explicit label: NAFLD,,,,,,no,,,,,,,RNA-Seq,transcriptomic,cDNA,total RNA,,SRX6635517,SRP217231,PRJNA558102,https://www.ncbi.nlm.nih.gov/geo/query/acc.cgi?acc=GSM3998207,https://www.ncbi.nlm.nih.gov/geo/query/acc.cgi?acc=GSE135251,https://ftp.ncbi.nlm.nih.gov/geo/series/GSE135nnn/GSE135251/suppl/,ftp://ftp.ncbi.nlm.nih.gov/geo/samples/GSM3998nnn/GSM3998207/suppl/GSM3998207_110-Ann-Daly_S2.counts.txt.gz,SRR9882996,ftp.sra.ebi.ac.uk/vol1/fastq/SRR988/006/SRR9882996/SRR9882996_1.fastq.gz;ftp.sra.ebi.ac.uk/vol1/fastq/SRR988/006/SRR9882996/SRR9882996_2.fastq.gz,1292561747;1369284748,31617091,https://www.ncbi.nlm.nih.gov/sra/SRR9882996,33268509; 33762733; 39566466,Aug 01 2019,nas score: 6 || fibrosis stage: 3 || group in paper: NASH_F3 || disease: NAFLD || Stage: moderate
GSM3998208,GSE135251,case,primary,NAFLD,yes,counts,,,,,5,4,Illumina NextSeq 500,TRANSCRIPTOMIC PROFILING ACROSS THE SPECTRUM OF NON-ALCOHOLIC FATTY LIVER DISEASE,Liver patient 175,human liver tissue,no,Homo sapiens,,,,NAFLD_moderate_liver biopsy,explicit label: NAFLD,,,,,,no,,,,,,,RNA-Seq,transcriptomic,cDNA,total RNA,,SRX6635518,SRP217231,PRJNA558102,https://www.ncbi.nlm.nih.gov/geo/query/acc.cgi?acc=GSM3998208,https://www.ncbi.nlm.nih.gov/geo/query/acc.cgi?acc=GSE135251,https://ftp.ncbi.nlm.nih.gov/geo/series/GSE135nnn/GSE135251/suppl/,ftp://ftp.ncbi.nlm.nih.gov/geo/samples/GSM3998nnn/GSM3998208/suppl/GSM3998208_111-Ann-Daly_S3.counts.txt.gz,SRR9882997,ftp.sra.ebi.ac.uk/vol1/fastq/SRR988/007/SRR9882997/SRR9882997_1.fastq.gz;ftp.sra.ebi.ac.uk/vol1/fastq/SRR988/007/SRR9882997/SRR9882997_2.fastq.gz,1510429026;1615198665,37697528,https://www.ncbi.nlm.nih.gov/sra/SRR9882997,33268509; 33762733; 39566466,Aug 01 2019,nas score: 5 || fibrosis stage: 4 || group in paper: NASH_F4 || disease: NAFLD || Stage: moderate
GSM3998209,GSE135251,case,primary,NAFLD,yes,counts,,,,,8,3,Illumina NextSeq 500,TRANSCRIPTOMIC PROFILING ACROSS THE SPECTRUM OF NON-ALCOHOLIC FATTY LIVER DISEASE,Liver patient 176,human liver tissue,no,Homo sapiens,,,,NAFLD_moderate_liver biopsy,explicit label: NAFLD,,,,,,no,,,,,,,RNA-Seq,transcriptomic,cDNA,total RNA,,SRX6635519,SRP217231,PRJNA558102,https://www.ncbi.nlm.nih.gov/geo/query/acc.cgi?acc=GSM3998209,https://www.ncbi.nlm.nih.gov/geo/query/acc.cgi?acc=GSE135251,https://ftp.ncbi.nlm.nih.gov/geo/series/GSE135nnn/GSE135251/suppl/,ftp://ftp.ncbi.nlm.nih.gov/geo/samples/GSM3998nnn/GSM3998209/suppl/GSM3998209_112-Ann-Daly_S4.counts.txt.gz,SRR9882998,ftp.sra.ebi.ac.uk/vol1/fastq/SRR988/008/SRR9882998/SRR9882998_1.fastq.gz;ftp.sra.ebi.ac.uk/vol1/fastq/SRR988/008/SRR9882998/SRR9882998_2.fastq.gz,1376742289;1462556571,33390860,https://www.ncbi.nlm.nih.gov/sra/SRR9882998,33268509; 33762733; 39566466,Aug 01 2019,nas score: 8 || fibrosis stage: 3 || group in paper: NASH_F3 || disease: NAFLD || Stage: moderate
GSM3998210,GSE135251,case,primary,NAFLD,yes,counts,,,,,5,3,Illumina NextSeq 500,TRANSCRIPTOMIC PROFILING ACROSS THE SPECTRUM OF NON-ALCOHOLIC FATTY LIVER DISEASE,Liver patient 177,human liver tissue,no,Homo sapiens,,,,NAFLD_moderate_liver biopsy,explicit label: NAFLD,,,,,,no,,,,,,,RNA-Seq,transcriptomic,cDNA,total RNA,,SRX6635520,SRP217231,PRJNA558102,https://www.ncbi.nlm.nih.gov/geo/query/acc.cgi?acc=GSM3998210,https://www.ncbi.nlm.nih.gov/geo/query/acc.cgi?acc=GSE135251,https://ftp.ncbi.nlm.nih.gov/geo/series/GSE135nnn/GSE135251/suppl/,ftp://ftp.ncbi.nlm.nih.gov/geo/samples/GSM3998nnn/GSM3998210/suppl/GSM3998210_114-Ann-Daly_S5.counts.txt.gz,SRR9882999,ftp.sra.ebi.ac.uk/vol1/fastq/SRR988/009/SRR9882999/SRR9882999_1.fastq.gz;ftp.sra.ebi.ac.uk/vol1/fastq/SRR988/009/SRR9882999/SRR9882999_2.fastq.gz,1249081096;1348973285,30245234,https://www.ncbi.nlm.nih.gov/sra/SRR9882999,33268509; 33762733; 39566466,Aug 01 2019,nas score: 5 || fibrosis stage: 3 || group in paper: NASH_F3 || disease: NAFLD || Stage: moderate
GSM3998211,GSE135251,case,primary,NAFLD,yes,counts,,,,,5,2,Illumina NextSeq 500,TRANSCRIPTOMIC PROFILING ACROSS THE SPECTRUM OF NON-ALCOHOLIC FATTY LIVER DISEASE,Liver patient 123,human liver tissue,no,Homo sapiens,,,,NAFLD_early_liver biopsy,explicit label: NAFLD,,,,,,no,,,,,,,RNA-Seq,transcriptomic,cDNA,total RNA,,SRX6635521,SRP217231,PRJNA558102,https://www.ncbi.nlm.nih.gov/geo/query/acc.cgi?acc=GSM3998211,https://www.ncbi.nlm.nih.gov/geo/query/acc.cgi?acc=GSE135251,https://ftp.ncbi.nlm.nih.gov/geo/series/GSE135nnn/GSE135251/suppl/,ftp://ftp.ncbi.nlm.nih.gov/geo/samples/GSM3998nnn/GSM3998211/suppl/GSM3998211_115-Ann-Daly_S6.counts.txt.gz,SRR9883000,ftp.sra.ebi.ac.uk/vol1/fastq/SRR988/000/SRR9883000/SRR9883000_1.fastq.gz;ftp.sra.ebi.ac.uk/vol1/fastq/SRR988/000/SRR9883000/SRR9883000_2.fastq.gz,1332880217;1425591960,32368499,https://www.ncbi.nlm.nih.gov/sra/SRR9883000,33268509; 33762733; 39566466,Aug 01 2019,nas score: 5 || fibrosis stage: 2 || group in paper: NASH_F2 || disease: NAFLD || Stage: early
GSM3998212,GSE135251,case,primary,NAFLD,yes,counts,,,,,5,1,Illumina NextSeq 500,TRANSCRIPTOMIC PROFILING ACROSS THE SPECTRUM OF NON-ALCOHOLIC FATTY LIVER DISEASE,Liver patient 124,human liver tissue,no,Homo sapiens,,,,NAFLD_early_liver biopsy,explicit label: NAFLD,,,,,,no,,,,,,,RNA-Seq,transcriptomic,cDNA,total RNA,,SRX6635522,SRP217231,PRJNA558102,https://www.ncbi.nlm.nih.gov/geo/query/acc.cgi?acc=GSM3998212,https://www.ncbi.nlm.nih.gov/geo/query/acc.cgi?acc=GSE135251,https://ftp.ncbi.nlm.nih.gov/geo/series/GSE135nnn/GSE135251/suppl/,ftp://ftp.ncbi.nlm.nih.gov/geo/samples/GSM3998nnn/GSM3998212/suppl/GSM3998212_116-Ann-Daly_S7.counts.txt.gz,SRR9883001,ftp.sra.ebi.ac.uk/vol1/fastq/SRR988/001/SRR9883001/SRR9883001_1.fastq.gz;ftp.sra.ebi.ac.uk/vol1/fastq/SRR988/001/SRR9883001/SRR9883001_2.fastq.gz,1405245806;1520632675,34498467,https://www.ncbi.nlm.nih.gov/sra/SRR9883001,33268509; 33762733; 39566466,Aug 01 2019,nas score: 5 || fibrosis stage: 1 || group in paper: NASH_F0-F1 || disease: NAFLD || Stage: early
GSM3998213,GSE135251,case,primary,NAFLD,yes,counts,,,,,4,0,Illumina NextSeq 500,TRANSCRIPTOMIC PROFILING ACROSS THE SPECTRUM OF NON-ALCOHOLIC FATTY LIVER DISEASE,Liver patient 195,human liver tissue,no,Homo sapiens,,,,NAFLD_early_liver biopsy,explicit label: NAFLD,,,,,,no,,,,,,,RNA-Seq,transcriptomic,cDNA,total RNA,,SRX6635523,SRP217231,PRJNA558102,https://www.ncbi.nlm.nih.gov/geo/query/acc.cgi?acc=GSM3998213,https://www.ncbi.nlm.nih.gov/geo/query/acc.cgi?acc=GSE135251,https://ftp.ncbi.nlm.nih.gov/geo/series/GSE135nnn/GSE135251/suppl/,ftp://ftp.ncbi.nlm.nih.gov/geo/samples/GSM3998nnn/GSM3998213/suppl/GSM3998213_12_469.counts.txt.gz,SRR9883002,ftp.sra.ebi.ac.uk/vol1/fastq/SRR988/002/SRR9883002/SRR9883002_1.fastq.gz;ftp.sra.ebi.ac.uk/vol1/fastq/SRR988/002/SRR9883002/SRR9883002_2.fastq.gz,1469998384;1485165567,34808439,https://www.ncbi.nlm.nih.gov/sra/SRR9883002,33268509; 33762733; 39566466,Aug 01 2019,nas score: 4 || fibrosis stage: 0 || group in paper: NAFL || disease: NAFLD || Stage: early
GSM3998214,GSE135251,case,primary,NAFLD,yes,counts,,,,,6,4,Illumina NextSeq 500,TRANSCRIPTOMIC PROFILING ACROSS THE SPECTRUM OF NON-ALCOHOLIC FATTY LIVER DISEASE,Liver patient 127,human liver tissue,no,Homo sapiens,,,,NAFLD_moderate_liver biopsy,explicit label: NAFLD,,,,,,no,,,,,,,RNA-Seq,transcriptomic,cDNA,total RNA,,SRX6635524,SRP217231,PRJNA558102,https://www.ncbi.nlm.nih.gov/geo/query/acc.cgi?acc=GSM3998214,https://www.ncbi.nlm.nih.gov/geo/query/acc.cgi?acc=GSE135251,https://ftp.ncbi.nlm.nih.gov/geo/series/GSE135nnn/GSE135251/suppl/,ftp://ftp.ncbi.nlm.nih.gov/geo/samples/GSM3998nnn/GSM3998214/suppl/GSM3998214_120-Ann-Daly_S9.counts.txt.gz,SRR9883003,ftp.sra.ebi.ac.uk/vol1/fastq/SRR988/003/SRR9883003/SRR9883003_1.fastq.gz;ftp.sra.ebi.ac.uk/vol1/fastq/SRR988/003/SRR9883003/SRR9883003_2.fastq.gz,1402580729;1492645079,34050685,https://www.ncbi.nlm.nih.gov/sra/SRR9883003,33268509; 33762733; 39566466,Aug 01 2019,nas score: 6 || fibrosis stage: 4 || group in paper: NASH_F4 || disease: NAFLD || Stage: moderate
GSM3998215,GSE135251,case,primary,NAFLD,yes,counts,,,,,7,2,Illumina NextSeq 500,TRANSCRIPTOMIC PROFILING ACROSS THE SPECTRUM OF NON-ALCOHOLIC FATTY LIVER DISEASE,Liver patient 178,human liver tissue,no,Homo sapiens,,,,NAFLD_early_liver biopsy,explicit label: NAFLD,,,,,,no,,,,,,,RNA-Seq,transcriptomic,cDNA,total RNA,,SRX6635525,SRP217231,PRJNA558102,https://www.ncbi.nlm.nih.gov/geo/query/acc.cgi?acc=GSM3998215,https://www.ncbi.nlm.nih.gov/geo/query/acc.cgi?acc=GSE135251,https://ftp.ncbi.nlm.nih.gov/geo/series/GSE135nnn/GSE135251/suppl/,ftp://ftp.ncbi.nlm.nih.gov/geo/samples/GSM3998nnn/GSM3998215/suppl/GSM3998215_124-Ann-Daly_S10.counts.txt.gz,SRR9883004,ftp.sra.ebi.ac.uk/vol1/fastq/SRR988/004/SRR9883004/SRR9883004_1.fastq.gz;ftp.sra.ebi.ac.uk/vol1/fastq/SRR988/004/SRR9883004/SRR9883004_2.fastq.gz,1457858229;1547370321,35814747,https://www.ncbi.nlm.nih.gov/sra/SRR9883004,33268509; 33762733; 39566466,Aug 01 2019,nas score: 7 || fibrosis stage: 2 || group in paper: NASH_F2 || disease: NAFLD || Stage: early
GSM3998216,GSE135251,control,primary,Control,yes,counts,,,,,0,0,Illumina NextSeq 500,TRANSCRIPTOMIC PROFILING ACROSS THE SPECTRUM OF NON-ALCOHOLIC FATTY LIVER DISEASE,Liver control sample 2,human liver tissue,no,Homo sapiens,,,,Control_control_liver biopsy,explicit label: Control,,,,,,no,,,,,,,RNA-Seq,transcriptomic,cDNA,total RNA,,SRX6635526,SRP217231,PRJNA558102,https://www.ncbi.nlm.nih.gov/geo/query/acc.cgi?acc=GSM3998216,https://www.ncbi.nlm.nih.gov/geo/query/acc.cgi?acc=GSE135251,https://ftp.ncbi.nlm.nih.gov/geo/series/GSE135nnn/GSE135251/suppl/,ftp://ftp.ncbi.nlm.nih.gov/geo/samples/GSM3998nnn/GSM3998216/suppl/GSM3998216_127-Ann-Daly_S11.counts.txt.gz,SRR9883005,ftp.sra.ebi.ac.uk/vol1/fastq/SRR988/005/SRR9883005/SRR9883005_1.fastq.gz;ftp.sra.ebi.ac.uk/vol1/fastq/SRR988/005/SRR9883005/SRR9883005_2.fastq.gz,1570226844;1674571970,38807584,https://www.ncbi.nlm.nih.gov/sra/SRR9883005,33268509; 33762733; 39566466,Aug 01 2019,nas score: 0 || fibrosis stage: 0 || group in paper: control || disease: Control || Stage: control
GSM3998217,GSE135251,control,primary,Control,yes,counts,,,,,0,0,Illumina NextSeq 500,TRANSCRIPTOMIC PROFILING ACROSS THE SPECTRUM OF NON-ALCOHOLIC FATTY LIVER DISEASE,Liver control sample 3,human liver tissue,no,Homo sapiens,,,,Control_control_liver biopsy,explicit label: Control,,,,,,no,,,,,,,RNA-Seq,transcriptomic,cDNA,total RNA,,SRX6635527,SRP217231,PRJNA558102,https://www.ncbi.nlm.nih.gov/geo/query/acc.cgi?acc=GSM3998217,https://www.ncbi.nlm.nih.gov/geo/query/acc.cgi?acc=GSE135251,https://ftp.ncbi.nlm.nih.gov/geo/series/GSE135nnn/GSE135251/suppl/,ftp://ftp.ncbi.nlm.nih.gov/geo/samples/GSM3998nnn/GSM3998217/suppl/GSM3998217_128-Ann-Daly_S12.counts.txt.gz,SRR9883006,ftp.sra.ebi.ac.uk/vol1/fastq/SRR988/006/SRR9883006/SRR9883006_1.fastq.gz;ftp.sra.ebi.ac.uk/vol1/fastq/SRR988/006/SRR9883006/SRR9883006_2.fastq.gz,1335379524;1435381126,33013686,https://www.ncbi.nlm.nih.gov/sra/SRR9883006,33268509; 33762733; 39566466,Aug 01 2019,nas score: 0 || fibrosis stage: 0 || group in paper: control || disease: Control || Stage: control
GSM3998218,GSE135251,control,primary,Control,yes,counts,,,,,0,0,Illumina NextSeq 500,TRANSCRIPTOMIC PROFILING ACROSS THE SPECTRUM OF NON-ALCOHOLIC FATTY LIVER DISEASE,Liver control sample 5,human liver tissue,no,Homo sapiens,,,,Control_control_liver biopsy,explicit label: Control,,,,,,no,,,,,,,RNA-Seq,transcriptomic,cDNA,total RNA,,SRX6635528,SRP217231,PRJNA558102,https://www.ncbi.nlm.nih.gov/geo/query/acc.cgi?acc=GSM3998218,https://www.ncbi.nlm.nih.gov/geo/query/acc.cgi?acc=GSE135251,https://ftp.ncbi.nlm.nih.gov/geo/series/GSE135nnn/GSE135251/suppl/,ftp://ftp.ncbi.nlm.nih.gov/geo/samples/GSM3998nnn/GSM3998218/suppl/GSM3998218_129-Ann-Daly_S13.counts.txt.gz,SRR9883007,ftp.sra.ebi.ac.uk/vol1/fastq/SRR988/007/SRR9883007/SRR9883007_1.fastq.gz;ftp.sra.ebi.ac.uk/vol1/fastq/SRR988/007/SRR9883007/SRR9883007_2.fastq.gz,1417375520;1532668695,35308909,https://www.ncbi.nlm.nih.gov/sra/SRR9883007,33268509; 33762733; 39566466,Aug 01 2019,nas score: 0 || fibrosis stage: 0 || group in paper: control || disease: Control || Stage: control
GSM3998219,GSE135251,case,primary,NAFLD,yes,counts,,,,,2,0,Illumina NextSeq 500,TRANSCRIPTOMIC PROFILING ACROSS THE SPECTRUM OF NON-ALCOHOLIC FATTY LIVER DISEASE,Liver patient 196,human liver tissue,no,Homo sapiens,,,,NAFLD_early_liver biopsy,explicit label: NAFLD,,,,,,no,,,,,,,RNA-Seq,transcriptomic,cDNA,total RNA,,SRX6635529,SRP217231,PRJNA558102,https://www.ncbi.nlm.nih.gov/geo/query/acc.cgi?acc=GSM3998219,https://www.ncbi.nlm.nih.gov/geo/query/acc.cgi?acc=GSE135251,https://ftp.ncbi.nlm.nih.gov/geo/series/GSE135nnn/GSE135251/suppl/,ftp://ftp.ncbi.nlm.nih.gov/geo/samples/GSM3998nnn/GSM3998219/suppl/GSM3998219_13_470.counts.txt.gz,SRR9883008,ftp.sra.ebi.ac.uk/vol1/fastq/SRR988/008/SRR9883008/SRR9883008_1.fastq.gz;ftp.sra.ebi.ac.uk/vol1/fastq/SRR988/008/SRR9883008/SRR9883008_2.fastq.gz,1438071409;1465105274,34381224,https://www.ncbi.nlm.nih.gov/sra/SRR9883008,33268509; 33762733; 39566466,Aug 01 2019,nas score: 2 || fibrosis stage: 0 || group in paper: NAFL || disease: NAFLD || Stage: early
GSM3998220,GSE135251,control,primary,Control,yes,counts,,,,,0,0,Illumina NextSeq 500,TRANSCRIPTOMIC PROFILING ACROSS THE SPECTRUM OF NON-ALCOHOLIC FATTY LIVER DISEASE,Liver control sample 6,human liver tissue,no,Homo sapiens,,,,Control_control_liver biopsy,explicit label: Control,,,,,,no,,,,,,,RNA-Seq,transcriptomic,cDNA,total RNA,,SRX6635530,SRP217231,PRJNA558102,https://www.ncbi.nlm.nih.gov/geo/query/acc.cgi?acc=GSM3998220,https://www.ncbi.nlm.nih.gov/geo/query/acc.cgi?acc=GSE135251,https://ftp.ncbi.nlm.nih.gov/geo/series/GSE135nnn/GSE135251/suppl/,ftp://ftp.ncbi.nlm.nih.gov/geo/samples/GSM3998nnn/GSM3998220/suppl/GSM3998220_130-Ann-Daly_S14.counts.txt.gz,SRR9883009,ftp.sra.ebi.ac.uk/vol1/fastq/SRR988/009/SRR9883009/SRR9883009_1.fastq.gz;ftp.sra.ebi.ac.uk/vol1/fastq/SRR988/009/SRR9883009/SRR9883009_2.fastq.gz,1380929706;1478365022,34755550,https://www.ncbi.nlm.nih.gov/sra/SRR9883009,33268509; 33762733; 39566466,Aug 01 2019,nas score: 0 || fibrosis stage: 0 || group in paper: control || disease: Control || Stage: control
GSM3998221,GSE135251,control,primary,Control,yes,counts,,,,,0,0,Illumina NextSeq 500,TRANSCRIPTOMIC PROFILING ACROSS THE SPECTRUM OF NON-ALCOHOLIC FATTY LIVER DISEASE,Liver control sample 7,human liver tissue,no,Homo sapiens,,,,Control_control_liver biopsy,explicit label: Control,,,,,,no,,,,,,,RNA-Seq,transcriptomic,cDNA,total RNA,,SRX6635531,SRP217231,PRJNA558102,https://www.ncbi.nlm.nih.gov/geo/query/acc.cgi?acc=GSM3998221,https://www.ncbi.nlm.nih.gov/geo/query/acc.cgi?acc=GSE135251,https://ftp.ncbi.nlm.nih.gov/geo/series/GSE135nnn/GSE135251/suppl/,ftp://ftp.ncbi.nlm.nih.gov/geo/samples/GSM3998nnn/GSM3998221/suppl/GSM3998221_132-Ann-Daly_S15.counts.txt.gz,SRR9883010,ftp.sra.ebi.ac.uk/vol1/fastq/SRR988/000/SRR9883010/SRR9883010_1.fastq.gz;ftp.sra.ebi.ac.uk/vol1/fastq/SRR988/000/SRR9883010/SRR9883010_2.fastq.gz,1367549316;1479482234,34167382,https://www.ncbi.nlm.nih.gov/sra/SRR9883010,33268509; 33762733; 39566466,Aug 01 2019,nas score: 0 || fibrosis stage: 0 || group in paper: control || disease: Control || Stage: control
GSM3998222,GSE135251,control,primary,Control,yes,counts,,,,,0,0,Illumina NextSeq 500,TRANSCRIPTOMIC PROFILING ACROSS THE SPECTRUM OF NON-ALCOHOLIC FATTY LIVER DISEASE,Liver control sample 8,human liver tissue,no,Homo sapiens,,,,Control_control_liver biopsy,explicit label: Control,,,,,,no,,,,,,,RNA-Seq,transcriptomic,cDNA,total RNA,,SRX6635532,SRP217231,PRJNA558102,https://www.ncbi.nlm.nih.gov/geo/query/acc.cgi?acc=GSM3998222,https://www.ncbi.nlm.nih.gov/geo/query/acc.cgi?acc=GSE135251,https://ftp.ncbi.nlm.nih.gov/geo/series/GSE135nnn/GSE135251/suppl/,ftp://ftp.ncbi.nlm.nih.gov/geo/samples/GSM3998nnn/GSM3998222/suppl/GSM3998222_133-Ann-Daly_S16.counts.txt.gz,SRR9883011,ftp.sra.ebi.ac.uk/vol1/fastq/SRR988/001/SRR9883011/SRR9883011_1.fastq.gz;ftp.sra.ebi.ac.uk/vol1/fastq/SRR988/001/SRR9883011/SRR9883011_2.fastq.gz,1450266620;1552582472,35428383,https://www.ncbi.nlm.nih.gov/sra/SRR9883011,33268509; 33762733; 39566466,Aug 01 2019,nas score: 0 || fibrosis stage: 0 || group in paper: control || disease: Control || Stage: control
GSM3998223,GSE135251,control,primary,Control,yes,counts,,,,,0,0,Illumina NextSeq 500,TRANSCRIPTOMIC PROFILING ACROSS THE SPECTRUM OF NON-ALCOHOLIC FATTY LIVER DISEASE,Liver control sample 9,human liver tissue,no,Homo sapiens,,,,Control_control_liver biopsy,explicit label: Control,,,,,,no,,,,,,,RNA-Seq,transcriptomic,cDNA,total RNA,,SRX6635533,SRP217231,PRJNA558102,https://www.ncbi.nlm.nih.gov/geo/query/acc.cgi?acc=GSM3998223,https://www.ncbi.nlm.nih.gov/geo/query/acc.cgi?acc=GSE135251,https://ftp.ncbi.nlm.nih.gov/geo/series/GSE135nnn/GSE135251/suppl/,ftp://ftp.ncbi.nlm.nih.gov/geo/samples/GSM3998nnn/GSM3998223/suppl/GSM3998223_134-Ann-Daly_S1.counts.txt.gz,SRR9883012,ftp.sra.ebi.ac.uk/vol1/fastq/SRR988/002/SRR9883012/SRR9883012_1.fastq.gz;ftp.sra.ebi.ac.uk/vol1/fastq/SRR988/002/SRR9883012/SRR9883012_2.fastq.gz,1357235660;1449392371,32536665,https://www.ncbi.nlm.nih.gov/sra/SRR9883012,33268509; 33762733; 39566466,Aug 01 2019,nas score: 0 || fibrosis stage: 0 || group in paper: control || disease: Control || Stage: control
GSM3998224,GSE135251,control,primary,Control,yes,counts,,,,,0,1,Illumina NextSeq 500,TRANSCRIPTOMIC PROFILING ACROSS THE SPECTRUM OF NON-ALCOHOLIC FATTY LIVER DISEASE,Liver control sample 10,human liver tissue,no,Homo sapiens,,,,Control_control_liver biopsy,explicit label: Control,,,,,,no,,,,,,,RNA-Seq,transcriptomic,cDNA,total RNA,,SRX6635534,SRP217231,PRJNA558102,https://www.ncbi.nlm.nih.gov/geo/query/acc.cgi?acc=GSM3998224,https://www.ncbi.nlm.nih.gov/geo/query/acc.cgi?acc=GSE135251,https://ftp.ncbi.nlm.nih.gov/geo/series/GSE135nnn/GSE135251/suppl/,ftp://ftp.ncbi.nlm.nih.gov/geo/samples/GSM3998nnn/GSM3998224/suppl/GSM3998224_135-Ann-Daly_S2.counts.txt.gz,SRR9883013,ftp.sra.ebi.ac.uk/vol1/fastq/SRR988/003/SRR9883013/SRR9883013_1.fastq.gz;ftp.sra.ebi.ac.uk/vol1/fastq/SRR988/003/SRR9883013/SRR9883013_2.fastq.gz,1324023679;1408387107,32181276,https://www.ncbi.nlm.nih.gov/sra/SRR9883013,33268509; 33762733; 39566466,Aug 01 2019,nas score: 0 || fibrosis stage: 1 || group in paper: control || disease: Control || Stage: control
GSM3998225,GSE135251,case,primary,NAFLD,yes,counts,,,,,6,3,Illumina NextSeq 500,TRANSCRIPTOMIC PROFILING ACROSS THE SPECTRUM OF NON-ALCOHOLIC FATTY LIVER DISEASE,Liver patient 21,human liver tissue,no,Homo sapiens,,,,NAFLD_moderate_liver biopsy,explicit label: NAFLD,,,,,,no,,,,,,,RNA-Seq,transcriptomic,cDNA,total RNA,,SRX6635535,SRP217231,PRJNA558102,https://www.ncbi.nlm.nih.gov/geo/query/acc.cgi?acc=GSM3998225,https://www.ncbi.nlm.nih.gov/geo/query/acc.cgi?acc=GSE135251,https://ftp.ncbi.nlm.nih.gov/geo/series/GSE135nnn/GSE135251/suppl/,ftp://ftp.ncbi.nlm.nih.gov/geo/samples/GSM3998nnn/GSM3998225/suppl/GSM3998225_136-Ann-Daly_S1.counts.txt.gz,SRR9883014,ftp.sra.ebi.ac.uk/vol1/fastq/SRR988/004/SRR9883014/SRR9883014_1.fastq.gz;ftp.sra.ebi.ac.uk/vol1/fastq/SRR988/004/SRR9883014/SRR9883014_2.fastq.gz,1923339128;1964073977,44295441,https://www.ncbi.nlm.nih.gov/sra/SRR9883014,33268509; 33762733; 39566466,Aug 01 2019,nas score: 6 || fibrosis stage: 3 || group in paper: NASH_F3 || disease: NAFLD || Stage: moderate
GSM3998226,GSE135251,case,primary,NAFLD,yes,counts,,,,,7,4,Illumina NextSeq 500,TRANSCRIPTOMIC PROFILING ACROSS THE SPECTRUM OF NON-ALCOHOLIC FATTY LIVER DISEASE,Liver patient 197,human liver tissue,no,Homo sapiens,,,,NAFLD_moderate_liver biopsy,explicit label: NAFLD,,,,,,no,,,,,,,RNA-Seq,transcriptomic,cDNA,total RNA,,SRX6635536,SRP217231,PRJNA558102,https://www.ncbi.nlm.nih.gov/geo/query/acc.cgi?acc=GSM3998226,https://www.ncbi.nlm.nih.gov/geo/query/acc.cgi?acc=GSE135251,https://ftp.ncbi.nlm.nih.gov/geo/series/GSE135nnn/GSE135251/suppl/,ftp://ftp.ncbi.nlm.nih.gov/geo/samples/GSM3998nnn/GSM3998226/suppl/GSM3998226_14_472.counts.txt.gz,SRR9883015,ftp.sra.ebi.ac.uk/vol1/fastq/SRR988/005/SRR9883015/SRR9883015_1.fastq.gz;ftp.sra.ebi.ac.uk/vol1/fastq/SRR988/005/SRR9883015/SRR9883015_2.fastq.gz,1523504213;1554669141,35736897,https://www.ncbi.nlm.nih.gov/sra/SRR9883015,33268509; 33762733; 39566466,Aug 01 2019,nas score: 7 || fibrosis stage: 4 || group in paper: NASH_F4 || disease: NAFLD || Stage: moderate
GSM3998227,GSE135251,case,primary,NAFLD,yes,counts,,,,,3,4,Illumina NextSeq 500,TRANSCRIPTOMIC PROFILING ACROSS THE SPECTRUM OF NON-ALCOHOLIC FATTY LIVER DISEASE,Liver patient 23,human liver tissue,no,Homo sapiens,,,,NAFLD_moderate_liver biopsy,explicit label: NAFLD,,,,,,no,,,,,,,RNA-Seq,transcriptomic,cDNA,total RNA,,SRX6635537,SRP217231,PRJNA558102,https://www.ncbi.nlm.nih.gov/geo/query/acc.cgi?acc=GSM3998227,https://www.ncbi.nlm.nih.gov/geo/query/acc.cgi?acc=GSE135251,https://ftp.ncbi.nlm.nih.gov/geo/series/GSE135nnn/GSE135251/suppl/,ftp://ftp.ncbi.nlm.nih.gov/geo/samples/GSM3998nnn/GSM3998227/suppl/GSM3998227_141-Ann-Daly_S2.counts.txt.gz,SRR9883016,ftp.sra.ebi.ac.uk/vol1/fastq/SRR988/006/SRR9883016/SRR9883016_1.fastq.gz;ftp.sra.ebi.ac.uk/vol1/fastq/SRR988/006/SRR9883016/SRR9883016_2.fastq.gz,1422328871;1490169685,32655635,https://www.ncbi.nlm.nih.gov/sra/SRR9883016,33268509; 33762733; 39566466,Aug 01 2019,nas score: 3 || fibrosis stage: 4 || group in paper: NASH_F4 || disease: NAFLD || Stage: moderate
GSM3998228,GSE135251,case,primary,NAFLD,yes,counts,,,,,7,1,Illumina NextSeq 500,TRANSCRIPTOMIC PROFILING ACROSS THE SPECTRUM OF NON-ALCOHOLIC FATTY LIVER DISEASE,Liver patient 198,human liver tissue,no,Homo sapiens,,,,NAFLD_early_liver biopsy,explicit label: NAFLD,,,,,,no,,,,,,,RNA-Seq,transcriptomic,cDNA,total RNA,,SRX6635538,SRP217231,PRJNA558102,https://www.ncbi.nlm.nih.gov/geo/query/acc.cgi?acc=GSM3998228,https://www.ncbi.nlm.nih.gov/geo/query/acc.cgi?acc=GSE135251,https://ftp.ncbi.nlm.nih.gov/geo/series/GSE135nnn/GSE135251/suppl/,ftp://ftp.ncbi.nlm.nih.gov/geo/samples/GSM3998nnn/GSM3998228/suppl/GSM3998228_15_473.counts.txt.gz,SRR9883017,ftp.sra.ebi.ac.uk/vol1/fastq/SRR988/007/SRR9883017/SRR9883017_1.fastq.gz;ftp.sra.ebi.ac.uk/vol1/fastq/SRR988/007/SRR9883017/SRR9883017_2.fastq.gz,1470588882;1492408651,34160590,https://www.ncbi.nlm.nih.gov/sra/SRR9883017,33268509; 33762733; 39566466,Aug 01 2019,nas score: 7 || fibrosis stage: 1 || group in paper: NASH_F0-F1 || disease: NAFLD || Stage: early
GSM3998229,GSE135251,case,primary,NAFLD,yes,counts,,,,,5,3,Illumina NextSeq 500,TRANSCRIPTOMIC PROFILING ACROSS THE SPECTRUM OF NON-ALCOHOLIC FATTY LIVER DISEASE,Liver patient 46,human liver tissue,no,Homo sapiens,,,,NAFLD_moderate_liver biopsy,explicit label: NAFLD,,,,,,no,,,,,,,RNA-Seq,transcriptomic,cDNA,total RNA,,SRX6635539,SRP217231,PRJNA558102,https://www.ncbi.nlm.nih.gov/geo/query/acc.cgi?acc=GSM3998229,https://www.ncbi.nlm.nih.gov/geo/query/acc.cgi?acc=GSE135251,https://ftp.ncbi.nlm.nih.gov/geo/series/GSE135nnn/GSE135251/suppl/,ftp://ftp.ncbi.nlm.nih.gov/geo/samples/GSM3998nnn/GSM3998229/suppl/GSM3998229_152-Ann-Daly_S3.counts.txt.gz,SRR9883018,ftp.sra.ebi.ac.uk/vol1/fastq/SRR988/008/SRR9883018/SRR9883018_1.fastq.gz;ftp.sra.ebi.ac.uk/vol1/fastq/SRR988/008/SRR9883018/SRR9883018_2.fastq.gz,1475587634;1506175478,34438640,https://www.ncbi.nlm.nih.gov/sra/SRR9883018,33268509; 33762733; 39566466,Aug 01 2019,nas score: 5 || fibrosis stage: 3 || group in paper: NASH_F3 || disease: NAFLD || Stage: moderate
GSM3998230,GSE135251,case,primary,NAFLD,yes,counts,,,,,3,4,Illumina NextSeq 500,TRANSCRIPTOMIC PROFILING ACROSS THE SPECTRUM OF NON-ALCOHOLIC FATTY LIVER DISEASE,Liver patient 90,human liver tissue,no,Homo sapiens,,,,NAFLD_moderate_liver biopsy,explicit label: NAFLD,,,,,,no,,,,,,,RNA-Seq,transcriptomic,cDNA,total RNA,,SRX6635540,SRP217231,PRJNA558102,https://www.ncbi.nlm.nih.gov/geo/query/acc.cgi?acc=GSM3998230,https://www.ncbi.nlm.nih.gov/geo/query/acc.cgi?acc=GSE135251,https://ftp.ncbi.nlm.nih.gov/geo/series/GSE135nnn/GSE135251/suppl/,ftp://ftp.ncbi.nlm.nih.gov/geo/samples/GSM3998nnn/GSM3998230/suppl/GSM3998230_155-Ann-Daly_S4.counts.txt.gz,SRR9883019,ftp.sra.ebi.ac.uk/vol1/fastq/SRR988/009/SRR9883019/SRR9883019_1.fastq.gz;ftp.sra.ebi.ac.uk/vol1/fastq/SRR988/009/SRR9883019/SRR9883019_2.fastq.gz,1239432553;1261607535,29089511,https://www.ncbi.nlm.nih.gov/sra/SRR9883019,33268509; 33762733; 39566466,Aug 01 2019,nas score: 3 || fibrosis stage: 4 || group in paper: NASH_F4 || disease: NAFLD || Stage: moderate
GSM3998231,GSE135251,case,primary,NAFLD,yes,counts,,,,,3,1,Illumina NextSeq 500,TRANSCRIPTOMIC PROFILING ACROSS THE SPECTRUM OF NON-ALCOHOLIC FATTY LIVER DISEASE,Liver patient 79,human liver tissue,no,Homo sapiens,,,,NAFLD_early_liver biopsy,explicit label: NAFLD,,,,,,no,,,,,,,RNA-Seq,transcriptomic,cDNA,total RNA,,SRX6635541,SRP217231,PRJNA558102,https://www.ncbi.nlm.nih.gov/geo/query/acc.cgi?acc=GSM3998231,https://www.ncbi.nlm.nih.gov/geo/query/acc.cgi?acc=GSE135251,https://ftp.ncbi.nlm.nih.gov/geo/series/GSE135nnn/GSE135251/suppl/,ftp://ftp.ncbi.nlm.nih.gov/geo/samples/GSM3998nnn/GSM3998231/suppl/GSM3998231_169-Ann-Daly_S5.counts.txt.gz,SRR9883020,ftp.sra.ebi.ac.uk/vol1/fastq/SRR988/000/SRR9883020/SRR9883020_1.fastq.gz;ftp.sra.ebi.ac.uk/vol1/fastq/SRR988/000/SRR9883020/SRR9883020_2.fastq.gz,1535752634;1567195762,36450710,https://www.ncbi.nlm.nih.gov/sra/SRR9883020,33268509; 33762733; 39566466,Aug 01 2019,nas score: 3 || fibrosis stage: 1 || group in paper: NASH_F0-F1 || disease: NAFLD || Stage: early
GSM3998232,GSE135251,case,primary,NAFLD,yes,counts,,,,,1,1,Illumina NextSeq 500,TRANSCRIPTOMIC PROFILING ACROSS THE SPECTRUM OF NON-ALCOHOLIC FATTY LIVER DISEASE,Liver patient 202,human liver tissue,no,Homo sapiens,,,,NAFLD_early_liver biopsy,explicit label: NAFLD,,,,,,no,,,,,,,RNA-Seq,transcriptomic,cDNA,total RNA,,SRX6635542,SRP217231,PRJNA558102,https://www.ncbi.nlm.nih.gov/geo/query/acc.cgi?acc=GSM3998232,https://www.ncbi.nlm.nih.gov/geo/query/acc.cgi?acc=GSE135251,https://ftp.ncbi.nlm.nih.gov/geo/series/GSE135nnn/GSE135251/suppl/,ftp://ftp.ncbi.nlm.nih.gov/geo/samples/GSM3998nnn/GSM3998232/suppl/GSM3998232_17_82.counts.txt.gz,SRR9883021,ftp.sra.ebi.ac.uk/vol1/fastq/SRR988/001/SRR9883021/SRR9883021_1.fastq.gz;ftp.sra.ebi.ac.uk/vol1/fastq/SRR988/001/SRR9883021/SRR9883021_2.fastq.gz,1281466561;1338934457,29993919,https://www.ncbi.nlm.nih.gov/sra/SRR9883021,33268509; 33762733; 39566466,Aug 01 2019,nas score: 1 || fibrosis stage: 1 || group in paper: NAFL || disease: NAFLD || Stage: early
GSM3998233,GSE135251,case,primary,NAFLD,yes,counts,,,,,4,3,Illumina NextSeq 500,TRANSCRIPTOMIC PROFILING ACROSS THE SPECTRUM OF NON-ALCOHOLIC FATTY LIVER DISEASE,Liver patient 75,human liver tissue,no,Homo sapiens,,,,NAFLD_moderate_liver biopsy,explicit label: NAFLD,,,,,,no,,,,,,,RNA-Seq,transcriptomic,cDNA,total RNA,,SRX6635543,SRP217231,PRJNA558102,https://www.ncbi.nlm.nih.gov/geo/query/acc.cgi?acc=GSM3998233,https://www.ncbi.nlm.nih.gov/geo/query/acc.cgi?acc=GSE135251,https://ftp.ncbi.nlm.nih.gov/geo/series/GSE135nnn/GSE135251/suppl/,ftp://ftp.ncbi.nlm.nih.gov/geo/samples/GSM3998nnn/GSM3998233/suppl/GSM3998233_172-Ann-Daly_S6.counts.txt.gz,SRR9883022,ftp.sra.ebi.ac.uk/vol1/fastq/SRR988/002/SRR9883022/SRR9883022_1.fastq.gz;ftp.sra.ebi.ac.uk/vol1/fastq/SRR988/002/SRR9883022/SRR9883022_2.fastq.gz,1492010481;1525708002,34745253,https://www.ncbi.nlm.nih.gov/sra/SRR9883022,33268509; 33762733; 39566466,Aug 01 2019,nas score: 4 || fibrosis stage: 3 || group in paper: NASH_F3 || disease: NAFLD || Stage: moderate
GSM3998234,GSE135251,case,primary,NAFLD,yes,counts,,,,,6,1,Illumina NextSeq 500,TRANSCRIPTOMIC PROFILING ACROSS THE SPECTRUM OF NON-ALCOHOLIC FATTY LIVER DISEASE,Liver patient 77,human liver tissue,no,Homo sapiens,,,,NAFLD_early_liver biopsy,explicit label: NAFLD,,,,,,no,,,,,,,RNA-Seq,transcriptomic,cDNA,total RNA,,SRX6635544,SRP217231,PRJNA558102,https://www.ncbi.nlm.nih.gov/geo/query/acc.cgi?acc=GSM3998234,https://www.ncbi.nlm.nih.gov/geo/query/acc.cgi?acc=GSE135251,https://ftp.ncbi.nlm.nih.gov/geo/series/GSE135nnn/GSE135251/suppl/,ftp://ftp.ncbi.nlm.nih.gov/geo/samples/GSM3998nnn/GSM3998234/suppl/GSM3998234_176-Ann-Daly_S7.counts.txt.gz,SRR9883023,ftp.sra.ebi.ac.uk/vol1/fastq/SRR988/003/SRR9883023/SRR9883023_1.fastq.gz;ftp.sra.ebi.ac.uk/vol1/fastq/SRR988/003/SRR9883023/SRR9883023_2.fastq.gz,1470749334;1497160844,33973764,https://www.ncbi.nlm.nih.gov/sra/SRR9883023,33268509; 33762733; 39566466,Aug 01 2019,nas score: 6 || fibrosis stage: 1 || group in paper: NASH_F0-F1 || disease: NAFLD || Stage: early
GSM3998235,GSE135251,case,primary,NAFLD,yes,counts,,,,,4,2,Illumina NextSeq 500,TRANSCRIPTOMIC PROFILING ACROSS THE SPECTRUM OF NON-ALCOHOLIC FATTY LIVER DISEASE,Liver patient 81,human liver tissue,no,Homo sapiens,,,,NAFLD_early_liver biopsy,explicit label: NAFLD,,,,,,no,,,,,,,RNA-Seq,transcriptomic,cDNA,total RNA,,SRX6635545,SRP217231,PRJNA558102,https://www.ncbi.nlm.nih.gov/geo/query/acc.cgi?acc=GSM3998235,https://www.ncbi.nlm.nih.gov/geo/query/acc.cgi?acc=GSE135251,https://ftp.ncbi.nlm.nih.gov/geo/series/GSE135nnn/GSE135251/suppl/,ftp://ftp.ncbi.nlm.nih.gov/geo/samples/GSM3998nnn/GSM3998235/suppl/GSM3998235_177-Ann-Daly_S8.counts.txt.gz,SRR9883024,ftp.sra.ebi.ac.uk/vol1/fastq/SRR988/004/SRR9883024/SRR9883024_1.fastq.gz;ftp.sra.ebi.ac.uk/vol1/fastq/SRR988/004/SRR9883024/SRR9883024_2.fastq.gz,1975965372;1994552969,47273037,https://www.ncbi.nlm.nih.gov/sra/SRR9883024,33268509; 33762733; 39566466,Aug 01 2019,nas score: 4 || fibrosis stage: 2 || group in paper: NASH_F2 || disease: NAFLD || Stage: early
GSM3998236,GSE135251,case,primary,NAFLD,yes,counts,,,,,3,1,Illumina NextSeq 500,TRANSCRIPTOMIC PROFILING ACROSS THE SPECTRUM OF NON-ALCOHOLIC FATTY LIVER DISEASE,Liver patient 82,human liver tissue,no,Homo sapiens,,,,NAFLD_early_liver biopsy,explicit label: NAFLD,,,,,,no,,,,,,,RNA-Seq,transcriptomic,cDNA,total RNA,,SRX6635546,SRP217231,PRJNA558102,https://www.ncbi.nlm.nih.gov/geo/query/acc.cgi?acc=GSM3998236,https://www.ncbi.nlm.nih.gov/geo/query/acc.cgi?acc=GSE135251,https://ftp.ncbi.nlm.nih.gov/geo/series/GSE135nnn/GSE135251/suppl/,ftp://ftp.ncbi.nlm.nih.gov/geo/samples/GSM3998nnn/GSM3998236/suppl/GSM3998236_179-Ann-Daly_S10.counts.txt.gz,SRR9883025,ftp.sra.ebi.ac.uk/vol1/fastq/SRR988/005/SRR9883025/SRR9883025_1.fastq.gz;ftp.sra.ebi.ac.uk/vol1/fastq/SRR988/005/SRR9883025/SRR9883025_2.fastq.gz,1596821968;1684823966,36878560,https://www.ncbi.nlm.nih.gov/sra/SRR9883025,33268509; 33762733; 39566466,Aug 01 2019,nas score: 3 || fibrosis stage: 1 || group in paper: NAFL || disease: NAFLD || Stage: early
GSM3998237,GSE135251,case,primary,NAFLD,yes,counts,,,,,4,2,Illumina NextSeq 500,TRANSCRIPTOMIC PROFILING ACROSS THE SPECTRUM OF NON-ALCOHOLIC FATTY LIVER DISEASE,Liver patient 70,human liver tissue,no,Homo sapiens,,,,NAFLD_early_liver biopsy,explicit label: NAFLD,,,,,,no,,,,,,,RNA-Seq,transcriptomic,cDNA,total RNA,,SRX6635547,SRP217231,PRJNA558102,https://www.ncbi.nlm.nih.gov/geo/query/acc.cgi?acc=GSM3998237,https://www.ncbi.nlm.nih.gov/geo/query/acc.cgi?acc=GSE135251,https://ftp.ncbi.nlm.nih.gov/geo/series/GSE135nnn/GSE135251/suppl/,ftp://ftp.ncbi.nlm.nih.gov/geo/samples/GSM3998nnn/GSM3998237/suppl/GSM3998237_184-Ann-Daly_S11.counts.txt.gz,SRR9883026,ftp.sra.ebi.ac.uk/vol1/fastq/SRR988/006/SRR9883026/SRR9883026_1.fastq.gz;ftp.sra.ebi.ac.uk/vol1/fastq/SRR988/006/SRR9883026/SRR9883026_2.fastq.gz,1668074005;1711740461,39222467,https://www.ncbi.nlm.nih.gov/sra/SRR9883026,33268509; 33762733; 39566466,Aug 01 2019,nas score: 4 || fibrosis stage: 2 || group in paper: NASH_F2 || disease: NAFLD || Stage: early
GSM3998238,GSE135251,case,primary,NAFLD,yes,counts,,,,,4,2,Illumina NextSeq 500,TRANSCRIPTOMIC PROFILING ACROSS THE SPECTRUM OF NON-ALCOHOLIC FATTY LIVER DISEASE,Liver patient 121,human liver tissue,no,Homo sapiens,,,,NAFLD_early_liver biopsy,explicit label: NAFLD,,,,,,no,,,,,,,RNA-Seq,transcriptomic,cDNA,total RNA,,SRX6635548,SRP217231,PRJNA558102,https://www.ncbi.nlm.nih.gov/geo/query/acc.cgi?acc=GSM3998238,https://www.ncbi.nlm.nih.gov/geo/query/acc.cgi?acc=GSE135251,https://ftp.ncbi.nlm.nih.gov/geo/series/GSE135nnn/GSE135251/suppl/,ftp://ftp.ncbi.nlm.nih.gov/geo/samples/GSM3998nnn/GSM3998238/suppl/GSM3998238_185-Ann-Daly_S12.counts.txt.gz,SRR9883027,ftp.sra.ebi.ac.uk/vol1/fastq/SRR988/007/SRR9883027/SRR9883027_1.fastq.gz;ftp.sra.ebi.ac.uk/vol1/fastq/SRR988/007/SRR9883027/SRR9883027_2.fastq.gz,1563315282;1573463829,35920977,https://www.ncbi.nlm.nih.gov/sra/SRR9883027,33268509; 33762733; 39566466,Aug 01 2019,nas score: 4 || fibrosis stage: 2 || group in paper: NASH_F2 || disease: NAFLD || Stage: early
GSM3998239,GSE135251,case,primary,NAFLD,yes,counts,,,,,5,3,Illumina NextSeq 500,TRANSCRIPTOMIC PROFILING ACROSS THE SPECTRUM OF NON-ALCOHOLIC FATTY LIVER DISEASE,Liver patient 72,human liver tissue,no,Homo sapiens,,,,NAFLD_moderate_liver biopsy,explicit label: NAFLD,,,,,,no,,,,,,,RNA-Seq,transcriptomic,cDNA,total RNA,,SRX6635549,SRP217231,PRJNA558102,https://www.ncbi.nlm.nih.gov/geo/query/acc.cgi?acc=GSM3998239,https://www.ncbi.nlm.nih.gov/geo/query/acc.cgi?acc=GSE135251,https://ftp.ncbi.nlm.nih.gov/geo/series/GSE135nnn/GSE135251/suppl/,ftp://ftp.ncbi.nlm.nih.gov/geo/samples/GSM3998nnn/GSM3998239/suppl/GSM3998239_186-Ann-Daly_S13.counts.txt.gz,SRR9883028,ftp.sra.ebi.ac.uk/vol1/fastq/SRR988/008/SRR9883028/SRR9883028_1.fastq.gz;ftp.sra.ebi.ac.uk/vol1/fastq/SRR988/008/SRR9883028/SRR9883028_2.fastq.gz,1658599195;1702519964,38857269,https://www.ncbi.nlm.nih.gov/sra/SRR9883028,33268509; 33762733; 39566466,Aug 01 2019,nas score: 5 || fibrosis stage: 3 || group in paper: NASH_F3 || disease: NAFLD || Stage: moderate
GSM3998240,GSE135251,case,primary,NAFLD,yes,counts,,,,,4,2,Illumina NextSeq 500,TRANSCRIPTOMIC PROFILING ACROSS THE SPECTRUM OF NON-ALCOHOLIC FATTY LIVER DISEASE,Liver patient 73,human liver tissue,no,Homo sapiens,,,,NAFLD_early_liver biopsy,explicit label: NAFLD,,,,,,no,,,,,,,RNA-Seq,transcriptomic,cDNA,total RNA,,SRX6635550,SRP217231,PRJNA558102,https://www.ncbi.nlm.nih.gov/geo/query/acc.cgi?acc=GSM3998240,https://www.ncbi.nlm.nih.gov/geo/query/acc.cgi?acc=GSE135251,https://ftp.ncbi.nlm.nih.gov/geo/series/GSE135nnn/GSE135251/suppl/,ftp://ftp.ncbi.nlm.nih.gov/geo/samples/GSM3998nnn/GSM3998240/suppl/GSM3998240_187-Ann-Daly_S14.counts.txt.gz,SRR9883029,ftp.sra.ebi.ac.uk/vol1/fastq/SRR988/009/SRR9883029/SRR9883029_1.fastq.gz;ftp.sra.ebi.ac.uk/vol1/fastq/SRR988/009/SRR9883029/SRR9883029_2.fastq.gz,1446831026;1495627073,33515167,https://www.ncbi.nlm.nih.gov/sra/SRR9883029,33268509; 33762733; 39566466,Aug 01 2019,nas score: 4 || fibrosis stage: 2 || group in paper: NASH_F2 || disease: NAFLD || Stage: early
GSM3998241,GSE135251,case,primary,NAFLD,yes,counts,,,,,6,3,Illumina NextSeq 500,TRANSCRIPTOMIC PROFILING ACROSS THE SPECTRUM OF NON-ALCOHOLIC FATTY LIVER DISEASE,Liver patient 74,human liver tissue,no,Homo sapiens,,,,NAFLD_moderate_liver biopsy,explicit label: NAFLD,,,,,,no,,,,,,,RNA-Seq,transcriptomic,cDNA,total RNA,,SRX6635551,SRP217231,PRJNA558102,https://www.ncbi.nlm.nih.gov/geo/query/acc.cgi?acc=GSM3998241,https://www.ncbi.nlm.nih.gov/geo/query/acc.cgi?acc=GSE135251,https://ftp.ncbi.nlm.nih.gov/geo/series/GSE135nnn/GSE135251/suppl/,ftp://ftp.ncbi.nlm.nih.gov/geo/samples/GSM3998nnn/GSM3998241/suppl/GSM3998241_188-Ann-Daly_S15.counts.txt.gz,SRR9883030,ftp.sra.ebi.ac.uk/vol1/fastq/SRR988/000/SRR9883030/SRR9883030_1.fastq.gz;ftp.sra.ebi.ac.uk/vol1/fastq/SRR988/000/SRR9883030/SRR9883030_2.fastq.gz,1559500990;1595041949,36273727,https://www.ncbi.nlm.nih.gov/sra/SRR9883030,33268509; 33762733; 39566466,Aug 01 2019,nas score: 6 || fibrosis stage: 3 || group in paper: NASH_F3 || disease: NAFLD || Stage: moderate
GSM3998242,GSE135251,case,primary,NAFLD,yes,counts,,,,,5,4,Illumina NextSeq 500,TRANSCRIPTOMIC PROFILING ACROSS THE SPECTRUM OF NON-ALCOHOLIC FATTY LIVER DISEASE,Liver patient 189,human liver tissue,no,Homo sapiens,,,,NAFLD_moderate_liver biopsy,explicit label: NAFLD,,,,,,no,,,,,,,RNA-Seq,transcriptomic,cDNA,total RNA,,SRX6635552,SRP217231,PRJNA558102,https://www.ncbi.nlm.nih.gov/geo/query/acc.cgi?acc=GSM3998242,https://www.ncbi.nlm.nih.gov/geo/query/acc.cgi?acc=GSE135251,https://ftp.ncbi.nlm.nih.gov/geo/series/GSE135nnn/GSE135251/suppl/,ftp://ftp.ncbi.nlm.nih.gov/geo/samples/GSM3998nnn/GSM3998242/suppl/GSM3998242_19_138.counts.txt.gz,SRR9883031,ftp.sra.ebi.ac.uk/vol1/fastq/SRR988/001/SRR9883031/SRR9883031_1.fastq.gz;ftp.sra.ebi.ac.uk/vol1/fastq/SRR988/001/SRR9883031/SRR9883031_2.fastq.gz,1202658111;1252761569,28366688,https://www.ncbi.nlm.nih.gov/sra/SRR9883031,33268509; 33762733; 39566466,Aug 01 2019,nas score: 5 || fibrosis stage: 4 || group in paper: NASH_F4 || disease: NAFLD || Stage: moderate
GSM3998243,GSE135251,case,primary,NAFLD,yes,counts,,,,,4,2,Illumina NextSeq 500,TRANSCRIPTOMIC PROFILING ACROSS THE SPECTRUM OF NON-ALCOHOLIC FATTY LIVER DISEASE,Liver patient 85,human liver tissue,no,Homo sapiens,,,,NAFLD_early_liver biopsy,explicit label: NAFLD,,,,,,no,,,,,,,RNA-Seq,transcriptomic,cDNA,total RNA,,SRX6635553,SRP217231,PRJNA558102,https://www.ncbi.nlm.nih.gov/geo/query/acc.cgi?acc=GSM3998243,https://www.ncbi.nlm.nih.gov/geo/query/acc.cgi?acc=GSE135251,https://ftp.ncbi.nlm.nih.gov/geo/series/GSE135nnn/GSE135251/suppl/,ftp://ftp.ncbi.nlm.nih.gov/geo/samples/GSM3998nnn/GSM3998243/suppl/GSM3998243_191-Ann-Daly_S1.counts.txt.gz,SRR9883032,ftp.sra.ebi.ac.uk/vol1/fastq/SRR988/002/SRR9883032/SRR9883032_1.fastq.gz;ftp.sra.ebi.ac.uk/vol1/fastq/SRR988/002/SRR9883032/SRR9883032_2.fastq.gz,1451280883;1488818879,33581773,https://www.ncbi.nlm.nih.gov/sra/SRR9883032,33268509; 33762733; 39566466,Aug 01 2019,nas score: 4 || fibrosis stage: 2 || group in paper: NASH_F2 || disease: NAFLD || Stage: early
GSM3998244,GSE135251,case,primary,NAFLD,yes,counts,,,,,3,0,Illumina NextSeq 500,TRANSCRIPTOMIC PROFILING ACROSS THE SPECTRUM OF NON-ALCOHOLIC FATTY LIVER DISEASE,Liver patient 80,human liver tissue,no,Homo sapiens,,,,NAFLD_early_liver biopsy,explicit label: NAFLD,,,,,,no,,,,,,,RNA-Seq,transcriptomic,cDNA,total RNA,,SRX6635554,SRP217231,PRJNA558102,https://www.ncbi.nlm.nih.gov/geo/query/acc.cgi?acc=GSM3998244,https://www.ncbi.nlm.nih.gov/geo/query/acc.cgi?acc=GSE135251,https://ftp.ncbi.nlm.nih.gov/geo/series/GSE135nnn/GSE135251/suppl/,ftp://ftp.ncbi.nlm.nih.gov/geo/samples/GSM3998nnn/GSM3998244/suppl/GSM3998244_193-Ann-Daly_S2.counts.txt.gz,SRR9883033,ftp.sra.ebi.ac.uk/vol1/fastq/SRR988/003/SRR9883033/SRR9883033_1.fastq.gz;ftp.sra.ebi.ac.uk/vol1/fastq/SRR988/003/SRR9883033/SRR9883033_2.fastq.gz,1499703850;1547402125,34551279,https://www.ncbi.nlm.nih.gov/sra/SRR9883033,33268509; 33762733; 39566466,Aug 01 2019,nas score: 3 || fibrosis stage: 0 || group in paper: NAFL || disease: NAFLD || Stage: early
GSM3998245,GSE135251,case,primary,NAFLD,yes,counts,,,,,4,2,Illumina NextSeq 500,TRANSCRIPTOMIC PROFILING ACROSS THE SPECTRUM OF NON-ALCOHOLIC FATTY LIVER DISEASE,Liver patient 86,human liver tissue,no,Homo sapiens,,,,NAFLD_early_liver biopsy,explicit label: NAFLD,,,,,,no,,,,,,,RNA-Seq,transcriptomic,cDNA,total RNA,,SRX6635555,SRP217231,PRJNA558102,https://www.ncbi.nlm.nih.gov/geo/query/acc.cgi?acc=GSM3998245,https://www.ncbi.nlm.nih.gov/geo/query/acc.cgi?acc=GSE135251,https://ftp.ncbi.nlm.nih.gov/geo/series/GSE135nnn/GSE135251/suppl/,ftp://ftp.ncbi.nlm.nih.gov/geo/samples/GSM3998nnn/GSM3998245/suppl/GSM3998245_197-Ann-Daly_S3.counts.txt.gz,SRR9883034,ftp.sra.ebi.ac.uk/vol1/fastq/SRR988/004/SRR9883034/SRR9883034_1.fastq.gz;ftp.sra.ebi.ac.uk/vol1/fastq/SRR988/004/SRR9883034/SRR9883034_2.fastq.gz,1595965914;1629862034,36643605,https://www.ncbi.nlm.nih.gov/sra/SRR9883034,33268509; 33762733; 39566466,Aug 01 2019,nas score: 4 || fibrosis stage: 2 || group in paper: NASH_F2 || disease: NAFLD || Stage: early
GSM3998246,GSE135251,case,primary,NAFLD,yes,counts,,,,,5,2,Illumina NextSeq 500,TRANSCRIPTOMIC PROFILING ACROSS THE SPECTRUM OF NON-ALCOHOLIC FATTY LIVER DISEASE,Liver patient 89,human liver tissue,no,Homo sapiens,,,,NAFLD_early_liver biopsy,explicit label: NAFLD,,,,,,no,,,,,,,RNA-Seq,transcriptomic,cDNA,total RNA,,SRX6635556,SRP217231,PRJNA558102,https://www.ncbi.nlm.nih.gov/geo/query/acc.cgi?acc=GSM3998246,https://www.ncbi.nlm.nih.gov/geo/query/acc.cgi?acc=GSE135251,https://ftp.ncbi.nlm.nih.gov/geo/series/GSE135nnn/GSE135251/suppl/,ftp://ftp.ncbi.nlm.nih.gov/geo/samples/GSM3998nnn/GSM3998246/suppl/GSM3998246_199-Ann-Daly_S4.counts.txt.gz,SRR9883035,ftp.sra.ebi.ac.uk/vol1/fastq/SRR988/005/SRR9883035/SRR9883035_1.fastq.gz;ftp.sra.ebi.ac.uk/vol1/fastq/SRR988/005/SRR9883035/SRR9883035_2.fastq.gz,1520023215;1543764624,34768891,https://www.ncbi.nlm.nih.gov/sra/SRR9883035,33268509; 33762733; 39566466,Aug 01 2019,nas score: 5 || fibrosis stage: 2 || group in paper: NASH_F2 || disease: NAFLD || Stage: early
GSM3998247,GSE135251,case,primary,NAFLD,yes,counts,,,,,4,0,Illumina NextSeq 500,TRANSCRIPTOMIC PROFILING ACROSS THE SPECTRUM OF NON-ALCOHOLIC FATTY LIVER DISEASE,Liver patient 204,human liver tissue,no,Homo sapiens,,,,NAFLD_early_liver biopsy,explicit label: NAFLD,,,,,,no,,,,,,,RNA-Seq,transcriptomic,cDNA,total RNA,,SRX6635557,SRP217231,PRJNA558102,https://www.ncbi.nlm.nih.gov/geo/query/acc.cgi?acc=GSM3998247,https://www.ncbi.nlm.nih.gov/geo/query/acc.cgi?acc=GSE135251,https://ftp.ncbi.nlm.nih.gov/geo/series/GSE135nnn/GSE135251/suppl/,ftp://ftp.ncbi.nlm.nih.gov/geo/samples/GSM3998nnn/GSM3998247/suppl/GSM3998247_2_23.counts.txt.gz,SRR9883036,ftp.sra.ebi.ac.uk/vol1/fastq/SRR988/006/SRR9883036/SRR9883036_1.fastq.gz;ftp.sra.ebi.ac.uk/vol1/fastq/SRR988/006/SRR9883036/SRR9883036_2.fastq.gz,1620642632;1685214751,38129115,https://www.ncbi.nlm.nih.gov/sra/SRR9883036,33268509; 33762733; 39566466,Aug 01 2019,nas score: 4 || fibrosis stage: 0 || group in paper: NAFL || disease: NAFLD || Stage: early
GSM3998248,GSE135251,case,primary,NAFLD,yes,counts,,,,,7,2,Illumina NextSeq 500,TRANSCRIPTOMIC PROFILING ACROSS THE SPECTRUM OF NON-ALCOHOLIC FATTY LIVER DISEASE,Liver patient 51,human liver tissue,no,Homo sapiens,,,,NAFLD_early_liver biopsy,explicit label: NAFLD,,,,,,no,,,,,,,RNA-Seq,transcriptomic,cDNA,total RNA,,SRX6635558,SRP217231,PRJNA558102,https://www.ncbi.nlm.nih.gov/geo/query/acc.cgi?acc=GSM3998248,https://www.ncbi.nlm.nih.gov/geo/query/acc.cgi?acc=GSE135251,https://ftp.ncbi.nlm.nih.gov/geo/series/GSE135nnn/GSE135251/suppl/,ftp://ftp.ncbi.nlm.nih.gov/geo/samples/GSM3998nnn/GSM3998248/suppl/GSM3998248_200-Ann-Daly_S5.counts.txt.gz,SRR9883037,ftp.sra.ebi.ac.uk/vol1/fastq/SRR988/007/SRR9883037/SRR9883037_1.fastq.gz;ftp.sra.ebi.ac.uk/vol1/fastq/SRR988/007/SRR9883037/SRR9883037_2.fastq.gz,1706719934;1748638180,39354474,https://www.ncbi.nlm.nih.gov/sra/SRR9883037,33268509; 33762733; 39566466,Aug 01 2019,nas score: 7 || fibrosis stage: 2 || group in paper: NASH_F2 || disease: NAFLD || Stage: early
GSM3998249,GSE135251,case,primary,NAFLD,yes,counts,,,,,2,0,Illumina NextSeq 500,TRANSCRIPTOMIC PROFILING ACROSS THE SPECTRUM OF NON-ALCOHOLIC FATTY LIVER DISEASE,Liver patient 87,human liver tissue,no,Homo sapiens,,,,NAFLD_early_liver biopsy,explicit label: NAFLD,,,,,,no,,,,,,,RNA-Seq,transcriptomic,cDNA,total RNA,,SRX6635559,SRP217231,PRJNA558102,https://www.ncbi.nlm.nih.gov/geo/query/acc.cgi?acc=GSM3998249,https://www.ncbi.nlm.nih.gov/geo/query/acc.cgi?acc=GSE135251,https://ftp.ncbi.nlm.nih.gov/geo/series/GSE135nnn/GSE135251/suppl/,ftp://ftp.ncbi.nlm.nih.gov/geo/samples/GSM3998nnn/GSM3998249/suppl/GSM3998249_201-Ann-Daly_S6.counts.txt.gz,SRR9883038,ftp.sra.ebi.ac.uk/vol1/fastq/SRR988/008/SRR9883038/SRR9883038_1.fastq.gz;ftp.sra.ebi.ac.uk/vol1/fastq/SRR988/008/SRR9883038/SRR9883038_2.fastq.gz,1991125190;2047222512,46352848,https://www.ncbi.nlm.nih.gov/sra/SRR9883038,33268509; 33762733; 39566466,Aug 01 2019,nas score: 2 || fibrosis stage: 0 || group in paper: NAFL || disease: NAFLD || Stage: early
GSM3998250,GSE135251,case,primary,NAFLD,yes,counts,,,,,5,4,Illumina NextSeq 500,TRANSCRIPTOMIC PROFILING ACROSS THE SPECTRUM OF NON-ALCOHOLIC FATTY LIVER DISEASE,Liver patient 88,human liver tissue,no,Homo sapiens,,,,NAFLD_moderate_liver biopsy,explicit label: NAFLD,,,,,,no,,,,,,,RNA-Seq,transcriptomic,cDNA,total RNA,,SRX6635560,SRP217231,PRJNA558102,https://www.ncbi.nlm.nih.gov/geo/query/acc.cgi?acc=GSM3998250,https://www.ncbi.nlm.nih.gov/geo/query/acc.cgi?acc=GSE135251,https://ftp.ncbi.nlm.nih.gov/geo/series/GSE135nnn/GSE135251/suppl/,ftp://ftp.ncbi.nlm.nih.gov/geo/samples/GSM3998nnn/GSM3998250/suppl/GSM3998250_202-Ann-Daly_S7.counts.txt.gz,SRR9883039,ftp.sra.ebi.ac.uk/vol1/fastq/SRR988/009/SRR9883039/SRR9883039_1.fastq.gz;ftp.sra.ebi.ac.uk/vol1/fastq/SRR988/009/SRR9883039/SRR9883039_2.fastq.gz,1924529989;1966461797,44566930,https://www.ncbi.nlm.nih.gov/sra/SRR9883039,33268509; 33762733; 39566466,Aug 01 2019,nas score: 5 || fibrosis stage: 4 || group in paper: NASH_F4 || disease: NAFLD || Stage: moderate
GSM3998251,GSE135251,case,primary,NAFLD,yes,counts,,,,,5,3,Illumina NextSeq 500,TRANSCRIPTOMIC PROFILING ACROSS THE SPECTRUM OF NON-ALCOHOLIC FATTY LIVER DISEASE,Liver patient 30,human liver tissue,no,Homo sapiens,,,,NAFLD_moderate_liver biopsy,explicit label: NAFLD,,,,,,no,,,,,,,RNA-Seq,transcriptomic,cDNA,total RNA,,SRX6635561,SRP217231,PRJNA558102,https://www.ncbi.nlm.nih.gov/geo/query/acc.cgi?acc=GSM3998251,https://www.ncbi.nlm.nih.gov/geo/query/acc.cgi?acc=GSE135251,https://ftp.ncbi.nlm.nih.gov/geo/series/GSE135nnn/GSE135251/suppl/,ftp://ftp.ncbi.nlm.nih.gov/geo/samples/GSM3998nnn/GSM3998251/suppl/GSM3998251_204-Ann-Daly_S8.counts.txt.gz,SRR9883040,ftp.sra.ebi.ac.uk/vol1/fastq/SRR988/000/SRR9883040/SRR9883040_1.fastq.gz;ftp.sra.ebi.ac.uk/vol1/fastq/SRR988/000/SRR9883040/SRR9883040_2.fastq.gz,1718551288;1750915192,40459371,https://www.ncbi.nlm.nih.gov/sra/SRR9883040,33268509; 33762733; 39566466,Aug 01 2019,nas score: 5 || fibrosis stage: 3 || group in paper: NASH_F3 || disease: NAFLD || Stage: moderate
GSM3998252,GSE135251,case,primary,NAFLD,yes,counts,,,,,4,2,Illumina NextSeq 500,TRANSCRIPTOMIC PROFILING ACROSS THE SPECTRUM OF NON-ALCOHOLIC FATTY LIVER DISEASE,Liver patient 44,human liver tissue,no,Homo sapiens,,,,NAFLD_early_liver biopsy,explicit label: NAFLD,,,,,,no,,,,,,,RNA-Seq,transcriptomic,cDNA,total RNA,,SRX6635562,SRP217231,PRJNA558102,https://www.ncbi.nlm.nih.gov/geo/query/acc.cgi?acc=GSM3998252,https://www.ncbi.nlm.nih.gov/geo/query/acc.cgi?acc=GSE135251,https://ftp.ncbi.nlm.nih.gov/geo/series/GSE135nnn/GSE135251/suppl/,ftp://ftp.ncbi.nlm.nih.gov/geo/samples/GSM3998nnn/GSM3998252/suppl/GSM3998252_205-Ann-Daly_S9.counts.txt.gz,SRR9883041,ftp.sra.ebi.ac.uk/vol1/fastq/SRR988/001/SRR9883041/SRR9883041_1.fastq.gz;ftp.sra.ebi.ac.uk/vol1/fastq/SRR988/001/SRR9883041/SRR9883041_2.fastq.gz,1558236469;1597580928,36110466,https://www.ncbi.nlm.nih.gov/sra/SRR9883041,33268509; 33762733; 39566466,Aug 01 2019,nas score: 4 || fibrosis stage: 2 || group in paper: NASH_F2 || disease: NAFLD || Stage: early
GSM3998253,GSE135251,case,primary,NAFLD,yes,counts,,,,,8,3,Illumina NextSeq 500,TRANSCRIPTOMIC PROFILING ACROSS THE SPECTRUM OF NON-ALCOHOLIC FATTY LIVER DISEASE,Liver patient 57,human liver tissue,no,Homo sapiens,,,,NAFLD_moderate_liver biopsy,explicit label: NAFLD,,,,,,no,,,,,,,RNA-Seq,transcriptomic,cDNA,total RNA,,SRX6635563,SRP217231,PRJNA558102,https://www.ncbi.nlm.nih.gov/geo/query/acc.cgi?acc=GSM3998253,https://www.ncbi.nlm.nih.gov/geo/query/acc.cgi?acc=GSE135251,https://ftp.ncbi.nlm.nih.gov/geo/series/GSE135nnn/GSE135251/suppl/,ftp://ftp.ncbi.nlm.nih.gov/geo/samples/GSM3998nnn/GSM3998253/suppl/GSM3998253_207-Ann-Daly_S10.counts.txt.gz,SRR9883042,ftp.sra.ebi.ac.uk/vol1/fastq/SRR988/002/SRR9883042/SRR9883042_1.fastq.gz;ftp.sra.ebi.ac.uk/vol1/fastq/SRR988/002/SRR9883042/SRR9883042_2.fastq.gz,1433488501;1475884721,33195808,https://www.ncbi.nlm.nih.gov/sra/SRR9883042,33268509; 33762733; 39566466,Aug 01 2019,nas score: 8 || fibrosis stage: 3 || group in paper: NASH_F3 || disease: NAFLD || Stage: moderate
GSM3998254,GSE135251,case,primary,NAFLD,yes,counts,,,,,4,0,Illumina NextSeq 500,TRANSCRIPTOMIC PROFILING ACROSS THE SPECTRUM OF NON-ALCOHOLIC FATTY LIVER DISEASE,Liver patient 5,human liver tissue,no,Homo sapiens,,,,NAFLD_early_liver biopsy,explicit label: NAFLD,,,,,,no,,,,,,,RNA-Seq,transcriptomic,cDNA,total RNA,,SRX6635564,SRP217231,PRJNA558102,https://www.ncbi.nlm.nih.gov/geo/query/acc.cgi?acc=GSM3998254,https://www.ncbi.nlm.nih.gov/geo/query/acc.cgi?acc=GSE135251,https://ftp.ncbi.nlm.nih.gov/geo/series/GSE135nnn/GSE135251/suppl/,ftp://ftp.ncbi.nlm.nih.gov/geo/samples/GSM3998nnn/GSM3998254/suppl/GSM3998254_208-Ann-Daly_S11.counts.txt.gz,SRR9883043,ftp.sra.ebi.ac.uk/vol1/fastq/SRR988/003/SRR9883043/SRR9883043_1.fastq.gz;ftp.sra.ebi.ac.uk/vol1/fastq/SRR988/003/SRR9883043/SRR9883043_2.fastq.gz,1821838299;1881161148,42467017,https://www.ncbi.nlm.nih.gov/sra/SRR9883043,33268509; 33762733; 39566466,Aug 01 2019,nas score: 4 || fibrosis stage: 0 || group in paper: NAFL || disease: NAFLD || Stage: early
GSM3998255,GSE135251,case,primary,NAFLD,yes,counts,,,,,5,1,Illumina NextSeq 500,TRANSCRIPTOMIC PROFILING ACROSS THE SPECTRUM OF NON-ALCOHOLIC FATTY LIVER DISEASE,Liver patient 40,human liver tissue,no,Homo sapiens,,,,NAFLD_early_liver biopsy,explicit label: NAFLD,,,,,,no,,,,,,,RNA-Seq,transcriptomic,cDNA,total RNA,,SRX6635565,SRP217231,PRJNA558102,https://www.ncbi.nlm.nih.gov/geo/query/acc.cgi?acc=GSM3998255,https://www.ncbi.nlm.nih.gov/geo/query/acc.cgi?acc=GSE135251,https://ftp.ncbi.nlm.nih.gov/geo/series/GSE135nnn/GSE135251/suppl/,ftp://ftp.ncbi.nlm.nih.gov/geo/samples/GSM3998nnn/GSM3998255/suppl/GSM3998255_211-Ann-Daly_S13.counts.txt.gz,SRR9883044,ftp.sra.ebi.ac.uk/vol1/fastq/SRR988/004/SRR9883044/SRR9883044_1.fastq.gz;ftp.sra.ebi.ac.uk/vol1/fastq/SRR988/004/SRR9883044/SRR9883044_2.fastq.gz,1762389543;1834722632,41480187,https://www.ncbi.nlm.nih.gov/sra/SRR9883044,33268509; 33762733; 39566466,Aug 01 2019,nas score: 5 || fibrosis stage: 1 || group in paper: NASH_F0-F1 || disease: NAFLD || Stage: early
GSM3998256,GSE135251,case,primary,NAFLD,yes,counts,,,,,6,2,Illumina NextSeq 500,TRANSCRIPTOMIC PROFILING ACROSS THE SPECTRUM OF NON-ALCOHOLIC FATTY LIVER DISEASE,Liver patient 58,human liver tissue,no,Homo sapiens,,,,NAFLD_early_liver biopsy,explicit label: NAFLD,,,,,,no,,,,,,,RNA-Seq,transcriptomic,cDNA,total RNA,,SRX6635566,SRP217231,PRJNA558102,https://www.ncbi.nlm.nih.gov/geo/query/acc.cgi?acc=GSM3998256,https://www.ncbi.nlm.nih.gov/geo/query/acc.cgi?acc=GSE135251,https://ftp.ncbi.nlm.nih.gov/geo/series/GSE135nnn/GSE135251/suppl/,ftp://ftp.ncbi.nlm.nih.gov/geo/samples/GSM3998nnn/GSM3998256/suppl/GSM3998256_214-Ann-Daly_S15.counts.txt.gz,SRR9883045,ftp.sra.ebi.ac.uk/vol1/fastq/SRR988/005/SRR9883045/SRR9883045_1.fastq.gz;ftp.sra.ebi.ac.uk/vol1/fastq/SRR988/005/SRR9883045/SRR9883045_2.fastq.gz,1390967515;1425264538,31777241,https://www.ncbi.nlm.nih.gov/sra/SRR9883045,33268509; 33762733; 39566466,Aug 01 2019,nas score: 6 || fibrosis stage: 2 || group in paper: NASH_F2 || disease: NAFLD || Stage: early
GSM3998257,GSE135251,case,primary,NAFLD,yes,counts,,,,,7,2,Illumina NextSeq 500,TRANSCRIPTOMIC PROFILING ACROSS THE SPECTRUM OF NON-ALCOHOLIC FATTY LIVER DISEASE,Liver patient 59,human liver tissue,no,Homo sapiens,,,,NAFLD_early_liver biopsy,explicit label: NAFLD,,,,,,no,,,,,,,RNA-Seq,transcriptomic,cDNA,total RNA,,SRX6635567,SRP217231,PRJNA558102,https://www.ncbi.nlm.nih.gov/geo/query/acc.cgi?acc=GSM3998257,https://www.ncbi.nlm.nih.gov/geo/query/acc.cgi?acc=GSE135251,https://ftp.ncbi.nlm.nih.gov/geo/series/GSE135nnn/GSE135251/suppl/,ftp://ftp.ncbi.nlm.nih.gov/geo/samples/GSM3998nnn/GSM3998257/suppl/GSM3998257_215-Ann-Daly_S16.counts.txt.gz,SRR9883046,ftp.sra.ebi.ac.uk/vol1/fastq/SRR988/006/SRR9883046/SRR9883046_1.fastq.gz;ftp.sra.ebi.ac.uk/vol1/fastq/SRR988/006/SRR9883046/SRR9883046_2.fastq.gz,1669580773;1707453146,38929581,https://www.ncbi.nlm.nih.gov/sra/SRR9883046,33268509; 33762733; 39566466,Aug 01 2019,nas score: 7 || fibrosis stage: 2 || group in paper: NASH_F2 || disease: NAFLD || Stage: early
GSM3998258,GSE135251,case,primary,NAFLD,yes,counts,,,,,2,4,Illumina NextSeq 500,TRANSCRIPTOMIC PROFILING ACROSS THE SPECTRUM OF NON-ALCOHOLIC FATTY LIVER DISEASE,Liver patient 32,human liver tissue,no,Homo sapiens,,,,NAFLD_moderate_liver biopsy,explicit label: NAFLD,,,,,,no,,,,,,,RNA-Seq,transcriptomic,cDNA,total RNA,,SRX6635568,SRP217231,PRJNA558102,https://www.ncbi.nlm.nih.gov/geo/query/acc.cgi?acc=GSM3998258,https://www.ncbi.nlm.nih.gov/geo/query/acc.cgi?acc=GSE135251,https://ftp.ncbi.nlm.nih.gov/geo/series/GSE135nnn/GSE135251/suppl/,ftp://ftp.ncbi.nlm.nih.gov/geo/samples/GSM3998nnn/GSM3998258/suppl/GSM3998258_216-Ann-Daly_S1.counts.txt.gz,SRR9883047,ftp.sra.ebi.ac.uk/vol1/fastq/SRR988/007/SRR9883047/SRR9883047_1.fastq.gz;ftp.sra.ebi.ac.uk/vol1/fastq/SRR988/007/SRR9883047/SRR9883047_2.fastq.gz,1773650218;1808454082,39760905,https://www.ncbi.nlm.nih.gov/sra/SRR9883047,33268509; 33762733; 39566466,Aug 01 2019,nas score: 2 || fibrosis stage: 4 || group in paper: NASH_F4 || disease: NAFLD || Stage: moderate
GSM3998259,GSE135251,case,primary,NAFLD,yes,counts,,,,,6,2,Illumina NextSeq 500,TRANSCRIPTOMIC PROFILING ACROSS THE SPECTRUM OF NON-ALCOHOLIC FATTY LIVER DISEASE,Liver patient 188,human liver tissue,no,Homo sapiens,,,,NAFLD_early_liver biopsy,explicit label: NAFLD,,,,,,no,,,,,,,RNA-Seq,transcriptomic,cDNA,total RNA,,SRX6635569,SRP217231,PRJNA558102,https://www.ncbi.nlm.nih.gov/geo/query/acc.cgi?acc=GSM3998259,https://www.ncbi.nlm.nih.gov/geo/query/acc.cgi?acc=GSE135251,https://ftp.ncbi.nlm.nih.gov/geo/series/GSE135nnn/GSE135251/suppl/,ftp://ftp.ncbi.nlm.nih.gov/geo/samples/GSM3998nnn/GSM3998259/suppl/GSM3998259_22_151.counts.txt.gz,SRR9883048,ftp.sra.ebi.ac.uk/vol1/fastq/SRR988/008/SRR9883048/SRR9883048_1.fastq.gz;ftp.sra.ebi.ac.uk/vol1/fastq/SRR988/008/SRR9883048/SRR9883048_2.fastq.gz,1223541304;1348741205,31547165,https://www.ncbi.nlm.nih.gov/sra/SRR9883048,33268509; 33762733; 39566466,Aug 01 2019,nas score: 6 || fibrosis stage: 2 || group in paper: NASH_F2 || disease: NAFLD || Stage: early
GSM3998260,GSE135251,case,primary,NAFLD,yes,counts,,,,,3,2,Illumina NextSeq 500,TRANSCRIPTOMIC PROFILING ACROSS THE SPECTRUM OF NON-ALCOHOLIC FATTY LIVER DISEASE,Liver patient 187,human liver tissue,no,Homo sapiens,,,,NAFLD_early_liver biopsy,explicit label: NAFLD,,,,,,no,,,,,,,RNA-Seq,transcriptomic,cDNA,total RNA,,SRX6635570,SRP217231,PRJNA558102,https://www.ncbi.nlm.nih.gov/geo/query/acc.cgi?acc=GSM3998260,https://www.ncbi.nlm.nih.gov/geo/query/acc.cgi?acc=GSE135251,https://ftp.ncbi.nlm.nih.gov/geo/series/GSE135nnn/GSE135251/suppl/,ftp://ftp.ncbi.nlm.nih.gov/geo/samples/GSM3998nnn/GSM3998260/suppl/GSM3998260_23_154.counts.txt.gz,SRR9883049,ftp.sra.ebi.ac.uk/vol1/fastq/SRR988/009/SRR9883049/SRR9883049_1.fastq.gz;ftp.sra.ebi.ac.uk/vol1/fastq/SRR988/009/SRR9883049/SRR9883049_2.fastq.gz,1408294285;1508463190,34702101,https://www.ncbi.nlm.nih.gov/sra/SRR9883049,33268509; 33762733; 39566466,Aug 01 2019,nas score: 3 || fibrosis stage: 2 || group in paper: NASH_F2 || disease: NAFLD || Stage: early
GSM3998261,GSE135251,case,primary,NAFLD,yes,counts,,,,,7,3,Illumina NextSeq 500,TRANSCRIPTOMIC PROFILING ACROSS THE SPECTRUM OF NON-ALCOHOLIC FATTY LIVER DISEASE,Liver patient 13,human liver tissue,no,Homo sapiens,,,,NAFLD_moderate_liver biopsy,explicit label: NAFLD,,,,,,no,,,,,,,RNA-Seq,transcriptomic,cDNA,total RNA,,SRX6635571,SRP217231,PRJNA558102,https://www.ncbi.nlm.nih.gov/geo/query/acc.cgi?acc=GSM3998261,https://www.ncbi.nlm.nih.gov/geo/query/acc.cgi?acc=GSE135251,https://ftp.ncbi.nlm.nih.gov/geo/series/GSE135nnn/GSE135251/suppl/,ftp://ftp.ncbi.nlm.nih.gov/geo/samples/GSM3998nnn/GSM3998261/suppl/GSM3998261_233-Ann-Daly_S3.counts.txt.gz,SRR9883050,ftp.sra.ebi.ac.uk/vol1/fastq/SRR988/000/SRR9883050/SRR9883050_1.fastq.gz;ftp.sra.ebi.ac.uk/vol1/fastq/SRR988/000/SRR9883050/SRR9883050_2.fastq.gz,1755674268;1786797371,40905816,https://www.ncbi.nlm.nih.gov/sra/SRR9883050,33268509; 33762733; 39566466,Aug 01 2019,nas score: 7 || fibrosis stage: 3 || group in paper: NASH_F3 || disease: NAFLD || Stage: moderate
GSM3998262,GSE135251,case,primary,NAFLD,yes,counts,,,,,4,3,Illumina NextSeq 500,TRANSCRIPTOMIC PROFILING ACROSS THE SPECTRUM OF NON-ALCOHOLIC FATTY LIVER DISEASE,Liver patient 24,human liver tissue,no,Homo sapiens,,,,NAFLD_moderate_liver biopsy,explicit label: NAFLD,,,,,,no,,,,,,,RNA-Seq,transcriptomic,cDNA,total RNA,,SRX6635572,SRP217231,PRJNA558102,https://www.ncbi.nlm.nih.gov/geo/query/acc.cgi?acc=GSM3998262,https://www.ncbi.nlm.nih.gov/geo/query/acc.cgi?acc=GSE135251,https://ftp.ncbi.nlm.nih.gov/geo/series/GSE135nnn/GSE135251/suppl/,ftp://ftp.ncbi.nlm.nih.gov/geo/samples/GSM3998nnn/GSM3998262/suppl/GSM3998262_234-Ann-Daly_S4.counts.txt.gz,SRR9883051,ftp.sra.ebi.ac.uk/vol1/fastq/SRR988/001/SRR9883051/SRR9883051_1.fastq.gz;ftp.sra.ebi.ac.uk/vol1/fastq/SRR988/001/SRR9883051/SRR9883051_2.fastq.gz,1760025947;1792505766,39926571,https://www.ncbi.nlm.nih.gov/sra/SRR9883051,33268509; 33762733; 39566466,Aug 01 2019,nas score: 4 || fibrosis stage: 3 || group in paper: NASH_F3 || disease: NAFLD || Stage: moderate
GSM3998263,GSE135251,case,primary,NAFLD,yes,counts,,,,,6,2,Illumina NextSeq 500,TRANSCRIPTOMIC PROFILING ACROSS THE SPECTRUM OF NON-ALCOHOLIC FATTY LIVER DISEASE,Liver patient 28,human liver tissue,no,Homo sapiens,,,,NAFLD_early_liver biopsy,explicit label: NAFLD,,,,,,no,,,,,,,RNA-Seq,transcriptomic,cDNA,total RNA,,SRX6635573,SRP217231,PRJNA558102,https://www.ncbi.nlm.nih.gov/geo/query/acc.cgi?acc=GSM3998263,https://www.ncbi.nlm.nih.gov/geo/query/acc.cgi?acc=GSE135251,https://ftp.ncbi.nlm.nih.gov/geo/series/GSE135nnn/GSE135251/suppl/,ftp://ftp.ncbi.nlm.nih.gov/geo/samples/GSM3998nnn/GSM3998263/suppl/GSM3998263_235-Ann-Daly_S5.counts.txt.gz,SRR9883052,ftp.sra.ebi.ac.uk/vol1/fastq/SRR988/002/SRR9883052/SRR9883052_1.fastq.gz;ftp.sra.ebi.ac.uk/vol1/fastq/SRR988/002/SRR9883052/SRR9883052_2.fastq.gz,1858420930;1966999287,42365546,https://www.ncbi.nlm.nih.gov/sra/SRR9883052,33268509; 33762733; 39566466,Aug 01 2019,nas score: 6 || fibrosis stage: 2 || group in paper: NASH_F2 || disease: NAFLD || Stage: early
GSM3998264,GSE135251,case,primary,NAFLD,yes,counts,,,,,6,2,Illumina NextSeq 500,TRANSCRIPTOMIC PROFILING ACROSS THE SPECTRUM OF NON-ALCOHOLIC FATTY LIVER DISEASE,Liver patient 29,human liver tissue,no,Homo sapiens,,,,NAFLD_early_liver biopsy,explicit label: NAFLD,,,,,,no,,,,,,,RNA-Seq,transcriptomic,cDNA,total RNA,,SRX6635574,SRP217231,PRJNA558102,https://www.ncbi.nlm.nih.gov/geo/query/acc.cgi?acc=GSM3998264,https://www.ncbi.nlm.nih.gov/geo/query/acc.cgi?acc=GSE135251,https://ftp.ncbi.nlm.nih.gov/geo/series/GSE135nnn/GSE135251/suppl/,ftp://ftp.ncbi.nlm.nih.gov/geo/samples/GSM3998nnn/GSM3998264/suppl/GSM3998264_236-Ann-Daly_S6.counts.txt.gz,SRR9883053,ftp.sra.ebi.ac.uk/vol1/fastq/SRR988/003/SRR9883053/SRR9883053_1.fastq.gz;ftp.sra.ebi.ac.uk/vol1/fastq/SRR988/003/SRR9883053/SRR9883053_2.fastq.gz,1960365100;2047469058,44691625,https://www.ncbi.nlm.nih.gov/sra/SRR9883053,33268509; 33762733; 39566466,Aug 01 2019,nas score: 6 || fibrosis stage: 2 || group in paper: NASH_F2 || disease: NAFLD || Stage: early
GSM3998265,GSE135251,case,primary,NAFLD,yes,counts,,,,,3,3,Illumina NextSeq 500,TRANSCRIPTOMIC PROFILING ACROSS THE SPECTRUM OF NON-ALCOHOLIC FATTY LIVER DISEASE,Liver patient 34,human liver tissue,no,Homo sapiens,,,,NAFLD_moderate_liver biopsy,explicit label: NAFLD,,,,,,no,,,,,,,RNA-Seq,transcriptomic,cDNA,total RNA,,SRX6635575,SRP217231,PRJNA558102,https://www.ncbi.nlm.nih.gov/geo/query/acc.cgi?acc=GSM3998265,https://www.ncbi.nlm.nih.gov/geo/query/acc.cgi?acc=GSE135251,https://ftp.ncbi.nlm.nih.gov/geo/series/GSE135nnn/GSE135251/suppl/,ftp://ftp.ncbi.nlm.nih.gov/geo/samples/GSM3998nnn/GSM3998265/suppl/GSM3998265_237-Ann-Daly_S7.counts.txt.gz,SRR9883054,ftp.sra.ebi.ac.uk/vol1/fastq/SRR988/004/SRR9883054/SRR9883054_1.fastq.gz;ftp.sra.ebi.ac.uk/vol1/fastq/SRR988/004/SRR9883054/SRR9883054_2.fastq.gz,1765927271;1872607119,40858649,https://www.ncbi.nlm.nih.gov/sra/SRR9883054,33268509; 33762733; 39566466,Aug 01 2019,nas score: 3 || fibrosis stage: 3 || group in paper: NASH_F3 || disease: NAFLD || Stage: moderate
GSM3998266,GSE135251,case,primary,NAFLD,yes,counts,,,,,3,0,Illumina NextSeq 500,TRANSCRIPTOMIC PROFILING ACROSS THE SPECTRUM OF NON-ALCOHOLIC FATTY LIVER DISEASE,Liver patient 36,human liver tissue,no,Homo sapiens,,,,NAFLD_early_liver biopsy,explicit label: NAFLD,,,,,,no,,,,,,,RNA-Seq,transcriptomic,cDNA,total RNA,,SRX6635576,SRP217231,PRJNA558102,https://www.ncbi.nlm.nih.gov/geo/query/acc.cgi?acc=GSM3998266,https://www.ncbi.nlm.nih.gov/geo/query/acc.cgi?acc=GSE135251,https://ftp.ncbi.nlm.nih.gov/geo/series/GSE135nnn/GSE135251/suppl/,ftp://ftp.ncbi.nlm.nih.gov/geo/samples/GSM3998nnn/GSM3998266/suppl/GSM3998266_238-Ann-Daly_S8.counts.txt.gz,SRR9883055,ftp.sra.ebi.ac.uk/vol1/fastq/SRR988/005/SRR9883055/SRR9883055_1.fastq.gz;ftp.sra.ebi.ac.uk/vol1/fastq/SRR988/005/SRR9883055/SRR9883055_2.fastq.gz,1653157180;1691689342,37874744,https://www.ncbi.nlm.nih.gov/sra/SRR9883055,33268509; 33762733; 39566466,Aug 01 2019,nas score: 3 || fibrosis stage: 0 || group in paper: NASH_F0-F1 || disease: NAFLD || Stage: early
GSM3998267,GSE135251,case,primary,NAFLD,yes,counts,,,,,2,0,Illumina NextSeq 500,TRANSCRIPTOMIC PROFILING ACROSS THE SPECTRUM OF NON-ALCOHOLIC FATTY LIVER DISEASE,Liver patient 42,human liver tissue,no,Homo sapiens,,,,NAFLD_early_liver biopsy,explicit label: NAFLD,,,,,,no,,,,,,,RNA-Seq,transcriptomic,cDNA,total RNA,,SRX6635577,SRP217231,PRJNA558102,https://www.ncbi.nlm.nih.gov/geo/query/acc.cgi?acc=GSM3998267,https://www.ncbi.nlm.nih.gov/geo/query/acc.cgi?acc=GSE135251,https://ftp.ncbi.nlm.nih.gov/geo/series/GSE135nnn/GSE135251/suppl/,ftp://ftp.ncbi.nlm.nih.gov/geo/samples/GSM3998nnn/GSM3998267/suppl/GSM3998267_239-Ann-Daly_S9.counts.txt.gz,SRR9883056,ftp.sra.ebi.ac.uk/vol1/fastq/SRR988/006/SRR9883056/SRR9883056_1.fastq.gz;ftp.sra.ebi.ac.uk/vol1/fastq/SRR988/006/SRR9883056/SRR9883056_2.fastq.gz,1863396724;1903524311,42961074,https://www.ncbi.nlm.nih.gov/sra/SRR9883056,33268509; 33762733; 39566466,Aug 01 2019,nas score: 2 || fibrosis stage: 0 || group in paper: NAFL || disease: NAFLD || Stage: early
GSM3998268,GSE135251,case,primary,NAFLD,yes,counts,,,,,5,3,Illumina NextSeq 500,TRANSCRIPTOMIC PROFILING ACROSS THE SPECTRUM OF NON-ALCOHOLIC FATTY LIVER DISEASE,Liver patient 186,human liver tissue,no,Homo sapiens,,,,NAFLD_moderate_liver biopsy,explicit label: NAFLD,,,,,,no,,,,,,,RNA-Seq,transcriptomic,cDNA,total RNA,,SRX6635578,SRP217231,PRJNA558102,https://www.ncbi.nlm.nih.gov/geo/query/acc.cgi?acc=GSM3998268,https://www.ncbi.nlm.nih.gov/geo/query/acc.cgi?acc=GSE135251,https://ftp.ncbi.nlm.nih.gov/geo/series/GSE135nnn/GSE135251/suppl/,ftp://ftp.ncbi.nlm.nih.gov/geo/samples/GSM3998nnn/GSM3998268/suppl/GSM3998268_24_160.counts.txt.gz,SRR9883057,ftp.sra.ebi.ac.uk/vol1/fastq/SRR988/007/SRR9883057/SRR9883057_1.fastq.gz;ftp.sra.ebi.ac.uk/vol1/fastq/SRR988/007/SRR9883057/SRR9883057_2.fastq.gz,1239095725;1285481696,29575689,https://www.ncbi.nlm.nih.gov/sra/SRR9883057,33268509; 33762733; 39566466,Aug 01 2019,nas score: 5 || fibrosis stage: 3 || group in paper: NASH_F3 || disease: NAFLD || Stage: moderate
GSM3998269,GSE135251,case,primary,NAFLD,yes,counts,,,,,5,2,Illumina NextSeq 500,TRANSCRIPTOMIC PROFILING ACROSS THE SPECTRUM OF NON-ALCOHOLIC FATTY LIVER DISEASE,Liver patient 113,human liver tissue,no,Homo sapiens,,,,NAFLD_early_liver biopsy,explicit label: NAFLD,,,,,,no,,,,,,,RNA-Seq,transcriptomic,cDNA,total RNA,,SRX6635579,SRP217231,PRJNA558102,https://www.ncbi.nlm.nih.gov/geo/query/acc.cgi?acc=GSM3998269,https://www.ncbi.nlm.nih.gov/geo/query/acc.cgi?acc=GSE135251,https://ftp.ncbi.nlm.nih.gov/geo/series/GSE135nnn/GSE135251/suppl/,ftp://ftp.ncbi.nlm.nih.gov/geo/samples/GSM3998nnn/GSM3998269/suppl/GSM3998269_240-Ann-Daly_S1.counts.txt.gz,SRR9883058,ftp.sra.ebi.ac.uk/vol1/fastq/SRR988/008/SRR9883058/SRR9883058_1.fastq.gz;ftp.sra.ebi.ac.uk/vol1/fastq/SRR988/008/SRR9883058/SRR9883058_2.fastq.gz,1693368259;1744053144,37306781,https://www.ncbi.nlm.nih.gov/sra/SRR9883058,33268509; 33762733; 39566466,Aug 01 2019,nas score: 5 || fibrosis stage: 2 || group in paper: NASH_F2 || disease: NAFLD || Stage: early
GSM3998270,GSE135251,case,primary,NAFLD,yes,counts,,,,,4,0,Illumina NextSeq 500,TRANSCRIPTOMIC PROFILING ACROSS THE SPECTRUM OF NON-ALCOHOLIC FATTY LIVER DISEASE,Liver patient 31,human liver tissue,no,Homo sapiens,,,,NAFLD_early_liver biopsy,explicit label: NAFLD,,,,,,no,,,,,,,RNA-Seq,transcriptomic,cDNA,total RNA,,SRX6635580,SRP217231,PRJNA558102,https://www.ncbi.nlm.nih.gov/geo/query/acc.cgi?acc=GSM3998270,https://www.ncbi.nlm.nih.gov/geo/query/acc.cgi?acc=GSE135251,https://ftp.ncbi.nlm.nih.gov/geo/series/GSE135nnn/GSE135251/suppl/,ftp://ftp.ncbi.nlm.nih.gov/geo/samples/GSM3998nnn/GSM3998270/suppl/GSM3998270_241-Ann-Daly_S2.counts.txt.gz,SRR9883059,ftp.sra.ebi.ac.uk/vol1/fastq/SRR988/009/SRR9883059/SRR9883059_1.fastq.gz;ftp.sra.ebi.ac.uk/vol1/fastq/SRR988/009/SRR9883059/SRR9883059_2.fastq.gz,1999081208;2050669637,44581903,https://www.ncbi.nlm.nih.gov/sra/SRR9883059,33268509; 33762733; 39566466,Aug 01 2019,nas score: 4 || fibrosis stage: 0 || group in paper: NAFL || disease: NAFLD || Stage: early
GSM3998271,GSE135251,case,primary,NAFLD,yes,counts,,,,,6,1,Illumina NextSeq 500,TRANSCRIPTOMIC PROFILING ACROSS THE SPECTRUM OF NON-ALCOHOLIC FATTY LIVER DISEASE,Liver patient 33,human liver tissue,no,Homo sapiens,,,,NAFLD_early_liver biopsy,explicit label: NAFLD,,,,,,no,,,,,,,RNA-Seq,transcriptomic,cDNA,total RNA,,SRX6635581,SRP217231,PRJNA558102,https://www.ncbi.nlm.nih.gov/geo/query/acc.cgi?acc=GSM3998271,https://www.ncbi.nlm.nih.gov/geo/query/acc.cgi?acc=GSE135251,https://ftp.ncbi.nlm.nih.gov/geo/series/GSE135nnn/GSE135251/suppl/,ftp://ftp.ncbi.nlm.nih.gov/geo/samples/GSM3998nnn/GSM3998271/suppl/GSM3998271_242-Ann-Daly_S10.counts.txt.gz,SRR9883060,ftp.sra.ebi.ac.uk/vol1/fastq/SRR988/000/SRR9883060/SRR9883060_1.fastq.gz;ftp.sra.ebi.ac.uk/vol1/fastq/SRR988/000/SRR9883060/SRR9883060_2.fastq.gz,1995689783;2029296750,45487773,https://www.ncbi.nlm.nih.gov/sra/SRR9883060,33268509; 33762733; 39566466,Aug 01 2019,nas score: 6 || fibrosis stage: 1 || group in paper: NASH_F0-F1 || disease: NAFLD || Stage: early
GSM3998272,GSE135251,case,primary,NAFLD,yes,counts,,,,,3,0,Illumina NextSeq 500,TRANSCRIPTOMIC PROFILING ACROSS THE SPECTRUM OF NON-ALCOHOLIC FATTY LIVER DISEASE,Liver patient 35,human liver tissue,no,Homo sapiens,,,,NAFLD_early_liver biopsy,explicit label: NAFLD,,,,,,no,,,,,,,RNA-Seq,transcriptomic,cDNA,total RNA,,SRX6635582,SRP217231,PRJNA558102,https://www.ncbi.nlm.nih.gov/geo/query/acc.cgi?acc=GSM3998272,https://www.ncbi.nlm.nih.gov/geo/query/acc.cgi?acc=GSE135251,https://ftp.ncbi.nlm.nih.gov/geo/series/GSE135nnn/GSE135251/suppl/,ftp://ftp.ncbi.nlm.nih.gov/geo/samples/GSM3998nnn/GSM3998272/suppl/GSM3998272_243-Ann-Daly_S11.counts.txt.gz,SRR9883061,ftp.sra.ebi.ac.uk/vol1/fastq/SRR988/001/SRR9883061/SRR9883061_1.fastq.gz;ftp.sra.ebi.ac.uk/vol1/fastq/SRR988/001/SRR9883061/SRR9883061_2.fastq.gz,1551042872;1574584472,34715057,https://www.ncbi.nlm.nih.gov/sra/SRR9883061,33268509; 33762733; 39566466,Aug 01 2019,nas score: 3 || fibrosis stage: 0 || group in paper: NAFL || disease: NAFLD || Stage: early
GSM3998273,GSE135251,case,primary,NAFLD,yes,counts,,,,,6,1,Illumina NextSeq 500,TRANSCRIPTOMIC PROFILING ACROSS THE SPECTRUM OF NON-ALCOHOLIC FATTY LIVER DISEASE,Liver patient 37,human liver tissue,no,Homo sapiens,,,,NAFLD_early_liver biopsy,explicit label: NAFLD,,,,,,no,,,,,,,RNA-Seq,transcriptomic,cDNA,total RNA,,SRX6635583,SRP217231,PRJNA558102,https://www.ncbi.nlm.nih.gov/geo/query/acc.cgi?acc=GSM3998273,https://www.ncbi.nlm.nih.gov/geo/query/acc.cgi?acc=GSE135251,https://ftp.ncbi.nlm.nih.gov/geo/series/GSE135nnn/GSE135251/suppl/,ftp://ftp.ncbi.nlm.nih.gov/geo/samples/GSM3998nnn/GSM3998273/suppl/GSM3998273_244-Ann-Daly_S12.counts.txt.gz,SRR9883062,ftp.sra.ebi.ac.uk/vol1/fastq/SRR988/002/SRR9883062/SRR9883062_1.fastq.gz;ftp.sra.ebi.ac.uk/vol1/fastq/SRR988/002/SRR9883062/SRR9883062_2.fastq.gz,1325990843;1351189763,29934883,https://www.ncbi.nlm.nih.gov/sra/SRR9883062,33268509; 33762733; 39566466,Aug 01 2019,nas score: 6 || fibrosis stage: 1 || group in paper: NASH_F0-F1 || disease: NAFLD || Stage: early
GSM3998274,GSE135251,case,primary,NAFLD,yes,counts,,,,,6,3,Illumina NextSeq 500,TRANSCRIPTOMIC PROFILING ACROSS THE SPECTRUM OF NON-ALCOHOLIC FATTY LIVER DISEASE,Liver patient 38,human liver tissue,no,Homo sapiens,,,,NAFLD_moderate_liver biopsy,explicit label: NAFLD,,,,,,no,,,,,,,RNA-Seq,transcriptomic,cDNA,total RNA,,SRX6635584,SRP217231,PRJNA558102,https://www.ncbi.nlm.nih.gov/geo/query/acc.cgi?acc=GSM3998274,https://www.ncbi.nlm.nih.gov/geo/query/acc.cgi?acc=GSE135251,https://ftp.ncbi.nlm.nih.gov/geo/series/GSE135nnn/GSE135251/suppl/,ftp://ftp.ncbi.nlm.nih.gov/geo/samples/GSM3998nnn/GSM3998274/suppl/GSM3998274_245-Ann-Daly_S13.counts.txt.gz,SRR9883063,ftp.sra.ebi.ac.uk/vol1/fastq/SRR988/003/SRR9883063/SRR9883063_1.fastq.gz;ftp.sra.ebi.ac.uk/vol1/fastq/SRR988/003/SRR9883063/SRR9883063_2.fastq.gz,1751531755;1799329303,40020186,https://www.ncbi.nlm.nih.gov/sra/SRR9883063,33268509; 33762733; 39566466,Aug 01 2019,nas score: 6 || fibrosis stage: 3 || group in paper: NASH_F3 || disease: NAFLD || Stage: moderate
GSM3998275,GSE135251,case,primary,NAFLD,yes,counts,,,,,1,4,Illumina NextSeq 500,TRANSCRIPTOMIC PROFILING ACROSS THE SPECTRUM OF NON-ALCOHOLIC FATTY LIVER DISEASE,Liver patient 39,human liver tissue,no,Homo sapiens,,,,NAFLD_moderate_liver biopsy,explicit label: NAFLD,,,,,,no,,,,,,,RNA-Seq,transcriptomic,cDNA,total RNA,,SRX6635585,SRP217231,PRJNA558102,https://www.ncbi.nlm.nih.gov/geo/query/acc.cgi?acc=GSM3998275,https://www.ncbi.nlm.nih.gov/geo/query/acc.cgi?acc=GSE135251,https://ftp.ncbi.nlm.nih.gov/geo/series/GSE135nnn/GSE135251/suppl/,ftp://ftp.ncbi.nlm.nih.gov/geo/samples/GSM3998nnn/GSM3998275/suppl/GSM3998275_246-Ann-Daly_S14.counts.txt.gz,SRR9883064,ftp.sra.ebi.ac.uk/vol1/fastq/SRR988/004/SRR9883064/SRR9883064_1.fastq.gz;ftp.sra.ebi.ac.uk/vol1/fastq/SRR988/004/SRR9883064/SRR9883064_2.fastq.gz,1581542935;1618749896,36225353,https://www.ncbi.nlm.nih.gov/sra/SRR9883064,33268509; 33762733; 39566466,Aug 01 2019,nas score: 1 || fibrosis stage: 4 || group in paper: NASH_F4 || disease: NAFLD || Stage: moderate
GSM3998276,GSE135251,case,primary,NAFLD,yes,counts,,,,,2,0,Illumina NextSeq 500,TRANSCRIPTOMIC PROFILING ACROSS THE SPECTRUM OF NON-ALCOHOLIC FATTY LIVER DISEASE,Liver patient 43,human liver tissue,no,Homo sapiens,,,,NAFLD_early_liver biopsy,explicit label: NAFLD,,,,,,no,,,,,,,RNA-Seq,transcriptomic,cDNA,total RNA,,SRX6635586,SRP217231,PRJNA558102,https://www.ncbi.nlm.nih.gov/geo/query/acc.cgi?acc=GSM3998276,https://www.ncbi.nlm.nih.gov/geo/query/acc.cgi?acc=GSE135251,https://ftp.ncbi.nlm.nih.gov/geo/series/GSE135nnn/GSE135251/suppl/,ftp://ftp.ncbi.nlm.nih.gov/geo/samples/GSM3998nnn/GSM3998276/suppl/GSM3998276_247-Ann-Daly_S15.counts.txt.gz,SRR9883065,ftp.sra.ebi.ac.uk/vol1/fastq/SRR988/005/SRR9883065/SRR9883065_1.fastq.gz;ftp.sra.ebi.ac.uk/vol1/fastq/SRR988/005/SRR9883065/SRR9883065_2.fastq.gz,1545458447;1587885354,34424404,https://www.ncbi.nlm.nih.gov/sra/SRR9883065,33268509; 33762733; 39566466,Aug 01 2019,nas score: 2 || fibrosis stage: 0 || group in paper: NAFL || disease: NAFLD || Stage: early
GSM3998277,GSE135251,case,primary,NAFLD,yes,counts,,,,,4,2,Illumina NextSeq 500,TRANSCRIPTOMIC PROFILING ACROSS THE SPECTRUM OF NON-ALCOHOLIC FATTY LIVER DISEASE,Liver patient 184,human liver tissue,no,Homo sapiens,,,,NAFLD_early_liver biopsy,explicit label: NAFLD,,,,,,no,,,,,,,RNA-Seq,transcriptomic,cDNA,total RNA,,SRX6635587,SRP217231,PRJNA558102,https://www.ncbi.nlm.nih.gov/geo/query/acc.cgi?acc=GSM3998277,https://www.ncbi.nlm.nih.gov/geo/query/acc.cgi?acc=GSE135251,https://ftp.ncbi.nlm.nih.gov/geo/series/GSE135nnn/GSE135251/suppl/,ftp://ftp.ncbi.nlm.nih.gov/geo/samples/GSM3998nnn/GSM3998277/suppl/GSM3998277_25_164.counts.txt.gz,SRR9883066,ftp.sra.ebi.ac.uk/vol1/fastq/SRR988/006/SRR9883066/SRR9883066_1.fastq.gz;ftp.sra.ebi.ac.uk/vol1/fastq/SRR988/006/SRR9883066/SRR9883066_2.fastq.gz,1139498034;1182020589,26695747,https://www.ncbi.nlm.nih.gov/sra/SRR9883066,33268509; 33762733; 39566466,Aug 01 2019,nas score: 4 || fibrosis stage: 2 || group in paper: NASH_F2 || disease: NAFLD || Stage: early
GSM3998278,GSE135251,case,primary,NAFLD,yes,counts,,,,,5,2,Illumina NextSeq 500,TRANSCRIPTOMIC PROFILING ACROSS THE SPECTRUM OF NON-ALCOHOLIC FATTY LIVER DISEASE,Liver patient 11,human liver tissue,no,Homo sapiens,,,,NAFLD_early_liver biopsy,explicit label: NAFLD,,,,,,no,,,,,,,RNA-Seq,transcriptomic,cDNA,total RNA,,SRX6635588,SRP217231,PRJNA558102,https://www.ncbi.nlm.nih.gov/geo/query/acc.cgi?acc=GSM3998278,https://www.ncbi.nlm.nih.gov/geo/query/acc.cgi?acc=GSE135251,https://ftp.ncbi.nlm.nih.gov/geo/series/GSE135nnn/GSE135251/suppl/,ftp://ftp.ncbi.nlm.nih.gov/geo/samples/GSM3998nnn/GSM3998278/suppl/GSM3998278_252-Ann-Daly_S16.counts.txt.gz,SRR9883067,ftp.sra.ebi.ac.uk/vol1/fastq/SRR988/007/SRR9883067/SRR9883067_1.fastq.gz;ftp.sra.ebi.ac.uk/vol1/fastq/SRR988/007/SRR9883067/SRR9883067_2.fastq.gz,1259418134;1289083411,27885938,https://www.ncbi.nlm.nih.gov/sra/SRR9883067,33268509; 33762733; 39566466,Aug 01 2019,nas score: 5 || fibrosis stage: 2 || group in paper: NASH_F2 || disease: NAFLD || Stage: early
GSM3998279,GSE135251,case,primary,NAFLD,yes,counts,,,,,2,1,Illumina NextSeq 500,TRANSCRIPTOMIC PROFILING ACROSS THE SPECTRUM OF NON-ALCOHOLIC FATTY LIVER DISEASE,Liver patient 76,human liver tissue,no,Homo sapiens,,,,NAFLD_early_liver biopsy,explicit label: NAFLD,,,,,,no,,,,,,,RNA-Seq,transcriptomic,cDNA,total RNA,,SRX6635589,SRP217231,PRJNA558102,https://www.ncbi.nlm.nih.gov/geo/query/acc.cgi?acc=GSM3998279,https://www.ncbi.nlm.nih.gov/geo/query/acc.cgi?acc=GSE135251,https://ftp.ncbi.nlm.nih.gov/geo/series/GSE135nnn/GSE135251/suppl/,ftp://ftp.ncbi.nlm.nih.gov/geo/samples/GSM3998nnn/GSM3998279/suppl/GSM3998279_255-Ann-Daly_S3.counts.txt.gz,SRR9883068,ftp.sra.ebi.ac.uk/vol1/fastq/SRR988/008/SRR9883068/SRR9883068_1.fastq.gz;ftp.sra.ebi.ac.uk/vol1/fastq/SRR988/008/SRR9883068/SRR9883068_2.fastq.gz,1624285153;1675589144,36278698,https://www.ncbi.nlm.nih.gov/sra/SRR9883068,33268509; 33762733; 39566466,Aug 01 2019,nas score: 2 || fibrosis stage: 1 || group in paper: NAFL || disease: NAFLD || Stage: early
GSM3998280,GSE135251,case,primary,NAFLD,yes,counts,,,,,5,3,Illumina NextSeq 500,TRANSCRIPTOMIC PROFILING ACROSS THE SPECTRUM OF NON-ALCOHOLIC FATTY LIVER DISEASE,Liver patient 183,human liver tissue,no,Homo sapiens,,,,NAFLD_moderate_liver biopsy,explicit label: NAFLD,,,,,,no,,,,,,,RNA-Seq,transcriptomic,cDNA,total RNA,,SRX6635590,SRP217231,PRJNA558102,https://www.ncbi.nlm.nih.gov/geo/query/acc.cgi?acc=GSM3998280,https://www.ncbi.nlm.nih.gov/geo/query/acc.cgi?acc=GSE135251,https://ftp.ncbi.nlm.nih.gov/geo/series/GSE135nnn/GSE135251/suppl/,ftp://ftp.ncbi.nlm.nih.gov/geo/samples/GSM3998nnn/GSM3998280/suppl/GSM3998280_26_171.counts.txt.gz,SRR9883069,ftp.sra.ebi.ac.uk/vol1/fastq/SRR988/009/SRR9883069/SRR9883069_1.fastq.gz;ftp.sra.ebi.ac.uk/vol1/fastq/SRR988/009/SRR9883069/SRR9883069_2.fastq.gz,1029214570;1131916264,25688044,https://www.ncbi.nlm.nih.gov/sra/SRR9883069,33268509; 33762733; 39566466,Aug 01 2019,nas score: 5 || fibrosis stage: 3 || group in paper: NASH_F3 || disease: NAFLD || Stage: moderate
GSM3998281,GSE135251,case,primary,NAFLD,yes,counts,,,,,1,0,Illumina NextSeq 500,TRANSCRIPTOMIC PROFILING ACROSS THE SPECTRUM OF NON-ALCOHOLIC FATTY LIVER DISEASE,Liver patient 122,human liver tissue,no,Homo sapiens,,,,NAFLD_early_liver biopsy,explicit label: NAFLD,,,,,,no,,,,,,,RNA-Seq,transcriptomic,cDNA,total RNA,,SRX6635591,SRP217231,PRJNA558102,https://www.ncbi.nlm.nih.gov/geo/query/acc.cgi?acc=GSM3998281,https://www.ncbi.nlm.nih.gov/geo/query/acc.cgi?acc=GSE135251,https://ftp.ncbi.nlm.nih.gov/geo/series/GSE135nnn/GSE135251/suppl/,ftp://ftp.ncbi.nlm.nih.gov/geo/samples/GSM3998nnn/GSM3998281/suppl/GSM3998281_260-Ann-Daly_S4.counts.txt.gz,SRR9883070,ftp.sra.ebi.ac.uk/vol1/fastq/SRR988/000/SRR9883070/SRR9883070_1.fastq.gz;ftp.sra.ebi.ac.uk/vol1/fastq/SRR988/000/SRR9883070/SRR9883070_2.fastq.gz,1571469854;1614200416,34661189,https://www.ncbi.nlm.nih.gov/sra/SRR9883070,33268509; 33762733; 39566466,Aug 01 2019,nas score: 1 || fibrosis stage: 0 || group in paper: NAFL || disease: NAFLD || Stage: early
GSM3998282,GSE135251,case,primary,NAFLD,yes,counts,,,,,5,3,Illumina NextSeq 500,TRANSCRIPTOMIC PROFILING ACROSS THE SPECTRUM OF NON-ALCOHOLIC FATTY LIVER DISEASE,Liver patient 22,human liver tissue,no,Homo sapiens,,,,NAFLD_moderate_liver biopsy,explicit label: NAFLD,,,,,,no,,,,,,,RNA-Seq,transcriptomic,cDNA,total RNA,,SRX6635592,SRP217231,PRJNA558102,https://www.ncbi.nlm.nih.gov/geo/query/acc.cgi?acc=GSM3998282,https://www.ncbi.nlm.nih.gov/geo/query/acc.cgi?acc=GSE135251,https://ftp.ncbi.nlm.nih.gov/geo/series/GSE135nnn/GSE135251/suppl/,ftp://ftp.ncbi.nlm.nih.gov/geo/samples/GSM3998nnn/GSM3998282/suppl/GSM3998282_264-Ann-Daly_S5.counts.txt.gz,SRR9883071,ftp.sra.ebi.ac.uk/vol1/fastq/SRR988/001/SRR9883071/SRR9883071_1.fastq.gz;ftp.sra.ebi.ac.uk/vol1/fastq/SRR988/001/SRR9883071/SRR9883071_2.fastq.gz,1727489209;1766768895,38472115,https://www.ncbi.nlm.nih.gov/sra/SRR9883071,33268509; 33762733; 39566466,Aug 01 2019,nas score: 5 || fibrosis stage: 3 || group in paper: NASH_F3 || disease: NAFLD || Stage: moderate
GSM3998283,GSE135251,case,primary,NAFLD,yes,counts,,,,,2,1,Illumina NextSeq 500,TRANSCRIPTOMIC PROFILING ACROSS THE SPECTRUM OF NON-ALCOHOLIC FATTY LIVER DISEASE,Liver patient 25,human liver tissue,no,Homo sapiens,,,,NAFLD_early_liver biopsy,explicit label: NAFLD,,,,,,no,,,,,,,RNA-Seq,transcriptomic,cDNA,total RNA,,SRX6635593,SRP217231,PRJNA558102,https://www.ncbi.nlm.nih.gov/geo/query/acc.cgi?acc=GSM3998283,https://www.ncbi.nlm.nih.gov/geo/query/acc.cgi?acc=GSE135251,https://ftp.ncbi.nlm.nih.gov/geo/series/GSE135nnn/GSE135251/suppl/,ftp://ftp.ncbi.nlm.nih.gov/geo/samples/GSM3998nnn/GSM3998283/suppl/GSM3998283_266-Ann-Daly_S7.counts.txt.gz,SRR9883072,ftp.sra.ebi.ac.uk/vol1/fastq/SRR988/002/SRR9883072/SRR9883072_1.fastq.gz;ftp.sra.ebi.ac.uk/vol1/fastq/SRR988/002/SRR9883072/SRR9883072_2.fastq.gz,1235831610;1264923306,27344335,https://www.ncbi.nlm.nih.gov/sra/SRR9883072,33268509; 33762733; 39566466,Aug 01 2019,nas score: 2 || fibrosis stage: 1 || group in paper: NAFL || disease: NAFLD || Stage: early
GSM3998284,GSE135251,case,primary,NAFLD,yes,counts,,,,,4,2,Illumina NextSeq 500,TRANSCRIPTOMIC PROFILING ACROSS THE SPECTRUM OF NON-ALCOHOLIC FATTY LIVER DISEASE,Liver patient 92,human liver tissue,no,Homo sapiens,,,,NAFLD_early_liver biopsy,explicit label: NAFLD,,,,,,no,,,,,,,RNA-Seq,transcriptomic,cDNA,total RNA,,SRX6635594,SRP217231,PRJNA558102,https://www.ncbi.nlm.nih.gov/geo/query/acc.cgi?acc=GSM3998284,https://www.ncbi.nlm.nih.gov/geo/query/acc.cgi?acc=GSE135251,https://ftp.ncbi.nlm.nih.gov/geo/series/GSE135nnn/GSE135251/suppl/,ftp://ftp.ncbi.nlm.nih.gov/geo/samples/GSM3998nnn/GSM3998284/suppl/GSM3998284_268-Ann-Daly_S8.counts.txt.gz,SRR9883073,ftp.sra.ebi.ac.uk/vol1/fastq/SRR988/003/SRR9883073/SRR9883073_1.fastq.gz;ftp.sra.ebi.ac.uk/vol1/fastq/SRR988/003/SRR9883073/SRR9883073_2.fastq.gz,1424335165;1457552231,31697013,https://www.ncbi.nlm.nih.gov/sra/SRR9883073,33268509; 33762733; 39566466,Aug 01 2019,nas score: 4 || fibrosis stage: 2 || group in paper: NASH_F2 || disease: NAFLD || Stage: early
GSM3998285,GSE135251,case,primary,NAFLD,yes,counts,,,,,4,4,Illumina NextSeq 500,TRANSCRIPTOMIC PROFILING ACROSS THE SPECTRUM OF NON-ALCOHOLIC FATTY LIVER DISEASE,Liver patient 182,human liver tissue,no,Homo sapiens,,,,NAFLD_moderate_liver biopsy,explicit label: NAFLD,,,,,,no,,,,,,,RNA-Seq,transcriptomic,cDNA,total RNA,,SRX6635595,SRP217231,PRJNA558102,https://www.ncbi.nlm.nih.gov/geo/query/acc.cgi?acc=GSM3998285,https://www.ncbi.nlm.nih.gov/geo/query/acc.cgi?acc=GSE135251,https://ftp.ncbi.nlm.nih.gov/geo/series/GSE135nnn/GSE135251/suppl/,ftp://ftp.ncbi.nlm.nih.gov/geo/samples/GSM3998nnn/GSM3998285/suppl/GSM3998285_27_181.counts.txt.gz,SRR9883074,ftp.sra.ebi.ac.uk/vol1/fastq/SRR988/004/SRR9883074/SRR9883074_1.fastq.gz;ftp.sra.ebi.ac.uk/vol1/fastq/SRR988/004/SRR9883074/SRR9883074_2.fastq.gz,1428574953;1528273047,34770615,https://www.ncbi.nlm.nih.gov/sra/SRR9883074,33268509; 33762733; 39566466,Aug 01 2019,nas score: 4 || fibrosis stage: 4 || group in paper: NASH_F4 || disease: NAFLD || Stage: moderate
GSM3998286,GSE135251,case,primary,NAFLD,yes,counts,,,,,2,0,Illumina NextSeq 500,TRANSCRIPTOMIC PROFILING ACROSS THE SPECTRUM OF NON-ALCOHOLIC FATTY LIVER DISEASE,Liver patient 52,human liver tissue,no,Homo sapiens,,,,NAFLD_early_liver biopsy,explicit label: NAFLD,,,,,,no,,,,,,,RNA-Seq,transcriptomic,cDNA,total RNA,,SRX6635596,SRP217231,PRJNA558102,https://www.ncbi.nlm.nih.gov/geo/query/acc.cgi?acc=GSM3998286,https://www.ncbi.nlm.nih.gov/geo/query/acc.cgi?acc=GSE135251,https://ftp.ncbi.nlm.nih.gov/geo/series/GSE135nnn/GSE135251/suppl/,ftp://ftp.ncbi.nlm.nih.gov/geo/samples/GSM3998nnn/GSM3998286/suppl/GSM3998286_274-Ann-Daly_S10.counts.txt.gz,SRR9883075,ftp.sra.ebi.ac.uk/vol1/fastq/SRR988/005/SRR9883075/SRR9883075_1.fastq.gz;ftp.sra.ebi.ac.uk/vol1/fastq/SRR988/005/SRR9883075/SRR9883075_2.fastq.gz,1942855858;1991031115,43903675,https://www.ncbi.nlm.nih.gov/sra/SRR9883075,33268509; 33762733; 39566466,Aug 01 2019,nas score: 2 || fibrosis stage: 0 || group in paper: NAFL || disease: NAFLD || Stage: early
GSM3998287,GSE135251,case,primary,NAFLD,yes,counts,,,,,4,2,Illumina NextSeq 500,TRANSCRIPTOMIC PROFILING ACROSS THE SPECTRUM OF NON-ALCOHOLIC FATTY LIVER DISEASE,Liver patient 109,human liver tissue,no,Homo sapiens,,,,NAFLD_early_liver biopsy,explicit label: NAFLD,,,,,,no,,,,,,,RNA-Seq,transcriptomic,cDNA,total RNA,,SRX6635597,SRP217231,PRJNA558102,https://www.ncbi.nlm.nih.gov/geo/query/acc.cgi?acc=GSM3998287,https://www.ncbi.nlm.nih.gov/geo/query/acc.cgi?acc=GSE135251,https://ftp.ncbi.nlm.nih.gov/geo/series/GSE135nnn/GSE135251/suppl/,ftp://ftp.ncbi.nlm.nih.gov/geo/samples/GSM3998nnn/GSM3998287/suppl/GSM3998287_277-Ann-Daly_S11.counts.txt.gz,SRR9883076,ftp.sra.ebi.ac.uk/vol1/fastq/SRR988/006/SRR9883076/SRR9883076_1.fastq.gz;ftp.sra.ebi.ac.uk/vol1/fastq/SRR988/006/SRR9883076/SRR9883076_2.fastq.gz,1813214244;1867310729,40703655,https://www.ncbi.nlm.nih.gov/sra/SRR9883076,33268509; 33762733; 39566466,Aug 01 2019,nas score: 4 || fibrosis stage: 2 || group in paper: NASH_F2 || disease: NAFLD || Stage: early
GSM3998288,GSE135251,case,primary,NAFLD,yes,counts,,,,,2,0,Illumina NextSeq 500,TRANSCRIPTOMIC PROFILING ACROSS THE SPECTRUM OF NON-ALCOHOLIC FATTY LIVER DISEASE,Liver patient 49,human liver tissue,no,Homo sapiens,,,,NAFLD_early_liver biopsy,explicit label: NAFLD,,,,,,no,,,,,,,RNA-Seq,transcriptomic,cDNA,total RNA,,SRX6635598,SRP217231,PRJNA558102,https://www.ncbi.nlm.nih.gov/geo/query/acc.cgi?acc=GSM3998288,https://www.ncbi.nlm.nih.gov/geo/query/acc.cgi?acc=GSE135251,https://ftp.ncbi.nlm.nih.gov/geo/series/GSE135nnn/GSE135251/suppl/,ftp://ftp.ncbi.nlm.nih.gov/geo/samples/GSM3998nnn/GSM3998288/suppl/GSM3998288_278-Ann-Daly_S12.counts.txt.gz,SRR9883077,ftp.sra.ebi.ac.uk/vol1/fastq/SRR988/007/SRR9883077/SRR9883077_1.fastq.gz;ftp.sra.ebi.ac.uk/vol1/fastq/SRR988/007/SRR9883077/SRR9883077_2.fastq.gz,1588010691;1631727735,35225576,https://www.ncbi.nlm.nih.gov/sra/SRR9883077,33268509; 33762733; 39566466,Aug 01 2019,nas score: 2 || fibrosis stage: 0 || group in paper: NAFL || disease: NAFLD || Stage: early
GSM3998289,GSE135251,case,primary,NAFLD,yes,counts,,,,,3,0,Illumina NextSeq 500,TRANSCRIPTOMIC PROFILING ACROSS THE SPECTRUM OF NON-ALCOHOLIC FATTY LIVER DISEASE,Liver patient 63,human liver tissue,no,Homo sapiens,,,,NAFLD_early_liver biopsy,explicit label: NAFLD,,,,,,no,,,,,,,RNA-Seq,transcriptomic,cDNA,total RNA,,SRX6635599,SRP217231,PRJNA558102,https://www.ncbi.nlm.nih.gov/geo/query/acc.cgi?acc=GSM3998289,https://www.ncbi.nlm.nih.gov/geo/query/acc.cgi?acc=GSE135251,https://ftp.ncbi.nlm.nih.gov/geo/series/GSE135nnn/GSE135251/suppl/,ftp://ftp.ncbi.nlm.nih.gov/geo/samples/GSM3998nnn/GSM3998289/suppl/GSM3998289_279-Ann-Daly_S13.counts.txt.gz,SRR9883078,ftp.sra.ebi.ac.uk/vol1/fastq/SRR988/008/SRR9883078/SRR9883078_1.fastq.gz;ftp.sra.ebi.ac.uk/vol1/fastq/SRR988/008/SRR9883078/SRR9883078_2.fastq.gz,1613058928;1664312859,35762410,https://www.ncbi.nlm.nih.gov/sra/SRR9883078,33268509; 33762733; 39566466,Aug 01 2019,nas score: 3 || fibrosis stage: 0 || group in paper: NAFL || disease: NAFLD || Stage: early
GSM3998290,GSE135251,case,primary,NAFLD,yes,counts,,,,,4,0,Illumina NextSeq 500,TRANSCRIPTOMIC PROFILING ACROSS THE SPECTRUM OF NON-ALCOHOLIC FATTY LIVER DISEASE,Liver patient 111,human liver tissue,no,Homo sapiens,,,,NAFLD_early_liver biopsy,explicit label: NAFLD,,,,,,no,,,,,,,RNA-Seq,transcriptomic,cDNA,total RNA,,SRX6635600,SRP217231,PRJNA558102,https://www.ncbi.nlm.nih.gov/geo/query/acc.cgi?acc=GSM3998290,https://www.ncbi.nlm.nih.gov/geo/query/acc.cgi?acc=GSE135251,https://ftp.ncbi.nlm.nih.gov/geo/series/GSE135nnn/GSE135251/suppl/,ftp://ftp.ncbi.nlm.nih.gov/geo/samples/GSM3998nnn/GSM3998290/suppl/GSM3998290_280-Ann-Daly_S14.counts.txt.gz,SRR9883079,ftp.sra.ebi.ac.uk/vol1/fastq/SRR988/009/SRR9883079/SRR9883079_1.fastq.gz;ftp.sra.ebi.ac.uk/vol1/fastq/SRR988/009/SRR9883079/SRR9883079_2.fastq.gz,2453835257;2524572150,54290869,https://www.ncbi.nlm.nih.gov/sra/SRR9883079,33268509; 33762733; 39566466,Aug 01 2019,nas score: 4 || fibrosis stage: 0 || group in paper: NAFL || disease: NAFLD || Stage: early
GSM3998291,GSE135251,case,primary,NAFLD,yes,counts,,,,,6,1,Illumina NextSeq 500,TRANSCRIPTOMIC PROFILING ACROSS THE SPECTRUM OF NON-ALCOHOLIC FATTY LIVER DISEASE,Liver patient 47,human liver tissue,no,Homo sapiens,,,,NAFLD_early_liver biopsy,explicit label: NAFLD,,,,,,no,,,,,,,RNA-Seq,transcriptomic,cDNA,total RNA,,SRX6635601,SRP217231,PRJNA558102,https://www.ncbi.nlm.nih.gov/geo/query/acc.cgi?acc=GSM3998291,https://www.ncbi.nlm.nih.gov/geo/query/acc.cgi?acc=GSE135251,https://ftp.ncbi.nlm.nih.gov/geo/series/GSE135nnn/GSE135251/suppl/,ftp://ftp.ncbi.nlm.nih.gov/geo/samples/GSM3998nnn/GSM3998291/suppl/GSM3998291_281-Ann-Daly_S15.counts.txt.gz,SRR9883080,ftp.sra.ebi.ac.uk/vol1/fastq/SRR988/000/SRR9883080/SRR9883080_1.fastq.gz;ftp.sra.ebi.ac.uk/vol1/fastq/SRR988/000/SRR9883080/SRR9883080_2.fastq.gz,1730274801;1788677461,38354969,https://www.ncbi.nlm.nih.gov/sra/SRR9883080,33268509; 33762733; 39566466,Aug 01 2019,nas score: 6 || fibrosis stage: 1 || group in paper: NASH_F0-F1 || disease: NAFLD || Stage: early
GSM3998292,GSE135251,case,primary,NAFLD,yes,counts,,,,,6,1,Illumina NextSeq 500,TRANSCRIPTOMIC PROFILING ACROSS THE SPECTRUM OF NON-ALCOHOLIC FATTY LIVER DISEASE,Liver patient 48,human liver tissue,no,Homo sapiens,,,,NAFLD_early_liver biopsy,explicit label: NAFLD,,,,,,no,,,,,,,RNA-Seq,transcriptomic,cDNA,total RNA,,SRX6635602,SRP217231,PRJNA558102,https://www.ncbi.nlm.nih.gov/geo/query/acc.cgi?acc=GSM3998292,https://www.ncbi.nlm.nih.gov/geo/query/acc.cgi?acc=GSE135251,https://ftp.ncbi.nlm.nih.gov/geo/series/GSE135nnn/GSE135251/suppl/,ftp://ftp.ncbi.nlm.nih.gov/geo/samples/GSM3998nnn/GSM3998292/suppl/GSM3998292_282-Ann-Daly_S16.counts.txt.gz,SRR9883081,ftp.sra.ebi.ac.uk/vol1/fastq/SRR988/001/SRR9883081/SRR9883081_1.fastq.gz;ftp.sra.ebi.ac.uk/vol1/fastq/SRR988/001/SRR9883081/SRR9883081_2.fastq.gz,1426051310;1467414026,31190579,https://www.ncbi.nlm.nih.gov/sra/SRR9883081,33268509; 33762733; 39566466,Aug 01 2019,nas score: 6 || fibrosis stage: 1 || group in paper: NASH_F0-F1 || disease: NAFLD || Stage: early
GSM3998293,GSE135251,case,primary,NAFLD,yes,counts,,,,,3,0,Illumina NextSeq 500,TRANSCRIPTOMIC PROFILING ACROSS THE SPECTRUM OF NON-ALCOHOLIC FATTY LIVER DISEASE,Liver patient 50,human liver tissue,no,Homo sapiens,,,,NAFLD_early_liver biopsy,explicit label: NAFLD,,,,,,no,,,,,,,RNA-Seq,transcriptomic,cDNA,total RNA,,SRX6635603,SRP217231,PRJNA558102,https://www.ncbi.nlm.nih.gov/geo/query/acc.cgi?acc=GSM3998293,https://www.ncbi.nlm.nih.gov/geo/query/acc.cgi?acc=GSE135251,https://ftp.ncbi.nlm.nih.gov/geo/series/GSE135nnn/GSE135251/suppl/,ftp://ftp.ncbi.nlm.nih.gov/geo/samples/GSM3998nnn/GSM3998293/suppl/GSM3998293_284-Ann-Daly_S2.counts.txt.gz,SRR9883082,ftp.sra.ebi.ac.uk/vol1/fastq/SRR988/002/SRR9883082/SRR9883082_1.fastq.gz;ftp.sra.ebi.ac.uk/vol1/fastq/SRR988/002/SRR9883082/SRR9883082_2.fastq.gz,1296891991;1337042288,29166316,https://www.ncbi.nlm.nih.gov/sra/SRR9883082,33268509; 33762733; 39566466,Aug 01 2019,nas score: 3 || fibrosis stage: 0 || group in paper: NAFL || disease: NAFLD || Stage: early
GSM3998294,GSE135251,case,primary,NAFLD,yes,counts,,,,,2,1,Illumina NextSeq 500,TRANSCRIPTOMIC PROFILING ACROSS THE SPECTRUM OF NON-ALCOHOLIC FATTY LIVER DISEASE,Liver patient 54,human liver tissue,no,Homo sapiens,,,,NAFLD_early_liver biopsy,explicit label: NAFLD,,,,,,no,,,,,,,RNA-Seq,transcriptomic,cDNA,total RNA,,SRX6635604,SRP217231,PRJNA558102,https://www.ncbi.nlm.nih.gov/geo/query/acc.cgi?acc=GSM3998294,https://www.ncbi.nlm.nih.gov/geo/query/acc.cgi?acc=GSE135251,https://ftp.ncbi.nlm.nih.gov/geo/series/GSE135nnn/GSE135251/suppl/,ftp://ftp.ncbi.nlm.nih.gov/geo/samples/GSM3998nnn/GSM3998294/suppl/GSM3998294_285-Ann-Daly_S3.counts.txt.gz,SRR9883083,ftp.sra.ebi.ac.uk/vol1/fastq/SRR988/003/SRR9883083/SRR9883083_1.fastq.gz;ftp.sra.ebi.ac.uk/vol1/fastq/SRR988/003/SRR9883083/SRR9883083_2.fastq.gz,1748417928;1784972894,40354090,https://www.ncbi.nlm.nih.gov/sra/SRR9883083,33268509; 33762733; 39566466,Aug 01 2019,nas score: 2 || fibrosis stage: 1 || group in paper: NAFL || disease: NAFLD || Stage: early
GSM3998295,GSE135251,case,primary,NAFLD,yes,counts,,,,,3,1,Illumina NextSeq 500,TRANSCRIPTOMIC PROFILING ACROSS THE SPECTRUM OF NON-ALCOHOLIC FATTY LIVER DISEASE,Liver patient 55,human liver tissue,no,Homo sapiens,,,,NAFLD_early_liver biopsy,explicit label: NAFLD,,,,,,no,,,,,,,RNA-Seq,transcriptomic,cDNA,total RNA,,SRX6635605,SRP217231,PRJNA558102,https://www.ncbi.nlm.nih.gov/geo/query/acc.cgi?acc=GSM3998295,https://www.ncbi.nlm.nih.gov/geo/query/acc.cgi?acc=GSE135251,https://ftp.ncbi.nlm.nih.gov/geo/series/GSE135nnn/GSE135251/suppl/,ftp://ftp.ncbi.nlm.nih.gov/geo/samples/GSM3998nnn/GSM3998295/suppl/GSM3998295_286-Ann-Daly_S4.counts.txt.gz,SRR9883084,ftp.sra.ebi.ac.uk/vol1/fastq/SRR988/004/SRR9883084/SRR9883084_1.fastq.gz;ftp.sra.ebi.ac.uk/vol1/fastq/SRR988/004/SRR9883084/SRR9883084_2.fastq.gz,1646711844;1670213392,37635431,https://www.ncbi.nlm.nih.gov/sra/SRR9883084,33268509; 33762733; 39566466,Aug 01 2019,nas score: 3 || fibrosis stage: 1 || group in paper: NAFL || disease: NAFLD || Stage: early
GSM3998296,GSE135251,case,primary,NAFLD,yes,counts,,,,,3,1,Illumina NextSeq 500,TRANSCRIPTOMIC PROFILING ACROSS THE SPECTRUM OF NON-ALCOHOLIC FATTY LIVER DISEASE,Liver patient 68,human liver tissue,no,Homo sapiens,,,,NAFLD_early_liver biopsy,explicit label: NAFLD,,,,,,no,,,,,,,RNA-Seq,transcriptomic,cDNA,total RNA,,SRX6635606,SRP217231,PRJNA558102,https://www.ncbi.nlm.nih.gov/geo/query/acc.cgi?acc=GSM3998296,https://www.ncbi.nlm.nih.gov/geo/query/acc.cgi?acc=GSE135251,https://ftp.ncbi.nlm.nih.gov/geo/series/GSE135nnn/GSE135251/suppl/,ftp://ftp.ncbi.nlm.nih.gov/geo/samples/GSM3998nnn/GSM3998296/suppl/GSM3998296_287-Ann-Daly_S5.counts.txt.gz,SRR9883085,ftp.sra.ebi.ac.uk/vol1/fastq/SRR988/005/SRR9883085/SRR9883085_1.fastq.gz;ftp.sra.ebi.ac.uk/vol1/fastq/SRR988/005/SRR9883085/SRR9883085_2.fastq.gz,1674540182;1756964318,38018783,https://www.ncbi.nlm.nih.gov/sra/SRR9883085,33268509; 33762733; 39566466,Aug 01 2019,nas score: 3 || fibrosis stage: 1 || group in paper: NASH_F0-F1 || disease: NAFLD || Stage: early
GSM3998297,GSE135251,case,primary,NAFLD,yes,counts,,,,,5,2,Illumina NextSeq 500,TRANSCRIPTOMIC PROFILING ACROSS THE SPECTRUM OF NON-ALCOHOLIC FATTY LIVER DISEASE,Liver patient 56,human liver tissue,no,Homo sapiens,,,,NAFLD_early_liver biopsy,explicit label: NAFLD,,,,,,no,,,,,,,RNA-Seq,transcriptomic,cDNA,total RNA,,SRX6635607,SRP217231,PRJNA558102,https://www.ncbi.nlm.nih.gov/geo/query/acc.cgi?acc=GSM3998297,https://www.ncbi.nlm.nih.gov/geo/query/acc.cgi?acc=GSE135251,https://ftp.ncbi.nlm.nih.gov/geo/series/GSE135nnn/GSE135251/suppl/,ftp://ftp.ncbi.nlm.nih.gov/geo/samples/GSM3998nnn/GSM3998297/suppl/GSM3998297_288-Ann-Daly_S6.counts.txt.gz,SRR9883086,ftp.sra.ebi.ac.uk/vol1/fastq/SRR988/006/SRR9883086/SRR9883086_1.fastq.gz;ftp.sra.ebi.ac.uk/vol1/fastq/SRR988/006/SRR9883086/SRR9883086_2.fastq.gz,1631325220;1793608946,36754581,https://www.ncbi.nlm.nih.gov/sra/SRR9883086,33268509; 33762733; 39566466,Aug 01 2019,nas score: 5 || fibrosis stage: 2 || group in paper: NASH_F2 || disease: NAFLD || Stage: early
GSM3998298,GSE135251,case,primary,NAFLD,yes,counts,,,,,5,3,Illumina NextSeq 500,TRANSCRIPTOMIC PROFILING ACROSS THE SPECTRUM OF NON-ALCOHOLIC FATTY LIVER DISEASE,Liver patient 60,human liver tissue,no,Homo sapiens,,,,NAFLD_moderate_liver biopsy,explicit label: NAFLD,,,,,,no,,,,,,,RNA-Seq,transcriptomic,cDNA,total RNA,,SRX6635608,SRP217231,PRJNA558102,https://www.ncbi.nlm.nih.gov/geo/query/acc.cgi?acc=GSM3998298,https://www.ncbi.nlm.nih.gov/geo/query/acc.cgi?acc=GSE135251,https://ftp.ncbi.nlm.nih.gov/geo/series/GSE135nnn/GSE135251/suppl/,ftp://ftp.ncbi.nlm.nih.gov/geo/samples/GSM3998nnn/GSM3998298/suppl/GSM3998298_289-Ann-Daly_S7.counts.txt.gz,SRR9883087,ftp.sra.ebi.ac.uk/vol1/fastq/SRR988/007/SRR9883087/SRR9883087_1.fastq.gz;ftp.sra.ebi.ac.uk/vol1/fastq/SRR988/007/SRR9883087/SRR9883087_2.fastq.gz,1744928445;1858441770,39543652,https://www.ncbi.nlm.nih.gov/sra/SRR9883087,33268509; 33762733; 39566466,Aug 01 2019,nas score: 5 || fibrosis stage: 3 || group in paper: NASH_F3 || disease: NAFLD || Stage: moderate
GSM3998299,GSE135251,case,primary,NAFLD,yes,counts,,,,,4,2,Illumina NextSeq 500,TRANSCRIPTOMIC PROFILING ACROSS THE SPECTRUM OF NON-ALCOHOLIC FATTY LIVER DISEASE,Liver patient 199,human liver tissue,no,Homo sapiens,,,,NAFLD_early_liver biopsy,explicit label: NAFLD,,,,,,no,,,,,,,RNA-Seq,transcriptomic,cDNA,total RNA,,SRX6635609,SRP217231,PRJNA558102,https://www.ncbi.nlm.nih.gov/geo/query/acc.cgi?acc=GSM3998299,https://www.ncbi.nlm.nih.gov/geo/query/acc.cgi?acc=GSE135251,https://ftp.ncbi.nlm.nih.gov/geo/series/GSE135nnn/GSE135251/suppl/,ftp://ftp.ncbi.nlm.nih.gov/geo/samples/GSM3998nnn/GSM3998299/suppl/GSM3998299_29_474.counts.txt.gz,SRR9883088,ftp.sra.ebi.ac.uk/vol1/fastq/SRR988/008/SRR9883088/SRR9883088_1.fastq.gz;ftp.sra.ebi.ac.uk/vol1/fastq/SRR988/008/SRR9883088/SRR9883088_2.fastq.gz,1398323698;1476301353,33119153,https://www.ncbi.nlm.nih.gov/sra/SRR9883088,33268509; 33762733; 39566466,Aug 01 2019,nas score: 4 || fibrosis stage: 2 || group in paper: NASH_F2 || disease: NAFLD || Stage: early
GSM3998300,GSE135251,case,primary,NAFLD,yes,counts,,,,,5,1,Illumina NextSeq 500,TRANSCRIPTOMIC PROFILING ACROSS THE SPECTRUM OF NON-ALCOHOLIC FATTY LIVER DISEASE,Liver patient 61,human liver tissue,no,Homo sapiens,,,,NAFLD_early_liver biopsy,explicit label: NAFLD,,,,,,no,,,,,,,RNA-Seq,transcriptomic,cDNA,total RNA,,SRX6635610,SRP217231,PRJNA558102,https://www.ncbi.nlm.nih.gov/geo/query/acc.cgi?acc=GSM3998300,https://www.ncbi.nlm.nih.gov/geo/query/acc.cgi?acc=GSE135251,https://ftp.ncbi.nlm.nih.gov/geo/series/GSE135nnn/GSE135251/suppl/,ftp://ftp.ncbi.nlm.nih.gov/geo/samples/GSM3998nnn/GSM3998300/suppl/GSM3998300_290-Ann-Daly_S8.counts.txt.gz,SRR9883089,ftp.sra.ebi.ac.uk/vol1/fastq/SRR988/009/SRR9883089/SRR9883089_1.fastq.gz;ftp.sra.ebi.ac.uk/vol1/fastq/SRR988/009/SRR9883089/SRR9883089_2.fastq.gz,1832839138;1865864849,41790020,https://www.ncbi.nlm.nih.gov/sra/SRR9883089,33268509; 33762733; 39566466,Aug 01 2019,nas score: 5 || fibrosis stage: 1 || group in paper: NASH_F0-F1 || disease: NAFLD || Stage: early
GSM3998301,GSE135251,case,primary,NAFLD,yes,counts,,,,,4,3,Illumina NextSeq 500,TRANSCRIPTOMIC PROFILING ACROSS THE SPECTRUM OF NON-ALCOHOLIC FATTY LIVER DISEASE,Liver patient 69,human liver tissue,no,Homo sapiens,,,,NAFLD_moderate_liver biopsy,explicit label: NAFLD,,,,,,no,,,,,,,RNA-Seq,transcriptomic,cDNA,total RNA,,SRX6635611,SRP217231,PRJNA558102,https://www.ncbi.nlm.nih.gov/geo/query/acc.cgi?acc=GSM3998301,https://www.ncbi.nlm.nih.gov/geo/query/acc.cgi?acc=GSE135251,https://ftp.ncbi.nlm.nih.gov/geo/series/GSE135nnn/GSE135251/suppl/,ftp://ftp.ncbi.nlm.nih.gov/geo/samples/GSM3998nnn/GSM3998301/suppl/GSM3998301_291-Ann-Daly_S9.counts.txt.gz,SRR9883090,ftp.sra.ebi.ac.uk/vol1/fastq/SRR988/000/SRR9883090/SRR9883090_1.fastq.gz;ftp.sra.ebi.ac.uk/vol1/fastq/SRR988/000/SRR9883090/SRR9883090_2.fastq.gz,1827614139;1866275351,41160610,https://www.ncbi.nlm.nih.gov/sra/SRR9883090,33268509; 33762733; 39566466,Aug 01 2019,nas score: 4 || fibrosis stage: 3 || group in paper: NASH_F3 || disease: NAFLD || Stage: moderate
GSM3998302,GSE135251,case,primary,NAFLD,yes,counts,,,,,3,1,Illumina NextSeq 500,TRANSCRIPTOMIC PROFILING ACROSS THE SPECTRUM OF NON-ALCOHOLIC FATTY LIVER DISEASE,Liver patient 94,human liver tissue,no,Homo sapiens,,,,NAFLD_early_liver biopsy,explicit label: NAFLD,,,,,,no,,,,,,,RNA-Seq,transcriptomic,cDNA,total RNA,,SRX6635612,SRP217231,PRJNA558102,https://www.ncbi.nlm.nih.gov/geo/query/acc.cgi?acc=GSM3998302,https://www.ncbi.nlm.nih.gov/geo/query/acc.cgi?acc=GSE135251,https://ftp.ncbi.nlm.nih.gov/geo/series/GSE135nnn/GSE135251/suppl/,ftp://ftp.ncbi.nlm.nih.gov/geo/samples/GSM3998nnn/GSM3998302/suppl/GSM3998302_293-Ann-Daly_S10.counts.txt.gz,SRR9883091,ftp.sra.ebi.ac.uk/vol1/fastq/SRR988/001/SRR9883091/SRR9883091_1.fastq.gz;ftp.sra.ebi.ac.uk/vol1/fastq/SRR988/001/SRR9883091/SRR9883091_2.fastq.gz,1731611318;1797007875,38853638,https://www.ncbi.nlm.nih.gov/sra/SRR9883091,33268509; 33762733; 39566466,Aug 01 2019,nas score: 3 || fibrosis stage: 1 || group in paper: NAFL || disease: NAFLD || Stage: early
GSM3998303,GSE135251,case,primary,NAFLD,yes,counts,,,,,1,0,Illumina NextSeq 500,TRANSCRIPTOMIC PROFILING ACROSS THE SPECTRUM OF NON-ALCOHOLIC FATTY LIVER DISEASE,Liver patient 95,human liver tissue,no,Homo sapiens,,,,NAFLD_early_liver biopsy,explicit label: NAFLD,,,,,,no,,,,,,,RNA-Seq,transcriptomic,cDNA,total RNA,,SRX6635613,SRP217231,PRJNA558102,https://www.ncbi.nlm.nih.gov/geo/query/acc.cgi?acc=GSM3998303,https://www.ncbi.nlm.nih.gov/geo/query/acc.cgi?acc=GSE135251,https://ftp.ncbi.nlm.nih.gov/geo/series/GSE135nnn/GSE135251/suppl/,ftp://ftp.ncbi.nlm.nih.gov/geo/samples/GSM3998nnn/GSM3998303/suppl/GSM3998303_295-Ann-Daly_S11.counts.txt.gz,SRR9883092,ftp.sra.ebi.ac.uk/vol1/fastq/SRR988/002/SRR9883092/SRR9883092_1.fastq.gz;ftp.sra.ebi.ac.uk/vol1/fastq/SRR988/002/SRR9883092/SRR9883092_2.fastq.gz,1558820123;1588174322,34911994,https://www.ncbi.nlm.nih.gov/sra/SRR9883092,33268509; 33762733; 39566466,Aug 01 2019,nas score: 1 || fibrosis stage: 0 || group in paper: NAFL || disease: NAFLD || Stage: early
GSM3998304,GSE135251,case,primary,NAFLD,yes,counts,,,,,2,0,Illumina NextSeq 500,TRANSCRIPTOMIC PROFILING ACROSS THE SPECTRUM OF NON-ALCOHOLIC FATTY LIVER DISEASE,Liver patient 96,human liver tissue,no,Homo sapiens,,,,NAFLD_early_liver biopsy,explicit label: NAFLD,,,,,,no,,,,,,,RNA-Seq,transcriptomic,cDNA,total RNA,,SRX6635614,SRP217231,PRJNA558102,https://www.ncbi.nlm.nih.gov/geo/query/acc.cgi?acc=GSM3998304,https://www.ncbi.nlm.nih.gov/geo/query/acc.cgi?acc=GSE135251,https://ftp.ncbi.nlm.nih.gov/geo/series/GSE135nnn/GSE135251/suppl/,ftp://ftp.ncbi.nlm.nih.gov/geo/samples/GSM3998nnn/GSM3998304/suppl/GSM3998304_296-Ann-Daly_S12.counts.txt.gz,SRR9883093,ftp.sra.ebi.ac.uk/vol1/fastq/SRR988/003/SRR9883093/SRR9883093_1.fastq.gz;ftp.sra.ebi.ac.uk/vol1/fastq/SRR988/003/SRR9883093/SRR9883093_2.fastq.gz,1866833530;1895395843,42585299,https://www.ncbi.nlm.nih.gov/sra/SRR9883093,33268509; 33762733; 39566466,Aug 01 2019,nas score: 2 || fibrosis stage: 0 || group in paper: NAFL || disease: NAFLD || Stage: early
GSM3998305,GSE135251,case,primary,NAFLD,yes,counts,,,,,1,0,Illumina NextSeq 500,TRANSCRIPTOMIC PROFILING ACROSS THE SPECTRUM OF NON-ALCOHOLIC FATTY LIVER DISEASE,Liver patient 20,human liver tissue,no,Homo sapiens,,,,NAFLD_early_liver biopsy,explicit label: NAFLD,,,,,,no,,,,,,,RNA-Seq,transcriptomic,cDNA,total RNA,,SRX6635615,SRP217231,PRJNA558102,https://www.ncbi.nlm.nih.gov/geo/query/acc.cgi?acc=GSM3998305,https://www.ncbi.nlm.nih.gov/geo/query/acc.cgi?acc=GSE135251,https://ftp.ncbi.nlm.nih.gov/geo/series/GSE135nnn/GSE135251/suppl/,ftp://ftp.ncbi.nlm.nih.gov/geo/samples/GSM3998nnn/GSM3998305/suppl/GSM3998305_299-Ann-Daly_S13.counts.txt.gz,SRR9883094,ftp.sra.ebi.ac.uk/vol1/fastq/SRR988/004/SRR9883094/SRR9883094_1.fastq.gz;ftp.sra.ebi.ac.uk/vol1/fastq/SRR988/004/SRR9883094/SRR9883094_2.fastq.gz,1880946891;1932685266,42045143,https://www.ncbi.nlm.nih.gov/sra/SRR9883094,33268509; 33762733; 39566466,Aug 01 2019,nas score: 1 || fibrosis stage: 0 || group in paper: NAFL || disease: NAFLD || Stage: early
GSM3998306,GSE135251,case,primary,NAFLD,yes,counts,,,,,3,1,Illumina NextSeq 500,TRANSCRIPTOMIC PROFILING ACROSS THE SPECTRUM OF NON-ALCOHOLIC FATTY LIVER DISEASE,Liver patient 194,human liver tissue,no,Homo sapiens,,,,NAFLD_early_liver biopsy,explicit label: NAFLD,,,,,,no,,,,,,,RNA-Seq,transcriptomic,cDNA,total RNA,,SRX6635616,SRP217231,PRJNA558102,https://www.ncbi.nlm.nih.gov/geo/query/acc.cgi?acc=GSM3998306,https://www.ncbi.nlm.nih.gov/geo/query/acc.cgi?acc=GSE135251,https://ftp.ncbi.nlm.nih.gov/geo/series/GSE135nnn/GSE135251/suppl/,ftp://ftp.ncbi.nlm.nih.gov/geo/samples/GSM3998nnn/GSM3998306/suppl/GSM3998306_3_45.counts.txt.gz,SRR9883095,ftp.sra.ebi.ac.uk/vol1/fastq/SRR988/005/SRR9883095/SRR9883095_1.fastq.gz;ftp.sra.ebi.ac.uk/vol1/fastq/SRR988/005/SRR9883095/SRR9883095_2.fastq.gz,1316008142;1350057935,31391256,https://www.ncbi.nlm.nih.gov/sra/SRR9883095,33268509; 33762733; 39566466,Aug 01 2019,nas score: 3 || fibrosis stage: 1 || group in paper: NASH_F0-F1 || disease: NAFLD || Stage: early
GSM3998307,GSE135251,case,primary,NAFLD,yes,counts,,,,,1,0,Illumina NextSeq 500,TRANSCRIPTOMIC PROFILING ACROSS THE SPECTRUM OF NON-ALCOHOLIC FATTY LIVER DISEASE,Liver patient 1,human liver tissue,no,Homo sapiens,,,,NAFLD_early_liver biopsy,explicit label: NAFLD,,,,,,no,,,,,,,RNA-Seq,transcriptomic,cDNA,total RNA,,SRX6635617,SRP217231,PRJNA558102,https://www.ncbi.nlm.nih.gov/geo/query/acc.cgi?acc=GSM3998307,https://www.ncbi.nlm.nih.gov/geo/query/acc.cgi?acc=GSE135251,https://ftp.ncbi.nlm.nih.gov/geo/series/GSE135nnn/GSE135251/suppl/,ftp://ftp.ncbi.nlm.nih.gov/geo/samples/GSM3998nnn/GSM3998307/suppl/GSM3998307_300-Ann-Daly_S14.counts.txt.gz,SRR9883096,ftp.sra.ebi.ac.uk/vol1/fastq/SRR988/006/SRR9883096/SRR9883096_1.fastq.gz;ftp.sra.ebi.ac.uk/vol1/fastq/SRR988/006/SRR9883096/SRR9883096_2.fastq.gz,1813683847;1873941244,40630624,https://www.ncbi.nlm.nih.gov/sra/SRR9883096,33268509; 33762733; 39566466,Aug 01 2019,nas score: 1 || fibrosis stage: 0 || group in paper: NAFL || disease: NAFLD || Stage: early
GSM3998308,GSE135251,case,primary,NAFLD,yes,counts,,,,,7,3,Illumina NextSeq 500,TRANSCRIPTOMIC PROFILING ACROSS THE SPECTRUM OF NON-ALCOHOLIC FATTY LIVER DISEASE,Liver patient 16,human liver tissue,no,Homo sapiens,,,,NAFLD_moderate_liver biopsy,explicit label: NAFLD,,,,,,no,,,,,,,RNA-Seq,transcriptomic,cDNA,total RNA,,SRX6635618,SRP217231,PRJNA558102,https://www.ncbi.nlm.nih.gov/geo/query/acc.cgi?acc=GSM3998308,https://www.ncbi.nlm.nih.gov/geo/query/acc.cgi?acc=GSE135251,https://ftp.ncbi.nlm.nih.gov/geo/series/GSE135nnn/GSE135251/suppl/,ftp://ftp.ncbi.nlm.nih.gov/geo/samples/GSM3998nnn/GSM3998308/suppl/GSM3998308_303-Ann-Daly_S15.counts.txt.gz,SRR9883097,ftp.sra.ebi.ac.uk/vol1/fastq/SRR988/007/SRR9883097/SRR9883097_1.fastq.gz;ftp.sra.ebi.ac.uk/vol1/fastq/SRR988/007/SRR9883097/SRR9883097_2.fastq.gz,1892163232;1942911155,42396240,https://www.ncbi.nlm.nih.gov/sra/SRR9883097,33268509; 33762733; 39566466,Aug 01 2019,nas score: 7 || fibrosis stage: 3 || group in paper: NASH_F3 || disease: NAFLD || Stage: moderate
GSM3998309,GSE135251,case,primary,NAFLD,yes,counts,,,,,5,3,Illumina NextSeq 500,TRANSCRIPTOMIC PROFILING ACROSS THE SPECTRUM OF NON-ALCOHOLIC FATTY LIVER DISEASE,Liver patient 17,human liver tissue,no,Homo sapiens,,,,NAFLD_moderate_liver biopsy,explicit label: NAFLD,,,,,,no,,,,,,,RNA-Seq,transcriptomic,cDNA,total RNA,,SRX6635619,SRP217231,PRJNA558102,https://www.ncbi.nlm.nih.gov/geo/query/acc.cgi?acc=GSM3998309,https://www.ncbi.nlm.nih.gov/geo/query/acc.cgi?acc=GSE135251,https://ftp.ncbi.nlm.nih.gov/geo/series/GSE135nnn/GSE135251/suppl/,ftp://ftp.ncbi.nlm.nih.gov/geo/samples/GSM3998nnn/GSM3998309/suppl/GSM3998309_304-Ann-Daly_S1.counts.txt.gz,SRR9883098,ftp.sra.ebi.ac.uk/vol1/fastq/SRR988/008/SRR9883098/SRR9883098_1.fastq.gz;ftp.sra.ebi.ac.uk/vol1/fastq/SRR988/008/SRR9883098/SRR9883098_2.fastq.gz,1808734686;1850135640,41481759,https://www.ncbi.nlm.nih.gov/sra/SRR9883098,33268509; 33762733; 39566466,Aug 01 2019,nas score: 5 || fibrosis stage: 3 || group in paper: NASH_F3 || disease: NAFLD || Stage: moderate
GSM3998310,GSE135251,case,primary,NAFLD,yes,counts,,,,,1,1,Illumina NextSeq 500,TRANSCRIPTOMIC PROFILING ACROSS THE SPECTRUM OF NON-ALCOHOLIC FATTY LIVER DISEASE,Liver patient 18,human liver tissue,no,Homo sapiens,,,,NAFLD_early_liver biopsy,explicit label: NAFLD,,,,,,no,,,,,,,RNA-Seq,transcriptomic,cDNA,total RNA,,SRX6635620,SRP217231,PRJNA558102,https://www.ncbi.nlm.nih.gov/geo/query/acc.cgi?acc=GSM3998310,https://www.ncbi.nlm.nih.gov/geo/query/acc.cgi?acc=GSE135251,https://ftp.ncbi.nlm.nih.gov/geo/series/GSE135nnn/GSE135251/suppl/,ftp://ftp.ncbi.nlm.nih.gov/geo/samples/GSM3998nnn/GSM3998310/suppl/GSM3998310_306-Ann-Daly_S1.counts.txt.gz,SRR9883099,ftp.sra.ebi.ac.uk/vol1/fastq/SRR988/009/SRR9883099/SRR9883099_1.fastq.gz;ftp.sra.ebi.ac.uk/vol1/fastq/SRR988/009/SRR9883099/SRR9883099_2.fastq.gz,1425202672;1463109523,32097841,https://www.ncbi.nlm.nih.gov/sra/SRR9883099,33268509; 33762733; 39566466,Aug 01 2019,nas score: 1 || fibrosis stage: 1 || group in paper: NAFL || disease: NAFLD || Stage: early
GSM3998311,GSE135251,case,primary,NAFLD,yes,counts,,,,,3,1,Illumina NextSeq 500,TRANSCRIPTOMIC PROFILING ACROSS THE SPECTRUM OF NON-ALCOHOLIC FATTY LIVER DISEASE,Liver patient 200,human liver tissue,no,Homo sapiens,,,,NAFLD_early_liver biopsy,explicit label: NAFLD,,,,,,no,,,,,,,RNA-Seq,transcriptomic,cDNA,total RNA,,SRX6635621,SRP217231,PRJNA558102,https://www.ncbi.nlm.nih.gov/geo/query/acc.cgi?acc=GSM3998311,https://www.ncbi.nlm.nih.gov/geo/query/acc.cgi?acc=GSE135251,https://ftp.ncbi.nlm.nih.gov/geo/series/GSE135nnn/GSE135251/suppl/,ftp://ftp.ncbi.nlm.nih.gov/geo/samples/GSM3998nnn/GSM3998311/suppl/GSM3998311_31_477.counts.txt.gz,SRR9883100,ftp.sra.ebi.ac.uk/vol1/fastq/SRR988/000/SRR9883100/SRR9883100_1.fastq.gz;ftp.sra.ebi.ac.uk/vol1/fastq/SRR988/000/SRR9883100/SRR9883100_2.fastq.gz,1837856083;1945003133,43752840,https://www.ncbi.nlm.nih.gov/sra/SRR9883100,33268509; 33762733; 39566466,Aug 01 2019,nas score: 3 || fibrosis stage: 1 || group in paper: NASH_F0-F1 || disease: NAFLD || Stage: early
GSM3998312,GSE135251,case,primary,NAFLD,yes,counts,,,,,6,2,Illumina NextSeq 500,TRANSCRIPTOMIC PROFILING ACROSS THE SPECTRUM OF NON-ALCOHOLIC FATTY LIVER DISEASE,Liver patient 19,human liver tissue,no,Homo sapiens,,,,NAFLD_early_liver biopsy,explicit label: NAFLD,,,,,,no,,,,,,,RNA-Seq,transcriptomic,cDNA,total RNA,,SRX6635622,SRP217231,PRJNA558102,https://www.ncbi.nlm.nih.gov/geo/query/acc.cgi?acc=GSM3998312,https://www.ncbi.nlm.nih.gov/geo/query/acc.cgi?acc=GSE135251,https://ftp.ncbi.nlm.nih.gov/geo/series/GSE135nnn/GSE135251/suppl/,ftp://ftp.ncbi.nlm.nih.gov/geo/samples/GSM3998nnn/GSM3998312/suppl/GSM3998312_319-Ann-Daly_S2.counts.txt.gz,SRR9883101,ftp.sra.ebi.ac.uk/vol1/fastq/SRR988/001/SRR9883101/SRR9883101_1.fastq.gz;ftp.sra.ebi.ac.uk/vol1/fastq/SRR988/001/SRR9883101/SRR9883101_2.fastq.gz,1779926401;1888916280,40138111,https://www.ncbi.nlm.nih.gov/sra/SRR9883101,33268509; 33762733; 39566466,Aug 01 2019,nas score: 6 || fibrosis stage: 2 || group in paper: NASH_F2 || disease: NAFLD || Stage: early
GSM3998313,GSE135251,case,primary,NAFLD,yes,counts,,,,,7,2,Illumina NextSeq 500,TRANSCRIPTOMIC PROFILING ACROSS THE SPECTRUM OF NON-ALCOHOLIC FATTY LIVER DISEASE,Liver patient 201,human liver tissue,no,Homo sapiens,,,,NAFLD_early_liver biopsy,explicit label: NAFLD,,,,,,no,,,,,,,RNA-Seq,transcriptomic,cDNA,total RNA,,SRX6635623,SRP217231,PRJNA558102,https://www.ncbi.nlm.nih.gov/geo/query/acc.cgi?acc=GSM3998313,https://www.ncbi.nlm.nih.gov/geo/query/acc.cgi?acc=GSE135251,https://ftp.ncbi.nlm.nih.gov/geo/series/GSE135nnn/GSE135251/suppl/,ftp://ftp.ncbi.nlm.nih.gov/geo/samples/GSM3998nnn/GSM3998313/suppl/GSM3998313_32_478.counts.txt.gz,SRR9883102,ftp.sra.ebi.ac.uk/vol1/fastq/SRR988/002/SRR9883102/SRR9883102_1.fastq.gz;ftp.sra.ebi.ac.uk/vol1/fastq/SRR988/002/SRR9883102/SRR9883102_2.fastq.gz,1410098760;1462262653,32985075,https://www.ncbi.nlm.nih.gov/sra/SRR9883102,33268509; 33762733; 39566466,Aug 01 2019,nas score: 7 || fibrosis stage: 2 || group in paper: NASH_F2 || disease: NAFLD || Stage: early
GSM3998314,GSE135251,case,primary,NAFLD,yes,counts,,,,,8,3,Illumina NextSeq 500,TRANSCRIPTOMIC PROFILING ACROSS THE SPECTRUM OF NON-ALCOHOLIC FATTY LIVER DISEASE,Liver patient 93,human liver tissue,no,Homo sapiens,,,,NAFLD_moderate_liver biopsy,explicit label: NAFLD,,,,,,no,,,,,,,RNA-Seq,transcriptomic,cDNA,total RNA,,SRX6635624,SRP217231,PRJNA558102,https://www.ncbi.nlm.nih.gov/geo/query/acc.cgi?acc=GSM3998314,https://www.ncbi.nlm.nih.gov/geo/query/acc.cgi?acc=GSE135251,https://ftp.ncbi.nlm.nih.gov/geo/series/GSE135nnn/GSE135251/suppl/,ftp://ftp.ncbi.nlm.nih.gov/geo/samples/GSM3998nnn/GSM3998314/suppl/GSM3998314_345-Ann-Daly_S3.counts.txt.gz,SRR9883103,ftp.sra.ebi.ac.uk/vol1/fastq/SRR988/003/SRR9883103/SRR9883103_1.fastq.gz;ftp.sra.ebi.ac.uk/vol1/fastq/SRR988/003/SRR9883103/SRR9883103_2.fastq.gz,1813400360;1859439143,40928326,https://www.ncbi.nlm.nih.gov/sra/SRR9883103,33268509; 33762733; 39566466,Aug 01 2019,nas score: 8 || fibrosis stage: 3 || group in paper: NASH_F3 || disease: NAFLD || Stage: moderate
GSM3998315,GSE135251,case,primary,NAFLD,yes,counts,,,,,5,1,Illumina NextSeq 500,TRANSCRIPTOMIC PROFILING ACROSS THE SPECTRUM OF NON-ALCOHOLIC FATTY LIVER DISEASE,Liver patient 100,human liver tissue,no,Homo sapiens,,,,NAFLD_early_liver biopsy,explicit label: NAFLD,,,,,,no,,,,,,,RNA-Seq,transcriptomic,cDNA,total RNA,,SRX6635625,SRP217231,PRJNA558102,https://www.ncbi.nlm.nih.gov/geo/query/acc.cgi?acc=GSM3998315,https://www.ncbi.nlm.nih.gov/geo/query/acc.cgi?acc=GSE135251,https://ftp.ncbi.nlm.nih.gov/geo/series/GSE135nnn/GSE135251/suppl/,ftp://ftp.ncbi.nlm.nih.gov/geo/samples/GSM3998nnn/GSM3998315/suppl/GSM3998315_350-Ann-Daly_S4.counts.txt.gz,SRR9883104,ftp.sra.ebi.ac.uk/vol1/fastq/SRR988/004/SRR9883104/SRR9883104_1.fastq.gz;ftp.sra.ebi.ac.uk/vol1/fastq/SRR988/004/SRR9883104/SRR9883104_2.fastq.gz,1807311564;1846797949,41618698,https://www.ncbi.nlm.nih.gov/sra/SRR9883104,33268509; 33762733; 39566466,Aug 01 2019,nas score: 5 || fibrosis stage: 1 || group in paper: NASH_F0-F1 || disease: NAFLD || Stage: early
GSM3998316,GSE135251,case,primary,NAFLD,yes,counts,,,,,4,1,Illumina NextSeq 500,TRANSCRIPTOMIC PROFILING ACROSS THE SPECTRUM OF NON-ALCOHOLIC FATTY LIVER DISEASE,Liver patient 103,human liver tissue,no,Homo sapiens,,,,NAFLD_early_liver biopsy,explicit label: NAFLD,,,,,,no,,,,,,,RNA-Seq,transcriptomic,cDNA,total RNA,,SRX6635626,SRP217231,PRJNA558102,https://www.ncbi.nlm.nih.gov/geo/query/acc.cgi?acc=GSM3998316,https://www.ncbi.nlm.nih.gov/geo/query/acc.cgi?acc=GSE135251,https://ftp.ncbi.nlm.nih.gov/geo/series/GSE135nnn/GSE135251/suppl/,ftp://ftp.ncbi.nlm.nih.gov/geo/samples/GSM3998nnn/GSM3998316/suppl/GSM3998316_354-Ann-Daly_S5.counts.txt.gz,SRR9883105,ftp.sra.ebi.ac.uk/vol1/fastq/SRR988/005/SRR9883105/SRR9883105_1.fastq.gz;ftp.sra.ebi.ac.uk/vol1/fastq/SRR988/005/SRR9883105/SRR9883105_2.fastq.gz,1847994054;1886059689,41662218,https://www.ncbi.nlm.nih.gov/sra/SRR9883105,33268509; 33762733; 39566466,Aug 01 2019,nas score: 4 || fibrosis stage: 1 || group in paper: NASH_F0-F1 || disease: NAFLD || Stage: early
GSM3998317,GSE135251,case,primary,NAFLD,yes,counts,,,,,5,1,Illumina NextSeq 500,TRANSCRIPTOMIC PROFILING ACROSS THE SPECTRUM OF NON-ALCOHOLIC FATTY LIVER DISEASE,Liver patient 104,human liver tissue,no,Homo sapiens,,,,NAFLD_early_liver biopsy,explicit label: NAFLD,,,,,,no,,,,,,,RNA-Seq,transcriptomic,cDNA,total RNA,,SRX6635627,SRP217231,PRJNA558102,https://www.ncbi.nlm.nih.gov/geo/query/acc.cgi?acc=GSM3998317,https://www.ncbi.nlm.nih.gov/geo/query/acc.cgi?acc=GSE135251,https://ftp.ncbi.nlm.nih.gov/geo/series/GSE135nnn/GSE135251/suppl/,ftp://ftp.ncbi.nlm.nih.gov/geo/samples/GSM3998nnn/GSM3998317/suppl/GSM3998317_355-Ann-Daly_S6.counts.txt.gz,SRR9883106,ftp.sra.ebi.ac.uk/vol1/fastq/SRR988/006/SRR9883106/SRR9883106_1.fastq.gz;ftp.sra.ebi.ac.uk/vol1/fastq/SRR988/006/SRR9883106/SRR9883106_2.fastq.gz,1871001400;1925074698,42335294,https://www.ncbi.nlm.nih.gov/sra/SRR9883106,33268509; 33762733; 39566466,Aug 01 2019,nas score: 5 || fibrosis stage: 1 || group in paper: NASH_F0-F1 || disease: NAFLD || Stage: early
GSM3998318,GSE135251,case,primary,NAFLD,yes,counts,,,,,6,2,Illumina NextSeq 500,TRANSCRIPTOMIC PROFILING ACROSS THE SPECTRUM OF NON-ALCOHOLIC FATTY LIVER DISEASE,Liver patient 107,human liver tissue,no,Homo sapiens,,,,NAFLD_early_liver biopsy,explicit label: NAFLD,,,,,,no,,,,,,,RNA-Seq,transcriptomic,cDNA,total RNA,,SRX6635628,SRP217231,PRJNA558102,https://www.ncbi.nlm.nih.gov/geo/query/acc.cgi?acc=GSM3998318,https://www.ncbi.nlm.nih.gov/geo/query/acc.cgi?acc=GSE135251,https://ftp.ncbi.nlm.nih.gov/geo/series/GSE135nnn/GSE135251/suppl/,ftp://ftp.ncbi.nlm.nih.gov/geo/samples/GSM3998nnn/GSM3998318/suppl/GSM3998318_361-Ann-Daly_S7.counts.txt.gz,SRR9883107,ftp.sra.ebi.ac.uk/vol1/fastq/SRR988/007/SRR9883107/SRR9883107_1.fastq.gz;ftp.sra.ebi.ac.uk/vol1/fastq/SRR988/007/SRR9883107/SRR9883107_2.fastq.gz,1949863025;1993258677,44124578,https://www.ncbi.nlm.nih.gov/sra/SRR9883107,33268509; 33762733; 39566466,Aug 01 2019,nas score: 6 || fibrosis stage: 2 || group in paper: NASH_F2 || disease: NAFLD || Stage: early
GSM3998319,GSE135251,case,primary,NAFLD,yes,counts,,,,,4,3,Illumina NextSeq 500,TRANSCRIPTOMIC PROFILING ACROSS THE SPECTRUM OF NON-ALCOHOLIC FATTY LIVER DISEASE,Liver patient 41,human liver tissue,no,Homo sapiens,,,,NAFLD_moderate_liver biopsy,explicit label: NAFLD,,,,,,no,,,,,,,RNA-Seq,transcriptomic,cDNA,total RNA,,SRX6635629,SRP217231,PRJNA558102,https://www.ncbi.nlm.nih.gov/geo/query/acc.cgi?acc=GSM3998319,https://www.ncbi.nlm.nih.gov/geo/query/acc.cgi?acc=GSE135251,https://ftp.ncbi.nlm.nih.gov/geo/series/GSE135nnn/GSE135251/suppl/,ftp://ftp.ncbi.nlm.nih.gov/geo/samples/GSM3998nnn/GSM3998319/suppl/GSM3998319_373-Ann-Daly_S8.counts.txt.gz,SRR9883108,ftp.sra.ebi.ac.uk/vol1/fastq/SRR988/008/SRR9883108/SRR9883108_1.fastq.gz;ftp.sra.ebi.ac.uk/vol1/fastq/SRR988/008/SRR9883108/SRR9883108_2.fastq.gz,1514091864;1534673603,34097760,https://www.ncbi.nlm.nih.gov/sra/SRR9883108,33268509; 33762733; 39566466,Aug 01 2019,nas score: 4 || fibrosis stage: 3 || group in paper: NASH_F3 || disease: NAFLD || Stage: moderate
GSM3998320,GSE135251,case,primary,NAFLD,yes,counts,,,,,6,1,Illumina NextSeq 500,TRANSCRIPTOMIC PROFILING ACROSS THE SPECTRUM OF NON-ALCOHOLIC FATTY LIVER DISEASE,Liver patient 53,human liver tissue,no,Homo sapiens,,,,NAFLD_early_liver biopsy,explicit label: NAFLD,,,,,,no,,,,,,,RNA-Seq,transcriptomic,cDNA,total RNA,,SRX6635630,SRP217231,PRJNA558102,https://www.ncbi.nlm.nih.gov/geo/query/acc.cgi?acc=GSM3998320,https://www.ncbi.nlm.nih.gov/geo/query/acc.cgi?acc=GSE135251,https://ftp.ncbi.nlm.nih.gov/geo/series/GSE135nnn/GSE135251/suppl/,ftp://ftp.ncbi.nlm.nih.gov/geo/samples/GSM3998nnn/GSM3998320/suppl/GSM3998320_384-Ann-Daly_S10.counts.txt.gz,SRR9883109,ftp.sra.ebi.ac.uk/vol1/fastq/SRR988/009/SRR9883109/SRR9883109_1.fastq.gz;ftp.sra.ebi.ac.uk/vol1/fastq/SRR988/009/SRR9883109/SRR9883109_2.fastq.gz,1766630313;1879268112,39273411,https://www.ncbi.nlm.nih.gov/sra/SRR9883109,33268509; 33762733; 39566466,Aug 01 2019,nas score: 6 || fibrosis stage: 1 || group in paper: NASH_F0-F1 || disease: NAFLD || Stage: early
GSM3998321,GSE135251,case,primary,NAFLD,yes,counts,,,,,4,0,Illumina NextSeq 500,TRANSCRIPTOMIC PROFILING ACROSS THE SPECTRUM OF NON-ALCOHOLIC FATTY LIVER DISEASE,Liver patient 192,human liver tissue,no,Homo sapiens,,,,NAFLD_early_liver biopsy,explicit label: NAFLD,,,,,,no,,,,,,,RNA-Seq,transcriptomic,cDNA,total RNA,,SRX6635631,SRP217231,PRJNA558102,https://www.ncbi.nlm.nih.gov/geo/query/acc.cgi?acc=GSM3998321,https://www.ncbi.nlm.nih.gov/geo/query/acc.cgi?acc=GSE135251,https://ftp.ncbi.nlm.nih.gov/geo/series/GSE135nnn/GSE135251/suppl/,ftp://ftp.ncbi.nlm.nih.gov/geo/samples/GSM3998nnn/GSM3998321/suppl/GSM3998321_4_67.counts.txt.gz,SRR9883110,ftp.sra.ebi.ac.uk/vol1/fastq/SRR988/000/SRR9883110/SRR9883110_1.fastq.gz;ftp.sra.ebi.ac.uk/vol1/fastq/SRR988/000/SRR9883110/SRR9883110_2.fastq.gz,1450192054;1469778506,34356949,https://www.ncbi.nlm.nih.gov/sra/SRR9883110,33268509; 33762733; 39566466,Aug 01 2019,nas score: 4 || fibrosis stage: 0 || group in paper: NASH_F0-F1 || disease: NAFLD || Stage: early
GSM3998322,GSE135251,case,primary,NAFLD,yes,counts,,,,,5,3,Illumina NextSeq 500,TRANSCRIPTOMIC PROFILING ACROSS THE SPECTRUM OF NON-ALCOHOLIC FATTY LIVER DISEASE,Liver patient 62,human liver tissue,no,Homo sapiens,,,,NAFLD_moderate_liver biopsy,explicit label: NAFLD,,,,,,no,,,,,,,RNA-Seq,transcriptomic,cDNA,total RNA,,SRX6635632,SRP217231,PRJNA558102,https://www.ncbi.nlm.nih.gov/geo/query/acc.cgi?acc=GSM3998322,https://www.ncbi.nlm.nih.gov/geo/query/acc.cgi?acc=GSE135251,https://ftp.ncbi.nlm.nih.gov/geo/series/GSE135nnn/GSE135251/suppl/,ftp://ftp.ncbi.nlm.nih.gov/geo/samples/GSM3998nnn/GSM3998322/suppl/GSM3998322_402-Ann-Daly_S11.counts.txt.gz,SRR9883111,ftp.sra.ebi.ac.uk/vol1/fastq/SRR988/001/SRR9883111/SRR9883111_1.fastq.gz;ftp.sra.ebi.ac.uk/vol1/fastq/SRR988/001/SRR9883111/SRR9883111_2.fastq.gz,1811267886;1866335374,40993339,https://www.ncbi.nlm.nih.gov/sra/SRR9883111,33268509; 33762733; 39566466,Aug 01 2019,nas score: 5 || fibrosis stage: 3 || group in paper: NASH_F3 || disease: NAFLD || Stage: moderate
GSM3998323,GSE135251,case,primary,NAFLD,yes,counts,,,,,4,0,Illumina NextSeq 500,TRANSCRIPTOMIC PROFILING ACROSS THE SPECTRUM OF NON-ALCOHOLIC FATTY LIVER DISEASE,Liver patient 64,human liver tissue,no,Homo sapiens,,,,NAFLD_early_liver biopsy,explicit label: NAFLD,,,,,,no,,,,,,,RNA-Seq,transcriptomic,cDNA,total RNA,,SRX6635633,SRP217231,PRJNA558102,https://www.ncbi.nlm.nih.gov/geo/query/acc.cgi?acc=GSM3998323,https://www.ncbi.nlm.nih.gov/geo/query/acc.cgi?acc=GSE135251,https://ftp.ncbi.nlm.nih.gov/geo/series/GSE135nnn/GSE135251/suppl/,ftp://ftp.ncbi.nlm.nih.gov/geo/samples/GSM3998nnn/GSM3998323/suppl/GSM3998323_407-Ann-Daly_S13.counts.txt.gz,SRR9883112,ftp.sra.ebi.ac.uk/vol1/fastq/SRR988/002/SRR9883112/SRR9883112_1.fastq.gz;ftp.sra.ebi.ac.uk/vol1/fastq/SRR988/002/SRR9883112/SRR9883112_2.fastq.gz,1678553165;1731332552,38152781,https://www.ncbi.nlm.nih.gov/sra/SRR9883112,33268509; 33762733; 39566466,Aug 01 2019,nas score: 4 || fibrosis stage: 0 || group in paper: NAFL || disease: NAFLD || Stage: early
GSM3998324,GSE135251,case,primary,NAFLD,yes,counts,,,,,7,3,Illumina NextSeq 500,TRANSCRIPTOMIC PROFILING ACROSS THE SPECTRUM OF NON-ALCOHOLIC FATTY LIVER DISEASE,Liver patient 65,human liver tissue,no,Homo sapiens,,,,NAFLD_moderate_liver biopsy,explicit label: NAFLD,,,,,,no,,,,,,,RNA-Seq,transcriptomic,cDNA,total RNA,,SRX6635634,SRP217231,PRJNA558102,https://www.ncbi.nlm.nih.gov/geo/query/acc.cgi?acc=GSM3998324,https://www.ncbi.nlm.nih.gov/geo/query/acc.cgi?acc=GSE135251,https://ftp.ncbi.nlm.nih.gov/geo/series/GSE135nnn/GSE135251/suppl/,ftp://ftp.ncbi.nlm.nih.gov/geo/samples/GSM3998nnn/GSM3998324/suppl/GSM3998324_408-Ann-Daly_S14.counts.txt.gz,SRR9883113,ftp.sra.ebi.ac.uk/vol1/fastq/SRR988/003/SRR9883113/SRR9883113_1.fastq.gz;ftp.sra.ebi.ac.uk/vol1/fastq/SRR988/003/SRR9883113/SRR9883113_2.fastq.gz,1622471689;1693630282,36272621,https://www.ncbi.nlm.nih.gov/sra/SRR9883113,33268509; 33762733; 39566466,Aug 01 2019,nas score: 7 || fibrosis stage: 3 || group in paper: NASH_F3 || disease: NAFLD || Stage: moderate
GSM3998325,GSE135251,case,primary,NAFLD,yes,counts,,,,,4,0,Illumina NextSeq 500,TRANSCRIPTOMIC PROFILING ACROSS THE SPECTRUM OF NON-ALCOHOLIC FATTY LIVER DISEASE,Liver patient 66,human liver tissue,no,Homo sapiens,,,,NAFLD_early_liver biopsy,explicit label: NAFLD,,,,,,no,,,,,,,RNA-Seq,transcriptomic,cDNA,total RNA,,SRX6635635,SRP217231,PRJNA558102,https://www.ncbi.nlm.nih.gov/geo/query/acc.cgi?acc=GSM3998325,https://www.ncbi.nlm.nih.gov/geo/query/acc.cgi?acc=GSE135251,https://ftp.ncbi.nlm.nih.gov/geo/series/GSE135nnn/GSE135251/suppl/,ftp://ftp.ncbi.nlm.nih.gov/geo/samples/GSM3998nnn/GSM3998325/suppl/GSM3998325_416-Ann-Daly_S2.counts.txt.gz,SRR9883114,ftp.sra.ebi.ac.uk/vol1/fastq/SRR988/004/SRR9883114/SRR9883114_1.fastq.gz;ftp.sra.ebi.ac.uk/vol1/fastq/SRR988/004/SRR9883114/SRR9883114_2.fastq.gz,1879107015;1913988964,43289893,https://www.ncbi.nlm.nih.gov/sra/SRR9883114,33268509; 33762733; 39566466,Aug 01 2019,nas score: 4 || fibrosis stage: 0 || group in paper: NAFL || disease: NAFLD || Stage: early
GSM3998326,GSE135251,case,primary,NAFLD,yes,counts,,,,,2,0,Illumina NextSeq 500,TRANSCRIPTOMIC PROFILING ACROSS THE SPECTRUM OF NON-ALCOHOLIC FATTY LIVER DISEASE,Liver patient 67,human liver tissue,no,Homo sapiens,,,,NAFLD_early_liver biopsy,explicit label: NAFLD,,,,,,no,,,,,,,RNA-Seq,transcriptomic,cDNA,total RNA,,SRX6635636,SRP217231,PRJNA558102,https://www.ncbi.nlm.nih.gov/geo/query/acc.cgi?acc=GSM3998326,https://www.ncbi.nlm.nih.gov/geo/query/acc.cgi?acc=GSE135251,https://ftp.ncbi.nlm.nih.gov/geo/series/GSE135nnn/GSE135251/suppl/,ftp://ftp.ncbi.nlm.nih.gov/geo/samples/GSM3998nnn/GSM3998326/suppl/GSM3998326_418-Ann-Daly_S15.counts.txt.gz,SRR9883115,ftp.sra.ebi.ac.uk/vol1/fastq/SRR988/005/SRR9883115/SRR9883115_1.fastq.gz;ftp.sra.ebi.ac.uk/vol1/fastq/SRR988/005/SRR9883115/SRR9883115_2.fastq.gz,1633572004;1679478240,36371997,https://www.ncbi.nlm.nih.gov/sra/SRR9883115,33268509; 33762733; 39566466,Aug 01 2019,nas score: 2 || fibrosis stage: 0 || group in paper: NAFL || disease: NAFLD || Stage: early
GSM3998327,GSE135251,case,primary,NAFLD,yes,counts,,,,,7,3,Illumina NextSeq 500,TRANSCRIPTOMIC PROFILING ACROSS THE SPECTRUM OF NON-ALCOHOLIC FATTY LIVER DISEASE,Liver patient 179,human liver tissue,no,Homo sapiens,,,,NAFLD_moderate_liver biopsy,explicit label: NAFLD,,,,,,no,,,,,,,RNA-Seq,transcriptomic,cDNA,total RNA,,SRX6635637,SRP217231,PRJNA558102,https://www.ncbi.nlm.nih.gov/geo/query/acc.cgi?acc=GSM3998327,https://www.ncbi.nlm.nih.gov/geo/query/acc.cgi?acc=GSE135251,https://ftp.ncbi.nlm.nih.gov/geo/series/GSE135nnn/GSE135251/suppl/,ftp://ftp.ncbi.nlm.nih.gov/geo/samples/GSM3998nnn/GSM3998327/suppl/GSM3998327_424-Ann-Daly_S16.counts.txt.gz,SRR9883116,ftp.sra.ebi.ac.uk/vol1/fastq/SRR988/006/SRR9883116/SRR9883116_1.fastq.gz;ftp.sra.ebi.ac.uk/vol1/fastq/SRR988/006/SRR9883116/SRR9883116_2.fastq.gz,1630636615;1668437887,36332771,https://www.ncbi.nlm.nih.gov/sra/SRR9883116,33268509; 33762733; 39566466,Aug 01 2019,nas score: 7 || fibrosis stage: 3 || group in paper: NASH_F3 || disease: NAFLD || Stage: moderate
GSM3998328,GSE135251,case,primary,NAFLD,yes,counts,,,,,6,3,Illumina NextSeq 500,TRANSCRIPTOMIC PROFILING ACROSS THE SPECTRUM OF NON-ALCOHOLIC FATTY LIVER DISEASE,Liver patient 180,human liver tissue,no,Homo sapiens,,,,NAFLD_moderate_liver biopsy,explicit label: NAFLD,,,,,,no,,,,,,,RNA-Seq,transcriptomic,cDNA,total RNA,,SRX6635638,SRP217231,PRJNA558102,https://www.ncbi.nlm.nih.gov/geo/query/acc.cgi?acc=GSM3998328,https://www.ncbi.nlm.nih.gov/geo/query/acc.cgi?acc=GSE135251,https://ftp.ncbi.nlm.nih.gov/geo/series/GSE135nnn/GSE135251/suppl/,ftp://ftp.ncbi.nlm.nih.gov/geo/samples/GSM3998nnn/GSM3998328/suppl/GSM3998328_425-Ann-Daly_S3.counts.txt.gz,SRR9883117,ftp.sra.ebi.ac.uk/vol1/fastq/SRR988/007/SRR9883117/SRR9883117_1.fastq.gz;ftp.sra.ebi.ac.uk/vol1/fastq/SRR988/007/SRR9883117/SRR9883117_2.fastq.gz,1918559251;1953943461,44266961,https://www.ncbi.nlm.nih.gov/sra/SRR9883117,33268509; 33762733; 39566466,Aug 01 2019,nas score: 6 || fibrosis stage: 3 || group in paper: NASH_F3 || disease: NAFLD || Stage: moderate
GSM3998329,GSE135251,case,primary,NAFLD,yes,counts,,,,,7,3,Illumina NextSeq 500,TRANSCRIPTOMIC PROFILING ACROSS THE SPECTRUM OF NON-ALCOHOLIC FATTY LIVER DISEASE,Liver patient 45,human liver tissue,no,Homo sapiens,,,,NAFLD_moderate_liver biopsy,explicit label: NAFLD,,,,,,no,,,,,,,RNA-Seq,transcriptomic,cDNA,total RNA,,SRX6635639,SRP217231,PRJNA558102,https://www.ncbi.nlm.nih.gov/geo/query/acc.cgi?acc=GSM3998329,https://www.ncbi.nlm.nih.gov/geo/query/acc.cgi?acc=GSE135251,https://ftp.ncbi.nlm.nih.gov/geo/series/GSE135nnn/GSE135251/suppl/,ftp://ftp.ncbi.nlm.nih.gov/geo/samples/GSM3998nnn/GSM3998329/suppl/GSM3998329_431-Ann-Daly_S4.counts.txt.gz,SRR9883118,ftp.sra.ebi.ac.uk/vol1/fastq/SRR988/008/SRR9883118/SRR9883118_1.fastq.gz;ftp.sra.ebi.ac.uk/vol1/fastq/SRR988/008/SRR9883118/SRR9883118_2.fastq.gz,1612709410;1639257970,36781910,https://www.ncbi.nlm.nih.gov/sra/SRR9883118,33268509; 33762733; 39566466,Aug 01 2019,nas score: 7 || fibrosis stage: 3 || group in paper: NASH_F3 || disease: NAFLD || Stage: moderate
GSM3998330,GSE135251,case,primary,NAFLD,yes,counts,,,,,4,3,Illumina NextSeq 500,TRANSCRIPTOMIC PROFILING ACROSS THE SPECTRUM OF NON-ALCOHOLIC FATTY LIVER DISEASE,Liver patient 181,human liver tissue,no,Homo sapiens,,,,NAFLD_moderate_liver biopsy,explicit label: NAFLD,,,,,,no,,,,,,,RNA-Seq,transcriptomic,cDNA,total RNA,,SRX6635640,SRP217231,PRJNA558102,https://www.ncbi.nlm.nih.gov/geo/query/acc.cgi?acc=GSM3998330,https://www.ncbi.nlm.nih.gov/geo/query/acc.cgi?acc=GSE135251,https://ftp.ncbi.nlm.nih.gov/geo/series/GSE135nnn/GSE135251/suppl/,ftp://ftp.ncbi.nlm.nih.gov/geo/samples/GSM3998nnn/GSM3998330/suppl/GSM3998330_443-Ann-Daly_S5.counts.txt.gz,SRR9883119,ftp.sra.ebi.ac.uk/vol1/fastq/SRR988/009/SRR9883119/SRR9883119_1.fastq.gz;ftp.sra.ebi.ac.uk/vol1/fastq/SRR988/009/SRR9883119/SRR9883119_2.fastq.gz,1496616219;1541396499,34602614,https://www.ncbi.nlm.nih.gov/sra/SRR9883119,33268509; 33762733; 39566466,Aug 01 2019,nas score: 4 || fibrosis stage: 3 || group in paper: NASH_F3 || disease: NAFLD || Stage: moderate
GSM3998331,GSE135251,case,primary,NAFLD,yes,counts,,,,,3,1,Illumina NextSeq 500,TRANSCRIPTOMIC PROFILING ACROSS THE SPECTRUM OF NON-ALCOHOLIC FATTY LIVER DISEASE,Liver patient 191,human liver tissue,no,Homo sapiens,,,,NAFLD_early_liver biopsy,explicit label: NAFLD,,,,,,no,,,,,,,RNA-Seq,transcriptomic,cDNA,total RNA,,SRX6635641,SRP217231,PRJNA558102,https://www.ncbi.nlm.nih.gov/geo/query/acc.cgi?acc=GSM3998331,https://www.ncbi.nlm.nih.gov/geo/query/acc.cgi?acc=GSE135251,https://ftp.ncbi.nlm.nih.gov/geo/series/GSE135nnn/GSE135251/suppl/,ftp://ftp.ncbi.nlm.nih.gov/geo/samples/GSM3998nnn/GSM3998331/suppl/GSM3998331_5_74.counts.txt.gz,SRR9883120,ftp.sra.ebi.ac.uk/vol1/fastq/SRR988/000/SRR9883120/SRR9883120_1.fastq.gz;ftp.sra.ebi.ac.uk/vol1/fastq/SRR988/000/SRR9883120/SRR9883120_2.fastq.gz,1409999372;1585769855,33512975,https://www.ncbi.nlm.nih.gov/sra/SRR9883120,33268509; 33762733; 39566466,Aug 01 2019,nas score: 3 || fibrosis stage: 1 || group in paper: NASH_F0-F1 || disease: NAFLD || Stage: early
GSM3998332,GSE135251,case,primary,NAFLD,yes,counts,,,,,8,4,Illumina NextSeq 500,TRANSCRIPTOMIC PROFILING ACROSS THE SPECTRUM OF NON-ALCOHOLIC FATTY LIVER DISEASE,Liver patient 190,human liver tissue,no,Homo sapiens,,,,NAFLD_moderate_liver biopsy,explicit label: NAFLD,,,,,,no,,,,,,,RNA-Seq,transcriptomic,cDNA,total RNA,,SRX6635642,SRP217231,PRJNA558102,https://www.ncbi.nlm.nih.gov/geo/query/acc.cgi?acc=GSM3998332,https://www.ncbi.nlm.nih.gov/geo/query/acc.cgi?acc=GSE135251,https://ftp.ncbi.nlm.nih.gov/geo/series/GSE135nnn/GSE135251/suppl/,ftp://ftp.ncbi.nlm.nih.gov/geo/samples/GSM3998nnn/GSM3998332/suppl/GSM3998332_6_139.counts.txt.gz,SRR9883121,ftp.sra.ebi.ac.uk/vol1/fastq/SRR988/001/SRR9883121/SRR9883121_1.fastq.gz;ftp.sra.ebi.ac.uk/vol1/fastq/SRR988/001/SRR9883121/SRR9883121_2.fastq.gz,1355945210;1445993308,31679310,https://www.ncbi.nlm.nih.gov/sra/SRR9883121,33268509; 33762733; 39566466,Aug 01 2019,nas score: 8 || fibrosis stage: 4 || group in paper: NASH_F4 || disease: NAFLD || Stage: moderate
GSM3998333,GSE135251,case,primary,NAFLD,yes,counts,,,,,5,3,Illumina NextSeq 500,TRANSCRIPTOMIC PROFILING ACROSS THE SPECTRUM OF NON-ALCOHOLIC FATTY LIVER DISEASE,Liver patient 185,human liver tissue,no,Homo sapiens,,,,NAFLD_moderate_liver biopsy,explicit label: NAFLD,,,,,,no,,,,,,,RNA-Seq,transcriptomic,cDNA,total RNA,,SRX6635643,SRP217231,PRJNA558102,https://www.ncbi.nlm.nih.gov/geo/query/acc.cgi?acc=GSM3998333,https://www.ncbi.nlm.nih.gov/geo/query/acc.cgi?acc=GSE135251,https://ftp.ncbi.nlm.nih.gov/geo/series/GSE135nnn/GSE135251/suppl/,ftp://ftp.ncbi.nlm.nih.gov/geo/samples/GSM3998nnn/GSM3998333/suppl/GSM3998333_7_162.counts.txt.gz,SRR9883122,ftp.sra.ebi.ac.uk/vol1/fastq/SRR988/002/SRR9883122/SRR9883122_1.fastq.gz;ftp.sra.ebi.ac.uk/vol1/fastq/SRR988/002/SRR9883122/SRR9883122_2.fastq.gz,1260041589;1297275388,30412446,https://www.ncbi.nlm.nih.gov/sra/SRR9883122,33268509; 33762733; 39566466,Aug 01 2019,nas score: 5 || fibrosis stage: 3 || group in paper: NASH_F3 || disease: NAFLD || Stage: moderate
GSM3998334,GSE135251,case,primary,NAFLD,yes,counts,,,,,3,3,Illumina NextSeq 500,TRANSCRIPTOMIC PROFILING ACROSS THE SPECTRUM OF NON-ALCOHOLIC FATTY LIVER DISEASE,Liver patient 193,human liver tissue,no,Homo sapiens,,,,NAFLD_moderate_liver biopsy,explicit label: NAFLD,,,,,,no,,,,,,,RNA-Seq,transcriptomic,cDNA,total RNA,,SRX6635644,SRP217231,PRJNA558102,https://www.ncbi.nlm.nih.gov/geo/query/acc.cgi?acc=GSM3998334,https://www.ncbi.nlm.nih.gov/geo/query/acc.cgi?acc=GSE135251,https://ftp.ncbi.nlm.nih.gov/geo/series/GSE135nnn/GSE135251/suppl/,ftp://ftp.ncbi.nlm.nih.gov/geo/samples/GSM3998nnn/GSM3998334/suppl/GSM3998334_8_344.counts.txt.gz,SRR9883123,ftp.sra.ebi.ac.uk/vol1/fastq/SRR988/003/SRR9883123/SRR9883123_1.fastq.gz;ftp.sra.ebi.ac.uk/vol1/fastq/SRR988/003/SRR9883123/SRR9883123_2.fastq.gz,1403990158;1416116631,33058035,https://www.ncbi.nlm.nih.gov/sra/SRR9883123,33268509; 33762733; 39566466,Aug 01 2019,nas score: 3 || fibrosis stage: 3 || group in paper: NASH_F3 || disease: NAFLD || Stage: moderate
GSM3998335,GSE135251,case,primary,NAFLD,yes,counts,,,,,4,2,Illumina NextSeq 500,TRANSCRIPTOMIC PROFILING ACROSS THE SPECTRUM OF NON-ALCOHOLIC FATTY LIVER DISEASE,Liver patient 26,human liver tissue,no,Homo sapiens,,,,NAFLD_early_liver biopsy,explicit label: NAFLD,,,,,,no,,,,,,,RNA-Seq,transcriptomic,cDNA,total RNA,,SRX6635645,SRP217231,PRJNA558102,https://www.ncbi.nlm.nih.gov/geo/query/acc.cgi?acc=GSM3998335,https://www.ncbi.nlm.nih.gov/geo/query/acc.cgi?acc=GSE135251,https://ftp.ncbi.nlm.nih.gov/geo/series/GSE135nnn/GSE135251/suppl/,ftp://ftp.ncbi.nlm.nih.gov/geo/samples/GSM3998nnn/GSM3998335/suppl/GSM3998335_84-Ann-Daly_S9.counts.txt.gz,SRR9883124,ftp.sra.ebi.ac.uk/vol1/fastq/SRR988/004/SRR9883124/SRR9883124_1.fastq.gz;ftp.sra.ebi.ac.uk/vol1/fastq/SRR988/004/SRR9883124/SRR9883124_2.fastq.gz,1246648124;1287468518,31145235,https://www.ncbi.nlm.nih.gov/sra/SRR9883124,33268509; 33762733; 39566466,Aug 01 2019,nas score: 4 || fibrosis stage: 2 || group in paper: NASH_F2 || disease: NAFLD || Stage: early
GSM3998336,GSE135251,case,primary,NAFLD,yes,counts,,,,,2,0,Illumina NextSeq 500,TRANSCRIPTOMIC PROFILING ACROSS THE SPECTRUM OF NON-ALCOHOLIC FATTY LIVER DISEASE,Liver patient 27,human liver tissue,no,Homo sapiens,,,,NAFLD_early_liver biopsy,explicit label: NAFLD,,,,,,no,,,,,,,RNA-Seq,transcriptomic,cDNA,total RNA,,SRX6635646,SRP217231,PRJNA558102,https://www.ncbi.nlm.nih.gov/geo/query/acc.cgi?acc=GSM3998336,https://www.ncbi.nlm.nih.gov/geo/query/acc.cgi?acc=GSE135251,https://ftp.ncbi.nlm.nih.gov/geo/series/GSE135nnn/GSE135251/suppl/,ftp://ftp.ncbi.nlm.nih.gov/geo/samples/GSM3998nnn/GSM3998336/suppl/GSM3998336_85-Ann-Daly_S10.counts.txt.gz,SRR9883125,ftp.sra.ebi.ac.uk/vol1/fastq/SRR988/005/SRR9883125/SRR9883125_1.fastq.gz;ftp.sra.ebi.ac.uk/vol1/fastq/SRR988/005/SRR9883125/SRR9883125_2.fastq.gz,1286478434;1333231535,32299920,https://www.ncbi.nlm.nih.gov/sra/SRR9883125,33268509; 33762733; 39566466,Aug 01 2019,nas score: 2 || fibrosis stage: 0 || group in paper: NAFL || disease: NAFLD || Stage: early
GSM3998337,GSE135251,case,primary,NAFLD,yes,counts,,,,,5,2,Illumina NextSeq 500,TRANSCRIPTOMIC PROFILING ACROSS THE SPECTRUM OF NON-ALCOHOLIC FATTY LIVER DISEASE,Liver patient 206,human liver tissue,no,Homo sapiens,,,,NAFLD_early_liver biopsy,explicit label: NAFLD,,,,,,no,,,,,,,RNA-Seq,transcriptomic,cDNA,total RNA,,SRX6635647,SRP217231,PRJNA558102,https://www.ncbi.nlm.nih.gov/geo/query/acc.cgi?acc=GSM3998337,https://www.ncbi.nlm.nih.gov/geo/query/acc.cgi?acc=GSE135251,https://ftp.ncbi.nlm.nih.gov/geo/series/GSE135nnn/GSE135251/suppl/,ftp://ftp.ncbi.nlm.nih.gov/geo/samples/GSM3998nnn/GSM3998337/suppl/GSM3998337_9_346.counts.txt.gz,SRR9883126,ftp.sra.ebi.ac.uk/vol1/fastq/SRR988/006/SRR9883126/SRR9883126_1.fastq.gz;ftp.sra.ebi.ac.uk/vol1/fastq/SRR988/006/SRR9883126/SRR9883126_2.fastq.gz,1448074769;1469501926,34294371,https://www.ncbi.nlm.nih.gov/sra/SRR9883126,33268509; 33762733; 39566466,Aug 01 2019,nas score: 5 || fibrosis stage: 2 || group in paper: NASH_F2 || disease: NAFLD || Stage: early
GSM3998338,GSE135251,case,primary,NAFLD,yes,counts,,,,,4,3,Illumina NextSeq 500,TRANSCRIPTOMIC PROFILING ACROSS THE SPECTRUM OF NON-ALCOHOLIC FATTY LIVER DISEASE,Liver patient 4,human liver tissue,no,Homo sapiens,,,,NAFLD_moderate_liver biopsy,explicit label: NAFLD,,,,,,no,,,,,,,RNA-Seq,transcriptomic,cDNA,total RNA,,SRX6635648,SRP217231,PRJNA558102,https://www.ncbi.nlm.nih.gov/geo/query/acc.cgi?acc=GSM3998338,https://www.ncbi.nlm.nih.gov/geo/query/acc.cgi?acc=GSE135251,https://ftp.ncbi.nlm.nih.gov/geo/series/GSE135nnn/GSE135251/suppl/,ftp://ftp.ncbi.nlm.nih.gov/geo/samples/GSM3998nnn/GSM3998338/suppl/GSM3998338_98-Ann-Daly_S13.counts.txt.gz,SRR9883127,ftp.sra.ebi.ac.uk/vol1/fastq/SRR988/007/SRR9883127/SRR9883127_1.fastq.gz;ftp.sra.ebi.ac.uk/vol1/fastq/SRR988/007/SRR9883127/SRR9883127_2.fastq.gz,1324035790;1368720148,33427907,https://www.ncbi.nlm.nih.gov/sra/SRR9883127,33268509; 33762733; 39566466,Aug 01 2019,nas score: 4 || fibrosis stage: 3 || group in paper: NASH_F3 || disease: NAFLD || Stage: moderate
GSM3998339,GSE135251,case,primary,NAFLD,yes,counts,,,,,4,0,Illumina NextSeq 500,TRANSCRIPTOMIC PROFILING ACROSS THE SPECTRUM OF NON-ALCOHOLIC FATTY LIVER DISEASE,Liver patient 91,human liver tissue,no,Homo sapiens,,,,NAFLD_early_liver biopsy,explicit label: NAFLD,,,,,,no,,,,,,,RNA-Seq,transcriptomic,cDNA,total RNA,,SRX6635649,SRP217231,PRJNA558102,https://www.ncbi.nlm.nih.gov/geo/query/acc.cgi?acc=GSM3998339,https://www.ncbi.nlm.nih.gov/geo/query/acc.cgi?acc=GSE135251,https://ftp.ncbi.nlm.nih.gov/geo/series/GSE135nnn/GSE135251/suppl/,ftp://ftp.ncbi.nlm.nih.gov/geo/samples/GSM3998nnn/GSM3998339/suppl/GSM3998339_s5_Olivier-Govaere_S5.counts.txt.gz,SRR9883128,ftp.sra.ebi.ac.uk/vol1/fastq/SRR988/008/SRR9883128/SRR9883128_1.fastq.gz;ftp.sra.ebi.ac.uk/vol1/fastq/SRR988/008/SRR9883128/SRR9883128_2.fastq.gz,1968129645;2011674330,45701144,https://www.ncbi.nlm.nih.gov/sra/SRR9883128,33268509; 33762733; 39566466,Aug 01 2019,nas score: 4 || fibrosis stage: 0 || group in paper: NASH_F0-F1 || disease: NAFLD || Stage: early
GSM3998340,GSE135251,case,primary,NAFLD,yes,counts,,,,,3,3,Illumina NextSeq 500,TRANSCRIPTOMIC PROFILING ACROSS THE SPECTRUM OF NON-ALCOHOLIC FATTY LIVER DISEASE,Liver patient 99,human liver tissue,no,Homo sapiens,,,,NAFLD_moderate_liver biopsy,explicit label: NAFLD,,,,,,no,,,,,,,RNA-Seq,transcriptomic,cDNA,total RNA,,SRX6635650,SRP217231,PRJNA558102,https://www.ncbi.nlm.nih.gov/geo/query/acc.cgi?acc=GSM3998340,https://www.ncbi.nlm.nih.gov/geo/query/acc.cgi?acc=GSE135251,https://ftp.ncbi.nlm.nih.gov/geo/series/GSE135nnn/GSE135251/suppl/,ftp://ftp.ncbi.nlm.nih.gov/geo/samples/GSM3998nnn/GSM3998340/suppl/GSM3998340_s2_Olivier-Govaere_S2.counts.txt.gz,SRR9883129,ftp.sra.ebi.ac.uk/vol1/fastq/SRR988/009/SRR9883129/SRR9883129_1.fastq.gz;ftp.sra.ebi.ac.uk/vol1/fastq/SRR988/009/SRR9883129/SRR9883129_2.fastq.gz,1725148204;1757125958,39943021,https://www.ncbi.nlm.nih.gov/sra/SRR9883129,33268509; 33762733; 39566466,Aug 01 2019,nas score: 3 || fibrosis stage: 3 || group in paper: NASH_F3 || disease: NAFLD || Stage: moderate
GSM3998341,GSE135251,control,primary,Control,yes,counts,,,,,0,2,Illumina NextSeq 500,TRANSCRIPTOMIC PROFILING ACROSS THE SPECTRUM OF NON-ALCOHOLIC FATTY LIVER DISEASE,Liver control sample 1,human liver tissue,no,Homo sapiens,,,,Control_control_liver biopsy,explicit label: Control,,,,,,no,,,,,,,RNA-Seq,transcriptomic,cDNA,total RNA,,SRX6635651,SRP217231,PRJNA558102,https://www.ncbi.nlm.nih.gov/geo/query/acc.cgi?acc=GSM3998341,https://www.ncbi.nlm.nih.gov/geo/query/acc.cgi?acc=GSE135251,https://ftp.ncbi.nlm.nih.gov/geo/series/GSE135nnn/GSE135251/suppl/,ftp://ftp.ncbi.nlm.nih.gov/geo/samples/GSM3998nnn/GSM3998341/suppl/GSM3998341_078-Ann-Daly_S14.counts.txt.gz,SRR9883130,ftp.sra.ebi.ac.uk/vol1/fastq/SRR988/000/SRR9883130/SRR9883130_1.fastq.gz;ftp.sra.ebi.ac.uk/vol1/fastq/SRR988/000/SRR9883130/SRR9883130_2.fastq.gz,1302850103;1387581945,31235994,https://www.ncbi.nlm.nih.gov/sra/SRR9883130,33268509; 33762733; 39566466,Aug 01 2019,nas score: 0 || fibrosis stage: 2 || group in paper: control || disease: Control || Stage: control
GSM3998342,GSE135251,control,primary,Control,yes,counts,,,,,0,0,Illumina NextSeq 500,TRANSCRIPTOMIC PROFILING ACROSS THE SPECTRUM OF NON-ALCOHOLIC FATTY LIVER DISEASE,Liver control sample 4,human liver tissue,no,Homo sapiens,,,,Control_control_liver biopsy,explicit label: Control,,,,,,no,,,,,,,RNA-Seq,transcriptomic,cDNA,total RNA,,SRX6635652,SRP217231,PRJNA558102,https://www.ncbi.nlm.nih.gov/geo/query/acc.cgi?acc=GSM3998342,https://www.ncbi.nlm.nih.gov/geo/query/acc.cgi?acc=GSE135251,https://ftp.ncbi.nlm.nih.gov/geo/series/GSE135nnn/GSE135251/suppl/,ftp://ftp.ncbi.nlm.nih.gov/geo/samples/GSM3998nnn/GSM3998342/suppl/GSM3998342_085-Ann-Daly_S16.counts.txt.gz,SRR9883131,ftp.sra.ebi.ac.uk/vol1/fastq/SRR988/001/SRR9883131/SRR9883131_1.fastq.gz;ftp.sra.ebi.ac.uk/vol1/fastq/SRR988/001/SRR9883131/SRR9883131_2.fastq.gz,1697742518;1810663615,40721460,https://www.ncbi.nlm.nih.gov/sra/SRR9883131,33268509; 33762733; 39566466,Aug 01 2019,nas score: 0 || fibrosis stage: 0 || group in paper: control || disease: Control || Stage: control
GSM3998343,GSE135251,case,primary,NAFLD,yes,counts,,,,,5,2,Illumina NextSeq 500,TRANSCRIPTOMIC PROFILING ACROSS THE SPECTRUM OF NON-ALCOHOLIC FATTY LIVER DISEASE,Liver patient 139,human liver tissue,no,Homo sapiens,,,,NAFLD_early_liver biopsy,explicit label: NAFLD,,,,,,no,,,,,,,RNA-Seq,transcriptomic,cDNA,total RNA,,SRX6635653,SRP217231,PRJNA558102,https://www.ncbi.nlm.nih.gov/geo/query/acc.cgi?acc=GSM3998343,https://www.ncbi.nlm.nih.gov/geo/query/acc.cgi?acc=GSE135251,https://ftp.ncbi.nlm.nih.gov/geo/series/GSE135nnn/GSE135251/suppl/,ftp://ftp.ncbi.nlm.nih.gov/geo/samples/GSM3998nnn/GSM3998343/suppl/GSM3998343_C100-Ann-Daly_S1.counts.txt.gz,SRR9883132,ftp.sra.ebi.ac.uk/vol1/fastq/SRR988/002/SRR9883132/SRR9883132_1.fastq.gz;ftp.sra.ebi.ac.uk/vol1/fastq/SRR988/002/SRR9883132/SRR9883132_2.fastq.gz,1251494039;1272901542,30177293,https://www.ncbi.nlm.nih.gov/sra/SRR9883132,33268509; 33762733; 39566466,Aug 01 2019,nas score: 5 || fibrosis stage: 2 || group in paper: NASH_F2 || disease: NAFLD || Stage: early
GSM3998344,GSE135251,case,primary,NAFLD,yes,counts,,,,,1,1,Illumina NextSeq 500,TRANSCRIPTOMIC PROFILING ACROSS THE SPECTRUM OF NON-ALCOHOLIC FATTY LIVER DISEASE,Liver patient 140,human liver tissue,no,Homo sapiens,,,,NAFLD_early_liver biopsy,explicit label: NAFLD,,,,,,no,,,,,,,RNA-Seq,transcriptomic,cDNA,total RNA,,SRX6635654,SRP217231,PRJNA558102,https://www.ncbi.nlm.nih.gov/geo/query/acc.cgi?acc=GSM3998344,https://www.ncbi.nlm.nih.gov/geo/query/acc.cgi?acc=GSE135251,https://ftp.ncbi.nlm.nih.gov/geo/series/GSE135nnn/GSE135251/suppl/,ftp://ftp.ncbi.nlm.nih.gov/geo/samples/GSM3998nnn/GSM3998344/suppl/GSM3998344_C101-Ann-Daly_S2.counts.txt.gz,SRR9883133,ftp.sra.ebi.ac.uk/vol1/fastq/SRR988/003/SRR9883133/SRR9883133_1.fastq.gz;ftp.sra.ebi.ac.uk/vol1/fastq/SRR988/003/SRR9883133/SRR9883133_2.fastq.gz,1340427372;1353273393,31963864,https://www.ncbi.nlm.nih.gov/sra/SRR9883133,33268509; 33762733; 39566466,Aug 01 2019,nas score: 1 || fibrosis stage: 1 || group in paper: NAFL || disease: NAFLD || Stage: early
GSM3998345,GSE135251,case,primary,NAFLD,yes,counts,,,,,2,0,Illumina NextSeq 500,TRANSCRIPTOMIC PROFILING ACROSS THE SPECTRUM OF NON-ALCOHOLIC FATTY LIVER DISEASE,Liver patient 141,human liver tissue,no,Homo sapiens,,,,NAFLD_early_liver biopsy,explicit label: NAFLD,,,,,,no,,,,,,,RNA-Seq,transcriptomic,cDNA,total RNA,,SRX6635655,SRP217231,PRJNA558102,https://www.ncbi.nlm.nih.gov/geo/query/acc.cgi?acc=GSM3998345,https://www.ncbi.nlm.nih.gov/geo/query/acc.cgi?acc=GSE135251,https://ftp.ncbi.nlm.nih.gov/geo/series/GSE135nnn/GSE135251/suppl/,ftp://ftp.ncbi.nlm.nih.gov/geo/samples/GSM3998nnn/GSM3998345/suppl/GSM3998345_C102-Ann-Daly_S3.counts.txt.gz,SRR9883134,ftp.sra.ebi.ac.uk/vol1/fastq/SRR988/004/SRR9883134/SRR9883134_1.fastq.gz;ftp.sra.ebi.ac.uk/vol1/fastq/SRR988/004/SRR9883134/SRR9883134_2.fastq.gz,1455695725;1509962588,35368961,https://www.ncbi.nlm.nih.gov/sra/SRR9883134,33268509; 33762733; 39566466,Aug 01 2019,nas score: 2 || fibrosis stage: 0 || group in paper: NAFL || disease: NAFLD || Stage: early
GSM3998346,GSE135251,case,primary,NAFLD,yes,counts,,,,,2,0,Illumina NextSeq 500,TRANSCRIPTOMIC PROFILING ACROSS THE SPECTRUM OF NON-ALCOHOLIC FATTY LIVER DISEASE,Liver patient 142,human liver tissue,no,Homo sapiens,,,,NAFLD_early_liver biopsy,explicit label: NAFLD,,,,,,no,,,,,,,RNA-Seq,transcriptomic,cDNA,total RNA,,SRX6635656,SRP217231,PRJNA558102,https://www.ncbi.nlm.nih.gov/geo/query/acc.cgi?acc=GSM3998346,https://www.ncbi.nlm.nih.gov/geo/query/acc.cgi?acc=GSE135251,https://ftp.ncbi.nlm.nih.gov/geo/series/GSE135nnn/GSE135251/suppl/,ftp://ftp.ncbi.nlm.nih.gov/geo/samples/GSM3998nnn/GSM3998346/suppl/GSM3998346_C103-Ann-Daly_S4.counts.txt.gz,SRR9883135,ftp.sra.ebi.ac.uk/vol1/fastq/SRR988/005/SRR9883135/SRR9883135_1.fastq.gz;ftp.sra.ebi.ac.uk/vol1/fastq/SRR988/005/SRR9883135/SRR9883135_2.fastq.gz,1549950709;1665435830,37068880,https://www.ncbi.nlm.nih.gov/sra/SRR9883135,33268509; 33762733; 39566466,Aug 01 2019,nas score: 2 || fibrosis stage: 0 || group in paper: NAFL || disease: NAFLD || Stage: early
GSM3998347,GSE135251,case,primary,NAFLD,yes,counts,,,,,6,2,Illumina NextSeq 500,TRANSCRIPTOMIC PROFILING ACROSS THE SPECTRUM OF NON-ALCOHOLIC FATTY LIVER DISEASE,Liver patient 143,human liver tissue,no,Homo sapiens,,,,NAFLD_early_liver biopsy,explicit label: NAFLD,,,,,,no,,,,,,,RNA-Seq,transcriptomic,cDNA,total RNA,,SRX6635657,SRP217231,PRJNA558102,https://www.ncbi.nlm.nih.gov/geo/query/acc.cgi?acc=GSM3998347,https://www.ncbi.nlm.nih.gov/geo/query/acc.cgi?acc=GSE135251,https://ftp.ncbi.nlm.nih.gov/geo/series/GSE135nnn/GSE135251/suppl/,ftp://ftp.ncbi.nlm.nih.gov/geo/samples/GSM3998nnn/GSM3998347/suppl/GSM3998347_C107-Ann-Daly_S5.counts.txt.gz,SRR9883136,ftp.sra.ebi.ac.uk/vol1/fastq/SRR988/006/SRR9883136/SRR9883136_1.fastq.gz;ftp.sra.ebi.ac.uk/vol1/fastq/SRR988/006/SRR9883136/SRR9883136_2.fastq.gz,1474716494;1548964401,35202201,https://www.ncbi.nlm.nih.gov/sra/SRR9883136,33268509; 33762733; 39566466,Aug 01 2019,nas score: 6 || fibrosis stage: 2 || group in paper: NASH_F2 || disease: NAFLD || Stage: early
GSM3998348,GSE135251,case,primary,NAFLD,yes,counts,,,,,6,2,Illumina NextSeq 500,TRANSCRIPTOMIC PROFILING ACROSS THE SPECTRUM OF NON-ALCOHOLIC FATTY LIVER DISEASE,Liver patient 144,human liver tissue,no,Homo sapiens,,,,NAFLD_early_liver biopsy,explicit label: NAFLD,,,,,,no,,,,,,,RNA-Seq,transcriptomic,cDNA,total RNA,,SRX6635658,SRP217231,PRJNA558102,https://www.ncbi.nlm.nih.gov/geo/query/acc.cgi?acc=GSM3998348,https://www.ncbi.nlm.nih.gov/geo/query/acc.cgi?acc=GSE135251,https://ftp.ncbi.nlm.nih.gov/geo/series/GSE135nnn/GSE135251/suppl/,ftp://ftp.ncbi.nlm.nih.gov/geo/samples/GSM3998nnn/GSM3998348/suppl/GSM3998348_C108-Ann-Daly_S6.counts.txt.gz,SRR9883137,ftp.sra.ebi.ac.uk/vol1/fastq/SRR988/007/SRR9883137/SRR9883137_1.fastq.gz;ftp.sra.ebi.ac.uk/vol1/fastq/SRR988/007/SRR9883137/SRR9883137_2.fastq.gz,1590049302;1603237035,37742825,https://www.ncbi.nlm.nih.gov/sra/SRR9883137,33268509; 33762733; 39566466,Aug 01 2019,nas score: 6 || fibrosis stage: 2 || group in paper: NASH_F2 || disease: NAFLD || Stage: early
GSM3998349,GSE135251,case,primary,NAFLD,yes,counts,,,,,1,0,Illumina NextSeq 500,TRANSCRIPTOMIC PROFILING ACROSS THE SPECTRUM OF NON-ALCOHOLIC FATTY LIVER DISEASE,Liver patient 145,human liver tissue,no,Homo sapiens,,,,NAFLD_early_liver biopsy,explicit label: NAFLD,,,,,,no,,,,,,,RNA-Seq,transcriptomic,cDNA,total RNA,,SRX6635659,SRP217231,PRJNA558102,https://www.ncbi.nlm.nih.gov/geo/query/acc.cgi?acc=GSM3998349,https://www.ncbi.nlm.nih.gov/geo/query/acc.cgi?acc=GSE135251,https://ftp.ncbi.nlm.nih.gov/geo/series/GSE135nnn/GSE135251/suppl/,ftp://ftp.ncbi.nlm.nih.gov/geo/samples/GSM3998nnn/GSM3998349/suppl/GSM3998349_C109-Ann-Daly_S7.counts.txt.gz,SRR9883138,ftp.sra.ebi.ac.uk/vol1/fastq/SRR988/008/SRR9883138/SRR9883138_1.fastq.gz;ftp.sra.ebi.ac.uk/vol1/fastq/SRR988/008/SRR9883138/SRR9883138_2.fastq.gz,1560830332;1586284548,37044183,https://www.ncbi.nlm.nih.gov/sra/SRR9883138,33268509; 33762733; 39566466,Aug 01 2019,nas score: 1 || fibrosis stage: 0 || group in paper: NAFL || disease: NAFLD || Stage: early
GSM3998350,GSE135251,case,primary,NAFLD,yes,counts,,,,,6,2,Illumina NextSeq 500,TRANSCRIPTOMIC PROFILING ACROSS THE SPECTRUM OF NON-ALCOHOLIC FATTY LIVER DISEASE,Liver patient 146,human liver tissue,no,Homo sapiens,,,,NAFLD_early_liver biopsy,explicit label: NAFLD,,,,,,no,,,,,,,RNA-Seq,transcriptomic,cDNA,total RNA,,SRX6635660,SRP217231,PRJNA558102,https://www.ncbi.nlm.nih.gov/geo/query/acc.cgi?acc=GSM3998350,https://www.ncbi.nlm.nih.gov/geo/query/acc.cgi?acc=GSE135251,https://ftp.ncbi.nlm.nih.gov/geo/series/GSE135nnn/GSE135251/suppl/,ftp://ftp.ncbi.nlm.nih.gov/geo/samples/GSM3998nnn/GSM3998350/suppl/GSM3998350_C110-Ann-Daly_S8.counts.txt.gz,SRR9883139,ftp.sra.ebi.ac.uk/vol1/fastq/SRR988/009/SRR9883139/SRR9883139_1.fastq.gz;ftp.sra.ebi.ac.uk/vol1/fastq/SRR988/009/SRR9883139/SRR9883139_2.fastq.gz,1450019749;1492349229,34651627,https://www.ncbi.nlm.nih.gov/sra/SRR9883139,33268509; 33762733; 39566466,Aug 01 2019,nas score: 6 || fibrosis stage: 2 || group in paper: NASH_F2 || disease: NAFLD || Stage: early
GSM3998351,GSE135251,case,primary,NAFLD,yes,counts,,,,,4,1,Illumina NextSeq 500,TRANSCRIPTOMIC PROFILING ACROSS THE SPECTRUM OF NON-ALCOHOLIC FATTY LIVER DISEASE,Liver patient 147,human liver tissue,no,Homo sapiens,,,,NAFLD_early_liver biopsy,explicit label: NAFLD,,,,,,no,,,,,,,RNA-Seq,transcriptomic,cDNA,total RNA,,SRX6635661,SRP217231,PRJNA558102,https://www.ncbi.nlm.nih.gov/geo/query/acc.cgi?acc=GSM3998351,https://www.ncbi.nlm.nih.gov/geo/query/acc.cgi?acc=GSE135251,https://ftp.ncbi.nlm.nih.gov/geo/series/GSE135nnn/GSE135251/suppl/,ftp://ftp.ncbi.nlm.nih.gov/geo/samples/GSM3998nnn/GSM3998351/suppl/GSM3998351_C122-Ann-Daly_S10.counts.txt.gz,SRR9883140,ftp.sra.ebi.ac.uk/vol1/fastq/SRR988/000/SRR9883140/SRR9883140_1.fastq.gz;ftp.sra.ebi.ac.uk/vol1/fastq/SRR988/000/SRR9883140/SRR9883140_2.fastq.gz,1402812535;1418253883,33196484,https://www.ncbi.nlm.nih.gov/sra/SRR9883140,33268509; 33762733; 39566466,Aug 01 2019,nas score: 4 || fibrosis stage: 1 || group in paper: NASH_F0-F1 || disease: NAFLD || Stage: early
GSM3998352,GSE135251,case,primary,NAFLD,yes,counts,,,,,3,1,Illumina NextSeq 500,TRANSCRIPTOMIC PROFILING ACROSS THE SPECTRUM OF NON-ALCOHOLIC FATTY LIVER DISEASE,Liver patient 148,human liver tissue,no,Homo sapiens,,,,NAFLD_early_liver biopsy,explicit label: NAFLD,,,,,,no,,,,,,,RNA-Seq,transcriptomic,cDNA,total RNA,,SRX6635662,SRP217231,PRJNA558102,https://www.ncbi.nlm.nih.gov/geo/query/acc.cgi?acc=GSM3998352,https://www.ncbi.nlm.nih.gov/geo/query/acc.cgi?acc=GSE135251,https://ftp.ncbi.nlm.nih.gov/geo/series/GSE135nnn/GSE135251/suppl/,ftp://ftp.ncbi.nlm.nih.gov/geo/samples/GSM3998nnn/GSM3998352/suppl/GSM3998352_C123-Ann-Daly_S11.counts.txt.gz,SRR9883141,ftp.sra.ebi.ac.uk/vol1/fastq/SRR988/001/SRR9883141/SRR9883141_1.fastq.gz;ftp.sra.ebi.ac.uk/vol1/fastq/SRR988/001/SRR9883141/SRR9883141_2.fastq.gz,1704565802;1740044471,40395787,https://www.ncbi.nlm.nih.gov/sra/SRR9883141,33268509; 33762733; 39566466,Aug 01 2019,nas score: 3 || fibrosis stage: 1 || group in paper: NAFL || disease: NAFLD || Stage: early
GSM3998353,GSE135251,case,primary,NAFLD,yes,counts,,,,,2,0,Illumina NextSeq 500,TRANSCRIPTOMIC PROFILING ACROSS THE SPECTRUM OF NON-ALCOHOLIC FATTY LIVER DISEASE,Liver patient 149,human liver tissue,no,Homo sapiens,,,,NAFLD_early_liver biopsy,explicit label: NAFLD,,,,,,no,,,,,,,RNA-Seq,transcriptomic,cDNA,total RNA,,SRX6635663,SRP217231,PRJNA558102,https://www.ncbi.nlm.nih.gov/geo/query/acc.cgi?acc=GSM3998353,https://www.ncbi.nlm.nih.gov/geo/query/acc.cgi?acc=GSE135251,https://ftp.ncbi.nlm.nih.gov/geo/series/GSE135nnn/GSE135251/suppl/,ftp://ftp.ncbi.nlm.nih.gov/geo/samples/GSM3998nnn/GSM3998353/suppl/GSM3998353_C124-Ann-Daly_S12.counts.txt.gz,SRR9883142,ftp.sra.ebi.ac.uk/vol1/fastq/SRR988/002/SRR9883142/SRR9883142_1.fastq.gz;ftp.sra.ebi.ac.uk/vol1/fastq/SRR988/002/SRR9883142/SRR9883142_2.fastq.gz,1356211835;1391315732,32227511,https://www.ncbi.nlm.nih.gov/sra/SRR9883142,33268509; 33762733; 39566466,Aug 01 2019,nas score: 2 || fibrosis stage: 0 || group in paper: NAFL || disease: NAFLD || Stage: early
GSM3998354,GSE135251,case,primary,NAFLD,yes,counts,,,,,6,3,Illumina NextSeq 500,TRANSCRIPTOMIC PROFILING ACROSS THE SPECTRUM OF NON-ALCOHOLIC FATTY LIVER DISEASE,Liver patient 150,human liver tissue,no,Homo sapiens,,,,NAFLD_moderate_liver biopsy,explicit label: NAFLD,,,,,,no,,,,,,,RNA-Seq,transcriptomic,cDNA,total RNA,,SRX6635664,SRP217231,PRJNA558102,https://www.ncbi.nlm.nih.gov/geo/query/acc.cgi?acc=GSM3998354,https://www.ncbi.nlm.nih.gov/geo/query/acc.cgi?acc=GSE135251,https://ftp.ncbi.nlm.nih.gov/geo/series/GSE135nnn/GSE135251/suppl/,ftp://ftp.ncbi.nlm.nih.gov/geo/samples/GSM3998nnn/GSM3998354/suppl/GSM3998354_C125-Ann-Daly_S13.counts.txt.gz,SRR9883143,ftp.sra.ebi.ac.uk/vol1/fastq/SRR988/003/SRR9883143/SRR9883143_1.fastq.gz;ftp.sra.ebi.ac.uk/vol1/fastq/SRR988/003/SRR9883143/SRR9883143_2.fastq.gz,1452634507;1480852018,34226203,https://www.ncbi.nlm.nih.gov/sra/SRR9883143,33268509; 33762733; 39566466,Aug 01 2019,nas score: 6 || fibrosis stage: 3 || group in paper: NASH_F3 || disease: NAFLD || Stage: moderate
GSM3998355,GSE135251,case,primary,NAFLD,yes,counts,,,,,7,2,Illumina NextSeq 500,TRANSCRIPTOMIC PROFILING ACROSS THE SPECTRUM OF NON-ALCOHOLIC FATTY LIVER DISEASE,Liver patient 151,human liver tissue,no,Homo sapiens,,,,NAFLD_early_liver biopsy,explicit label: NAFLD,,,,,,no,,,,,,,RNA-Seq,transcriptomic,cDNA,total RNA,,SRX6635665,SRP217231,PRJNA558102,https://www.ncbi.nlm.nih.gov/geo/query/acc.cgi?acc=GSM3998355,https://www.ncbi.nlm.nih.gov/geo/query/acc.cgi?acc=GSE135251,https://ftp.ncbi.nlm.nih.gov/geo/series/GSE135nnn/GSE135251/suppl/,ftp://ftp.ncbi.nlm.nih.gov/geo/samples/GSM3998nnn/GSM3998355/suppl/GSM3998355_C126-Ann-Daly_S14.counts.txt.gz,SRR9883144,ftp.sra.ebi.ac.uk/vol1/fastq/SRR988/004/SRR9883144/SRR9883144_1.fastq.gz;ftp.sra.ebi.ac.uk/vol1/fastq/SRR988/004/SRR9883144/SRR9883144_2.fastq.gz,1333962928;1351083251,31135202,https://www.ncbi.nlm.nih.gov/sra/SRR9883144,33268509; 33762733; 39566466,Aug 01 2019,nas score: 7 || fibrosis stage: 2 || group in paper: NASH_F2 || disease: NAFLD || Stage: early
GSM3998356,GSE135251,case,primary,NAFLD,yes,counts,,,,,5,2,Illumina NextSeq 500,TRANSCRIPTOMIC PROFILING ACROSS THE SPECTRUM OF NON-ALCOHOLIC FATTY LIVER DISEASE,Liver patient 152,human liver tissue,no,Homo sapiens,,,,NAFLD_early_liver biopsy,explicit label: NAFLD,,,,,,no,,,,,,,RNA-Seq,transcriptomic,cDNA,total RNA,,SRX6635666,SRP217231,PRJNA558102,https://www.ncbi.nlm.nih.gov/geo/query/acc.cgi?acc=GSM3998356,https://www.ncbi.nlm.nih.gov/geo/query/acc.cgi?acc=GSE135251,https://ftp.ncbi.nlm.nih.gov/geo/series/GSE135nnn/GSE135251/suppl/,ftp://ftp.ncbi.nlm.nih.gov/geo/samples/GSM3998nnn/GSM3998356/suppl/GSM3998356_C128-Ann-Daly_S1.counts.txt.gz,SRR9883145,ftp.sra.ebi.ac.uk/vol1/fastq/SRR988/005/SRR9883145/SRR9883145_1.fastq.gz;ftp.sra.ebi.ac.uk/vol1/fastq/SRR988/005/SRR9883145/SRR9883145_2.fastq.gz,1421979226;1446531030,33775118,https://www.ncbi.nlm.nih.gov/sra/SRR9883145,33268509; 33762733; 39566466,Aug 01 2019,nas score: 5 || fibrosis stage: 2 || group in paper: NASH_F2 || disease: NAFLD || Stage: early
GSM3998357,GSE135251,case,primary,NAFLD,yes,counts,,,,,6,1,Illumina NextSeq 500,TRANSCRIPTOMIC PROFILING ACROSS THE SPECTRUM OF NON-ALCOHOLIC FATTY LIVER DISEASE,Liver patient 153,human liver tissue,no,Homo sapiens,,,,NAFLD_early_liver biopsy,explicit label: NAFLD,,,,,,no,,,,,,,RNA-Seq,transcriptomic,cDNA,total RNA,,SRX6635667,SRP217231,PRJNA558102,https://www.ncbi.nlm.nih.gov/geo/query/acc.cgi?acc=GSM3998357,https://www.ncbi.nlm.nih.gov/geo/query/acc.cgi?acc=GSE135251,https://ftp.ncbi.nlm.nih.gov/geo/series/GSE135nnn/GSE135251/suppl/,ftp://ftp.ncbi.nlm.nih.gov/geo/samples/GSM3998nnn/GSM3998357/suppl/GSM3998357_C129-Ann-Daly_S2.counts.txt.gz,SRR9883146,ftp.sra.ebi.ac.uk/vol1/fastq/SRR988/006/SRR9883146/SRR9883146_1.fastq.gz;ftp.sra.ebi.ac.uk/vol1/fastq/SRR988/006/SRR9883146/SRR9883146_2.fastq.gz,1443403323;1483458265,34626676,https://www.ncbi.nlm.nih.gov/sra/SRR9883146,33268509; 33762733; 39566466,Aug 01 2019,nas score: 6 || fibrosis stage: 1 || group in paper: NASH_F0-F1 || disease: NAFLD || Stage: early
GSM3998358,GSE135251,case,primary,NAFLD,yes,counts,,,,,5,1,Illumina NextSeq 500,TRANSCRIPTOMIC PROFILING ACROSS THE SPECTRUM OF NON-ALCOHOLIC FATTY LIVER DISEASE,Liver patient 154,human liver tissue,no,Homo sapiens,,,,NAFLD_early_liver biopsy,explicit label: NAFLD,,,,,,no,,,,,,,RNA-Seq,transcriptomic,cDNA,total RNA,,SRX6635668,SRP217231,PRJNA558102,https://www.ncbi.nlm.nih.gov/geo/query/acc.cgi?acc=GSM3998358,https://www.ncbi.nlm.nih.gov/geo/query/acc.cgi?acc=GSE135251,https://ftp.ncbi.nlm.nih.gov/geo/series/GSE135nnn/GSE135251/suppl/,ftp://ftp.ncbi.nlm.nih.gov/geo/samples/GSM3998nnn/GSM3998358/suppl/GSM3998358_C131-Ann-Daly_S3.counts.txt.gz,SRR9883147,ftp.sra.ebi.ac.uk/vol1/fastq/SRR988/007/SRR9883147/SRR9883147_1.fastq.gz;ftp.sra.ebi.ac.uk/vol1/fastq/SRR988/007/SRR9883147/SRR9883147_2.fastq.gz,1551643857;1585361487,36769782,https://www.ncbi.nlm.nih.gov/sra/SRR9883147,33268509; 33762733; 39566466,Aug 01 2019,nas score: 5 || fibrosis stage: 1 || group in paper: NASH_F0-F1 || disease: NAFLD || Stage: early
GSM3998359,GSE135251,case,primary,NAFLD,yes,counts,,,,,5,4,Illumina NextSeq 500,TRANSCRIPTOMIC PROFILING ACROSS THE SPECTRUM OF NON-ALCOHOLIC FATTY LIVER DISEASE,Liver patient 155,human liver tissue,no,Homo sapiens,,,,NAFLD_moderate_liver biopsy,explicit label: NAFLD,,,,,,no,,,,,,,RNA-Seq,transcriptomic,cDNA,total RNA,,SRX6635669,SRP217231,PRJNA558102,https://www.ncbi.nlm.nih.gov/geo/query/acc.cgi?acc=GSM3998359,https://www.ncbi.nlm.nih.gov/geo/query/acc.cgi?acc=GSE135251,https://ftp.ncbi.nlm.nih.gov/geo/series/GSE135nnn/GSE135251/suppl/,ftp://ftp.ncbi.nlm.nih.gov/geo/samples/GSM3998nnn/GSM3998359/suppl/GSM3998359_C133-Ann-Daly_S4.counts.txt.gz,SRR9883148,ftp.sra.ebi.ac.uk/vol1/fastq/SRR988/008/SRR9883148/SRR9883148_1.fastq.gz;ftp.sra.ebi.ac.uk/vol1/fastq/SRR988/008/SRR9883148/SRR9883148_2.fastq.gz,1522600797;1546503182,36244863,https://www.ncbi.nlm.nih.gov/sra/SRR9883148,33268509; 33762733; 39566466,Aug 01 2019,nas score: 5 || fibrosis stage: 4 || group in paper: NASH_F4 || disease: NAFLD || Stage: moderate
GSM3998360,GSE135251,case,primary,NAFLD,yes,counts,,,,,5,2,Illumina NextSeq 500,TRANSCRIPTOMIC PROFILING ACROSS THE SPECTRUM OF NON-ALCOHOLIC FATTY LIVER DISEASE,Liver patient 156,human liver tissue,no,Homo sapiens,,,,NAFLD_early_liver biopsy,explicit label: NAFLD,,,,,,no,,,,,,,RNA-Seq,transcriptomic,cDNA,total RNA,,SRX6635670,SRP217231,PRJNA558102,https://www.ncbi.nlm.nih.gov/geo/query/acc.cgi?acc=GSM3998360,https://www.ncbi.nlm.nih.gov/geo/query/acc.cgi?acc=GSE135251,https://ftp.ncbi.nlm.nih.gov/geo/series/GSE135nnn/GSE135251/suppl/,ftp://ftp.ncbi.nlm.nih.gov/geo/samples/GSM3998nnn/GSM3998360/suppl/GSM3998360_C134_S5.counts.txt.gz,SRR9883149,ftp.sra.ebi.ac.uk/vol1/fastq/SRR988/009/SRR9883149/SRR9883149_1.fastq.gz;ftp.sra.ebi.ac.uk/vol1/fastq/SRR988/009/SRR9883149/SRR9883149_2.fastq.gz,1329169692;1398783136,31671126,https://www.ncbi.nlm.nih.gov/sra/SRR9883149,33268509; 33762733; 39566466,Aug 01 2019,nas score: 5 || fibrosis stage: 2 || group in paper: NASH_F2 || disease: NAFLD || Stage: early
GSM3998361,GSE135251,case,primary,NAFLD,yes,counts,,,,,1,0,Illumina NextSeq 500,TRANSCRIPTOMIC PROFILING ACROSS THE SPECTRUM OF NON-ALCOHOLIC FATTY LIVER DISEASE,Liver patient 157,human liver tissue,no,Homo sapiens,,,,NAFLD_early_liver biopsy,explicit label: NAFLD,,,,,,no,,,,,,,RNA-Seq,transcriptomic,cDNA,total RNA,,SRX6635671,SRP217231,PRJNA558102,https://www.ncbi.nlm.nih.gov/geo/query/acc.cgi?acc=GSM3998361,https://www.ncbi.nlm.nih.gov/geo/query/acc.cgi?acc=GSE135251,https://ftp.ncbi.nlm.nih.gov/geo/series/GSE135nnn/GSE135251/suppl/,ftp://ftp.ncbi.nlm.nih.gov/geo/samples/GSM3998nnn/GSM3998361/suppl/GSM3998361_C135-Ann-Daly_S6.counts.txt.gz,SRR9883150,ftp.sra.ebi.ac.uk/vol1/fastq/SRR988/000/SRR9883150/SRR9883150_1.fastq.gz;ftp.sra.ebi.ac.uk/vol1/fastq/SRR988/000/SRR9883150/SRR9883150_2.fastq.gz,1349178518;1405574856,31885303,https://www.ncbi.nlm.nih.gov/sra/SRR9883150,33268509; 33762733; 39566466,Aug 01 2019,nas score: 1 || fibrosis stage: 0 || group in paper: NAFL || disease: NAFLD || Stage: early
GSM3998362,GSE135251,case,primary,NAFLD,yes,counts,,,,,8,2,Illumina NextSeq 500,TRANSCRIPTOMIC PROFILING ACROSS THE SPECTRUM OF NON-ALCOHOLIC FATTY LIVER DISEASE,Liver patient 158,human liver tissue,no,Homo sapiens,,,,NAFLD_early_liver biopsy,explicit label: NAFLD,,,,,,no,,,,,,,RNA-Seq,transcriptomic,cDNA,total RNA,,SRX6635672,SRP217231,PRJNA558102,https://www.ncbi.nlm.nih.gov/geo/query/acc.cgi?acc=GSM3998362,https://www.ncbi.nlm.nih.gov/geo/query/acc.cgi?acc=GSE135251,https://ftp.ncbi.nlm.nih.gov/geo/series/GSE135nnn/GSE135251/suppl/,ftp://ftp.ncbi.nlm.nih.gov/geo/samples/GSM3998nnn/GSM3998362/suppl/GSM3998362_C136-Ann-Daly_S7.counts.txt.gz,SRR9883151,ftp.sra.ebi.ac.uk/vol1/fastq/SRR988/001/SRR9883151/SRR9883151_1.fastq.gz;ftp.sra.ebi.ac.uk/vol1/fastq/SRR988/001/SRR9883151/SRR9883151_2.fastq.gz,1253214106;1273851961,30587648,https://www.ncbi.nlm.nih.gov/sra/SRR9883151,33268509; 33762733; 39566466,Aug 01 2019,nas score: 8 || fibrosis stage: 2 || group in paper: NASH_F2 || disease: NAFLD || Stage: early
GSM3998363,GSE135251,case,primary,NAFLD,yes,counts,,,,,5,1,Illumina NextSeq 500,TRANSCRIPTOMIC PROFILING ACROSS THE SPECTRUM OF NON-ALCOHOLIC FATTY LIVER DISEASE,Liver patient 159,human liver tissue,no,Homo sapiens,,,,NAFLD_early_liver biopsy,explicit label: NAFLD,,,,,,no,,,,,,,RNA-Seq,transcriptomic,cDNA,total RNA,,SRX6635673,SRP217231,PRJNA558102,https://www.ncbi.nlm.nih.gov/geo/query/acc.cgi?acc=GSM3998363,https://www.ncbi.nlm.nih.gov/geo/query/acc.cgi?acc=GSE135251,https://ftp.ncbi.nlm.nih.gov/geo/series/GSE135nnn/GSE135251/suppl/,ftp://ftp.ncbi.nlm.nih.gov/geo/samples/GSM3998nnn/GSM3998363/suppl/GSM3998363_C137-Ann-Daly_S8.counts.txt.gz,SRR9883152,ftp.sra.ebi.ac.uk/vol1/fastq/SRR988/002/SRR9883152/SRR9883152_1.fastq.gz;ftp.sra.ebi.ac.uk/vol1/fastq/SRR988/002/SRR9883152/SRR9883152_2.fastq.gz,1496950007;1520597965,35884466,https://www.ncbi.nlm.nih.gov/sra/SRR9883152,33268509; 33762733; 39566466,Aug 01 2019,nas score: 5 || fibrosis stage: 1 || group in paper: NASH_F0-F1 || disease: NAFLD || Stage: early
GSM3998364,GSE135251,case,primary,NAFLD,yes,counts,,,,,6,3,Illumina NextSeq 500,TRANSCRIPTOMIC PROFILING ACROSS THE SPECTRUM OF NON-ALCOHOLIC FATTY LIVER DISEASE,Liver patient 160,human liver tissue,no,Homo sapiens,,,,NAFLD_moderate_liver biopsy,explicit label: NAFLD,,,,,,no,,,,,,,RNA-Seq,transcriptomic,cDNA,total RNA,,SRX6635674,SRP217231,PRJNA558102,https://www.ncbi.nlm.nih.gov/geo/query/acc.cgi?acc=GSM3998364,https://www.ncbi.nlm.nih.gov/geo/query/acc.cgi?acc=GSE135251,https://ftp.ncbi.nlm.nih.gov/geo/series/GSE135nnn/GSE135251/suppl/,ftp://ftp.ncbi.nlm.nih.gov/geo/samples/GSM3998nnn/GSM3998364/suppl/GSM3998364_C139-Ann-Daly_S9.counts.txt.gz,SRR9883153,ftp.sra.ebi.ac.uk/vol1/fastq/SRR988/003/SRR9883153/SRR9883153_1.fastq.gz;ftp.sra.ebi.ac.uk/vol1/fastq/SRR988/003/SRR9883153/SRR9883153_2.fastq.gz,1610460265;1638719547,38466857,https://www.ncbi.nlm.nih.gov/sra/SRR9883153,33268509; 33762733; 39566466,Aug 01 2019,nas score: 6 || fibrosis stage: 3 || group in paper: NASH_F3 || disease: NAFLD || Stage: moderate
GSM3998365,GSE135251,case,primary,NAFLD,yes,counts,,,,,3,3,Illumina NextSeq 500,TRANSCRIPTOMIC PROFILING ACROSS THE SPECTRUM OF NON-ALCOHOLIC FATTY LIVER DISEASE,Liver patient 161,human liver tissue,no,Homo sapiens,,,,NAFLD_moderate_liver biopsy,explicit label: NAFLD,,,,,,no,,,,,,,RNA-Seq,transcriptomic,cDNA,total RNA,,SRX6635675,SRP217231,PRJNA558102,https://www.ncbi.nlm.nih.gov/geo/query/acc.cgi?acc=GSM3998365,https://www.ncbi.nlm.nih.gov/geo/query/acc.cgi?acc=GSE135251,https://ftp.ncbi.nlm.nih.gov/geo/series/GSE135nnn/GSE135251/suppl/,ftp://ftp.ncbi.nlm.nih.gov/geo/samples/GSM3998nnn/GSM3998365/suppl/GSM3998365_C143-Ann-Daly_S11.counts.txt.gz,SRR9883154,ftp.sra.ebi.ac.uk/vol1/fastq/SRR988/004/SRR9883154/SRR9883154_1.fastq.gz;ftp.sra.ebi.ac.uk/vol1/fastq/SRR988/004/SRR9883154/SRR9883154_2.fastq.gz,1454982480;1483472724,34429545,https://www.ncbi.nlm.nih.gov/sra/SRR9883154,33268509; 33762733; 39566466,Aug 01 2019,nas score: 3 || fibrosis stage: 3 || group in paper: NASH_F3 || disease: NAFLD || Stage: moderate
GSM3998366,GSE135251,case,primary,NAFLD,yes,counts,,,,,2,0,Illumina NextSeq 500,TRANSCRIPTOMIC PROFILING ACROSS THE SPECTRUM OF NON-ALCOHOLIC FATTY LIVER DISEASE,Liver patient 162,human liver tissue,no,Homo sapiens,,,,NAFLD_early_liver biopsy,explicit label: NAFLD,,,,,,no,,,,,,,RNA-Seq,transcriptomic,cDNA,total RNA,,SRX6635676,SRP217231,PRJNA558102,https://www.ncbi.nlm.nih.gov/geo/query/acc.cgi?acc=GSM3998366,https://www.ncbi.nlm.nih.gov/geo/query/acc.cgi?acc=GSE135251,https://ftp.ncbi.nlm.nih.gov/geo/series/GSE135nnn/GSE135251/suppl/,ftp://ftp.ncbi.nlm.nih.gov/geo/samples/GSM3998nnn/GSM3998366/suppl/GSM3998366_C145-Ann-Daly_S12.counts.txt.gz,SRR9883155,ftp.sra.ebi.ac.uk/vol1/fastq/SRR988/005/SRR9883155/SRR9883155_1.fastq.gz;ftp.sra.ebi.ac.uk/vol1/fastq/SRR988/005/SRR9883155/SRR9883155_2.fastq.gz,1559484493;1589452108,37606619,https://www.ncbi.nlm.nih.gov/sra/SRR9883155,33268509; 33762733; 39566466,Aug 01 2019,nas score: 2 || fibrosis stage: 0 || group in paper: NAFL || disease: NAFLD || Stage: early
GSM3998367,GSE135251,case,primary,NAFLD,yes,counts,,,,,5,1,Illumina NextSeq 500,TRANSCRIPTOMIC PROFILING ACROSS THE SPECTRUM OF NON-ALCOHOLIC FATTY LIVER DISEASE,Liver patient 163,human liver tissue,no,Homo sapiens,,,,NAFLD_early_liver biopsy,explicit label: NAFLD,,,,,,no,,,,,,,RNA-Seq,transcriptomic,cDNA,total RNA,,SRX6635677,SRP217231,PRJNA558102,https://www.ncbi.nlm.nih.gov/geo/query/acc.cgi?acc=GSM3998367,https://www.ncbi.nlm.nih.gov/geo/query/acc.cgi?acc=GSE135251,https://ftp.ncbi.nlm.nih.gov/geo/series/GSE135nnn/GSE135251/suppl/,ftp://ftp.ncbi.nlm.nih.gov/geo/samples/GSM3998nnn/GSM3998367/suppl/GSM3998367_C150-Ann-Daly_S13.counts.txt.gz,SRR9883156,ftp.sra.ebi.ac.uk/vol1/fastq/SRR988/006/SRR9883156/SRR9883156_1.fastq.gz;ftp.sra.ebi.ac.uk/vol1/fastq/SRR988/006/SRR9883156/SRR9883156_2.fastq.gz,1470719396;1503262582,34662193,https://www.ncbi.nlm.nih.gov/sra/SRR9883156,33268509; 33762733; 39566466,Aug 01 2019,nas score: 5 || fibrosis stage: 1 || group in paper: NASH_F0-F1 || disease: NAFLD || Stage: early
GSM3998368,GSE135251,case,primary,NAFLD,yes,counts,,,,,5,2,Illumina NextSeq 500,TRANSCRIPTOMIC PROFILING ACROSS THE SPECTRUM OF NON-ALCOHOLIC FATTY LIVER DISEASE,Liver patient 164,human liver tissue,no,Homo sapiens,,,,NAFLD_early_liver biopsy,explicit label: NAFLD,,,,,,no,,,,,,,RNA-Seq,transcriptomic,cDNA,total RNA,,SRX6635678,SRP217231,PRJNA558102,https://www.ncbi.nlm.nih.gov/geo/query/acc.cgi?acc=GSM3998368,https://www.ncbi.nlm.nih.gov/geo/query/acc.cgi?acc=GSE135251,https://ftp.ncbi.nlm.nih.gov/geo/series/GSE135nnn/GSE135251/suppl/,ftp://ftp.ncbi.nlm.nih.gov/geo/samples/GSM3998nnn/GSM3998368/suppl/GSM3998368_C171-Ann-Daly_S16.counts.txt.gz,SRR9883157,ftp.sra.ebi.ac.uk/vol1/fastq/SRR988/007/SRR9883157/SRR9883157_1.fastq.gz;ftp.sra.ebi.ac.uk/vol1/fastq/SRR988/007/SRR9883157/SRR9883157_2.fastq.gz,1670688762;1701109501,39773888,https://www.ncbi.nlm.nih.gov/sra/SRR9883157,33268509; 33762733; 39566466,Aug 01 2019,nas score: 5 || fibrosis stage: 2 || group in paper: NASH_F2 || disease: NAFLD || Stage: early
GSM3998369,GSE135251,case,primary,NAFLD,yes,counts,,,,,6,3,Illumina NextSeq 500,TRANSCRIPTOMIC PROFILING ACROSS THE SPECTRUM OF NON-ALCOHOLIC FATTY LIVER DISEASE,Liver patient 165,human liver tissue,no,Homo sapiens,,,,NAFLD_moderate_liver biopsy,explicit label: NAFLD,,,,,,no,,,,,,,RNA-Seq,transcriptomic,cDNA,total RNA,,SRX6635679,SRP217231,PRJNA558102,https://www.ncbi.nlm.nih.gov/geo/query/acc.cgi?acc=GSM3998369,https://www.ncbi.nlm.nih.gov/geo/query/acc.cgi?acc=GSE135251,https://ftp.ncbi.nlm.nih.gov/geo/series/GSE135nnn/GSE135251/suppl/,ftp://ftp.ncbi.nlm.nih.gov/geo/samples/GSM3998nnn/GSM3998369/suppl/GSM3998369_C173-Ann-Daly_S16.counts.txt.gz,SRR9883158,ftp.sra.ebi.ac.uk/vol1/fastq/SRR988/008/SRR9883158/SRR9883158_1.fastq.gz;ftp.sra.ebi.ac.uk/vol1/fastq/SRR988/008/SRR9883158/SRR9883158_2.fastq.gz,1244637566;1267943202,29035233,https://www.ncbi.nlm.nih.gov/sra/SRR9883158,33268509; 33762733; 39566466,Aug 01 2019,nas score: 6 || fibrosis stage: 3 || group in paper: NASH_F3 || disease: NAFLD || Stage: moderate
GSM3998370,GSE135251,case,primary,NAFLD,yes,counts,,,,,4,2,Illumina NextSeq 500,TRANSCRIPTOMIC PROFILING ACROSS THE SPECTRUM OF NON-ALCOHOLIC FATTY LIVER DISEASE,Liver patient 131,human liver tissue,no,Homo sapiens,,,,NAFLD_early_liver biopsy,explicit label: NAFLD,,,,,,no,,,,,,,RNA-Seq,transcriptomic,cDNA,total RNA,,SRX6635680,SRP217231,PRJNA558102,https://www.ncbi.nlm.nih.gov/geo/query/acc.cgi?acc=GSM3998370,https://www.ncbi.nlm.nih.gov/geo/query/acc.cgi?acc=GSE135251,https://ftp.ncbi.nlm.nih.gov/geo/series/GSE135nnn/GSE135251/suppl/,ftp://ftp.ncbi.nlm.nih.gov/geo/samples/GSM3998nnn/GSM3998370/suppl/GSM3998370_C18-Ann-Daly_S3.counts.txt.gz,SRR9883159,ftp.sra.ebi.ac.uk/vol1/fastq/SRR988/009/SRR9883159/SRR9883159_1.fastq.gz;ftp.sra.ebi.ac.uk/vol1/fastq/SRR988/009/SRR9883159/SRR9883159_2.fastq.gz,1629744982;1719808422,38473270,https://www.ncbi.nlm.nih.gov/sra/SRR9883159,33268509; 33762733; 39566466,Aug 01 2019,nas score: 4 || fibrosis stage: 2 || group in paper: NASH_F2 || disease: NAFLD || Stage: early
GSM3998371,GSE135251,case,primary,NAFLD,yes,counts,,,,,6,2,Illumina NextSeq 500,TRANSCRIPTOMIC PROFILING ACROSS THE SPECTRUM OF NON-ALCOHOLIC FATTY LIVER DISEASE,Liver patient 132,human liver tissue,no,Homo sapiens,,,,NAFLD_early_liver biopsy,explicit label: NAFLD,,,,,,no,,,,,,,RNA-Seq,transcriptomic,cDNA,total RNA,,SRX6635681,SRP217231,PRJNA558102,https://www.ncbi.nlm.nih.gov/geo/query/acc.cgi?acc=GSM3998371,https://www.ncbi.nlm.nih.gov/geo/query/acc.cgi?acc=GSE135251,https://ftp.ncbi.nlm.nih.gov/geo/series/GSE135nnn/GSE135251/suppl/,ftp://ftp.ncbi.nlm.nih.gov/geo/samples/GSM3998nnn/GSM3998371/suppl/GSM3998371_C29-Ann-Daly_S4.counts.txt.gz,SRR9883160,ftp.sra.ebi.ac.uk/vol1/fastq/SRR988/000/SRR9883160/SRR9883160_1.fastq.gz;ftp.sra.ebi.ac.uk/vol1/fastq/SRR988/000/SRR9883160/SRR9883160_2.fastq.gz,1585190121;1678578024,37943723,https://www.ncbi.nlm.nih.gov/sra/SRR9883160,33268509; 33762733; 39566466,Aug 01 2019,nas score: 6 || fibrosis stage: 2 || group in paper: NASH_F2 || disease: NAFLD || Stage: early
GSM3998372,GSE135251,case,primary,NAFLD,yes,counts,,,,,4,3,Illumina NextSeq 500,TRANSCRIPTOMIC PROFILING ACROSS THE SPECTRUM OF NON-ALCOHOLIC FATTY LIVER DISEASE,Liver patient 133,human liver tissue,no,Homo sapiens,,,,NAFLD_moderate_liver biopsy,explicit label: NAFLD,,,,,,no,,,,,,,RNA-Seq,transcriptomic,cDNA,total RNA,,SRX6635682,SRP217231,PRJNA558102,https://www.ncbi.nlm.nih.gov/geo/query/acc.cgi?acc=GSM3998372,https://www.ncbi.nlm.nih.gov/geo/query/acc.cgi?acc=GSE135251,https://ftp.ncbi.nlm.nih.gov/geo/series/GSE135nnn/GSE135251/suppl/,ftp://ftp.ncbi.nlm.nih.gov/geo/samples/GSM3998nnn/GSM3998372/suppl/GSM3998372_C61-Ann-Daly_S5.counts.txt.gz,SRR9883161,ftp.sra.ebi.ac.uk/vol1/fastq/SRR988/001/SRR9883161/SRR9883161_1.fastq.gz;ftp.sra.ebi.ac.uk/vol1/fastq/SRR988/001/SRR9883161/SRR9883161_2.fastq.gz,1602315652;1700107555,38031263,https://www.ncbi.nlm.nih.gov/sra/SRR9883161,33268509; 33762733; 39566466,Aug 01 2019,nas score: 4 || fibrosis stage: 3 || group in paper: NASH_F3 || disease: NAFLD || Stage: moderate
GSM3998373,GSE135251,case,primary,NAFLD,yes,counts,,,,,5,3,Illumina NextSeq 500,TRANSCRIPTOMIC PROFILING ACROSS THE SPECTRUM OF NON-ALCOHOLIC FATTY LIVER DISEASE,Liver patient 125,human liver tissue,no,Homo sapiens,,,,NAFLD_moderate_liver biopsy,explicit label: NAFLD,,,,,,no,,,,,,,RNA-Seq,transcriptomic,cDNA,total RNA,,SRX6635683,SRP217231,PRJNA558102,https://www.ncbi.nlm.nih.gov/geo/query/acc.cgi?acc=GSM3998373,https://www.ncbi.nlm.nih.gov/geo/query/acc.cgi?acc=GSE135251,https://ftp.ncbi.nlm.nih.gov/geo/series/GSE135nnn/GSE135251/suppl/,ftp://ftp.ncbi.nlm.nih.gov/geo/samples/GSM3998nnn/GSM3998373/suppl/GSM3998373_C68-Ann-Daly_S6.counts.txt.gz,SRR9883162,ftp.sra.ebi.ac.uk/vol1/fastq/SRR988/002/SRR9883162/SRR9883162_1.fastq.gz;ftp.sra.ebi.ac.uk/vol1/fastq/SRR988/002/SRR9883162/SRR9883162_2.fastq.gz,1502097467;1601677651,35568177,https://www.ncbi.nlm.nih.gov/sra/SRR9883162,33268509; 33762733; 39566466,Aug 01 2019,nas score: 5 || fibrosis stage: 3 || group in paper: NASH_F3 || disease: NAFLD || Stage: moderate
GSM3998374,GSE135251,case,primary,NAFLD,yes,counts,,,,,5,3,Illumina NextSeq 500,TRANSCRIPTOMIC PROFILING ACROSS THE SPECTRUM OF NON-ALCOHOLIC FATTY LIVER DISEASE,Liver patient 126,human liver tissue,no,Homo sapiens,,,,NAFLD_moderate_liver biopsy,explicit label: NAFLD,,,,,,no,,,,,,,RNA-Seq,transcriptomic,cDNA,total RNA,,SRX6635684,SRP217231,PRJNA558102,https://www.ncbi.nlm.nih.gov/geo/query/acc.cgi?acc=GSM3998374,https://www.ncbi.nlm.nih.gov/geo/query/acc.cgi?acc=GSE135251,https://ftp.ncbi.nlm.nih.gov/geo/series/GSE135nnn/GSE135251/suppl/,ftp://ftp.ncbi.nlm.nih.gov/geo/samples/GSM3998nnn/GSM3998374/suppl/GSM3998374_C69-Ann-Daly_S7.counts.txt.gz,SRR9883163,ftp.sra.ebi.ac.uk/vol1/fastq/SRR988/003/SRR9883163/SRR9883163_1.fastq.gz;ftp.sra.ebi.ac.uk/vol1/fastq/SRR988/003/SRR9883163/SRR9883163_2.fastq.gz,1466821698;1538348931,34393986,https://www.ncbi.nlm.nih.gov/sra/SRR9883163,33268509; 33762733; 39566466,Aug 01 2019,nas score: 5 || fibrosis stage: 3 || group in paper: NASH_F3 || disease: NAFLD || Stage: moderate
GSM3998375,GSE135251,case,primary,NAFLD,yes,counts,,,,,6,1,Illumina NextSeq 500,TRANSCRIPTOMIC PROFILING ACROSS THE SPECTRUM OF NON-ALCOHOLIC FATTY LIVER DISEASE,Liver patient 128,human liver tissue,no,Homo sapiens,,,,NAFLD_early_liver biopsy,explicit label: NAFLD,,,,,,no,,,,,,,RNA-Seq,transcriptomic,cDNA,total RNA,,SRX6635685,SRP217231,PRJNA558102,https://www.ncbi.nlm.nih.gov/geo/query/acc.cgi?acc=GSM3998375,https://www.ncbi.nlm.nih.gov/geo/query/acc.cgi?acc=GSE135251,https://ftp.ncbi.nlm.nih.gov/geo/series/GSE135nnn/GSE135251/suppl/,ftp://ftp.ncbi.nlm.nih.gov/geo/samples/GSM3998nnn/GSM3998375/suppl/GSM3998375_C73-Ann-Daly_S8.counts.txt.gz,SRR9883164,ftp.sra.ebi.ac.uk/vol1/fastq/SRR988/004/SRR9883164/SRR9883164_1.fastq.gz;ftp.sra.ebi.ac.uk/vol1/fastq/SRR988/004/SRR9883164/SRR9883164_2.fastq.gz,1469556366;1558344804,34772121,https://www.ncbi.nlm.nih.gov/sra/SRR9883164,33268509; 33762733; 39566466,Aug 01 2019,nas score: 6 || fibrosis stage: 1 || group in paper: NASH_F0-F1 || disease: NAFLD || Stage: early
GSM3998376,GSE135251,case,primary,NAFLD,yes,counts,,,,,7,2,Illumina NextSeq 500,TRANSCRIPTOMIC PROFILING ACROSS THE SPECTRUM OF NON-ALCOHOLIC FATTY LIVER DISEASE,Liver patient 129,human liver tissue,no,Homo sapiens,,,,NAFLD_early_liver biopsy,explicit label: NAFLD,,,,,,no,,,,,,,RNA-Seq,transcriptomic,cDNA,total RNA,,SRX6635686,SRP217231,PRJNA558102,https://www.ncbi.nlm.nih.gov/geo/query/acc.cgi?acc=GSM3998376,https://www.ncbi.nlm.nih.gov/geo/query/acc.cgi?acc=GSE135251,https://ftp.ncbi.nlm.nih.gov/geo/series/GSE135nnn/GSE135251/suppl/,ftp://ftp.ncbi.nlm.nih.gov/geo/samples/GSM3998nnn/GSM3998376/suppl/GSM3998376_C76-Ann-Daly_S9.counts.txt.gz,SRR9883165,ftp.sra.ebi.ac.uk/vol1/fastq/SRR988/005/SRR9883165/SRR9883165_1.fastq.gz;ftp.sra.ebi.ac.uk/vol1/fastq/SRR988/005/SRR9883165/SRR9883165_2.fastq.gz,1305531179;1382393406,30538713,https://www.ncbi.nlm.nih.gov/sra/SRR9883165,33268509; 33762733; 39566466,Aug 01 2019,nas score: 7 || fibrosis stage: 2 || group in paper: NASH_F2 || disease: NAFLD || Stage: early
GSM3998377,GSE135251,case,primary,NAFLD,yes,counts,,,,,4,1,Illumina NextSeq 500,TRANSCRIPTOMIC PROFILING ACROSS THE SPECTRUM OF NON-ALCOHOLIC FATTY LIVER DISEASE,Liver patient 130,human liver tissue,no,Homo sapiens,,,,NAFLD_early_liver biopsy,explicit label: NAFLD,,,,,,no,,,,,,,RNA-Seq,transcriptomic,cDNA,total RNA,,SRX6635687,SRP217231,PRJNA558102,https://www.ncbi.nlm.nih.gov/geo/query/acc.cgi?acc=GSM3998377,https://www.ncbi.nlm.nih.gov/geo/query/acc.cgi?acc=GSE135251,https://ftp.ncbi.nlm.nih.gov/geo/series/GSE135nnn/GSE135251/suppl/,ftp://ftp.ncbi.nlm.nih.gov/geo/samples/GSM3998nnn/GSM3998377/suppl/GSM3998377_C81-Ann-Daly_S10.counts.txt.gz,SRR9883166,ftp.sra.ebi.ac.uk/vol1/fastq/SRR988/006/SRR9883166/SRR9883166_1.fastq.gz;ftp.sra.ebi.ac.uk/vol1/fastq/SRR988/006/SRR9883166/SRR9883166_2.fastq.gz,1651675768;1763655430,39226189,https://www.ncbi.nlm.nih.gov/sra/SRR9883166,33268509; 33762733; 39566466,Aug 01 2019,nas score: 4 || fibrosis stage: 1 || group in paper: NAFL || disease: NAFLD || Stage: early
GSM3998378,GSE135251,case,primary,NAFLD,yes,counts,,,,,6,3,Illumina NextSeq 500,TRANSCRIPTOMIC PROFILING ACROSS THE SPECTRUM OF NON-ALCOHOLIC FATTY LIVER DISEASE,Liver patient 134,human liver tissue,no,Homo sapiens,,,,NAFLD_moderate_liver biopsy,explicit label: NAFLD,,,,,,no,,,,,,,RNA-Seq,transcriptomic,cDNA,total RNA,,SRX6635688,SRP217231,PRJNA558102,https://www.ncbi.nlm.nih.gov/geo/query/acc.cgi?acc=GSM3998378,https://www.ncbi.nlm.nih.gov/geo/query/acc.cgi?acc=GSE135251,https://ftp.ncbi.nlm.nih.gov/geo/series/GSE135nnn/GSE135251/suppl/,ftp://ftp.ncbi.nlm.nih.gov/geo/samples/GSM3998nnn/GSM3998378/suppl/GSM3998378_C82-Ann-Daly_S11.counts.txt.gz,SRR9883167,ftp.sra.ebi.ac.uk/vol1/fastq/SRR988/007/SRR9883167/SRR9883167_1.fastq.gz;ftp.sra.ebi.ac.uk/vol1/fastq/SRR988/007/SRR9883167/SRR9883167_2.fastq.gz,1502974742;1589738954,35448062,https://www.ncbi.nlm.nih.gov/sra/SRR9883167,33268509; 33762733; 39566466,Aug 01 2019,nas score: 6 || fibrosis stage: 3 || group in paper: NASH_F3 || disease: NAFLD || Stage: moderate
GSM3998379,GSE135251,case,primary,NAFLD,yes,counts,,,,,7,3,Illumina NextSeq 500,TRANSCRIPTOMIC PROFILING ACROSS THE SPECTRUM OF NON-ALCOHOLIC FATTY LIVER DISEASE,Liver patient 135,human liver tissue,no,Homo sapiens,,,,NAFLD_moderate_liver biopsy,explicit label: NAFLD,,,,,,no,,,,,,,RNA-Seq,transcriptomic,cDNA,total RNA,,SRX6635689,SRP217231,PRJNA558102,https://www.ncbi.nlm.nih.gov/geo/query/acc.cgi?acc=GSM3998379,https://www.ncbi.nlm.nih.gov/geo/query/acc.cgi?acc=GSE135251,https://ftp.ncbi.nlm.nih.gov/geo/series/GSE135nnn/GSE135251/suppl/,ftp://ftp.ncbi.nlm.nih.gov/geo/samples/GSM3998nnn/GSM3998379/suppl/GSM3998379_C90-Ann-Daly_S12.counts.txt.gz,SRR9883168,ftp.sra.ebi.ac.uk/vol1/fastq/SRR988/008/SRR9883168/SRR9883168_1.fastq.gz;ftp.sra.ebi.ac.uk/vol1/fastq/SRR988/008/SRR9883168/SRR9883168_2.fastq.gz,1887269539;2006712294,45020500,https://www.ncbi.nlm.nih.gov/sra/SRR9883168,33268509; 33762733; 39566466,Aug 01 2019,nas score: 7 || fibrosis stage: 3 || group in paper: NASH_F3 || disease: NAFLD || Stage: moderate
GSM3998380,GSE135251,case,primary,NAFLD,yes,counts,,,,,3,1,Illumina NextSeq 500,TRANSCRIPTOMIC PROFILING ACROSS THE SPECTRUM OF NON-ALCOHOLIC FATTY LIVER DISEASE,Liver patient 136,human liver tissue,no,Homo sapiens,,,,NAFLD_early_liver biopsy,explicit label: NAFLD,,,,,,no,,,,,,,RNA-Seq,transcriptomic,cDNA,total RNA,,SRX6635690,SRP217231,PRJNA558102,https://www.ncbi.nlm.nih.gov/geo/query/acc.cgi?acc=GSM3998380,https://www.ncbi.nlm.nih.gov/geo/query/acc.cgi?acc=GSE135251,https://ftp.ncbi.nlm.nih.gov/geo/series/GSE135nnn/GSE135251/suppl/,ftp://ftp.ncbi.nlm.nih.gov/geo/samples/GSM3998nnn/GSM3998380/suppl/GSM3998380_C93-Ann-Daly_S13.counts.txt.gz,SRR9883169,ftp.sra.ebi.ac.uk/vol1/fastq/SRR988/009/SRR9883169/SRR9883169_1.fastq.gz;ftp.sra.ebi.ac.uk/vol1/fastq/SRR988/009/SRR9883169/SRR9883169_2.fastq.gz,1476783588;1567350678,35136679,https://www.ncbi.nlm.nih.gov/sra/SRR9883169,33268509; 33762733; 39566466,Aug 01 2019,nas score: 3 || fibrosis stage: 1 || group in paper: NASH_F0-F1 || disease: NAFLD || Stage: early
GSM3998381,GSE135251,case,primary,NAFLD,yes,counts,,,,,5,2,Illumina NextSeq 500,TRANSCRIPTOMIC PROFILING ACROSS THE SPECTRUM OF NON-ALCOHOLIC FATTY LIVER DISEASE,Liver patient 137,human liver tissue,no,Homo sapiens,,,,NAFLD_early_liver biopsy,explicit label: NAFLD,,,,,,no,,,,,,,RNA-Seq,transcriptomic,cDNA,total RNA,,SRX6635691,SRP217231,PRJNA558102,https://www.ncbi.nlm.nih.gov/geo/query/acc.cgi?acc=GSM3998381,https://www.ncbi.nlm.nih.gov/geo/query/acc.cgi?acc=GSE135251,https://ftp.ncbi.nlm.nih.gov/geo/series/GSE135nnn/GSE135251/suppl/,ftp://ftp.ncbi.nlm.nih.gov/geo/samples/GSM3998nnn/GSM3998381/suppl/GSM3998381_C94-Ann-Daly_S15.counts.txt.gz,SRR9883170,ftp.sra.ebi.ac.uk/vol1/fastq/SRR988/000/SRR9883170/SRR9883170_1.fastq.gz;ftp.sra.ebi.ac.uk/vol1/fastq/SRR988/000/SRR9883170/SRR9883170_2.fastq.gz,1410690689;1433468161,33588262,https://www.ncbi.nlm.nih.gov/sra/SRR9883170,33268509; 33762733; 39566466,Aug 01 2019,nas score: 5 || fibrosis stage: 2 || group in paper: NASH_F2 || disease: NAFLD || Stage: early
GSM3998382,GSE135251,case,primary,NAFLD,yes,counts,,,,,7,3,Illumina NextSeq 500,TRANSCRIPTOMIC PROFILING ACROSS THE SPECTRUM OF NON-ALCOHOLIC FATTY LIVER DISEASE,Liver patient 138,human liver tissue,no,Homo sapiens,,,,NAFLD_moderate_liver biopsy,explicit label: NAFLD,,,,,,no,,,,,,,RNA-Seq,transcriptomic,cDNA,total RNA,,SRX6635692,SRP217231,PRJNA558102,https://www.ncbi.nlm.nih.gov/geo/query/acc.cgi?acc=GSM3998382,https://www.ncbi.nlm.nih.gov/geo/query/acc.cgi?acc=GSE135251,https://ftp.ncbi.nlm.nih.gov/geo/series/GSE135nnn/GSE135251/suppl/,ftp://ftp.ncbi.nlm.nih.gov/geo/samples/GSM3998nnn/GSM3998382/suppl/GSM3998382_C99-Ann-Daly_S16.counts.txt.gz,SRR9883171,ftp.sra.ebi.ac.uk/vol1/fastq/SRR988/001/SRR9883171/SRR9883171_1.fastq.gz;ftp.sra.ebi.ac.uk/vol1/fastq/SRR988/001/SRR9883171/SRR9883171_2.fastq.gz,1435286405;1468056140,33728028,https://www.ncbi.nlm.nih.gov/sra/SRR9883171,33268509; 33762733; 39566466,Aug 01 2019,nas score: 7 || fibrosis stage: 3 || group in paper: NASH_F3 || disease: NAFLD || Stage: moderate
