drug_name	drug_name_canonical	drug_chembl_id	chembl_id_resolved_via	chembl_oral	chembl_parenteral	chembl_topical	openfda_routes	n_openfda_labels	openfda_label_found	openfda_matched_name	oral_verdict	max_phase	withdrawn_flag	opentargets_approved	dgidb_approved	chembl_approved	pharos_approved	final_approved	approval_status	mechanism_status	hepatic_flag	hepatic_evidence	cardiac_flag	cardiac_evidence	hepatotoxicity_p	cardiotoxicity_p
(S)-nicardipine	(S)-NICARDIPINE	CHEMBL1314450	edges	False	False	False		0	False		NOT_ORAL		False				True	False	NOT_APPROVED	MECHANISM UNSUPPORTED	NO_US_LABEL		NO_US_LABEL		NOT_SCORED	NOT_SCORED
(S)-nitrendipine	(S)-NITRENDIPINE	CHEMBL251230	edges	False	False	False		0	False		NOT_ORAL		False				True	False	NOT_APPROVED	MECHANISM UNSUPPORTED	NO_US_LABEL		NO_US_LABEL		NOT_SCORED	NOT_SCORED
4-HYDROXYCYCLOPHOSPHAMIDE	4-HYDROXYCYCLOPHOSPHAMIDE	CHEMBL731	pref_name__iexact	False	False	False		0	False		NOT_ORAL	-1.0	False		True			False	NOT_APPROVED	MECHANISM UNSUPPORTED	NO_US_LABEL		NO_US_LABEL		NOT_SCORED	NOT_SCORED
4-PHENYLBUTYRIC ACID	4-PHENYLBUTYRIC ACID	CHEMBL1469	free_text_search	True	False	False		0	False		ORAL	4.0	False		True			False	APPROVED_NO_LABEL	MECHANISM UNSUPPORTED	NO_US_LABEL		NO_US_LABEL		NOT_SCORED	NOT_SCORED
5-HYDROXYTRYPTOPHAN	5-HYDROXYTRYPTOPHAN	CHEMBL350221	free_text_search	False	False	False	ORAL	4	True	5-HYDROXYTRYPTOPHAN	DISAGREE	3.0	False		True			False	NOT_APPROVED	MECHANISM UNSUPPORTED	NONE		NONE		NOT_SCORED	NOT_SCORED
ABEMACICLIB	ABEMACICLIB	CHEMBL3301610	pref_name__iexact	True	False	False	ORAL	1	True	ABEMACICLIB	ORAL	4.0	False		True			True	APPROVED	REFERENCED	DOCUMENTED	ue VERZENIO in all patients with Grade 3 or 4 ILD or pneumonitis. ( 2.2 , 5.3 ) Hepatotoxicity: Increases in serum transaminase levels have been observed. Perform liver	NONE		NOT_SCORED	NOT_SCORED
ABIRATERONE	ABIRATERONE	CHEMBL254328	edges	False	False	False	ORAL	10	True	ABIRATERONE	DISAGREE	4.0	False	True		True		True	APPROVED	REFERENCED	DOCUMENTED	teroids may be indicated before, during and after stressful situations. ( 5.2 ) Hepatotoxicity: Can be severe and fatal. Monitor liver function and modify, interrupt, or	DOCUMENTED	ssure, hypokalemia or fluid retention, such as those with heart failure, recent myocardial infarction, cardiovascular disease, or ventricular arrhythmia. In postmarketing	NOT_SCORED	NOT_SCORED
ABIRATERONE ACETATE	ABIRATERONE ACETATE	CHEMBL271227	edges	True	False	False	ORAL	10	True	ABIRATERONE ACETATE	ORAL	4.0	False	True	True	True	True	True	APPROVED	REFERENCED	DOCUMENTED	teroids may be indicated before, during and after stressful situations. ( 5.2 ) Hepatotoxicity: Can be severe and fatal. Monitor liver function and modify, interrupt, or	DOCUMENTED	ssure, hypokalemia or fluid retention, such as those with heart failure, recent myocardial infarction, cardiovascular disease, or ventricular arrhythmia. In postmarketing	NOT_SCORED	NOT_SCORED
abiraterone acetate	ABIRATERONE ACETATE	CHEMBL271227	edges	True	False	False	ORAL	10	True	ABIRATERONE ACETATE	ORAL	4.0	False	True	True	True	True	True	APPROVED	REFERENCED	DOCUMENTED	teroids may be indicated before, during and after stressful situations. ( 5.2 ) Hepatotoxicity: Can be severe and fatal. Monitor liver function and modify, interrupt, or	DOCUMENTED	ssure, hypokalemia or fluid retention, such as those with heart failure, recent myocardial infarction, cardiovascular disease, or ventricular arrhythmia. In postmarketing	NOT_SCORED	NOT_SCORED
ABROCITINIB	ABROCITINIB	CHEMBL3655081	pref_name__iexact	True	False	False	ORAL	2	True	ABROCITINIB	ORAL	4.0	False		True			True	APPROVED	REFERENCED	DOCUMENTED	velops herpes zoster, consider interrupting CIBINQO until the episode resolves. Hepatitis B virus (HBV) reactivation has been reported in patients receiving JAK inhibito	DOCUMENTED	as occurred with CIBINQO. Higher rate of MACE (defined as cardiovascular death, myocardial infarction, and stroke) with another JAK inhibitor vs. TNF blockers in RA patie	NOT_SCORED	NOT_SCORED
ACARBOSE	ACARBOSE	CHEMBL404271	pref_name__iexact	True	False	False	ORAL	7	True	ACARBOSE	ORAL	4.0	False		True			True	APPROVED	REFERENCED	NONE		NONE		NOT_SCORED	NOT_SCORED
ACENOCOUMAROL	ACENOCOUMAROL	CHEMBL397420	pref_name__iexact	False	False	False		0	False		NOT_ORAL	4.0	False		True			False	APPROVED_NO_LABEL	REFERENCED	NO_US_LABEL		NO_US_LABEL		NOT_SCORED	NOT_SCORED
ACEPROMAZINE	ACEPROMAZINE	CHEMBL39560	pref_name__iexact	False	False	False		0	False		NOT_ORAL	2.0	False		True			False	NOT_APPROVED	MECHANISM UNSUPPORTED	NO_US_LABEL		NO_US_LABEL		NOT_SCORED	NOT_SCORED
ACETAMINOPHEN	ACETAMINOPHEN	CHEMBL112	pref_name__iexact	True	True	True	ORAL	10	True	ACETAMINOPHEN	ORAL	4.0	False		True			True	APPROVED	REFERENCED	DOCUMENTED	Warnings Liver warning: This product contains acetaminophen. Severe liver damage may occur if you take more than 4,000 mg of acetaminophen in 24 hours with othe	NONE		NOT_SCORED	NOT_SCORED
ACETYLCYSTEINE	ACETYLCYSTEINE	CHEMBL600	pref_name__iexact	True	True	True	INTRAVENOUS;ORAL;RESPIRATORY (INHALATION)	10	True	ACETYLCYSTEINE	ORAL	4.0	False		True			True	APPROVED	REFERENCED	DOCUMENTED	and the allergic symptoms can be otherwise controlled. If encephalopathy due to hepatic failure becomes evident, acetylcysteine treatment should be discontinued to avoid furth	NONE		NOT_SCORED	NOT_SCORED
ADALIMUMAB	ADALIMUMAB	CHEMBL1201580	pref_name__iexact	False	True	False	SUBCUTANEOUS	10	True	ADALIMUMAB	NOT_ORAL	4.0	False		True			True	APPROVED	REFERENCED	DOCUMENTED	( 5.2 ) • Anaphylaxis or serious hypersensitivity reactions may occur ( 5.3 ) • Hepatitis B virus reactivation: Monitor HBV carriers during and several months after ther	NONE		NOT_SCORED	NOT_SCORED
ADO-TRASTUZUMAB EMTANSINE	ADO-TRASTUZUMAB EMTANSINE	CHEMBL1743082	free_text_search	False	True	False	INTRAVENOUS	1	True	ADO-TRASTUZUMAB EMTANSINE	NOT_ORAL	4.0	False		True			True	APPROVED	REFERENCED	DOCUMENTED	WARNING: HEPATOTOXICITY, CARDIAC TOXICITY, EMBRYO-FETAL TOXICITY Hepatotoxicity: Serious hepatotox	DOCUMENTED	ts with a history of symptomatic CHF, serious cardiac arrhythmia, or history of myocardial infarction or unstable angina within 6 months were excluded from the EMILIA and	NOT_SCORED	NOT_SCORED
AFATINIB	AFATINIB	CHEMBL1173655	pref_name__iexact	True	False	False	ORAL	2	True	AFATINIB	ORAL	4.0	False		True			True	APPROVED	MECHANISM UNSUPPORTED	NONE		NONE		0.4405281235133884	0.4606005628088424
AFICAMTEN	AFICAMTEN	CHEMBL4847050	pref_name__iexact	False	False	False	ORAL	1	True	AFICAMTEN	DISAGREE	3.0	False		True			False	NOT_APPROVED	MECHANISM UNSUPPORTED	NONE		NONE		NOT_SCORED	NOT_SCORED
ALBENDAZOLE	ALBENDAZOLE	CHEMBL1483	pref_name__iexact	True	False	False	ORAL	10	True	ALBENDAZOLE	ORAL	4.0	False		True			True	APPROVED	REFERENCED	DOCUMENTED	mal upon discontinuation of therapy. There have also been case reports of acute liver failure of uncertain causality and hepatitis [see Adverse Reactions (6) ] . Monitor liv	NONE		NOT_SCORED	NOT_SCORED
ALECTINIB	ALECTINIB	CHEMBL1738797	pref_name__iexact	True	False	False	ORAL	1	True	ALECTINIB	ORAL	4.0	False		True			True	APPROVED	MECHANISM UNSUPPORTED	DOCUMENTED	5 WARNINGS AND PRECAUTIONS Hepatotoxicity: Monitor liver laboratory tests every 2 weeks during the first 3 months of	NONE		NOT_SCORED	NOT_SCORED
ALEMTUZUMAB	ALEMTUZUMAB	CHEMBL1201587	pref_name__iexact	False	True	False	INTRAVENOUS	2	True	ALEMTUZUMAB	NOT_ORAL	4.0	False		True			True	APPROVED	REFERENCED	DOCUMENTED	. Epstein-Barr virus (EBV) infection, including severe and fatal EBV-associated hepatitis, has been reported in patients who received CAMPATH. Monitor for sign and sympt	DOCUMENTED	respiratory distress syndrome (ARDS), respiratory arrest, cardiac arrhythmias, myocardial infarction, acute cardiac insufficiency, cardiac arrest, angioedema, and anaphy	NOT_SCORED	NOT_SCORED
ALITRETINOIN	ALITRETINOIN	CHEMBL705	pref_name__iexact	False	False	True	TOPICAL	1	True	ALITRETINOIN	NOT_ORAL	4.0	False		True			True	APPROVED	REFERENCED	NONE		NONE		NOT_SCORED	NOT_SCORED
ALLOPURINOL	ALLOPURINOL	CHEMBL1467	pref_name__iexact	True	True	False	INTRAVENOUS;ORAL	10	True	ALLOPURINOL	ORAL	4.0	False		True			True	APPROVED	REFERENCED	DOCUMENTED	e lower doses of allopurinol tablets. ( 5.3 ) Hepatoxicity: Cases of reversible hepatotoxicity have occurred. If signs and symptoms of hepatotoxicity develop, evaluate l	NONE		NOT_SCORED	NOT_SCORED
ALOGLIPTIN	ALOGLIPTIN	CHEMBL376359	pref_name__iexact	True	False	False	ORAL	10	True	ALOGLIPTIN	ORAL	4.0	False		True			True	APPROVED	MECHANISM UNSUPPORTED	DOCUMENTED	l signs and symptoms resolve. ( 5.4 ) Hepatic Effects: Postmarketing reports of hepatic failure, sometimes fatal. Causality cannot be excluded. If liver injury is detected, pr	DOCUMENTED	mpanied by hypoperfusion and hypoxemia). Cardiovascular collapse (shock), acute myocardial infarction, sepsis, and other conditions associated with hypoxemia have been as	NOT_SCORED	NOT_SCORED
ALPELISIB	ALPELISIB	CHEMBL2396661	edges	True	False	False	ORAL	2	True	ALPELISIB	ORAL	4.0	False	True	True	True	True	True	APPROVED	REFERENCED	NONE		NONE		NOT_SCORED	NOT_SCORED
alpelisib	ALPELISIB	CHEMBL2396661	edges	True	False	False	ORAL	2	True	ALPELISIB	ORAL	4.0	False	True	True	True	True	True	APPROVED	REFERENCED	NONE		NONE		NOT_SCORED	NOT_SCORED
ALPRAZOLAM	ALPRAZOLAM	CHEMBL661	pref_name__iexact	True	False	False	ORAL	10	True	ALPRAZOLAM	ORAL	4.0	False		True			True	APPROVED	REFERENCED	NONE		NONE		NOT_SCORED	NOT_SCORED
ALPROSTADIL	ALPROSTADIL	CHEMBL495	pref_name__iexact	False	True	True	INTRACAVERNOUS;INTRAVASCULAR;INTRAVENOUS	6	True	ALPROSTADIL	NOT_ORAL	4.0	False		True			True	APPROVED	REFERENCED	NONE		NONE		NOT_SCORED	NOT_SCORED
ALTRETAMINE	ALTRETAMINE	CHEMBL1455	pref_name__iexact	True	False	False		0	False		ORAL	4.0	False		True			False	APPROVED_NO_LABEL	REFERENCED	NO_US_LABEL		NO_US_LABEL		NOT_SCORED	NOT_SCORED
ALUMINUM HYDROXIDE	ALUMINUM HYDROXIDE	CHEMBL1200706	pref_name__iexact	True	False	False	ORAL	10	True	ALUMINUM HYDROXIDE	ORAL	4.0	False		True			True	APPROVED	REFERENCED	NONE		NONE		NOT_SCORED	NOT_SCORED
AMIFOSTINE ANHYDROUS	AMIFOSTINE ANHYDROUS	CHEMBL1006	free_text_search	False	True	False	INTRAVENOUS	1	True	AMIFOSTINE	NOT_ORAL	4.0	False		True			True	APPROVED	REFERENCED	NONE		DOCUMENTED	rdia, extrasystoles, supraventricular tachycardia, atrial fibrillation/flutter, myocardial ischemia, myocardial infarction, unconsciousness, syncope, seizure, renal failu	NOT_SCORED	NOT_SCORED
AMIKACIN	AMIKACIN	CHEMBL177	pref_name__iexact	False	True	True	INTRAMUSCULAR;INTRAVENOUS;RESPIRATORY (INHALATION)	8	True	AMIKACIN	NOT_ORAL	4.0	False		True			True	APPROVED	MECHANISM UNSUPPORTED	NONE		NONE		NOT_SCORED	NOT_SCORED
AMINOGLUTETHIMIDE	AMINOGLUTETHIMIDE	CHEMBL488	pref_name__iexact	True	False	False		0	False		ORAL	4.0	False		True			False	APPROVED_NO_LABEL	REFERENCED	NO_US_LABEL		NO_US_LABEL		NOT_SCORED	NOT_SCORED
AMIODARONE HYDROCHLORIDE	AMIODARONE HYDROCHLORIDE	CHEMBL1083993	pref_name__iexact	True	True	False	INTRAVENOUS;ORAL	10	True	AMIODARONE HYDROCHLORIDE	ORAL	4.0	False		True			True	APPROVED	REFERENCED	DOCUMENTED	. Discontinue Pacerone if the patient experiences signs or symptoms of clinical liver injury [see Warnings and Precautions (5.3) ] . Pacerone can exacerbate arrhythmias. In	DOCUMENTED	tance to cardioversion, and polymorphic ventricular tachycardia associated with QTc prolongation (Torsade de Pointes [TdP]). Correct hypokalemia, hypomagnesemia,	NOT_SCORED	NOT_SCORED
AMITRIPTYLINE HYDROCHLORIDE	AMITRIPTYLINE HYDROCHLORIDE	CHEMBL1200964	pref_name__iexact	True	True	False	ORAL	10	True	AMITRIPTYLINE HYDROCHLORIDE	ORAL	4.0	False		True			True	APPROVED	REFERENCED	NONE		DOCUMENTED	n high doses, have been reported to produce arrhythmias, sinus tachycardia, and prolongation of the conduction time. Myocardial infarction and stroke have been reported wit	NOT_SCORED	NOT_SCORED
AMLEXANOX	AMLEXANOX	CHEMBL1096	pref_name__iexact	False	False	True		0	False		NOT_ORAL	4.0	False		True			False	APPROVED_NO_LABEL	REFERENCED	NO_US_LABEL		NO_US_LABEL		NOT_SCORED	NOT_SCORED
AMOXICILLIN ANHYDROUS	AMOXICILLIN ANHYDROUS	CHEMBL2105950	free_text_search	False	False	False	ORAL	10	True	AMOXICILLIN	DISAGREE	-1.0	False		True			False	NOT_APPROVED	MECHANISM UNSUPPORTED	DOCUMENTED	and institute appropriate therapy. ( 5.3 ) Hepatic dysfunction and cholestatic jaundice: Discontinue if signs/symptoms of hepatitis occur. Monitor liver function tests	NONE		NOT_SCORED	NOT_SCORED
AMPHOTERICIN B LIPOSOMAL	AMPHOTERICIN B LIPOSOMAL	CHEMBL267345	free_text_search	True	True	True		0	False		ORAL	4.0	False		True			False	APPROVED_NO_LABEL	REFERENCED	NO_US_LABEL		NO_US_LABEL		NOT_SCORED	NOT_SCORED
AMPICILLIN (ANHYDROUS)	AMPICILLIN (ANHYDROUS)	CHEMBL1200758	free_text_search	False	True	False	INTRAMUSCULAR;INTRAVENOUS;ORAL	10	True	AMPICILLIN	DISAGREE	4.0	False		True			True	APPROVED	REFERENCED	DOCUMENTED	am for injection should be discontinued and the appropriate therapy instituted. Hepatotoxicity Hepatic dysfunction, including hepatitis and cholestatic jaundice has been	NONE		NOT_SCORED	NOT_SCORED
AMPICILLIN SODIUM	AMPICILLIN SODIUM	CHEMBL1200758	pref_name__iexact	False	True	False	INTRAMUSCULAR;INTRAVENOUS	10	True	AMPICILLIN SODIUM	NOT_ORAL	4.0	False		True			True	APPROVED	REFERENCED	DOCUMENTED	am for injection should be discontinued and the appropriate therapy instituted. Hepatotoxicity Hepatic dysfunction, including hepatitis and cholestatic jaundice has been	NONE		NOT_SCORED	NOT_SCORED
AMPRENAVIR	AMPRENAVIR	CHEMBL116	pref_name__iexact	True	False	False		0	False		ORAL	4.0	False		True			False	APPROVED_NO_LABEL	REFERENCED	NO_US_LABEL		NO_US_LABEL		NOT_SCORED	NOT_SCORED
AMSACRINE	AMSACRINE	CHEMBL43	pref_name__iexact	False	True	False		0	False		NOT_ORAL	4.0	False		True			False	APPROVED_NO_LABEL	REFERENCED	NO_US_LABEL		NO_US_LABEL		NOT_SCORED	NOT_SCORED
ANASTROZOLE	ANASTROZOLE	CHEMBL1399	pref_name__iexact	True	False	False	ORAL	10	True	ANASTROZOLE	ORAL	4.0	False		True			True	APPROVED	REFERENCED	NONE		NONE		NOT_SCORED	NOT_SCORED
ANHYDROUS LACTOSE	ANHYDROUS LACTOSE	CHEMBL5314358	free_text_search	False	False	False		0	False		NOT_ORAL	3.0	False		True			False	NOT_APPROVED	MECHANISM UNSUPPORTED	NO_US_LABEL		NO_US_LABEL		NOT_SCORED	NOT_SCORED
ANHYDROUS TACROLIMUS	ANHYDROUS TACROLIMUS	CHEMBL3989887	free_text_search	True	True	True		0	False		ORAL	4.0	False		True			False	APPROVED_NO_LABEL	REFERENCED	NO_US_LABEL		NO_US_LABEL		NOT_SCORED	NOT_SCORED
APIGENIN	APIGENIN	CHEMBL28	pref_name__iexact	False	False	False		0	False		NOT_ORAL		False		True			False	NOT_APPROVED	MECHANISM UNSUPPORTED	NO_US_LABEL		NO_US_LABEL		NOT_SCORED	NOT_SCORED
APOMORPHINE	APOMORPHINE	CHEMBL53	pref_name__iexact	False	True	True	ORAL;SUBCUTANEOUS;SUBLINGUAL	3	True	APOMORPHINE	DISAGREE	4.0	False		True			True	APPROVED	MECHANISM UNSUPPORTED	NONE		DOCUMENTED	l and impulsive behaviors ( 5.8 ) May cause coronary events ( 5.9 ) May prolong QTc and cause torsades de pointes or sudden death ( 5.10 ) 5.1 Serious Adverse Rea	NOT_SCORED	NOT_SCORED
ARTEMETHER	ARTEMETHER	CHEMBL566534	pref_name__iexact	True	False	False	ORAL	1	True	ARTEMETHER	ORAL	4.0	False		True			True	APPROVED	REFERENCED	NONE		DOCUMENTED	5 WARNINGS AND PRECAUTIONS Avoid use in patients with known QT prolongation, those with hypokalemia or hypomagnesemia, and those taking other	NOT_SCORED	NOT_SCORED
ARTESUNATE	ARTESUNATE	CHEMBL361497	pref_name__iexact	False	True	False		0	False		NOT_ORAL	4.0	False		True			False	APPROVED_NO_LABEL	REFERENCED	NO_US_LABEL		NO_US_LABEL		NOT_SCORED	NOT_SCORED
ASPARAGINASE	ASPARAGINASE	CHEMBL2108989	pref_name__iexact	False	True	False	INTRAMUSCULAR	1	True	ASPARAGINASE	NOT_ORAL	4.0	False		True			True	APPROVED	REFERENCED	DOCUMENTED	rrhage: Discontinue RYLAZE for severe or life-threatening hemorrhage. ( 5.4 ) • Hepatotoxicity, including hepatic veno-occlusive disease: Discontinue RYLAZE for grade 4	NONE		NOT_SCORED	NOT_SCORED
ASPARAGINE	ASPARAGINE	CHEMBL58832	pref_name__iexact	False	False	False	ORAL	4	True	ASPARAGINE	DISAGREE	-1.0	False		True			False	NOT_APPROVED	MECHANISM UNSUPPORTED	NONE		NONE		NOT_SCORED	NOT_SCORED
ASPIRIN	ASPIRIN	CHEMBL25	pref_name__iexact	True	False	False	ORAL	10	True	ASPIRIN	ORAL	4.0	False		True			True	APPROVED	REFERENCED	DOCUMENTED	cal help right away. Liver warning: This product contains acetaminophen. Severe liver damage may occur if you take more than 4 packs in 24 hours, which is the maximum daily	NONE		NOT_SCORED	NOT_SCORED
ATENOLOL	ATENOLOL	CHEMBL24	pref_name__iexact	True	True	False	ORAL	10	True	ATENOLOL	ORAL	4.0	False		True			True	APPROVED	REFERENCED	DOCUMENTED	against possible hazards to the fetus. These hazards include fetal or neonatal jaundice, thrombocytopenia and possibly other adverse reactions which have occurred in t	DOCUMENTED	t failure, and beta-blockade carries the potential hazard of further depressing myocardial contractility and precipitating more severe failure. In patients with acute myo	NOT_SCORED	NOT_SCORED
ATEZOLIZUMAB	ATEZOLIZUMAB	CHEMBL3707227	pref_name__iexact	False	True	False	INTRAVENOUS	1	True	ATEZOLIZUMAB	NOT_ORAL	4.0	False		True			True	APPROVED	REFERENCED	DOCUMENTED	ollowing: immune-mediated pneumonitis, immune-mediated colitis, immune-mediated hepatitis, immune-mediated endocrinopathies, immune-mediated dermatologic adverse reactio	NONE		NOT_SCORED	NOT_SCORED
ATORVASTATIN	ATORVASTATIN	CHEMBL1487	pref_name__iexact	True	False	False	ORAL	10	True	ATORVASTATIN	ORAL	4.0	False		True			True	APPROVED	MECHANISM UNSUPPORTED	DOCUMENTED	ansaminases have occurred, some persistent. Rare reports of fatal and non-fatal hepatic failure have occurred. Consider testing liver enzymes before initiating therapy and as	DOCUMENTED	rs, promptly discontinue amlodipine and atorvastatin tablets ( 5.3 ). Angina or myocardial infarction may occur with initiation or dose increase (5.4) Symptomatic hypoten	NOT_SCORED	NOT_SCORED
ATORVASTATIN CALCIUM TRIHYDRATE	ATORVASTATIN CALCIUM TRIHYDRATE	CHEMBL393220	free_text_search	True	False	False	ORAL	10	True	ATORVASTATIN	ORAL	4.0	False		True			True	APPROVED	REFERENCED	DOCUMENTED	ansaminases have occurred, some persistent. Rare reports of fatal and non-fatal hepatic failure have occurred. Consider testing liver enzymes before initiating therapy and as	DOCUMENTED	rs, promptly discontinue amlodipine and atorvastatin tablets ( 5.3 ). Angina or myocardial infarction may occur with initiation or dose increase (5.4) Symptomatic hypoten	NOT_SCORED	NOT_SCORED
ATROPINE	ATROPINE	CHEMBL517712	pref_name__iexact	True	True	True	ENDOTRACHEAL;INTRAMEDULLARY;INTRAMUSCULAR;INTRAVENOUS;OPHTHALMIC;ORAL;SUBCUTANEOUS	10	True	ATROPINE	ORAL	4.0	False		True			True	APPROVED	REFERENCED	NONE		DOCUMENTED	0.04 mg/kg) to avoid the detrimental effects of atropine-induced tachycardia on myocardial oxygen demand. 5.2 Acute Glaucoma Atropine may precipitate acute glaucoma. 5.3	NOT_SCORED	NOT_SCORED
AVAPRITINIB	AVAPRITINIB	CHEMBL4204794	edges	True	False	False		0	False		ORAL	4.0	False	True	True		True	False	APPROVED_NO_LABEL	REFERENCED	NO_US_LABEL		NO_US_LABEL		NOT_SCORED	NOT_SCORED
avapritinib	AVAPRITINIB	CHEMBL4204794	edges	True	False	False		0	False		ORAL	4.0	False	True	True		True	False	APPROVED_NO_LABEL	REFERENCED	NO_US_LABEL		NO_US_LABEL		NOT_SCORED	NOT_SCORED
AVATROMBOPAG	AVATROMBOPAG	CHEMBL2103883	pref_name__iexact	True	False	False	ORAL	1	True	AVATROMBOPAG	ORAL	4.0	False		True			True	APPROVED	REFERENCED	NONE		NONE		NOT_SCORED	NOT_SCORED
AVELUMAB	AVELUMAB	CHEMBL3833373	pref_name__iexact	False	True	False		0	False		NOT_ORAL	4.0	False		True			False	APPROVED_NO_LABEL	REFERENCED	NO_US_LABEL		NO_US_LABEL		NOT_SCORED	NOT_SCORED
AVUTOMETINIB	AVUTOMETINIB	CHEMBL3264002	pref_name__iexact	False	False	False		1	True	AVUTOMETINIB	NOT_ORAL	3.0	False		True			False	NOT_APPROVED	REFERENCED	DOCUMENTED	KI FAKZYNJA CO-PACK based on severity, tolerability and duration. ( 2.4 , 5.2 ) Hepatotoxicity : Monitor liver function tests prior to each cycle, on day 15 of the first	NONE		NOT_SCORED	NOT_SCORED
AXITINIB	AXITINIB	CHEMBL1289926	edges	True	False	False	ORAL	2	True	AXITINIB	ORAL	4.0	False		True		True	True	APPROVED	REFERENCED	DOCUMENTED	oderate to severe proteinuria, withhold and then dose reduce INLYTA. ( 5.10 ) • Hepatotoxicity: Liver enzyme elevation has occurred during treatment with INLYTA as a sin	DOCUMENTED	oembolic events (including transient ischemic attack, cerebrovascular accident, myocardial infarction, and retinal artery occlusion) were reported in 17/715 patients (2%)	NOT_SCORED	NOT_SCORED
axitinib	AXITINIB	CHEMBL1289926	edges	True	False	False	ORAL	2	True	AXITINIB	ORAL	4.0	False		True		True	True	APPROVED	REFERENCED	DOCUMENTED	oderate to severe proteinuria, withhold and then dose reduce INLYTA. ( 5.10 ) • Hepatotoxicity: Liver enzyme elevation has occurred during treatment with INLYTA as a sin	DOCUMENTED	oembolic events (including transient ischemic attack, cerebrovascular accident, myocardial infarction, and retinal artery occlusion) were reported in 17/715 patients (2%)	NOT_SCORED	NOT_SCORED
AZACITIDINE	AZACITIDINE	CHEMBL1489	pref_name__iexact	True	True	False	INTRAVENOUS;ORAL;SUBCUTANEOUS	10	True	AZACITIDINE	ORAL	4.0	False		True			True	APPROVED	REFERENCED	DOCUMENTED	and Thrombocytopenia : Monitor complete blood counts (CBC) frequently ( 5.2 ). Hepatotoxicity : Patients with severe preexisting hepatic impairment are at higher risk f	NONE		NOT_SCORED	NOT_SCORED
AZATHIOPRINE	AZATHIOPRINE	CHEMBL1542	pref_name__iexact	True	True	False	INTRAVENOUS;ORAL	10	True	AZATHIOPRINE	ORAL	4.0	False		True			True	APPROVED	REFERENCED	NONE		NONE		NOT_SCORED	NOT_SCORED
AZITHROMYCIN	AZITHROMYCIN	CHEMBL529	pref_name__iexact	True	True	True	OPHTHALMIC;ORAL	10	True	AZITHROMYCIN	ORAL	4.0	False		True			True	APPROVED	REFERENCED	DOCUMENTED	allergic and skin reactions: Discontinue azithromycin if reaction occurs. () • Hepatotoxicity: Severe, and sometimes fatal, hepatotoxicity has been reported. Discontinu	DOCUMENTED	o contact their physician if vomiting or irritability with feeding occurs. () • Prolongation of QT interval and cases of torsades de pointes have been reported. This risk w	NOT_SCORED	NOT_SCORED
AZTREONAM	AZTREONAM	CHEMBL158	pref_name__iexact	False	True	True	INTRAMUSCULAR;INTRAVENOUS	8	True	AZTREONAM	NOT_ORAL	4.0	False		True			True	APPROVED	REFERENCED	DOCUMENTED	t, particularly in patients with baseline liver comorbidities or on concomitant hepatotoxic medications. If transaminase elevations are noted, consider discontinuing EMB	NONE		NOT_SCORED	NOT_SCORED
BCG VACCINE	BCG VACCINE	CHEMBL2108905	pref_name__iexact	False	False	False		0	False		NOT_ORAL	3.0	False		True			False	NOT_APPROVED	MECHANISM UNSUPPORTED	NO_US_LABEL		NO_US_LABEL		NOT_SCORED	NOT_SCORED
BECLOMETHASONE	BECLOMETHASONE	CHEMBL1586	pref_name__iexact	False	False	False	RESPIRATORY (INHALATION)	5	True	BECLOMETHASONE	NOT_ORAL	2.0	False		True			False	NOT_APPROVED	MECHANISM UNSUPPORTED	NONE		DOCUMENTED	rted to produce electrocardiographic changes, such as flattening of the T wave, prolongation of the QTc interval, and ST segment depression, although the clinical significa	NOT_SCORED	NOT_SCORED
BECLOMETHASONE DIPROPIONATE	BECLOMETHASONE DIPROPIONATE	CHEMBL1200500	pref_name__iexact	False	False	True	RESPIRATORY (INHALATION)	5	True	BECLOMETHASONE DIPROPIONATE	NOT_ORAL	4.0	False		True			True	APPROVED	REFERENCED	NONE		DOCUMENTED	rted to produce electrocardiographic changes, such as flattening of the T wave, prolongation of the QTc interval, and ST segment depression, although the clinical significa	NOT_SCORED	NOT_SCORED
BELINOSTAT	BELINOSTAT	CHEMBL408513	pref_name__iexact	False	True	False	INTRAVENOUS	1	True	BELINOSTAT	NOT_ORAL	4.0	False		True			True	APPROVED	REFERENCED	DOCUMENTED	) Infection : Serious and fatal infections (e.g., pneumonia and sepsis) ( 5.2 ) Hepatotoxicity : Beleodaq may cause hepatic toxicity and liver function test abnormalitie	NONE		NOT_SCORED	NOT_SCORED
BENOXINATE	BENOXINATE	CHEMBL1200	pref_name__iexact	False	False	True	OPHTHALMIC	3	True	BENOXINATE	NOT_ORAL	4.0	False		True			True	APPROVED	MECHANISM UNSUPPORTED	NONE		NONE		NOT_SCORED	NOT_SCORED
BENZBROMARONE	BENZBROMARONE	CHEMBL388590	edges	True	False	False		0	False		ORAL	4.0	True		True		True	False	APPROVED_NO_LABEL	REFERENCED	NO_US_LABEL		NO_US_LABEL		NOT_SCORED	NOT_SCORED
benzbromarone	BENZBROMARONE	CHEMBL388590	edges	True	False	False		0	False		ORAL	4.0	True		True		True	False	APPROVED_NO_LABEL	REFERENCED	NO_US_LABEL		NO_US_LABEL		NOT_SCORED	NOT_SCORED
BENZOCAINE	BENZOCAINE	CHEMBL278172	pref_name__iexact	False	False	False	DENTAL;ORAL;PERIODONTAL;TOPICAL	10	True	BENZOCAINE	DISAGREE	3.0	False		True			False	NOT_APPROVED	REFERENCED	NONE		NONE		NOT_SCORED	NOT_SCORED
BENZYDAMINE	BENZYDAMINE	CHEMBL12610	pref_name__iexact	False	False	False		0	False		NOT_ORAL	4.0	False		True			False	APPROVED_NO_LABEL	REFERENCED	NO_US_LABEL		NO_US_LABEL		NOT_SCORED	NOT_SCORED
BETAMETHASONE	BETAMETHASONE	CHEMBL632	pref_name__iexact	True	False	True	INTRA-ARTICULAR;INTRALESIONAL;INTRAMUSCULAR;TOPICAL	10	True	BETAMETHASONE	DISAGREE	4.0	False		True			True	APPROVED	REFERENCED	DOCUMENTED	surface area or to areas under occlusion, prolonged use, altered skin barrier, liver failure, and use in pediatric patients. Modify use should HPA axis suppression develop.	DOCUMENTED	en use of corticosteroids and left ventricular free wall rupture after a recent myocardial infarction; therefore, therapy with corticosteroids should be used with great c	NOT_SCORED	NOT_SCORED
BETIBEGLOGENE AUTOTEMCEL	BETIBEGLOGENE AUTOTEMCEL	CHEMBL4594311	edges	False	False	False	INTRAVENOUS	1	True	BETIBEGLOGENE AUTOTEMCEL	NOT_ORAL	4.0	False	True	True	True		True	APPROVED	MECHANISM UNSUPPORTED	NONE		NONE		NOT_SCORED	NOT_SCORED
BEVACIZUMAB	BEVACIZUMAB	CHEMBL1201583	pref_name__iexact	False	True	False	INTRAVASCULAR;INTRAVENOUS	7	True	BEVACIZUMAB	NOT_ORAL	4.0	False		True			True	APPROVED	REFERENCED	NONE		DOCUMENTED	embolic events (ATE) including cerebral infarction, transient ischemic attacks, myocardial infarction, and angina occurred at a higher incidence in patients receiving bev	NOT_SCORED	NOT_SCORED
BICALUTAMIDE	BICALUTAMIDE	CHEMBL409	pref_name__iexact	True	False	False	ORAL	10	True	BICALUTAMIDE	ORAL	4.0	False		True			True	APPROVED	REFERENCED	DOCUMENTED	5 WARNINGS AND PRECAUTIONS • Severe hepatic injury and fatal hepatic failure have been observed. Monitor serum transaminase levels prior to starting treatme	DOCUMENTED	nticoagulant In the postmarketing setting, there have been reports of excessive prolongation of the prothrombin time (PT) and International Normalized Ratio (INR) days to w	NOT_SCORED	NOT_SCORED
BIFONAZOLE	BIFONAZOLE	CHEMBL277535	edges	False	False	False		0	False		NOT_ORAL	4.0	False		True		True	False	APPROVED_NO_LABEL	REFERENCED	NO_US_LABEL		NO_US_LABEL		NOT_SCORED	NOT_SCORED
bifonazole	BIFONAZOLE	CHEMBL277535	edges	False	False	False		0	False		NOT_ORAL	4.0	False		True		True	False	APPROVED_NO_LABEL	REFERENCED	NO_US_LABEL		NO_US_LABEL		NOT_SCORED	NOT_SCORED
BINIMETINIB	BINIMETINIB	CHEMBL3187723	pref_name__iexact	True	False	False	ORAL	1	True	BINIMETINIB	ORAL	4.0	False		True			True	APPROVED	REFERENCED	DOCUMENTED	gressive unexplained pulmonary symptoms or findings for possible ILD. ( 5.5 ) • Hepatotoxicity: Monitor liver function tests before and during treatment with MEKTOVI and	NONE		NOT_SCORED	NOT_SCORED
BITHIONOL	BITHIONOL	CHEMBL290106	pref_name__iexact	False	False	False		0	False		NOT_ORAL	4.0	True		True			False	APPROVED_NO_LABEL	REFERENCED	NO_US_LABEL		NO_US_LABEL		NOT_SCORED	NOT_SCORED
BLEOMYCIN	BLEOMYCIN	CHEMBL6067492	pref_name__iexact	False	True	False	INTRAMUSCULAR;INTRAPLEURAL;INTRAVENOUS;SUBCUTANEOUS	6	True	BLEOMYCIN	NOT_ORAL	4.0	False		True			True	APPROVED	MECHANISM UNSUPPORTED	NONE		NONE		NOT_SCORED	NOT_SCORED
BORTEZOMIB	BORTEZOMIB	CHEMBL325041	pref_name__iexact	False	False	False	INTRAVENOUS;SUBCUTANEOUS	10	True	BORTEZOMIB	NOT_ORAL	4.0	False		True			True	APPROVED	REFERENCED	DOCUMENTED	s closely and take appropriate precautions. 5.9 Hepatic Toxicity Cases of acute liver failure have been reported in patients receiving multiple concomitant medications and w	DOCUMENTED	edema, pulmonary edema, or cardiogenic shock. There have been isolated cases of QT-interval prolongation in clinical studies; causality has not been established.	NOT_SCORED	NOT_SCORED
BOSUTINIB	BOSUTINIB	CHEMBL288441	pref_name__iexact	True	False	False	ORAL	5	True	BOSUTINIB	ORAL	4.0	False		True			True	APPROVED	MECHANISM UNSUPPORTED	DOCUMENTED	ALT], aspartate aminotransferase [AST]). Two cases consistent with drug induced liver injury (defined as concurrent elevations in ALT or AST greater than or equal to 3×ULN	NONE		NOT_SCORED	NOT_SCORED
BRIMONIDINE	BRIMONIDINE	CHEMBL844	pref_name__iexact	False	False	True	OPHTHALMIC	10	True	BRIMONIDINE	NOT_ORAL	4.0	False		True			True	APPROVED	MECHANISM UNSUPPORTED	NONE		DOCUMENTED	may be essential for support of the circulation in individuals with diminished myocardial contractility, and its inhibition by beta-adrenergic receptor blockade may prec	NOT_SCORED	NOT_SCORED
BRIVARACETAM	BRIVARACETAM	CHEMBL607400	pref_name__iexact	True	True	False	INTRAVENOUS;ORAL	10	True	BRIVARACETAM	ORAL	4.0	False		True			True	APPROVED	REFERENCED	NONE		NONE		NOT_SCORED	NOT_SCORED
BROMAZEPAM	BROMAZEPAM	CHEMBL277062	pref_name__iexact	False	False	False		0	False		NOT_ORAL	4.0	False		True			False	APPROVED_NO_LABEL	REFERENCED	NO_US_LABEL		NO_US_LABEL		NOT_SCORED	NOT_SCORED
BROMOCRIPTINE MESYLATE	BROMOCRIPTINE MESYLATE	CHEMBL1200503	pref_name__iexact	True	False	False	ORAL	9	True	BROMOCRIPTINE MESYLATE	ORAL	4.0	False		True			True	APPROVED	REFERENCED	NONE		DOCUMENTED	in some patients, in rare cases serious adverse events, including hypertension, myocardial infarction, seizures, stroke, have been reported in postpartum women treated wi	NOT_SCORED	NOT_SCORED
BUDESONIDE	BUDESONIDE	CHEMBL1370	pref_name__iexact	True	False	True	NASAL;ORAL;RECTAL;RESPIRATORY (INHALATION)	10	True	BUDESONIDE	ORAL	4.0	False		True			True	APPROVED	REFERENCED	DOCUMENTED	rongyloides infestation, cerebral malaria and ocular herpes simplex. Screen for hepatitis B infection. ( 5.3 ) Karposi’s Sarcoma: Reported to occur in patients receiving	DOCUMENTED	ts have been reported to produce ECG changes, such as flattening of the T wave, prolongation of the QTc interval, and ST segment depression. The clinical significance of th	NOT_SCORED	NOT_SCORED
BUFEXAMAC	BUFEXAMAC	CHEMBL94394	pref_name__iexact	False	False	False		0	False		NOT_ORAL	4.0	True		True			False	APPROVED_NO_LABEL	REFERENCED	NO_US_LABEL		NO_US_LABEL		NOT_SCORED	NOT_SCORED
BULEVIRTIDE	BULEVIRTIDE	CHEMBL4297711	edges	False	False	False	SUBCUTANEOUS	1	True	BULEVIRTIDE	NOT_ORAL	4.0	False	True	False		True	True	APPROVED	MECHANISM UNSUPPORTED	DOCUMENTED	WARNING: POSTTREATMENT SEVERE ACUTE EXACERBATION OF HEPATITIS D and B Severe acute exacerbations of hepatitis D and hepatitis B may occur aft	NONE		NOT_SCORED	NOT_SCORED
bulevirtide	BULEVIRTIDE	CHEMBL4297711	edges	False	False	False	SUBCUTANEOUS	1	True	BULEVIRTIDE	NOT_ORAL	4.0	False	True	False		True	True	APPROVED	MECHANISM UNSUPPORTED	DOCUMENTED	WARNING: POSTTREATMENT SEVERE ACUTE EXACERBATION OF HEPATITIS D and B Severe acute exacerbations of hepatitis D and hepatitis B may occur aft	NONE		NOT_SCORED	NOT_SCORED
BULEVIRTIDE ACETATE	BULEVIRTIDE ACETATE	CHEMBL5315080	edges	False	False	False	SUBCUTANEOUS	1	True	BULEVIRTIDE	NOT_ORAL	4.0	False		True	True		True	APPROVED	MECHANISM UNSUPPORTED	DOCUMENTED	WARNING: POSTTREATMENT SEVERE ACUTE EXACERBATION OF HEPATITIS D and B Severe acute exacerbations of hepatitis D and hepatitis B may occur aft	NONE		NOT_SCORED	NOT_SCORED
BUPIVACAINE	BUPIVACAINE	CHEMBL1098	pref_name__iexact	False	True	False	EPIDURAL;INFILTRATION;INTRA-ARTICULAR;INTRACAUDAL;INTRALESIONAL;INTRAMUSCULAR;INTRAVENOUS;PERINEURAL;RETROBULBAR;SOFT TISSUE;SUBCUTANEOUS;TOPICAL	10	True	BUPIVACAINE	NOT_ORAL	4.0	False		True			True	APPROVED	REFERENCED	NONE		DOCUMENTED	WARNING: RISK OF CARDIAC ARREST WITH USE OF BUPIVACAINE HYDROCHLORIDE INJECTION IN OBSTETRICAL ANESTHESIA There	NOT_SCORED	NOT_SCORED
BUSPIRONE	BUSPIRONE	CHEMBL49	pref_name__iexact	True	False	False	ORAL	10	True	BUSPIRONE	ORAL	4.0	False		True			True	APPROVED	MECHANISM UNSUPPORTED	NONE		NONE		NOT_SCORED	NOT_SCORED
BUSPIRONE HYDROCHLORIDE	BUSPIRONE HYDROCHLORIDE	CHEMBL1200399	pref_name__iexact	True	False	False	ORAL	10	True	BUSPIRONE HYDROCHLORIDE	ORAL	4.0	False		True			True	APPROVED	REFERENCED	NONE		NONE		NOT_SCORED	NOT_SCORED
BUSULFAN	BUSULFAN	CHEMBL820	pref_name__iexact	True	True	False	INTRAVENOUS;ORAL	9	True	BUSULFAN	ORAL	4.0	False		True			True	APPROVED	REFERENCED	DOCUMENTED	inases, alkaline phosphatase, and bilirubin daily through BMT Day +28 to detect hepatotoxicity, which may herald the onset of HVOD . 5.4 Embryo-fetal Toxicity Busulfan c	NONE		NOT_SCORED	NOT_SCORED
BUTAMBEN	BUTAMBEN	CHEMBL127516	edges	False	False	False	TOPICAL	3	True	BUTAMBEN	NOT_ORAL	4.0	True	True	True	True		True	APPROVED	REFERENCED	NONE		NONE		NOT_SCORED	NOT_SCORED
BUTAMBEN PICRATE	BUTAMBEN PICRATE	CHEMBL3142541	edges	False	False	False		0	False		NOT_ORAL	4.0	True	True	True	True		False	APPROVED_NO_LABEL	REFERENCED	NO_US_LABEL		NO_US_LABEL		NOT_SCORED	NOT_SCORED
BUTORPHANOL	BUTORPHANOL	CHEMBL33986	pref_name__iexact	False	True	True	INTRAMUSCULAR;INTRAVENOUS;NASAL	5	True	BUTORPHANOL	NOT_ORAL	4.0	False		True			True	APPROVED	MECHANISM UNSUPPORTED	NONE		DOCUMENTED	ary circuit, the use of butorphanol tartrate nasal spray in patients with acute myocardial infarction, ventricular dysfunction, or coronary insufficiency should be limite	NOT_SCORED	NOT_SCORED
BUTYLATED HYDROXYTOLUENE	BUTYLATED HYDROXYTOLUENE	CHEMBL146	pref_name__iexact	False	False	False	ORAL	1	True	BUTYLATED HYDROXYTOLUENE	DISAGREE	2.0	False		True			False	NOT_APPROVED	MECHANISM UNSUPPORTED	NONE		NONE		NOT_SCORED	NOT_SCORED
CABAZITAXEL	CABAZITAXEL	CHEMBL1201748	pref_name__iexact	False	True	False		1	True	CABAZITAXEL	NOT_ORAL	4.0	False		True			True	APPROVED	REFERENCED	NONE		NONE		NOT_SCORED	NOT_SCORED
CABOZANTINIB S-MALATE	CABOZANTINIB S-MALATE	CHEMBL2103868	pref_name__iexact	True	False	False		0	False		ORAL	4.0	False		True			False	APPROVED_NO_LABEL	REFERENCED	NO_US_LABEL		NO_US_LABEL		NOT_SCORED	NOT_SCORED
CAFFEINE	CAFFEINE	CHEMBL113	pref_name__iexact	True	True	True	ORAL	10	True	CAFFEINE	ORAL	4.0	False		True			True	APPROVED	REFERENCED	DOCUMENTED	cal help right away. Liver warning: This product contains acetaminophen. Severe liver damage may occur if you take more than 6 caplets in 24 hours, which is the maximum dai	NONE		NOT_SCORED	NOT_SCORED
CALASPARGASE PEGOL	CALASPARGASE PEGOL	CHEMBL2108728	pref_name__iexact	False	True	False	INTRAVENOUS	1	True	CALASPARGASE PEGOL	NOT_ORAL	4.0	False		True			True	APPROVED	REFERENCED	DOCUMENTED	severe or life-threatening hemorrhage. Evaluate for etiology and treat. ( 5.4 ) Hepatotoxicity, including hepatic veno-occlusive disease (VOD) : Monitor for toxicity thr	NONE		NOT_SCORED	NOT_SCORED
CAMPHOR OIL	CAMPHOR OIL	CHEMBL15768	free_text_search	False	False	False		0	False		NOT_ORAL	3.0	False		True			False	NOT_APPROVED	REFERENCED	NO_US_LABEL		NO_US_LABEL		NOT_SCORED	NOT_SCORED
CAMPTOTHECIN	CAMPTOTHECIN	CHEMBL65	pref_name__iexact	False	False	False		0	False		NOT_ORAL	-1.0	False		True			False	NOT_APPROVED	MECHANISM UNSUPPORTED	NO_US_LABEL		NO_US_LABEL		NOT_SCORED	NOT_SCORED
CAPECITABINE	CAPECITABINE	CHEMBL1773	pref_name__iexact	True	False	False	ORAL	10	True	CAPECITABINE	ORAL	4.0	False		True			True	APPROVED	REFERENCED	NONE		DOCUMENTED	(7.1) ]. 5.3 Cardiotoxicity Cardiotoxicity can occur with capecitabine tablets. Myocardial infarction/ischemia, angina, dysrhythmias, cardiac arrest, cardiac failure, sud	NOT_SCORED	NOT_SCORED
CAPIVASERTIB	CAPIVASERTIB	CHEMBL2325741	pref_name__iexact	True	False	False		0	False		ORAL	4.0	False		True			False	APPROVED_NO_LABEL	REFERENCED	NO_US_LABEL		NO_US_LABEL		NOT_SCORED	NOT_SCORED
CAPMATINIB	CAPMATINIB	CHEMBL3188267	pref_name__iexact	True	False	False	ORAL	1	True	CAPMATINIB	ORAL	4.0	False		True			True	APPROVED	MECHANISM UNSUPPORTED	DOCUMENTED	ermanently discontinue TABRECTA in patients with ILD/pneumonitis. ( 2.3 , 5.1 ) Hepatotoxicity : Monitor liver function tests. Withhold, dose reduce, or permanently disc	NONE		NOT_SCORED	NOT_SCORED
CAPROMAB	CAPROMAB	CHEMBL2108285	pref_name__iexact	False	False	False		0	False		NOT_ORAL	2.0	False		True			False	NOT_APPROVED	MECHANISM UNSUPPORTED	NO_US_LABEL		NO_US_LABEL		NOT_SCORED	NOT_SCORED
CAPSAICIN	CAPSAICIN	CHEMBL294199	pref_name__iexact	False	False	True	TOPICAL	10	True	CAPSAICIN	NOT_ORAL	4.0	False		True			True	APPROVED	REFERENCED	DOCUMENTED	5 WARNINGS AND PRECAUTIONS Hepatotoxicity: Inform patients of warning signs and symptoms of hepatotoxicity. Disconti	DOCUMENTED	cause an increased risk of serious cardiovascular thrombotic events, including myocardial infarction and stroke, which can be fatal. This risk may occur early in treatme	NOT_SCORED	NOT_SCORED
CARBAMAZEPINE	CARBAMAZEPINE	CHEMBL108	pref_name__iexact	True	True	False	ORAL	10	True	CARBAMAZEPINE	ORAL	4.0	False		True			True	APPROVED	REFERENCED	DOCUMENTED	/or facial swelling in association with other organ system involvement, such as hepatitis, nephritis, hematologic abnormalities, myocarditis, or myositis sometimes resem	NONE		NOT_SCORED	NOT_SCORED
CARBIDOPA ANHYDROUS	CARBIDOPA ANHYDROUS	CHEMBL1201236	pref_name__iexact	True	False	False	ORAL	10	True	CARBIDOPA	ORAL	4.0	False		True			True	APPROVED	MECHANISM UNSUPPORTED	NONE		DOCUMENTED	nistering carbidopa and levodopa extended-release to patients with a history of myocardial infarction who have residual atrial, nodal, or ventricular arrhythmias. In such	NOT_SCORED	NOT_SCORED
CARBIMAZOLE	CARBIMAZOLE	CHEMBL508102	pref_name__iexact	False	False	False		0	False		NOT_ORAL	4.0	False		True			False	APPROVED_NO_LABEL	REFERENCED	NO_US_LABEL		NO_US_LABEL		NOT_SCORED	NOT_SCORED
CARBOPLATIN	CARBOPLATIN	CHEMBL1351	pref_name__iexact	False	True	False	INTRAVENOUS	10	True	CARBOPLATIN	NOT_ORAL	4.0	False		True			True	APPROVED	REFERENCED	NONE		NONE		NOT_SCORED	NOT_SCORED
CARGLUMIC ACID	CARGLUMIC ACID	CHEMBL1201780	pref_name__iexact	True	False	False	ORAL	4	True	CARGLUMIC ACID	ORAL	4.0	False		True			True	APPROVED	REFERENCED	NONE		NONE		NOT_SCORED	NOT_SCORED
CARMUSTINE	CARMUSTINE	CHEMBL513	edges	False	True	False	INTRACAVITARY;INTRAVENOUS	10	True	CARMUSTINE	NOT_ORAL	4.0	False	True	True	True	True	True	APPROVED	REFERENCED	NONE		NONE		NOT_SCORED	NOT_SCORED
carmustine	CARMUSTINE	CHEMBL513	edges	False	True	False	INTRACAVITARY;INTRAVENOUS	10	True	CARMUSTINE	NOT_ORAL	4.0	False	True	True	True	True	True	APPROVED	REFERENCED	NONE		NONE		NOT_SCORED	NOT_SCORED
CARVEDILOL	CARVEDILOL	CHEMBL723	pref_name__iexact	True	False	False	ORAL	10	True	CARVEDILOL	ORAL	4.0	False		True			True	APPROVED	REFERENCED	NONE		DOCUMENTED	discontinuation of therapy. Severe exacerbation of angina and the occurrence of myocardial infarction and ventricular arrhythmias have been reported in patients with angi	NOT_SCORED	NOT_SCORED
CATEQUENTINIB	CATEQUENTINIB	CHEMBL4303201	edges	False	False	False		0	False		NOT_ORAL	3.0	False	True	False	False		False	NOT_APPROVED	REFERENCED	NO_US_LABEL		NO_US_LABEL		NOT_SCORED	NOT_SCORED
CEDIRANIB	CEDIRANIB	CHEMBL491473	edges	False	False	False		0	False		NOT_ORAL	3.0	False	True	False			False	NOT_APPROVED	REFERENCED	NO_US_LABEL		NO_US_LABEL		NOT_SCORED	NOT_SCORED
CEFACLOR ANHYDROUS	CEFACLOR ANHYDROUS	CHEMBL680	pref_name__iexact	True	False	False	ORAL	4	True	CEFACLOR	ORAL	4.0	False		True			True	APPROVED	MECHANISM UNSUPPORTED	NONE		NONE		NOT_SCORED	NOT_SCORED
CEFIXIME ANHYDROUS	CEFIXIME ANHYDROUS	CHEMBL1541	free_text_search	True	False	False	ORAL	8	True	CEFIXIME	ORAL	4.0	False		True			True	APPROVED	REFERENCED	NONE		NONE		NOT_SCORED	NOT_SCORED
CEFMETAZOLE SODIUM	CEFMETAZOLE SODIUM	CHEMBL1201118	pref_name__iexact	False	True	False		0	False		NOT_ORAL	4.0	False		True			False	APPROVED_NO_LABEL	REFERENCED	NO_US_LABEL		NO_US_LABEL		NOT_SCORED	NOT_SCORED
CEFOTAXIME SODIUM	CEFOTAXIME SODIUM	CHEMBL1010	pref_name__iexact	False	True	False	INTRAMUSCULAR;INTRAVENOUS	3	True	CEFOTAXIME	NOT_ORAL	4.0	False		True			True	APPROVED	REFERENCED	NONE		NONE		NOT_SCORED	NOT_SCORED
CEFOXITIN SODIUM	CEFOXITIN SODIUM	CHEMBL1200530	pref_name__iexact	False	True	False	INTRAVENOUS	3	True	CEFOXITIN SODIUM	NOT_ORAL	4.0	False		True			True	APPROVED	REFERENCED	NONE		NONE		NOT_SCORED	NOT_SCORED
CEFTRIAXONE	CEFTRIAXONE	CHEMBL161	pref_name__iexact	False	True	False	INTRAMUSCULAR;INTRAVENOUS	10	True	CEFTRIAXONE	NOT_ORAL	4.0	False		True			True	APPROVED	MECHANISM UNSUPPORTED	NONE		NONE		NOT_SCORED	NOT_SCORED
CEFTRIAXONE SODIUM	CEFTRIAXONE SODIUM	CHEMBL6067656	pref_name__iexact	False	True	False	INTRAMUSCULAR;INTRAVENOUS	10	True	CEFTRIAXONE SODIUM	NOT_ORAL	4.0	False		True			True	APPROVED	REFERENCED	NONE		NONE		NOT_SCORED	NOT_SCORED
CELECOXIB	CELECOXIB	CHEMBL118	pref_name__iexact	True	False	False	ORAL	10	True	CELECOXIB	ORAL	4.0	False		True			True	APPROVED	REFERENCED	DOCUMENTED	5. WARNINGS AND PRECAUTIONS Hepatotoxicity: Inform patients of warning signs and symptoms of hepatotoxicity. Disconti	DOCUMENTED	cause an increased risk of serious cardiovascular thrombotic events, including myocardial infarction, and stroke, which can be fatal. This risk may occur early in the tr	NOT_SCORED	NOT_SCORED
CELIPROLOL	CELIPROLOL	CHEMBL27810	pref_name__iexact	False	False	False		0	False		NOT_ORAL	4.0	False		True			False	APPROVED_NO_LABEL	REFERENCED	NO_US_LABEL		NO_US_LABEL		NOT_SCORED	NOT_SCORED
CEPHAPIRIN SODIUM	CEPHAPIRIN SODIUM	CHEMBL1201043	pref_name__iexact	False	True	False		0	False		NOT_ORAL	4.0	False		True			False	APPROVED_NO_LABEL	REFERENCED	NO_US_LABEL		NO_US_LABEL		NOT_SCORED	NOT_SCORED
CETILISTAT	CETILISTAT	CHEMBL2103825	edges	False	False	False		0	False		NOT_ORAL	2.0	False	True	False	False	True	False	NOT_APPROVED	REFERENCED	NO_US_LABEL		NO_US_LABEL		NOT_SCORED	NOT_SCORED
cetilistat	CETILISTAT	CHEMBL2103825	edges	False	False	False		0	False		NOT_ORAL	2.0	False	True	False	False	True	False	NOT_APPROVED	REFERENCED	NO_US_LABEL		NO_US_LABEL		NOT_SCORED	NOT_SCORED
CETUXIMAB	CETUXIMAB	CHEMBL1201577	pref_name__iexact	False	True	False	INTRAVENOUS	1	True	CETUXIMAB	NOT_ORAL	4.0	False		True			True	APPROVED	REFERENCED	NONE		DOCUMENTED	(bronchospasm, stridor, hoarseness), hypotension, shock, loss of consciousness, myocardial infarction, and/or cardiac arrest. The risk of anaphylactic reactions may be in	NOT_SCORED	NOT_SCORED
CETYLPYRIDINIUM	CETYLPYRIDINIUM	CHEMBL305906	pref_name__iexact	False	False	False	ORAL;TOPICAL	10	True	CETYLPYRIDINIUM	DISAGREE	3.0	False		True			False	NOT_APPROVED	REFERENCED	NONE		NONE		NOT_SCORED	NOT_SCORED
CHLORAMBUCIL	CHLORAMBUCIL	CHEMBL515	pref_name__iexact	True	False	False	ORAL	1	True	CHLORAMBUCIL	ORAL	4.0	False		True			True	APPROVED	MECHANISM UNSUPPORTED	NONE		NONE		NOT_SCORED	NOT_SCORED
CHLORAMPHENICOL	CHLORAMPHENICOL	CHEMBL130	pref_name__iexact	True	True	True	INTRAVENOUS	1	True	CHLORAMPHENICOL	DISAGREE	4.0	True		True			True	APPROVED	REFERENCED	NONE		NONE		NOT_SCORED	NOT_SCORED
CHLOROQUINE	CHLOROQUINE	CHEMBL76	pref_name__iexact	True	True	False	ORAL	6	True	CHLOROQUINE	ORAL	4.0	False		True			True	APPROVED	MECHANISM UNSUPPORTED	DOCUMENTED	rphyria may exacerbate porphyria. Avoid chloroquine in patients with porphyria. Hepatotoxicity Associated with Porphyria Cutanea Tarda Cases of hepatotoxicity have been	DOCUMENTED	tions with P. vivax and P. ovale . Cardiac Effects including Cardiomyopathy and QT prolongation Fatal and life-threatening cardiotoxicity, including cardiomyopath	NOT_SCORED	NOT_SCORED
CHLORPROMAZINE	CHLORPROMAZINE	CHEMBL71	edges	True	True	True	INTRAMUSCULAR;ORAL	10	True	CHLORPROMAZINE	ORAL	4.0	False		True		True	True	APPROVED	REFERENCED	DOCUMENTED	her encephalopathy. The use of chlorpromazine hydrochloride and other potential hepatotoxins should be avoided in children and adolescents whose signs and symptoms sugge	NONE		NOT_SCORED	NOT_SCORED
chlorpromazine	CHLORPROMAZINE	CHEMBL71	edges	True	True	True	INTRAMUSCULAR;ORAL	10	True	CHLORPROMAZINE	ORAL	4.0	False		True		True	True	APPROVED	REFERENCED	DOCUMENTED	her encephalopathy. The use of chlorpromazine hydrochloride and other potential hepatotoxins should be avoided in children and adolescents whose signs and symptoms sugge	NONE		NOT_SCORED	NOT_SCORED
CHLORPROMAZINE HYDROCHLORIDE	CHLORPROMAZINE HYDROCHLORIDE	CHEMBL1713	pref_name__iexact	True	True	False	INTRAMUSCULAR;ORAL	10	True	CHLORPROMAZINE HYDROCHLORIDE	ORAL	4.0	False		True			True	APPROVED	REFERENCED	DOCUMENTED	her encephalopathy. The use of chlorpromazine hydrochloride and other potential hepatotoxins should be avoided in children and adolescents whose signs and symptoms sugge	NONE		NOT_SCORED	NOT_SCORED
CHLORPROPAMIDE	CHLORPROPAMIDE	CHEMBL498	pref_name__iexact	True	False	False		0	False		ORAL	4.0	False		True			False	APPROVED_NO_LABEL	REFERENCED	NO_US_LABEL		NO_US_LABEL		NOT_SCORED	NOT_SCORED
CHLORZOXAZONE	CHLORZOXAZONE	CHEMBL1371	edges	True	False	False	ORAL	10	True	CHLORZOXAZONE	ORAL	4.0	False		True		True	True	APPROVED	REFERENCED	DOCUMENTED	t known. Patients should be instructed to report early signs and/or symptoms of hepatotoxicity such as fever, rash, anorexia, nausea, vomiting, fatigue, right upper quad	NONE		NOT_SCORED	NOT_SCORED
chlorzoxazone	CHLORZOXAZONE	CHEMBL1371	edges	True	False	False	ORAL	10	True	CHLORZOXAZONE	ORAL	4.0	False		True		True	True	APPROVED	REFERENCED	DOCUMENTED	t known. Patients should be instructed to report early signs and/or symptoms of hepatotoxicity such as fever, rash, anorexia, nausea, vomiting, fatigue, right upper quad	NONE		NOT_SCORED	NOT_SCORED
CHOLIC ACID	CHOLIC ACID	CHEMBL205596	pref_name__iexact	True	False	False	ORAL	1	True	CHOLIC ACID	ORAL	4.0	False		True			True	APPROVED	REFERENCED	DOCUMENTED	r liver disease while on treatment. In patients with cirrhosis, cases of severe hepatotoxicity have also been observed following postmarket use of CHOLBAM. Exacerbation	NONE		NOT_SCORED	NOT_SCORED
CHORIOGONADOTROPIN ALFA	CHORIOGONADOTROPIN ALFA	CHEMBL1201464	pref_name__iexact	False	True	False	SUBCUTANEOUS	3	True	CHORIOGONADOTROPIN ALFA	NOT_ORAL	4.0	False		True			True	APPROVED	REFERENCED	NONE		DOCUMENTED	lusion (stroke), and arterial occlusion resulting in loss of limb and rarely in myocardial infarction. In rare cases, pulmonary complications and/or thromboembolic reacti	NOT_SCORED	NOT_SCORED
CIDOFOVIR ANHYDROUS	CIDOFOVIR ANHYDROUS	CHEMBL152	pref_name__iexact	False	True	False	INTRAVENOUS	1	True	CIDOFOVIR ANHYDROUS	NOT_ORAL	4.0	False		True			True	APPROVED	MECHANISM UNSUPPORTED	NONE		NONE		NOT_SCORED	NOT_SCORED
CILOSTAZOL	CILOSTAZOL	CHEMBL799	pref_name__iexact	True	False	False	ORAL	10	True	CILOSTAZOL	ORAL	4.0	False		True			True	APPROVED	REFERENCED	NONE		DOCUMENTED	n, tachyarrhythmia or hypotension. Risks of exacerbations of angina pectoris or myocardial infarction in patients with a history of ischemic heart disease ( 5.2 ) Left ve	NOT_SCORED	NOT_SCORED
CIMETIDINE	CIMETIDINE	CHEMBL30	pref_name__iexact	True	True	False	ORAL	10	True	CIMETIDINE	ORAL	4.0	False		True			True	APPROVED	MECHANISM UNSUPPORTED	NONE		NONE		NOT_SCORED	NOT_SCORED
CIPROFLOXACIN	CIPROFLOXACIN	CHEMBL8	pref_name__iexact	True	True	True	AURICULAR (OTIC);OPHTHALMIC;ORAL	10	True	CIPROFLOXACIN	ORAL	4.0	False		True			True	APPROVED	REFERENCED	DOCUMENTED	acin tablets. Discontinue ciprofloxacin tablets at the first sign of skin rash, jaundice or any sign of hypersensitivity. ( 4.1 , 5.6, 5.7 ) Hepatotoxicity: Discontinue	DOCUMENTED	tridioides difficile -associated diarrhea: Evaluate if colitis occurs. ( 5.11 ) QT Prolongation: Prolongation of the QT interval and isolated cases of torsade de	NOT_SCORED	NOT_SCORED
CISPLATIN	CISPLATIN	CHEMBL11359	pref_name__iexact	False	True	False	INTRAVENOUS	10	True	CISPLATIN	NOT_ORAL	4.0	False		True			True	APPROVED	REFERENCED	NONE		NONE		NOT_SCORED	NOT_SCORED
CITALOPRAM	CITALOPRAM	CHEMBL549	pref_name__iexact	True	False	False	ORAL	10	True	CITALOPRAM	ORAL	4.0	False		True			True	APPROVED	MECHANISM UNSUPPORTED	NONE		DOCUMENTED	"cardiac arrest
sudden death
torsade
QT"	NOT_SCORED	NOT_SCORED
CITRATE	CITRATE	CHEMBL1355	free_text_search	False	True	False	INTRAVENOUS;ORAL	10	True	CITRATE	DISAGREE	4.0	False		True			True	APPROVED	MECHANISM UNSUPPORTED	NONE		DOCUMENTED	; if prescribed, this should be done with caution. Patients who have suffered a myocardial infarction, stroke, or life-threatening arrhythmia within the last 6 months; Pa	NOT_SCORED	NOT_SCORED
CLARITHROMYCIN	CLARITHROMYCIN	CHEMBL1741	pref_name__iexact	True	False	False	ORAL	10	True	CLARITHROMYCIN	ORAL	4.0	False		True			True	APPROVED	REFERENCED	DOCUMENTED	mia, significant bradycardia, or taking Class IA or III antiarrhythmics ( 5.2 ) Hepatotoxicity : Discontinue if signs and symptoms of hepatitis occur ( 5.3 ) Serious adv	DOCUMENTED	persensitivity Reactions : Discontinue clarithromycin tablets if occurs ( 5.1 ) QT Prolongation : Avoid clarithromycin tablets in patients with known QT prolongat	NOT_SCORED	NOT_SCORED
CLAVULANIC ACID	CLAVULANIC ACID	CHEMBL777	pref_name__iexact	True	True	False		0	False		ORAL	4.0	False		True			False	APPROVED_NO_LABEL	MECHANISM UNSUPPORTED	NO_US_LABEL		NO_US_LABEL		NOT_SCORED	NOT_SCORED
CLEMASTINE	CLEMASTINE	CHEMBL1626	pref_name__iexact	True	False	False	ORAL	4	True	CLEMASTINE	ORAL	4.0	False		True			True	APPROVED	MECHANISM UNSUPPORTED	NONE		NONE		NOT_SCORED	NOT_SCORED
CLIOQUINOL	CLIOQUINOL	CHEMBL497	pref_name__iexact	False	False	True	TOPICAL	1	True	CLIOQUINOL	NOT_ORAL	4.0	True		True			True	APPROVED	REFERENCED	NONE		NONE		NOT_SCORED	NOT_SCORED
CLOFIBRATE	CLOFIBRATE	CHEMBL565	pref_name__iexact	True	False	False		0	False		ORAL	4.0	True		True			False	APPROVED_NO_LABEL	MECHANISM UNSUPPORTED	NO_US_LABEL		NO_US_LABEL		NOT_SCORED	NOT_SCORED
CLOMETHIAZOLE	CLOMETHIAZOLE	CHEMBL315795	pref_name__iexact	False	False	False		0	False		NOT_ORAL	4.0	False		True			False	APPROVED_NO_LABEL	REFERENCED	NO_US_LABEL		NO_US_LABEL		NOT_SCORED	NOT_SCORED
CLOMIPRAMINE	CLOMIPRAMINE	CHEMBL415	pref_name__iexact	True	False	False	ORAL	10	True	CLOMIPRAMINE	ORAL	4.0	False		True			True	APPROVED	MECHANISM UNSUPPORTED	NONE		NONE		NOT_SCORED	NOT_SCORED
CLONAZEPAM	CLONAZEPAM	CHEMBL452	pref_name__iexact	True	False	False	ORAL	10	True	CLONAZEPAM	ORAL	4.0	False		True			True	APPROVED	REFERENCED	NONE		NONE		NOT_SCORED	NOT_SCORED
CLONIDINE HYDROCHLORIDE	CLONIDINE HYDROCHLORIDE	CHEMBL1705	pref_name__iexact	True	True	False	ORAL	10	True	CLONIDINE HYDROCHLORIDE	ORAL	4.0	False		True			True	APPROVED	REFERENCED	NONE		NONE		NOT_SCORED	NOT_SCORED
CLOPIDOGREL	CLOPIDOGREL	CHEMBL1771	edges	True	False	False	ORAL	10	True	CLOPIDOGREL	ORAL	4.0	False		True		True	True	APPROVED	MECHANISM UNSUPPORTED	NONE		NONE		NOT_SCORED	NOT_SCORED
clopidogrel	CLOPIDOGREL	CHEMBL1771	edges	True	False	False	ORAL	10	True	CLOPIDOGREL	ORAL	4.0	False		True		True	True	APPROVED	MECHANISM UNSUPPORTED	NONE		NONE		NOT_SCORED	NOT_SCORED
CLOTRIMAZOLE	CLOTRIMAZOLE	CHEMBL104	edges	True	False	True	ORAL;TOPICAL;VAGINAL	10	True	CLOTRIMAZOLE	ORAL	4.0	False		True		True	True	APPROVED	REFERENCED	DOCUMENTED	surface areas, prolonged use, use of occlusive dressing, altered skin barrier, liver failure, and young age. Because of the potential for systemic corticosteroid effects, p	NONE		NOT_SCORED	NOT_SCORED
clotrimazole	CLOTRIMAZOLE	CHEMBL104	edges	True	False	True	ORAL;TOPICAL;VAGINAL	10	True	CLOTRIMAZOLE	ORAL	4.0	False		True		True	True	APPROVED	REFERENCED	DOCUMENTED	surface areas, prolonged use, use of occlusive dressing, altered skin barrier, liver failure, and young age. Because of the potential for systemic corticosteroid effects, p	NONE		NOT_SCORED	NOT_SCORED
CLOZAPINE	CLOZAPINE	CHEMBL42	pref_name__iexact	True	False	False	ORAL	10	True	CLOZAPINE	ORAL	4.0	False		True			True	APPROVED	REFERENCED	DOCUMENTED	) Eosinophilia: Assess for organ involvement (e.g., myocarditis, pancreatitis, hepatitis, colitis, nephritis). Discontinue if these occur. ( 5.8 ) QT Interval Prolongat	DOCUMENTED	ension, Bradycardia, Syncope Orthostatic hypotension, bradycardia, syncope, and cardiac arrest have occurred with clozapine treatment. The risk is highest during the initial	NOT_SCORED	NOT_SCORED
COBICISTAT	COBICISTAT	CHEMBL2095208	edges	True	False	False	ORAL	7	True	COBICISTAT	ORAL	4.0	False	True	True	True	True	True	APPROVED	REFERENCED	DOCUMENTED	5 WARNINGS AND PRECAUTIONS Drug-induced hepatitis (e.g., acute hepatitis, cytolytic hepatitis), liver injury, including some fata	DOCUMENTED	5 WARNINGS AND PRECAUTIONS • Cardiac conduction abnormalities: PR interval prolongation may occur in some patients. Consider ECG monitoring in patients with preexistin	NOT_SCORED	NOT_SCORED
cobicistat	COBICISTAT	CHEMBL2095208	edges	True	False	False	ORAL	7	True	COBICISTAT	ORAL	4.0	False	True	True	True	True	True	APPROVED	REFERENCED	DOCUMENTED	5 WARNINGS AND PRECAUTIONS Drug-induced hepatitis (e.g., acute hepatitis, cytolytic hepatitis), liver injury, including some fata	DOCUMENTED	5 WARNINGS AND PRECAUTIONS • Cardiac conduction abnormalities: PR interval prolongation may occur in some patients. Consider ECG monitoring in patients with preexistin	NOT_SCORED	NOT_SCORED
COBIMETINIB	COBIMETINIB	CHEMBL2146883	edges	True	False	False	ORAL	1	True	COBIMETINIB	ORAL	4.0	False		True		True	True	APPROVED	REFERENCED	DOCUMENTED	ermanently discontinue COTELLIC for retinal vein occlusion (RVO). ( 5.5 , 2.3 ) Hepatotoxicity : Monitor liver laboratory tests during treatment and as clinically indica	NONE		NOT_SCORED	NOT_SCORED
cobimetinib	COBIMETINIB	CHEMBL2146883	edges	True	False	False	ORAL	1	True	COBIMETINIB	ORAL	4.0	False		True		True	True	APPROVED	REFERENCED	DOCUMENTED	ermanently discontinue COTELLIC for retinal vein occlusion (RVO). ( 5.5 , 2.3 ) Hepatotoxicity : Monitor liver laboratory tests during treatment and as clinically indica	NONE		NOT_SCORED	NOT_SCORED
CODEINE ANHYDROUS	CODEINE ANHYDROUS	CHEMBL1201463	free_text_search	True	False	False	ORAL	10	True	CODEINE	ORAL	4.0	False		True			True	APPROVED	REFERENCED	DOCUMENTED	HDRAWAL SYNDROME; INTERACTIONS WITH DRUGS AFFECTING CYTOCHROME P450 ISOENZYMES; HEPATOTOXICITY; and RISKS FROM CONCOMITANT USE WITH BENZODIAZEPINES OR OTHER CNS DEPRESSA	NONE		NOT_SCORED	NOT_SCORED
COLCHICINE	COLCHICINE	CHEMBL107	pref_name__iexact	True	False	False	ORAL	10	True	COLCHICINE	ORAL	4.0	False		True			True	APPROVED	REFERENCED	NONE		NONE		NOT_SCORED	NOT_SCORED
COPANLISIB	COPANLISIB	CHEMBL3218576	edges	False	True	False		0	False		NOT_ORAL	4.0	False	True	True	True	True	False	APPROVED_NO_LABEL	REFERENCED	NO_US_LABEL		NO_US_LABEL		NOT_SCORED	NOT_SCORED
copanlisib	COPANLISIB	CHEMBL3218576	edges	False	True	False		0	False		NOT_ORAL	4.0	False	True	True	True	True	False	APPROVED_NO_LABEL	REFERENCED	NO_US_LABEL		NO_US_LABEL		NOT_SCORED	NOT_SCORED
COPANLISIB HYDROCHLORIDE	COPANLISIB HYDROCHLORIDE	CHEMBL3545068	edges	False	True	False		0	False		NOT_ORAL	4.0	False	True	True	True		False	APPROVED_NO_LABEL	REFERENCED	NO_US_LABEL		NO_US_LABEL		NOT_SCORED	NOT_SCORED
CORTISONE ACETATE	CORTISONE ACETATE	CHEMBL1650	pref_name__iexact	True	True	False	ORAL	6	True	CORTISONE ACETATE	ORAL	4.0	False		True			True	APPROVED	MECHANISM UNSUPPORTED	DOCUMENTED	atient is exposed to measles, prophylaxis with immunoglobulin may be indicated. Hepatitis B Virus Reactivation Hepatitis B virus reactivation can occur in patients who a	DOCUMENTED	double-blind trial has shown that the use of corticosteroids is associated with prolongation of coma and a higher incidence of pneumonia and gastrointestinal bleeding. Prol	NOT_SCORED	NOT_SCORED
COUMARIN	COUMARIN	CHEMBL6466	pref_name__iexact	False	False	False	ORAL	1	True	COUMARIN	DISAGREE	4.0	True		True			True	APPROVED	REFERENCED	NONE		NONE		NOT_SCORED	NOT_SCORED
CRIZANLIZUMAB	CRIZANLIZUMAB	CHEMBL4297734	pref_name__iexact	False	True	False	INTRAVENOUS	1	True	CRIZANLIZUMAB	NOT_ORAL	4.0	True		True			True	APPROVED	REFERENCED	NONE		NONE		NOT_SCORED	NOT_SCORED
CRIZOTINIB	CRIZOTINIB	CHEMBL601719	pref_name__iexact	True	False	False	ORAL	1	True	CRIZOTINIB	ORAL	4.0	False		True			True	APPROVED	REFERENCED	DOCUMENTED	5 WARNINGS AND PRECAUTIONS • Hepatotoxicity: Fatal hepatotoxicity has occurred. Monitor with periodic liver testing. T	DOCUMENTED	itis: Permanently discontinue in patients with ILD/pneumonitis. ( 2.6 , 5.2 ) • QT Interval Prolongation: Monitor electrocardiograms and electrolytes in patients	NOT_SCORED	NOT_SCORED
CROMOGLYCATE	CROMOGLYCATE	CHEMBL74	free_text_search	True	False	True		0	False		ORAL	4.0	False		True			False	APPROVED_NO_LABEL	REFERENCED	NO_US_LABEL		NO_US_LABEL		NOT_SCORED	NOT_SCORED
CURCUMIN	CURCUMIN	CHEMBL140	pref_name__iexact	False	False	False	ORAL	1	True	CURCUMIN	DISAGREE	3.0	False		True			False	NOT_APPROVED	MECHANISM UNSUPPORTED	NONE		NONE		NOT_SCORED	NOT_SCORED
CYCLOPHOSPHAMIDE ANHYDROUS	CYCLOPHOSPHAMIDE ANHYDROUS	CHEMBL88	pref_name__iexact	True	True	False	INTRAVENOUS;ORAL	10	True	CYCLOPHOSPHAMIDE	ORAL	4.0	False		True			True	APPROVED	MECHANISM UNSUPPORTED	NONE		DOCUMENTED	atrial fibrillation and flutter) and ventricular arrhythmias (including severe QT prolongation associated with ventricular tachyarrhythmia) have been reported af	NOT_SCORED	NOT_SCORED
CYCLOSPORINE	CYCLOSPORINE	CHEMBL160	pref_name__iexact	True	True	True	INTRAVENOUS;OPHTHALMIC;ORAL;TOPICAL	10	True	CYCLOSPORINE	ORAL	4.0	False		True			True	APPROVED	REFERENCED	DOCUMENTED	e ingredient of cyclosporine capsules, (modified), can cause nephrotoxicity and hepatotoxicity. The risk increases with increasing doses of cyclosporine. Renal dysfuncti	NONE		NOT_SCORED	NOT_SCORED
CYPROTERONE	CYPROTERONE	CHEMBL142130	pref_name__iexact	False	False	False		0	False		NOT_ORAL	0.5	False		True			False	NOT_APPROVED	MECHANISM UNSUPPORTED	NO_US_LABEL		NO_US_LABEL		NOT_SCORED	NOT_SCORED
CYTARABINE	CYTARABINE	CHEMBL803	pref_name__iexact	False	True	False	INTRATHECAL;INTRAVENOUS;SUBCUTANEOUS	10	True	CYTARABINE	NOT_ORAL	4.0	False		True			True	APPROVED	REFERENCED	DOCUMENTED	intestinalis leading to peritonitis; sepsis and liver abscess; pulmonary edema, liver damage with increased hyperbilirubinemia; bowel necrosis; and necrotizing colitis. Rar	NONE		NOT_SCORED	NOT_SCORED
DABIGATRAN	DABIGATRAN	CHEMBL48361	pref_name__iexact	False	False	False	ORAL	10	True	DABIGATRAN	DISAGREE	3.0	False		True			False	NOT_APPROVED	REFERENCED	NONE		DOCUMENTED	thromboembolic events (valve thrombosis, stroke, transient ischemic attack, and myocardial infarction) and an excess of major bleeding (predominantly postoperative perica	NOT_SCORED	NOT_SCORED
DABRAFENIB	DABRAFENIB	CHEMBL2028663	edges	True	False	False	ORAL	1	True	DABRAFENIB	ORAL	4.0	False	True	True		True	True	APPROVED	MECHANISM UNSUPPORTED	NONE		NONE		NOT_SCORED	NOT_SCORED
dabrafenib	DABRAFENIB	CHEMBL2028663	edges	True	False	False	ORAL	1	True	DABRAFENIB	ORAL	4.0	False	True	True		True	True	APPROVED	MECHANISM UNSUPPORTED	NONE		NONE		NOT_SCORED	NOT_SCORED
DABRAFENIB MESYLATE	DABRAFENIB MESYLATE	CHEMBL2105729	edges	True	False	False	ORAL	1	True	DABRAFENIB	ORAL	4.0	False	True	True	True		True	APPROVED	REFERENCED	NONE		NONE		NOT_SCORED	NOT_SCORED
DACARBAZINE	DACARBAZINE	CHEMBL476	pref_name__iexact	False	True	False	INTRAVENOUS	3	True	DACARBAZINE	NOT_ORAL	4.0	False		True			True	APPROVED	REFERENCED	NONE		NONE		NOT_SCORED	NOT_SCORED
DACTINOMYCIN	DACTINOMYCIN	CHEMBL1554	pref_name__iexact	False	True	False	INTRAVENOUS	5	True	DACTINOMYCIN	NOT_ORAL	4.0	False		True			True	APPROVED	REFERENCED	DOCUMENTED	( 5.6 ) Renal Toxicity: Monitor creatinine and electrolytes frequently. ( 5.7 ) Hepatotoxicity: Monitor transaminases, alkaline phosphatase and bilirubin prior to and du	NONE		NOT_SCORED	NOT_SCORED
DALBAVANCIN	DALBAVANCIN	CHEMBL3301669	pref_name__iexact	False	True	False	INTRAVENOUS	7	True	DALBAVANCIN	NOT_ORAL	4.0	False		True			True	APPROVED	MECHANISM UNSUPPORTED	NONE		NONE		NOT_SCORED	NOT_SCORED
DANAZOL	DANAZOL	CHEMBL1479	edges	True	False	False	ORAL	4	True	DANAZOL	ORAL	4.0	False		True		True	True	APPROVED	REFERENCED	NONE		NONE		NOT_SCORED	NOT_SCORED
danazol	DANAZOL	CHEMBL1479	edges	True	False	False	ORAL	4	True	DANAZOL	ORAL	4.0	False		True		True	True	APPROVED	REFERENCED	NONE		NONE		NOT_SCORED	NOT_SCORED
DANTROLENE	DANTROLENE	CHEMBL1201288	pref_name__iexact	True	True	False	INTRAVENOUS;ORAL	10	True	DANTROLENE	ORAL	4.0	False		True			True	APPROVED	MECHANISM UNSUPPORTED	DOCUMENTED	Dantrolene sodium has a potential for hepatotoxicity, and should not be used in conditions other than those recommended. Sympto	NONE		NOT_SCORED	NOT_SCORED
DAPSONE	DAPSONE	CHEMBL1043	pref_name__iexact	True	False	True	ORAL;TOPICAL	10	True	DAPSONE	ORAL	4.0	False		True			True	APPROVED	REFERENCED	DOCUMENTED	o the presence of clinical signs such as sore throat, fever, pallor, purpura or jaundice. Deaths associated with the administration of Dapsone have been reported from a	NONE		NOT_SCORED	NOT_SCORED
DASATINIB ANHYDROUS	DASATINIB ANHYDROUS	CHEMBL1421	edges	True	False	False	ORAL	10	True	DASATINIB	ORAL	4.0	False	True	True	True		True	APPROVED	REFERENCED	DOCUMENTED	n reported. Monitor bone growth and development in pediatric patients. ( 5.10 ) Hepatotoxicity: Assess liver function before initiation of treatment and monthly thereaft	DOCUMENTED	ms of PAH during treatment. Stop dasatinib tablets if PAH is confirmed. ( 5.5 ) QT Prolongation: Use dasatinib tablets with caution in patients who have or may de	NOT_SCORED	NOT_SCORED
DAUNORUBICIN HYDROCHLORIDE	DAUNORUBICIN HYDROCHLORIDE	CHEMBL1563	pref_name__iexact	False	True	False	INTRAVENOUS	4	True	DAUNORUBICIN HYDROCHLORIDE	NOT_ORAL	4.0	False		True			True	APPROVED	REFERENCED	NONE		DOCUMENTED	l tissue necrosis will occur if there is extravasation during administration. 2.Myocardial toxicity manifested in its most severe form by potentially fatal congestive hea	NOT_SCORED	NOT_SCORED
DAUNORUBICIN LIPOSOMAL	DAUNORUBICIN LIPOSOMAL	CHEMBL1200475	free_text_search	False	True	False		0	False		NOT_ORAL	4.0	False		True			False	APPROVED_NO_LABEL	REFERENCED	NO_US_LABEL		NO_US_LABEL		NOT_SCORED	NOT_SCORED
DEFEROXAMINE	DEFEROXAMINE	CHEMBL556	pref_name__iexact	False	True	False	INTRAMUSCULAR;INTRAVENOUS;SUBCUTANEOUS	6	True	DEFEROXAMINE	NOT_ORAL	4.0	False		True			True	APPROVED	MECHANISM UNSUPPORTED	NONE		NONE		NOT_SCORED	NOT_SCORED
DEHYDRATED ALCOHOL	DEHYDRATED ALCOHOL	CHEMBL545	free_text_search	False	True	True	PERCUTANEOUS	1	True	DEHYDRATED ALCOHOL	NOT_ORAL	4.0	False		True			True	APPROVED	MECHANISM UNSUPPORTED	NONE		DOCUMENTED	y after several hours of observation following percutaneous transluminal septal myocardial ablation. Persistent Heart Block Approximately 10% of complete heart block even	NOT_SCORED	NOT_SCORED
DENOSUMAB	DENOSUMAB	CHEMBL1237023	pref_name__iexact	False	True	False	SUBCUTANEOUS	10	True	DENOSUMAB	NOT_ORAL	4.0	False		True			True	APPROVED	REFERENCED	NONE		NONE		NOT_SCORED	NOT_SCORED
DESIPRAMINE	DESIPRAMINE	CHEMBL72	pref_name__iexact	True	False	False	ORAL	9	True	DESIPRAMINE	ORAL	4.0	False		True			True	APPROVED	MECHANISM UNSUPPORTED	NONE		DOCUMENTED	ossibility of conduction defects, arrhythmias, tachycardias, strokes, and acute myocardial infarction. In patients who have a family history of sudden death, cardiac dysr	NOT_SCORED	NOT_SCORED
DEUCRAVACITINIB	DEUCRAVACITINIB	CHEMBL4435170	pref_name__iexact	True	False	False	ORAL	1	True	DEUCRAVACITINIB	ORAL	4.0	False		True			True	APPROVED	MECHANISM UNSUPPORTED	DOCUMENTED	ent subject who received SOTYKTU. The clinical implications of SOTYKTU on viral hepatitis reactivation are unknown. Subjects with positive screening tests for hepatitis	NONE		NOT_SCORED	NOT_SCORED
DEURUXOLITINIB	DEURUXOLITINIB	CHEMBL4594381	pref_name__iexact	False	False	False	ORAL	1	True	DEURUXOLITINIB	DISAGREE	3.0	False		True			False	NOT_APPROVED	MECHANISM UNSUPPORTED	DOCUMENTED	I treatment until the episode resolves. The impact of LEQSELVI on chronic viral hepatitis reactivation is unknown. Subjects with positive results for hepatitis B surface	DOCUMENTED	of major adverse cardiovascular events (MACE) (defined as cardiovascular death, myocardial infarction, and stroke) was observed with another JAK inhibitor vs. TNF blocker	NOT_SCORED	NOT_SCORED
DEXAMETHASONE	DEXAMETHASONE	CHEMBL384467	pref_name__iexact	True	True	True	INTRA-ARTICULAR;INTRALESIONAL;INTRAMUSCULAR;INTRAVENOUS;OPHTHALMIC;ORAL;SOFT TISSUE	10	True	DEXAMETHASONE	ORAL	4.0	False		True			True	APPROVED	REFERENCED	DOCUMENTED	atient is exposed to measles, prophylaxis with immunoglobulin may be indicated. Hepatitis B Virus Reactivation Hepatitis B virus reactivation can occur in patients who a	DOCUMENTED	en use of corticosteroids and left ventricular free wall rupture after a recent myocardial infarction; therefore, therapy with corticosteroids should be used with great c	NOT_SCORED	NOT_SCORED
DEXMEDETOMIDINE HYDROCHLORIDE	DEXMEDETOMIDINE HYDROCHLORIDE	CHEMBL2106195	pref_name__iexact	False	True	True	INTRAVENOUS	10	True	DEXMEDETOMIDINE HYDROCHLORIDE	NOT_ORAL	4.0	False		True			True	APPROVED	REFERENCED	NONE		NONE		NOT_SCORED	NOT_SCORED
DEXTROTHYROXINE	DEXTROTHYROXINE	CHEMBL559	pref_name__iexact	True	False	False		0	False		ORAL	4.0	False		True			False	APPROVED_NO_LABEL	REFERENCED	NO_US_LABEL		NO_US_LABEL		NOT_SCORED	NOT_SCORED
DIAZOXIDE	DIAZOXIDE	CHEMBL181	pref_name__iexact	True	True	False	ORAL	4	True	DIAZOXIDE	ORAL	4.0	False		True			True	APPROVED	REFERENCED	NONE		NONE		NOT_SCORED	NOT_SCORED
DIBOTERMIN ALFA	DIBOTERMIN ALFA	CHEMBL2109171	edges	False	False	False		0	False		NOT_ORAL	4.0	False	True	True	True		False	APPROVED_NO_LABEL	REFERENCED	NO_US_LABEL		NO_US_LABEL		NOT_SCORED	NOT_SCORED
DIBUCAINE	DIBUCAINE	CHEMBL1086	pref_name__iexact	False	True	False	TOPICAL	7	True	DIBUCAINE	NOT_ORAL	4.0	False		True			True	APPROVED	MECHANISM UNSUPPORTED	NONE		NONE		NOT_SCORED	NOT_SCORED
DICHLOROACETIC ACID	DICHLOROACETIC ACID	CHEMBL13960	pref_name__iexact	False	False	False		0	False		NOT_ORAL	3.0	False		True			False	NOT_APPROVED	MECHANISM UNSUPPORTED	NO_US_LABEL		NO_US_LABEL		NOT_SCORED	NOT_SCORED
DICLOFENAC SODIUM	DICLOFENAC SODIUM	CHEMBL1034	pref_name__iexact	True	True	True	ORAL;TOPICAL	10	True	DICLOFENAC SODIUM	ORAL	4.0	False		True			True	APPROVED	REFERENCED	DOCUMENTED	seek medical help right away. Liver warning: This product contains diclofenac. Liver damage may occur if you apply more or for a longer time than directed when using other	DOCUMENTED	cause an increased risk of serious cardiovascular thrombotic events, including myocardial infarction, and stroke, which can be fatal. This risk may occur early in treatm	NOT_SCORED	NOT_SCORED
DICLOXACILLIN	DICLOXACILLIN	CHEMBL893	pref_name__iexact	True	False	False	ORAL	8	True	DICLOXACILLIN	ORAL	4.0	False		True			True	APPROVED	MECHANISM UNSUPPORTED	NONE		NONE		NOT_SCORED	NOT_SCORED
DICUMAROL	DICUMAROL	CHEMBL1466	pref_name__iexact	True	False	False		0	False		ORAL	4.0	False		True			False	APPROVED_NO_LABEL	REFERENCED	NO_US_LABEL		NO_US_LABEL		NOT_SCORED	NOT_SCORED
DICYCLOMINE HYDROCHLORIDE	DICYCLOMINE HYDROCHLORIDE	CHEMBL1200479	pref_name__iexact	True	True	False	ORAL	10	True	DICYCLOMINE HYDROCHLORIDE	ORAL	4.0	False		True			True	APPROVED	REFERENCED	NONE		NONE		NOT_SCORED	NOT_SCORED
DIDANOSINE	DIDANOSINE	CHEMBL1460	pref_name__iexact	True	False	False		0	False		ORAL	4.0	False		True			False	APPROVED_NO_LABEL	REFERENCED	NO_US_LABEL		NO_US_LABEL		NOT_SCORED	NOT_SCORED
DIETHYLSTILBESTROL	DIETHYLSTILBESTROL	CHEMBL411	edges	True	True	True	ORAL	2	True	DIETHYLSTILBESTROL	ORAL	4.0	False		True		True	True	APPROVED	REFERENCED	NONE		NONE		NOT_SCORED	NOT_SCORED
diethylstilbestrol	DIETHYLSTILBESTROL	CHEMBL411	edges	True	True	True	ORAL	2	True	DIETHYLSTILBESTROL	ORAL	4.0	False		True		True	True	APPROVED	REFERENCED	NONE		NONE		NOT_SCORED	NOT_SCORED
DIGITOXIN	DIGITOXIN	CHEMBL254219	pref_name__iexact	False	True	False		0	False		NOT_ORAL	4.0	False		True			False	APPROVED_NO_LABEL	REFERENCED	NO_US_LABEL		NO_US_LABEL		NOT_SCORED	NOT_SCORED
DIGOXIN	DIGOXIN	CHEMBL1751	pref_name__iexact	True	True	False	INTRAMUSCULAR;INTRAVENOUS;ORAL;PARENTERAL	10	True	DIGOXIN	ORAL	4.0	False		True			True	APPROVED	REFERENCED	NONE		DOCUMENTED	during electrical cardioversion. ( 5.4 ) Not recommended in patients with acute myocardial infarction. ( 5.5 ) Avoid digoxin in patients with myocarditis. ( 5.6 ) 5.1 Ven	NOT_SCORED	NOT_SCORED
DILTIAZEM HYDROCHLORIDE	DILTIAZEM HYDROCHLORIDE	CHEMBL1697	pref_name__iexact	True	True	False	ORAL	10	True	DILTIAZEM HYDROCHLORIDE	ORAL	4.0	False		True			True	APPROVED	REFERENCED	NONE		NONE		NOT_SCORED	NOT_SCORED
DIMERCAPROL	DIMERCAPROL	CHEMBL1597	pref_name__iexact	False	True	False		0	False		NOT_ORAL	4.0	False		True			False	APPROVED_NO_LABEL	REFERENCED	NO_US_LABEL		NO_US_LABEL		NOT_SCORED	NOT_SCORED
DIPHENHYDRAMINE	DIPHENHYDRAMINE	CHEMBL657	pref_name__iexact	True	True	False	INTRAMUSCULAR;INTRAVENOUS;ORAL	10	True	DIPHENHYDRAMINE	ORAL	4.0	False		True			True	APPROVED	MECHANISM UNSUPPORTED	DOCUMENTED	Warnings Liver warning This product contains acetaminophen. Severe liver damage may occur if your child takes: more than 5 doses in 24 hours, which is the maxi	NONE		NOT_SCORED	NOT_SCORED
DIPYRIDAMOLE	DIPYRIDAMOLE	CHEMBL932	pref_name__iexact	True	True	False	INTRAVENOUS;ORAL	10	True	DIPYRIDAMOLE	ORAL	4.0	False		True			True	APPROVED	REFERENCED	DOCUMENTED	rmacology (12.3) ]. 5.3 Hepatic Insufficiency Elevations of hepatic enzymes and hepatic failure have been reported in association with dipyridamole administration [ see Use in	DOCUMENTED	. For stroke or TIA patients for whom aspirin is indicated to prevent recurrent myocardial infarction (MI) or angina pectoris, the aspirin in this product may not provide	NOT_SCORED	NOT_SCORED
DIPYRONE	DIPYRONE	CHEMBL3989803	pref_name__iexact	False	False	False		0	False		NOT_ORAL	4.0	True		True			False	APPROVED_NO_LABEL	REFERENCED	NO_US_LABEL		NO_US_LABEL		NOT_SCORED	NOT_SCORED
DISULFIRAM	DISULFIRAM	CHEMBL964	edges	True	False	False	ORAL	5	True	DISULFIRAM	ORAL	4.0	False		True		True	True	APPROVED	REFERENCED	NONE		DOCUMENTED	ions there may be respiratory depression, cardiovascular collapse, arrhythmias, myocardial infarction, acute congestive heart failure, unconsciousness, convulsions, and d	NOT_SCORED	NOT_SCORED
disulfiram	DISULFIRAM	CHEMBL964	edges	True	False	False	ORAL	5	True	DISULFIRAM	ORAL	4.0	False		True		True	True	APPROVED	REFERENCED	NONE		DOCUMENTED	ions there may be respiratory depression, cardiovascular collapse, arrhythmias, myocardial infarction, acute congestive heart failure, unconsciousness, convulsions, and d	NOT_SCORED	NOT_SCORED
DOCETAXEL ANHYDROUS	DOCETAXEL ANHYDROUS	CHEMBL92	pref_name__iexact	False	True	False	INTRAVENOUS	8	True	DOCETAXEL ANHYDROUS	NOT_ORAL	4.0	False		True			True	APPROVED	MECHANISM UNSUPPORTED	DOCUMENTED	WARNING: TOXIC DEATHS, HEPATOTOXICITY, NEUTROPENIA, HYPERSENSITIVITY REACTIONS, and FLUID RETENTION Treatment-re	NONE		NOT_SCORED	NOT_SCORED
DOCONEXENT	DOCONEXENT	CHEMBL367149	pref_name__iexact	False	False	False	ORAL	10	True	DOCONEXENT	DISAGREE	3.0	False		True			False	NOT_APPROVED	MECHANISM UNSUPPORTED	NONE		NONE		NOT_SCORED	NOT_SCORED
DOFETILIDE	DOFETILIDE	CHEMBL473	pref_name__iexact	True	False	False	ORAL	10	True	DOFETILIDE	ORAL	4.0	False		True			True	APPROVED	REFERENCED	NONE		DOCUMENTED	hmia: TIKOSYN (dofetilide) can cause serious ventricular arrhythmias, primarily Torsade de Pointes (TdP) type ventricular tachycardia, a polymorphic ventricular tachyc	NOT_SCORED	NOT_SCORED
DONEPEZIL	DONEPEZIL	CHEMBL502	pref_name__iexact	True	False	True	ORAL	10	True	DONEPEZIL	ORAL	4.0	False		True			True	APPROVED	MECHANISM UNSUPPORTED	NONE		NONE		NOT_SCORED	NOT_SCORED
DOXEPIN HYDROCHLORIDE	DOXEPIN HYDROCHLORIDE	CHEMBL1628234	pref_name__iexact	True	False	True	ORAL	10	True	DOXEPIN HYDROCHLORIDE	ORAL	4.0	False		True			True	APPROVED	REFERENCED	NONE		NONE		NOT_SCORED	NOT_SCORED
DOXORUBICIN HYDROCHLORIDE	DOXORUBICIN HYDROCHLORIDE	CHEMBL359744	pref_name__iexact	False	True	False	INTRAVENOUS;INTRAVITREAL	10	True	DOXORUBICIN HYDROCHLORIDE	NOT_ORAL	4.0	False		True			True	APPROVED	REFERENCED	NONE		DOCUMENTED	XTRAVASATION AND TISSUE NECROSIS, and SEVERE MYELOSUPPRESSION • Cardiomyopathy: Myocardial damage, including acute left ventricular failure, can occur with doxorubicin hy	NOT_SCORED	NOT_SCORED
DOXORUBICIN LIPOSOME	DOXORUBICIN LIPOSOME	CHEMBL53463	free_text_search	False	True	False		0	False		NOT_ORAL	4.0	False		True			False	APPROVED_NO_LABEL	MECHANISM UNSUPPORTED	NO_US_LABEL		NO_US_LABEL		NOT_SCORED	NOT_SCORED
DRONABINOL	DRONABINOL	CHEMBL465	pref_name__iexact	True	False	False	ORAL	9	True	DRONABINOL	ORAL	4.0	False		True			True	APPROVED	REFERENCED	NONE		NONE		NOT_SCORED	NOT_SCORED
DULOXETINE HYDROCHLORIDE	DULOXETINE HYDROCHLORIDE	CHEMBL1200328	pref_name__iexact	True	False	False	ORAL	10	True	DULOXETINE HYDROCHLORIDE	ORAL	4.0	False		True			True	APPROVED	REFERENCED	DOCUMENTED	5 WARNINGS AND PRECAUTIONS Hepatotoxicity : Hepatic failure, sometimes fatal, has been reported. Discontinue Duloxet	DOCUMENTED	les have not been systematically evaluated in patients with a recent history of myocardial infarction or unstable coronary artery disease. Patients with these diagnoses w	NOT_SCORED	NOT_SCORED
DURVALUMAB	DURVALUMAB	CHEMBL3301587	pref_name__iexact	False	True	False	INTRAVENOUS	1	True	DURVALUMAB	NOT_ORAL	4.0	False		True			True	APPROVED	REFERENCED	DOCUMENTED	ollowing: immune-mediated pneumonitis, immune-mediated colitis, immune-mediated hepatitis, immune-mediated endocrinopathies, immune-mediated dermatologic adverse reactio	NONE		NOT_SCORED	NOT_SCORED
DUTASTERIDE	DUTASTERIDE	CHEMBL1200969	pref_name__iexact	True	False	False	ORAL	10	True	DUTASTERIDE	ORAL	4.0	False		True			True	APPROVED	REFERENCED	NONE		NONE		NOT_SCORED	NOT_SCORED
DUVELISIB	DUVELISIB	CHEMBL3039502	edges	True	False	False	ORAL	1	True	DUVELISIB	ORAL	4.0	False	True	True		True	True	APPROVED	MECHANISM UNSUPPORTED	DOCUMENTED	5 WARNINGS AND PRECAUTIONS Hepatotoxicity: Monitor hepatic function. ( 5.6 ) Neutropenia: Monitor blood counts. ( 5.	NONE		NOT_SCORED	NOT_SCORED
duvelisib	DUVELISIB	CHEMBL3039502	edges	True	False	False	ORAL	1	True	DUVELISIB	ORAL	4.0	False	True	True		True	True	APPROVED	MECHANISM UNSUPPORTED	DOCUMENTED	5 WARNINGS AND PRECAUTIONS Hepatotoxicity: Monitor hepatic function. ( 5.6 ) Neutropenia: Monitor blood counts. ( 5.	NONE		NOT_SCORED	NOT_SCORED
DUVELISIB MONOHYDRATE	DUVELISIB MONOHYDRATE	CHEMBL5315125	edges	True	False	False	ORAL	1	True	DUVELISIB	ORAL	4.0	False	True	True			True	APPROVED	MECHANISM UNSUPPORTED	DOCUMENTED	5 WARNINGS AND PRECAUTIONS Hepatotoxicity: Monitor hepatic function. ( 5.6 ) Neutropenia: Monitor blood counts. ( 5.	NONE		NOT_SCORED	NOT_SCORED
DYCLONINE	DYCLONINE	CHEMBL1201217	pref_name__iexact	False	False	True	ORAL;TOPICAL	10	True	DYCLONINE	DISAGREE	4.0	False		True			True	APPROVED	MECHANISM UNSUPPORTED	NONE		NONE		NOT_SCORED	NOT_SCORED
DYCLONINE HYDROCHLORIDE	DYCLONINE HYDROCHLORIDE	CHEMBL1200478	pref_name__iexact	False	False	True	ORAL;TOPICAL	9	True	DYCLONINE HYDROCHLORIDE	DISAGREE	4.0	False		True			True	APPROVED	REFERENCED	NONE		NONE		NOT_SCORED	NOT_SCORED
EDARAVONE	EDARAVONE	CHEMBL290916	pref_name__iexact	True	True	False	INTRAVENOUS	5	True	EDARAVONE	DISAGREE	4.0	False		True			True	APPROVED	REFERENCED	NONE		NONE		NOT_SCORED	NOT_SCORED
EFAPROXIRAL	EFAPROXIRAL	CHEMBL18901	edges	False	False	False		0	False		NOT_ORAL	3.0	False	True	False			False	NOT_APPROVED	REFERENCED	NO_US_LABEL		NO_US_LABEL		NOT_SCORED	NOT_SCORED
EFAVIRENZ	EFAVIRENZ	CHEMBL223228	pref_name__iexact	True	False	False	ORAL	10	True	EFAVIRENZ	ORAL	4.0	False		True			True	APPROVED	REFERENCED	DOCUMENTED	on in the first trimester of pregnancy as fetal harm may occur. ( 5.7 , 8.1 ) • Hepatotoxicity : Monitor liver function tests before and during treatment in patients wit	DOCUMENTED	5 WARNINGS AND PRECAUTIONS • QTc prolongation : Consider alternatives to efavirenz in patients taking other med	NOT_SCORED	NOT_SCORED
EFLORNITHINE	EFLORNITHINE	CHEMBL830	edges	True	True	True	ORAL	1	True	EFLORNITHINE	ORAL	4.0	False	True	True		True	True	APPROVED	MECHANISM UNSUPPORTED	DOCUMENTED	N. Withhold, reduce dose, or permanently discontinue based on severity. ( 5.1 ) Hepatotoxicity: Monitor liver function tests before and during treatment with IWILFIN. Wi	NONE		NOT_SCORED	NOT_SCORED
eflornithine	EFLORNITHINE	CHEMBL830	edges	True	True	True	ORAL	1	True	EFLORNITHINE	ORAL	4.0	False	True	True		True	True	APPROVED	MECHANISM UNSUPPORTED	DOCUMENTED	N. Withhold, reduce dose, or permanently discontinue based on severity. ( 5.1 ) Hepatotoxicity: Monitor liver function tests before and during treatment with IWILFIN. Wi	NONE		NOT_SCORED	NOT_SCORED
EFLORNITHINE HYDROCHLORIDE	EFLORNITHINE HYDROCHLORIDE	CHEMBL1201037	edges	True	True	True	ORAL	1	True	EFLORNITHINE HYDROCHLORIDE	ORAL	4.0	False	True	True	True		True	APPROVED	REFERENCED	DOCUMENTED	N. Withhold, reduce dose, or permanently discontinue based on severity. ( 5.1 ) Hepatotoxicity: Monitor liver function tests before and during treatment with IWILFIN. Wi	NONE		NOT_SCORED	NOT_SCORED
EICOSAPENTAENOIC ACID	EICOSAPENTAENOIC ACID	CHEMBL460026	free_text_search	False	False	False		0	False		NOT_ORAL	3.0	False		True			False	NOT_APPROVED	REFERENCED	NO_US_LABEL		NO_US_LABEL		NOT_SCORED	NOT_SCORED
EMAPALUMAB	EMAPALUMAB	CHEMBL3989977	edges	False	True	False	INTRAVENOUS	1	True	EMAPALUMAB	NOT_ORAL	4.0	False	True	True	True	True	True	APPROVED	REFERENCED	NONE		NONE		NOT_SCORED	NOT_SCORED
emapalumab	EMAPALUMAB	CHEMBL3989977	edges	False	True	False	INTRAVENOUS	1	True	EMAPALUMAB	NOT_ORAL	4.0	False	True	True	True	True	True	APPROVED	REFERENCED	NONE		NONE		NOT_SCORED	NOT_SCORED
ENALAPRIL MALEATE	ENALAPRIL MALEATE	CHEMBL1200659	pref_name__iexact	True	False	False	ORAL	10	True	ENALAPRIL MALEATE	ORAL	4.0	False		True			True	APPROVED	REFERENCED	DOCUMENTED	patients with collagen vascular disease and renal disease should be considered. Hepatic Failure Rarely, ACE inhibitors have been associated with a syndrome that starts with ch	DOCUMENTED	vascular disease, in whom an excessive fall in blood pressure could result in a myocardial infarction or cerebrovascular accident. If excessive hypotension occurs, the pa	NOT_SCORED	NOT_SCORED
ENCORAFENIB	ENCORAFENIB	CHEMBL3301612	edges	True	False	False	ORAL	1	True	ENCORAFENIB	ORAL	4.0	False	True	True	True	True	True	APPROVED	REFERENCED	DOCUMENTED	binimetinib has not been established in patients with LVEF below 50%. ( 5.3 ) • Hepatotoxicity : Monitor liver function tests before and during treatment with BRAFTOVI a	DOCUMENTED	ogic evaluation at regular intervals and for any visual disturbances. ( 5.6 ) • QT Prolongation : Monitor electrolytes before and during treatment. Correct electr	NOT_SCORED	NOT_SCORED
encorafenib	ENCORAFENIB	CHEMBL3301612	edges	True	False	False	ORAL	1	True	ENCORAFENIB	ORAL	4.0	False	True	True	True	True	True	APPROVED	REFERENCED	DOCUMENTED	binimetinib has not been established in patients with LVEF below 50%. ( 5.3 ) • Hepatotoxicity : Monitor liver function tests before and during treatment with BRAFTOVI a	DOCUMENTED	ogic evaluation at regular intervals and for any visual disturbances. ( 5.6 ) • QT Prolongation : Monitor electrolytes before and during treatment. Correct electr	NOT_SCORED	NOT_SCORED
ENTRECTINIB	ENTRECTINIB	CHEMBL1983268	pref_name__iexact	True	False	False	ORAL	1	True	ENTRECTINIB	ORAL	4.0	False		True			True	APPROVED	REFERENCED	DOCUMENTED	ctures. Promptly evaluate patients with signs or symptoms of fractures. ( 5.3 ) Hepatotoxicity : Monitor liver tests, including ALT and AST, every 2 weeks during the fir	DOCUMENTED	esume at same or reduced dose upon improvement based on severity. ( 2.7 , 5.5 ) QT Interval Prolongation : Monitor patients who have or who are at risk for QTc in	NOT_SCORED	NOT_SCORED
ENZALUTAMIDE	ENZALUTAMIDE	CHEMBL1082407	pref_name__iexact	True	False	False	ORAL	1	True	ENZALUTAMIDE	ORAL	4.0	False		True			True	APPROVED	MECHANISM UNSUPPORTED	NONE		NONE		NOT_SCORED	NOT_SCORED
EPHEDRINE SULFATE	EPHEDRINE SULFATE	CHEMBL1523964	pref_name__iexact	False	True	False	INTRAVENOUS	10	True	EPHEDRINE SULFATE	NOT_ORAL	4.0	False		True			True	APPROVED	REFERENCED	NONE		NONE		NOT_SCORED	NOT_SCORED
EPINEPHRINE	EPINEPHRINE	CHEMBL679	pref_name__iexact	False	True	True	EPIDURAL;INFILTRATION;INTRACAUDAL;INTRAMUSCULAR;INTRAOCULAR;INTRAVENOUS;PERINEURAL;RETROBULBAR;SUBCUTANEOUS;SUBMUCOSAL	10	True	EPINEPHRINE	NOT_ORAL	4.0	False		True			True	APPROVED	REFERENCED	NONE		DOCUMENTED	causes peripheral vasoconstriction. (5.2) • May induce cardiac arrhythmias and myocardial ischemia. (5.3) • Avoid extravasation into tissues, which can cause local necro	NOT_SCORED	NOT_SCORED
EPIRUBICIN	EPIRUBICIN	CHEMBL417	pref_name__iexact	False	True	False	INTRAVENOUS	1	True	EPIRUBICIN	NOT_ORAL	4.0	False		True			True	APPROVED	MECHANISM UNSUPPORTED	NONE		DOCUMENTED	RAVASATION AND TISSUE NECROSIS, and SEVERE MYELOSUPPRESSION • Cardiac Toxicity: Myocardial damage, including acute left ventricular failure, can occur with ELLENCE. The r	NOT_SCORED	NOT_SCORED
EPIRUBICIN HYDROCHLORIDE	EPIRUBICIN HYDROCHLORIDE	CHEMBL1200981	pref_name__iexact	False	True	False	INTRAVENOUS	1	True	EPIRUBICIN HYDROCHLORIDE	NOT_ORAL	4.0	False		True			True	APPROVED	REFERENCED	NONE		DOCUMENTED	RAVASATION AND TISSUE NECROSIS, and SEVERE MYELOSUPPRESSION • Cardiac Toxicity: Myocardial damage, including acute left ventricular failure, can occur with ELLENCE. The r	NOT_SCORED	NOT_SCORED
EPOETIN ALFA	EPOETIN ALFA	CHEMBL1201565	pref_name__iexact	False	True	False	INTRAVENOUS;SUBCUTANEOUS	3	True	EPOETIN ALFA	NOT_ORAL	4.0	False		True			True	APPROVED	REFERENCED	DOCUMENTED	n. PRCA has also been reported in patients receiving ESAs for anemia related to hepatitis C treatment (an indication for which Epogen is not approved). If severe anemia	DOCUMENTED	WARNING: ESAs INCREASE THE RISK OF DEATH, MYOCARDIAL INFARCTION, STROKE, VENOUS THROMBOEMBOLISM, THROMBOSIS OF VASCULAR ACCESS AND T	NOT_SCORED	NOT_SCORED
EPTOTERMIN ALFA	EPTOTERMIN ALFA	CHEMBL2108594	edges	False	False	False		0	False		NOT_ORAL	4.0	False	True	True	True		False	APPROVED_NO_LABEL	REFERENCED	NO_US_LABEL		NO_US_LABEL		NOT_SCORED	NOT_SCORED
ERDAFITINIB	ERDAFITINIB	CHEMBL3545376	pref_name__iexact	True	False	False	ORAL	1	True	ERDAFITINIB	ORAL	4.0	False		True			True	APPROVED	REFERENCED	NONE		NONE		NOT_SCORED	NOT_SCORED
ERLOTINIB	ERLOTINIB	CHEMBL553	pref_name__iexact	True	False	False	ORAL	10	True	ERLOTINIB	ORAL	4.0	False		True			True	APPROVED	MECHANISM UNSUPPORTED	DOCUMENTED	k of dehydration. Withhold erlotinib tablets for severe renal toxicity. ( 5.2 ) Hepatotoxicity : Occurs with or without hepatic impairment, including hepatic failure and	NONE		NOT_SCORED	NOT_SCORED
ERYTHROMYCIN	ERYTHROMYCIN	CHEMBL532	pref_name__iexact	True	True	True	OPHTHALMIC;ORAL;TOPICAL	10	True	ERYTHROMYCIN	ORAL	4.0	False		True			True	APPROVED	REFERENCED	DOCUMENTED	WARNINGS Hepatotoxicity There have been reports of hepatic dysfunction, including increased liver	DOCUMENTED	r without jaundice, occurring in patients receiving oral erythromycin products. QT Prolongation Erythromycin has been associated with prolongation of the QT inter	NOT_SCORED	NOT_SCORED
ESTRADIOL VALERATE	ESTRADIOL VALERATE	CHEMBL1511	pref_name__iexact	True	True	False	INTRAMUSCULAR	6	True	ESTRADIOL VALERATE	DISAGREE	4.0	False		True			True	APPROVED	REFERENCED	DOCUMENTED	men who are not breastfeeding. ( 5.1 ) • Liver disease : Discontinue Natazia if jaundice occurs. ( 5.3 ) • High blood pressure : Do not prescribe Natazia for women with	DOCUMENTED	Use of COCs also increases the risk of arterial thromboses such as strokes and myocardial infarctions, especially in women with other risk factors for these events. The	NOT_SCORED	NOT_SCORED
ESTRONE	ESTRONE	CHEMBL1405	pref_name__iexact	False	True	False	ORAL;SUBLINGUAL	8	True	ESTRONE	DISAGREE	4.0	False		True			True	APPROVED	REFERENCED	NONE		NONE		NOT_SCORED	NOT_SCORED
ETANERCEPT	ETANERCEPT	CHEMBL1201572	pref_name__iexact	False	True	False	SUBCUTANEOUS	1	True	ETANERCEPT	NOT_ORAL	4.0	False		True			True	APPROVED	REFERENCED	DOCUMENTED	and consider stopping Enbrel. ( 5.5 ) Monitor patients previously infected with hepatitis B virus for reactivation during and several months after therapy. If reactivati	NONE		NOT_SCORED	NOT_SCORED
ETHACRYNIC ACID	ETHACRYNIC ACID	CHEMBL456	edges	True	True	False	ORAL	10	True	ETHACRYNIC ACID	ORAL	4.0	False		True		True	True	APPROVED	MECHANISM UNSUPPORTED	NONE		DOCUMENTED	tics. These generally have fallen into two categories: (1) patients with severe myocardial disease who have been receiving digitalis and presumably developed acute hypoka	NOT_SCORED	NOT_SCORED
ethacrynic acid	ETHACRYNIC ACID	CHEMBL456	edges	True	True	False	ORAL	10	True	ETHACRYNIC ACID	ORAL	4.0	False		True		True	True	APPROVED	MECHANISM UNSUPPORTED	NONE		DOCUMENTED	tics. These generally have fallen into two categories: (1) patients with severe myocardial disease who have been receiving digitalis and presumably developed acute hypoka	NOT_SCORED	NOT_SCORED
ETHAMBUTOL HYDROCHLORIDE	ETHAMBUTOL HYDROCHLORIDE	CHEMBL3140361	pref_name__iexact	True	False	False	ORAL	8	True	ETHAMBUTOL HYDROCHLORIDE	ORAL	4.0	False		True			True	APPROVED	REFERENCED	NONE		NONE		NOT_SCORED	NOT_SCORED
ETHINYL ESTRADIOL	ETHINYL ESTRADIOL	CHEMBL691	pref_name__iexact	True	False	True	ORAL;VAGINAL	10	True	ETHINYL ESTRADIOL	ORAL	4.0	False		True			True	APPROVED	MECHANISM UNSUPPORTED	DOCUMENTED	, particularly those over 35 years. ( 5.1 , 5.5 ) Liver disease: Discontinue if jaundice occurs. ( 5.2 ) Hypertension: If used in women with well-controlled hypertensio	DOCUMENTED	increase the risk of cardiovascular events and cerebrovascular events, such as myocardial infarction and stroke. The risk is greater among older women (> 35 years of age	NOT_SCORED	NOT_SCORED
ETONOGESTREL	ETONOGESTREL	CHEMBL1531	pref_name__iexact	False	True	True	SUBCUTANEOUS;VAGINAL	10	True	ETONOGESTREL	NOT_ORAL	4.0	False		True			True	APPROVED	MECHANISM UNSUPPORTED	DOCUMENTED	ver disease: Discontinue Etonogestrel and ethinyl estradiol vaginal ring use if jaundice develops. ( 5.3 ) High blood pressure: If used in women with well-controlled hy	DOCUMENTED	Use of CHCs also increases the risk of arterial thromboses such as strokes and myocardial infarctions, especially in women with other risk factors for these events. CHCs	NOT_SCORED	NOT_SCORED
ETOPOSIDE	ETOPOSIDE	CHEMBL44657	pref_name__iexact	True	True	False	INTRAVENOUS;ORAL	10	True	ETOPOSIDE	ORAL	4.0	False		True			True	APPROVED	REFERENCED	NONE		NONE		NOT_SCORED	NOT_SCORED
ETRASIMOD	ETRASIMOD	CHEMBL3358920	pref_name__iexact	True	False	False	ORAL	1	True	ETRASIMOD	ORAL	4.0	False		True			True	APPROVED	REFERENCED	DOCUMENTED	concomitant use with other drugs that decrease heart rate. ( 2.1 , 5.2 , 7 ) • Liver Injury : Elevations of aminotransferases may occur. Obtain transaminase and bilirubin	DOCUMENTED	from a cardiologist should be sought for those individuals: • With significant QT prolongation (QTcF ≥450 msec in males, ≥470 msec in females) • With arrhythmias	NOT_SCORED	NOT_SCORED
EUGENOL	EUGENOL	CHEMBL42710	pref_name__iexact	False	False	False	DENTAL;ORAL;TOPICAL	10	True	EUGENOL	DISAGREE	0.5	False		True			False	NOT_APPROVED	MECHANISM UNSUPPORTED	NONE		NONE		NOT_SCORED	NOT_SCORED
EVEROLIMUS	EVEROLIMUS	CHEMBL1908360	pref_name__iexact	True	False	False	ORAL	10	True	EVEROLIMUS	ORAL	4.0	False		True			True	APPROVED	REFERENCED	DOCUMENTED	spergillosis, candidiasis, or PJP), and viral infections (e.g., reactivation of hepatitis B virus) have occurred. Some of these infections have been severe (e.g., sepsis	NONE		NOT_SCORED	NOT_SCORED
EXEMESTANE	EXEMESTANE	CHEMBL1200374	pref_name__iexact	True	False	False	ORAL	10	True	EXEMESTANE	ORAL	4.0	False		True			True	APPROVED	REFERENCED	NONE		NONE		NOT_SCORED	NOT_SCORED
FEBUXOSTAT	FEBUXOSTAT	CHEMBL1164729	pref_name__iexact	True	False	False	ORAL	10	True	FEBUXOSTAT	ORAL	4.0	False		True			True	APPROVED	REFERENCED	DOCUMENTED	ay be beneficial for up to six months. ( 2.4 , 5.2 ) Hepatic Effects : Cases of hepatic failure, some fatal, have been reported. If liver injury is detected, promptly interrup	DOCUMENTED	purinol group (56 of 3,092). Febuxostat was similar to allopurinol for nonfatal myocardial infarction (MI), nonfatal stroke and unstable angina with urgent coronary revas	NOT_SCORED	NOT_SCORED
FELBAMATE	FELBAMATE	CHEMBL1094	pref_name__iexact	True	False	False	ORAL	10	True	FELBAMATE	ORAL	4.0	False		True			True	APPROVED	REFERENCED	DOCUMENTED	ION SHOULD BE DISCONTINUED IF ANY EVIDENCE OF BONE MARROW DEPRESSION OCCURS. 2. HEPATIC FAILURE EVALUATION OF POSTMARKETING EXPERIENCE SUGGESTS THAT ACUTE LIVER FAILURE IS ASS	NONE		NOT_SCORED	NOT_SCORED
FELODIPINE	FELODIPINE	CHEMBL1480	pref_name__iexact	True	False	False	ORAL	10	True	FELODIPINE	ORAL	4.0	False		True			True	APPROVED	REFERENCED	NONE		NONE		NOT_SCORED	NOT_SCORED
FENOFIBRATE MICRONIZED	FENOFIBRATE MICRONIZED	CHEMBL1201745	free_text_search	True	False	False		0	False		ORAL	4.0	False		True			False	APPROVED_NO_LABEL	REFERENCED	NO_US_LABEL		NO_US_LABEL		NOT_SCORED	NOT_SCORED
FENRETINIDE	FENRETINIDE	CHEMBL7301	pref_name__iexact	False	False	False		0	False		NOT_ORAL	3.0	False		True			False	NOT_APPROVED	MECHANISM UNSUPPORTED	NO_US_LABEL		NO_US_LABEL		NOT_SCORED	NOT_SCORED
FENTANYL CITRATE	FENTANYL CITRATE	CHEMBL688	pref_name__iexact	True	True	True	INTRAMUSCULAR;INTRAVENOUS	8	True	FENTANYL CITRATE	DISAGREE	4.0	False		True			True	APPROVED	REFERENCED	NONE		DOCUMENTED	ction with Neuroleptic Agents Many neuroleptic agents have been associated with QT prolongation, torsades de pointes, and cardiac arrest. Administer neuroleptic a	NOT_SCORED	NOT_SCORED
FERROUS SULFATE	FERROUS SULFATE	CHEMBL1200830	pref_name__iexact	True	False	False	ORAL	5	True	FERROUS SULFATE	ORAL	4.0	False		True			True	APPROVED	REFERENCED	NONE		NONE		NOT_SCORED	NOT_SCORED
FINASTERIDE	FINASTERIDE	CHEMBL710	pref_name__iexact	True	False	False	ORAL;TOPICAL	10	True	FINASTERIDE	ORAL	4.0	False		True			True	APPROVED	REFERENCED	NONE		NONE		NOT_SCORED	NOT_SCORED
FIPEXIDE	FIPEXIDE	CHEMBL254857	pref_name__iexact	False	False	False		0	False		NOT_ORAL	4.0	True		True			False	APPROVED_NO_LABEL	REFERENCED	NO_US_LABEL		NO_US_LABEL		NOT_SCORED	NOT_SCORED
FLECAINIDE ACETATE	FLECAINIDE ACETATE	CHEMBL1200822	pref_name__iexact	True	False	False	ORAL	10	True	FLECAINIDE ACETATE	ORAL	4.0	False		True			True	APPROVED	REFERENCED	NONE		DOCUMENTED	tients with asymptomatic non-life-threatening ventricular arrhythmias who had a myocardial infarction more than six days but less than two years previously. An excessive	NOT_SCORED	NOT_SCORED
FLIBANSERIN	FLIBANSERIN	CHEMBL231068	pref_name__iexact	True	False	False	ORAL	1	True	FLIBANSERIN	ORAL	4.0	False		True			True	APPROVED	REFERENCED	NONE		NONE		NOT_SCORED	NOT_SCORED
FLOXURIDINE	FLOXURIDINE	CHEMBL917	pref_name__iexact	False	True	False	INTRA-ARTERIAL	3	True	FLOXURIDINE	NOT_ORAL	4.0	False		True			True	APPROVED	REFERENCED	NONE		NONE		NOT_SCORED	NOT_SCORED
FLUCONAZOLE	FLUCONAZOLE	CHEMBL106	pref_name__iexact	True	True	False	ORAL	10	True	FLUCONAZOLE	ORAL	4.0	False		True			True	APPROVED	REFERENCED	DOCUMENTED	with serious underlying medical conditions. In cases of fluconazole-associated hepatotoxicity, no obvious relationship to total daily dose, duration of therapy, sex, or	NONE		NOT_SCORED	NOT_SCORED
FLUDARABINE	FLUDARABINE	CHEMBL1568	pref_name__iexact	False	False	False	INTRAVENOUS	5	True	FLUDARABINE	NOT_ORAL	3.0	False		True			False	NOT_APPROVED	MECHANISM UNSUPPORTED	NONE		NONE		NOT_SCORED	NOT_SCORED
FLUNISOLIDE ANHYDROUS	FLUNISOLIDE ANHYDROUS	CHEMBL1512	free_text_search	False	False	True	NASAL	3	True	FLUNISOLIDE	NOT_ORAL	4.0	False		True			True	APPROVED	REFERENCED	NONE		NONE		NOT_SCORED	NOT_SCORED
FLUORESCEIN	FLUORESCEIN	CHEMBL1057	pref_name__iexact	False	True	True	INTRAVENOUS;OPHTHALMIC	10	True	FLUORESCEIN	NOT_ORAL	4.0	False		True			True	APPROVED	MECHANISM UNSUPPORTED	NONE		NONE		NOT_SCORED	NOT_SCORED
FLUORESCEIN SODIUM	FLUORESCEIN SODIUM	CHEMBL1628233	pref_name__iexact	False	True	True	OPHTHALMIC	9	True	FLUORESCEIN SODIUM	NOT_ORAL	4.0	False		True			True	APPROVED	REFERENCED	NONE		NONE		NOT_SCORED	NOT_SCORED
FLUORODEOXYGLUCOSE F18	FLUORODEOXYGLUCOSE F18	CHEMBL4297334	free_text_search	False	True	False		0	False		NOT_ORAL	4.0	False		True			False	APPROVED_NO_LABEL	REFERENCED	NO_US_LABEL		NO_US_LABEL		NOT_SCORED	NOT_SCORED
FLUOROURACIL	FLUOROURACIL	CHEMBL185	pref_name__iexact	False	True	True	INTRAVENOUS;TOPICAL	10	True	FLUOROURACIL	NOT_ORAL	4.0	False		True			True	APPROVED	REFERENCED	NONE		DOCUMENTED	.1 ) • Cardiotoxicity: Fluorouracil can cause cardiotoxicity, including angina, myocardial infarction/ischemia, arrhythmia, and heart failure. Withhold fluorouracil for c	NOT_SCORED	NOT_SCORED
FLUOXETINE HYDROCHLORIDE	FLUOXETINE HYDROCHLORIDE	CHEMBL1201082	pref_name__iexact	True	False	False	ORAL	10	True	FLUOXETINE HYDROCHLORIDE	ORAL	4.0	False		True			True	APPROVED	REFERENCED	NONE		DOCUMENTED	ymptomatic hyponatremia occurs ( 5.9 ) Anxiety and Insomnia: May occur ( 5.10 ) QT Prolongation: QT prolongation and ventricular arrhythmia including Torsades de	NOT_SCORED	NOT_SCORED
FLUPHENAZINE HYDROCHLORIDE	FLUPHENAZINE HYDROCHLORIDE	CHEMBL1448187	pref_name__iexact	True	True	False	ORAL	10	True	FLUPHENAZINE HYDROCHLORIDE	ORAL	4.0	False		True			True	APPROVED	REFERENCED	NONE		NONE		NOT_SCORED	NOT_SCORED
FLURBIPROFEN	FLURBIPROFEN	CHEMBL563	pref_name__iexact	True	False	True	OPHTHALMIC;ORAL	7	True	FLURBIPROFEN	ORAL	4.0	False		True			True	APPROVED	REFERENCED	DOCUMENTED	5 WARNINGS AND PRECAUTIONS Hepatotoxicity : Inform patients of warning signs and symptoms of hepatotoxicity. Discont	DOCUMENTED	cause an increased risk of serious cardiovascular thrombotic events, including myocardial infarction and stroke, which can be fatal. This risk may occur early in treatme	NOT_SCORED	NOT_SCORED
FLUSPIRILENE	FLUSPIRILENE	CHEMBL46516	pref_name__iexact	False	False	False		0	False		NOT_ORAL	4.0	False		True			False	APPROVED_NO_LABEL	REFERENCED	NO_US_LABEL		NO_US_LABEL		NOT_SCORED	NOT_SCORED
FLUTAMIDE	FLUTAMIDE	CHEMBL806	edges	True	False	False	ORAL	2	True	FLUTAMIDE	ORAL	4.0	False		True		True	True	APPROVED	REFERENCED	DOCUMENTED	here have been postmarketing reports of hospitalization and rarely death due to liver failure in patients taking Eulexin ® . Evidence of hepatic injury included elevated ser	NONE		NOT_SCORED	NOT_SCORED
flutamide	FLUTAMIDE	CHEMBL806	edges	True	False	False	ORAL	2	True	FLUTAMIDE	ORAL	4.0	False		True		True	True	APPROVED	REFERENCED	DOCUMENTED	here have been postmarketing reports of hospitalization and rarely death due to liver failure in patients taking Eulexin ® . Evidence of hepatic injury included elevated ser	NONE		NOT_SCORED	NOT_SCORED
FLUTICASONE	FLUTICASONE	CHEMBL1201396	pref_name__iexact	False	False	False	NASAL;RESPIRATORY (INHALATION);TOPICAL	10	True	FLUTICASONE	NOT_ORAL	3.0	False		True			False	NOT_APPROVED	MECHANISM UNSUPPORTED	NONE		DOCUMENTED	d to produce electrocardiogram (ECG) changes, such as flattening of the T wave, prolongation of the QTc interval, and ST segment depression. The clinical significance of th	NOT_SCORED	NOT_SCORED
FLUVASTATIN	FLUVASTATIN	CHEMBL2220442	pref_name__iexact	True	False	False	ORAL	10	True	FLUVASTATIN	ORAL	4.0	False		True			True	APPROVED	MECHANISM UNSUPPORTED	DOCUMENTED	rmed prior to the initiation of fluvastatin sodium, and if signs or symptoms of liver injury occur. There have been rare postmarketing reports of fatal and non-fatal hepati	NONE		NOT_SCORED	NOT_SCORED
FLUVOXAMINE	FLUVOXAMINE	CHEMBL814	pref_name__iexact	True	False	False	ORAL	10	True	FLUVOXAMINE	ORAL	4.0	False		True			True	APPROVED	MECHANISM UNSUPPORTED	NONE		DOCUMENTED	inistration of fluvoxamine. Thioridazine administration produces a dose-related prolongation of the QTc interval, which is associated with serious ventricular arrhythmias,	NOT_SCORED	NOT_SCORED
FOLIC ACID	FOLIC ACID	CHEMBL1622	pref_name__iexact	True	True	False	ORAL	10	True	FOLIC ACID	ORAL	4.0	False		True			True	APPROVED	MECHANISM UNSUPPORTED	NONE		NONE		NOT_SCORED	NOT_SCORED
FOSCARNET SODIUM	FOSCARNET SODIUM	CHEMBL754	pref_name__iexact	False	True	False	INTRAVENOUS	10	True	FOSCARNET SODIUM	NOT_ORAL	4.0	False		True			True	APPROVED	REFERENCED	NONE		DOCUMENTED	should be discontinued and appropriate medical therapy immediately instituted. QT prolongation and torsade de pointes Foscarnet sodium injection has been associa	NOT_SCORED	NOT_SCORED
FOSPHENYTOIN	FOSPHENYTOIN	CHEMBL1201336	pref_name__iexact	False	True	False	INTRAMUSCULAR;INTRAVENOUS	10	True	FOSPHENYTOIN	NOT_ORAL	4.0	False		True			True	APPROVED	MECHANISM UNSUPPORTED	DOCUMENTED	or facial swelling, in association with other organ system involvement, such as hepatitis, nephritis, hematological abnormalities, myocarditis, or myositis sometimes res	DOCUMENTED	ardiac arrhythmias. Cardiac arrhythmias have included bradycardia, heart block, QT interval prolongation, ventricular tachycardia, and ventricular fibrillation wh	NOT_SCORED	NOT_SCORED
FOSTAMATINIB	FOSTAMATINIB	CHEMBL2103830	edges	True	False	False	ORAL	1	True	FOSTAMATINIB	ORAL	4.0	False	True	True	True	True	True	APPROVED	REFERENCED	DOCUMENTED	e treatment and, if needed, interrupt, reduce or discontinue TAVALISSE. ( 5.1 ) Hepatotoxicity: Monitor LFTs monthly. If LFT levels are elevated, interrupt, reduce or di	NONE		NOT_SCORED	NOT_SCORED
fostamatinib	FOSTAMATINIB	CHEMBL2103830	edges	True	False	False	ORAL	1	True	FOSTAMATINIB	ORAL	4.0	False	True	True	True	True	True	APPROVED	REFERENCED	DOCUMENTED	e treatment and, if needed, interrupt, reduce or discontinue TAVALISSE. ( 5.1 ) Hepatotoxicity: Monitor LFTs monthly. If LFT levels are elevated, interrupt, reduce or di	NONE		NOT_SCORED	NOT_SCORED
FOSTAMATINIB DISODIUM	FOSTAMATINIB DISODIUM	CHEMBL3989516	edges	True	False	False	ORAL	1	True	FOSTAMATINIB	ORAL	4.0	False	True	True	True		True	APPROVED	REFERENCED	DOCUMENTED	e treatment and, if needed, interrupt, reduce or discontinue TAVALISSE. ( 5.1 ) Hepatotoxicity: Monitor LFTs monthly. If LFT levels are elevated, interrupt, reduce or di	NONE		NOT_SCORED	NOT_SCORED
FULVESTRANT	FULVESTRANT	CHEMBL1358	pref_name__iexact	False	True	False	INTRAMUSCULAR	10	True	FULVESTRANT	NOT_ORAL	4.0	False		True			True	APPROVED	REFERENCED	NONE		NONE		NOT_SCORED	NOT_SCORED
FUMARIC ACID	FUMARIC ACID	CHEMBL503160	pref_name__iexact	False	False	False	ORAL	10	True	FUMARIC ACID	DISAGREE	3.0	False		True			False	NOT_APPROVED	MECHANISM UNSUPPORTED	DOCUMENTED	re use. Keep out of reach of children. Gallstones, occlusion of the bile ducts, jaundice and any other unclear or persistent discomfort in the upper abdomen may be seri	NONE		NOT_SCORED	NOT_SCORED
FUTIBATINIB	FUTIBATINIB	CHEMBL3701238	pref_name__iexact	True	False	False	ORAL	1	True	FUTIBATINIB	ORAL	4.0	False		True			True	APPROVED	REFERENCED	NONE		NONE		NOT_SCORED	NOT_SCORED
GABAPENTIN	GABAPENTIN	CHEMBL940	pref_name__iexact	True	False	False	ORAL	10	True	GABAPENTIN	ORAL	4.0	False		True			True	APPROVED	REFERENCED	DOCUMENTED	or lymphadenopathy, in association with other organ system involvement, such as hepatitis, nephritis, hematological abnormalities, myocarditis, or myositis sometimes res	NONE		NOT_SCORED	NOT_SCORED
GALANTAMINE	GALANTAMINE	CHEMBL659	pref_name__iexact	True	False	False	ORAL	10	True	GALANTAMINE	ORAL	4.0	False		True			True	APPROVED	MECHANISM UNSUPPORTED	NONE		DOCUMENTED	half of the galantamine deaths appeared to result from various vascular causes (myocardial infarction, stroke, and sudden death). Although the difference in mortality bet	NOT_SCORED	NOT_SCORED
GANCICLOVIR	GANCICLOVIR	CHEMBL182	pref_name__iexact	True	True	True	INTRAVENOUS;OPHTHALMIC	8	True	GANCICLOVIR	DISAGREE	4.0	False		True			True	APPROVED	REFERENCED	NONE		NONE		NOT_SCORED	NOT_SCORED
GEFITINIB	GEFITINIB	CHEMBL939	pref_name__iexact	True	False	False	ORAL	5	True	GEFITINIB	ORAL	4.0	False		True			True	APPROVED	REFERENCED	DOCUMENTED	ory symptoms. Discontinue gefitinib tablets if ILD is confirmed. ( 2.4 , 5.1 ) •Hepatotoxicity: Obtain periodic liver function testing. Withhold gefitinib tablets for Gr	NONE		NOT_SCORED	NOT_SCORED
GEMCITABINE	GEMCITABINE	CHEMBL888	pref_name__iexact	False	True	False	INTRAVENOUS;INTRAVESICAL	10	True	GEMCITABINE	NOT_ORAL	4.0	False		True			True	APPROVED	MECHANISM UNSUPPORTED	DOCUMENTED	ble even with the discontinuation of therapy. 5.6 Hepatic Toxicity Drug-induced liver injury, including liver failure and death, has been reported in patients receiving gem	DOCUMENTED	xicity In clinical trials evaluating the maximum tolerated dose of gemcitabine, prolongation of the infusion time beyond 60 minutes or more frequent than weekly dosing resu	NOT_SCORED	NOT_SCORED
GEMFIBROZIL	GEMFIBROZIL	CHEMBL457	pref_name__iexact	True	False	False	ORAL	10	True	GEMFIBROZIL	ORAL	4.0	False		True			True	APPROVED	REFERENCED	NONE		DOCUMENTED	first of those studies, the Coronary Drug Project, 1,000 subjects with previous myocardial infarction were treated for five years with clofibrate. There was no difference	NOT_SCORED	NOT_SCORED
GEMTUZUMAB OZOGAMICIN	GEMTUZUMAB OZOGAMICIN	CHEMBL1201506	edges	False	True	False	INTRAVENOUS	1	True	GEMTUZUMAB OZOGAMICIN	NOT_ORAL	4.0	True	True	True	True	True	True	APPROVED	REFERENCED	DOCUMENTED	WARNING: HEPATOTOXICITY Hepatotoxicity, including severe or fatal hepatic veno-occlusive disease (	DOCUMENTED	Administration (2.2) ] , and provide supportive care per standard practice. 5.4 QT Interval Prolongation QT interval prolongation has been observed in patients tr	NOT_SCORED	NOT_SCORED
gemtuzumab ozogamicin	GEMTUZUMAB OZOGAMICIN	CHEMBL1201506	edges	False	True	False	INTRAVENOUS	1	True	GEMTUZUMAB OZOGAMICIN	NOT_ORAL	4.0	True	True	True	True	True	True	APPROVED	REFERENCED	DOCUMENTED	WARNING: HEPATOTOXICITY Hepatotoxicity, including severe or fatal hepatic veno-occlusive disease (	DOCUMENTED	Administration (2.2) ] , and provide supportive care per standard practice. 5.4 QT Interval Prolongation QT interval prolongation has been observed in patients tr	NOT_SCORED	NOT_SCORED
GENISTEIN	GENISTEIN	CHEMBL44	pref_name__iexact	False	False	False		0	False		NOT_ORAL	2.0	False		True			False	NOT_APPROVED	MECHANISM UNSUPPORTED	NO_US_LABEL		NO_US_LABEL		NOT_SCORED	NOT_SCORED
GILTERITINIB	GILTERITINIB	CHEMBL3301622	pref_name__iexact	True	False	False		0	False		ORAL	4.0	False		True			False	APPROVED_NO_LABEL	REFERENCED	NO_US_LABEL		NO_US_LABEL		NOT_SCORED	NOT_SCORED
GLAFENINE	GLAFENINE	CHEMBL146095	pref_name__iexact	False	False	False		0	False		NOT_ORAL	4.0	True		True			False	APPROVED_NO_LABEL	REFERENCED	NO_US_LABEL		NO_US_LABEL		NOT_SCORED	NOT_SCORED
GLATIRAMER	GLATIRAMER	CHEMBL1201507	free_text_search	False	True	False	SUBCUTANEOUS	10	True	GLATIRAMER	NOT_ORAL	4.0	False		True			True	APPROVED	REFERENCED	DOCUMENTED	be excluded. 5.5 Hepatic Injury Cases of hepatic injury, some severe, including liver failure and hepatitis with jaundice, have been reported with Glatopa. Hepatic injury ha	NONE		NOT_SCORED	NOT_SCORED
GLUTAMINE	GLUTAMINE	CHEMBL930	pref_name__iexact	True	False	False	ORAL;TOPICAL	10	True	GLUTAMINE	ORAL	4.0	False		True			True	APPROVED	REFERENCED	NONE		NONE		NOT_SCORED	NOT_SCORED
GLUTATHIONE DISULFIDE	GLUTATHIONE DISULFIDE	CHEMBL1372	free_text_search	False	False	False		0	False		NOT_ORAL	4.0	False		True			False	APPROVED_NO_LABEL	REFERENCED	NO_US_LABEL		NO_US_LABEL		NOT_SCORED	NOT_SCORED
GLYBURIDE	GLYBURIDE	CHEMBL472	pref_name__iexact	True	False	False	ORAL	10	True	GLYBURIDE	ORAL	4.0	False		True			True	APPROVED	REFERENCED	NONE		DOCUMENTED	mpanied by hypoperfusion and hypoxemia). Cardiovascular collapse (shock), acute myocardial infarction, sepsis, and other conditions associated with hypoxemia have been as	NOT_SCORED	NOT_SCORED
GLYCEROL PHENYLBUTYRATE	GLYCEROL PHENYLBUTYRATE	CHEMBL2105745	pref_name__iexact	True	False	False	ORAL	9	True	GLYCEROL PHENYLBUTYRATE	ORAL	4.0	False		True			True	APPROVED	REFERENCED	NONE		NONE		NOT_SCORED	NOT_SCORED
GLYCINE	GLYCINE	CHEMBL773	pref_name__iexact	False	False	False	INTRAVENOUS;ORAL;TOPICAL	10	True	GLYCINE	DISAGREE	4.0	False		True			True	APPROVED	MECHANISM UNSUPPORTED	NONE		NONE		NOT_SCORED	NOT_SCORED
GLYCYRRHETINIC ACID	GLYCYRRHETINIC ACID	CHEMBL454067	free_text_search	False	False	False		0	False		NOT_ORAL		False		True			False	NOT_APPROVED	MECHANISM UNSUPPORTED	NO_US_LABEL		NO_US_LABEL		NOT_SCORED	NOT_SCORED
GONADORELIN	GONADORELIN	CHEMBL1007	pref_name__iexact	False	True	False		0	False		NOT_ORAL	4.0	False		True			False	APPROVED_NO_LABEL	MECHANISM UNSUPPORTED	NO_US_LABEL		NO_US_LABEL		NOT_SCORED	NOT_SCORED
GOSERELIN ACETATE	GOSERELIN ACETATE	CHEMBL1200501	pref_name__iexact	False	True	False	SUBCUTANEOUS	2	True	GOSERELIN	NOT_ORAL	4.0	False		True			True	APPROVED	REFERENCED	NONE		DOCUMENTED	to current clinical practice ( 5.3 ) Cardiovascular Diseases: Increased risk of myocardial infarction, sudden cardiac death and stroke has been reported in association wi	NOT_SCORED	NOT_SCORED
GRANISETRON	GRANISETRON	CHEMBL289469	pref_name__iexact	True	True	True	INTRAVENOUS;ORAL;SUBCUTANEOUS;TRANSDERMAL	10	True	GRANISETRON	ORAL	4.0	False		True			True	APPROVED	REFERENCED	NONE		DOCUMENTED	stinal peristalsis and should not be used instead of nasogastric suction. (5.1) QT prolongation has been reported with granisetron hydrochloride. Use with caution	NOT_SCORED	NOT_SCORED
GUAIFENESIN	GUAIFENESIN	CHEMBL980	pref_name__iexact	True	False	False	ORAL	10	True	GUAIFENESIN	ORAL	4.0	False		True			True	APPROVED	REFERENCED	DOCUMENTED	Warnings Liver warning: This product contains acetaminophen. Severe liver damage may occur if • adult takes more than 4,000 mg of acetaminophen in 24 hours • ch	NONE		NOT_SCORED	NOT_SCORED
HALOPERIDOL DECANOATE	HALOPERIDOL DECANOATE	CHEMBL1200986	pref_name__iexact	False	True	False	INTRAMUSCULAR	10	True	HALOPERIDOL DECANOATE	NOT_ORAL	4.0	False		True			True	APPROVED	REFERENCED	NONE		DOCUMENTED	ed psychosis (see BOXED WARNING). Cardiovascular Effects Cases of sudden death, QTc interval-prolongation, and Torsades de Pointes have been reported in patients	NOT_SCORED	NOT_SCORED
HESPERETIN	HESPERETIN	CHEMBL399121	edges	False	False	False		0	False		NOT_ORAL	0.5	False		True		True	False	NOT_APPROVED	MECHANISM UNSUPPORTED	NO_US_LABEL		NO_US_LABEL		NOT_SCORED	NOT_SCORED
hesperetin	HESPERETIN	CHEMBL399121	edges	False	False	False		0	False		NOT_ORAL	0.5	False		True		True	False	NOT_APPROVED	MECHANISM UNSUPPORTED	NO_US_LABEL		NO_US_LABEL		NOT_SCORED	NOT_SCORED
HEXACHLOROPHENE	HEXACHLOROPHENE	CHEMBL496	pref_name__iexact	False	False	True		0	False		NOT_ORAL	4.0	True		True			False	APPROVED_NO_LABEL	REFERENCED	NO_US_LABEL		NO_US_LABEL		NOT_SCORED	NOT_SCORED
HYDRALAZINE	HYDRALAZINE	CHEMBL276832	edges	True	True	False	INTRAMUSCULAR;INTRAVENOUS;ORAL	10	True	HYDRALAZINE	ORAL	4.0	False		True		True	True	APPROVED	MECHANISM UNSUPPORTED	NONE		NONE		NOT_SCORED	NOT_SCORED
hydralazine	HYDRALAZINE	CHEMBL276832	edges	True	True	False	INTRAMUSCULAR;INTRAVENOUS;ORAL	10	True	HYDRALAZINE	ORAL	4.0	False		True		True	True	APPROVED	MECHANISM UNSUPPORTED	NONE		NONE		NOT_SCORED	NOT_SCORED
HYDROCHLOROTHIAZIDE	HYDROCHLOROTHIAZIDE	CHEMBL435	pref_name__iexact	True	False	False	ORAL	10	True	HYDROCHLOROTHIAZIDE	ORAL	4.0	False		True			True	APPROVED	REFERENCED	DOCUMENTED	patients with collagen vascular disease and renal disease should be considered. Hepatic Failure Rarely, ACE inhibitors have been associated with a syndrome that starts with ch	DOCUMENTED	ovascular disease in whom an excessive fall in blood pressure could result in a myocardial infarction or cerebrovascular accident. If hypotension occurs, the patient shou	NOT_SCORED	NOT_SCORED
HYDROCORTISONE BUTYRATE	HYDROCORTISONE BUTYRATE	CHEMBL1683	pref_name__iexact	False	False	True	TOPICAL	7	True	HYDROCORTISONE BUTYRATE	NOT_ORAL	4.0	False		True			True	APPROVED	REFERENCED	DOCUMENTED	surface areas, prolonged use, use of occlusive dressings, altered skin barrier, liver failure, and young age. Such patients should be considered for periodic evaluation of t	NONE		NOT_SCORED	NOT_SCORED
HYDROGEN PEROXIDE	HYDROGEN PEROXIDE	CHEMBL71595	pref_name__iexact	False	False	True	ORAL;TOPICAL	10	True	HYDROGEN PEROXIDE	DISAGREE	4.0	False		True			True	APPROVED	REFERENCED	NONE		NONE		NOT_SCORED	NOT_SCORED
HYDROQUINONE	HYDROQUINONE	CHEMBL537	pref_name__iexact	False	False	True	TOPICAL	10	True	HYDROQUINONE	NOT_ORAL	4.0	False		True			True	APPROVED	MECHANISM UNSUPPORTED	NONE		NONE		NOT_SCORED	NOT_SCORED
HYDROXYCHLOROQUINE	HYDROXYCHLOROQUINE	CHEMBL1535	pref_name__iexact	True	False	False	ORAL	10	True	HYDROXYCHLOROQUINE	ORAL	4.0	False		True			True	APPROVED	MECHANISM UNSUPPORTED	DOCUMENTED	.4 ) Risks Associated with Use in Porphyria : Avoid in patients with porphyria. Hepatotoxicity was reported in patients with porphyria cutanea tarda ( 5.5 ). Hematologic	DOCUMENTED	nd chronic hydroxychloroquine sulfate tablets treatment. In multiple cases, endomyocardial biopsy showed association of the cardiomyopathy with phospholipidosis in the ab	NOT_SCORED	NOT_SCORED
HYDROXYUREA	HYDROXYUREA	CHEMBL467	pref_name__iexact	True	False	False	ORAL	10	True	HYDROXYUREA	ORAL	4.0	False		True			True	APPROVED	REFERENCED	DOCUMENTED	psules. (5.6) Risks with concomitant use of antiretroviral drugs: Pancreatitis, hepatotoxicity, and neuropathy have occurred. Monitor for signs and symptoms in patients	NONE		NOT_SCORED	NOT_SCORED
HYDROXYZINE	HYDROXYZINE	CHEMBL896	pref_name__iexact	True	True	False	ORAL	10	True	HYDROXYZINE	ORAL	4.0	False		True			True	APPROVED	MECHANISM UNSUPPORTED	NONE		NONE		NOT_SCORED	NOT_SCORED
IBRUTINIB	IBRUTINIB	CHEMBL1873475	pref_name__iexact	True	False	False	ORAL	1	True	IBRUTINIB	ORAL	4.0	False		True			True	APPROVED	REFERENCED	DOCUMENTED	ave occurred in patients, including skin cancers, and other carcinomas ( 5.6 ). Hepatotoxicity, Including Drug- Induced Liver Injury : Monitor hepatic function throughou	DOCUMENTED	"ventricular arrhythmias
Sudden Death"	NOT_SCORED	NOT_SCORED
IBUDILAST	IBUDILAST	CHEMBL19449	pref_name__iexact	True	False	False		0	False		ORAL	4.0	False		True			False	APPROVED_NO_LABEL	REFERENCED	NO_US_LABEL		NO_US_LABEL		NOT_SCORED	NOT_SCORED
IBUPROFEN, SODIUM SALT	IBUPROFEN, SODIUM SALT	CHEMBL1241153	free_text_search	False	False	False		0	False		NOT_ORAL		False		True			False	NOT_APPROVED	MECHANISM UNSUPPORTED	NO_US_LABEL		NO_US_LABEL		NOT_SCORED	NOT_SCORED
IDARUBICIN	IDARUBICIN	CHEMBL1117	pref_name__iexact	False	True	False	INTRAVENOUS	4	True	IDARUBICIN	NOT_ORAL	4.0	False		True			True	APPROVED	MECHANISM UNSUPPORTED	NONE		DOCUMENTED	and EXTRAVASATION AND TISSUE NECROSIS • Cardiomyopathy: IDAMYCIN PFS can cause myocardial damage, including acute left ventricular failure, during or after termination o	NOT_SCORED	NOT_SCORED
IDELALISIB	IDELALISIB	CHEMBL2216870	edges	True	False	False		0	False		ORAL	4.0	False	True	True	True	True	False	APPROVED_NO_LABEL	REFERENCED	NO_US_LABEL		NO_US_LABEL		NOT_SCORED	NOT_SCORED
idelalisib	IDELALISIB	CHEMBL2216870	edges	True	False	False		0	False		ORAL	4.0	False	True	True	True	True	False	APPROVED_NO_LABEL	REFERENCED	NO_US_LABEL		NO_US_LABEL		NOT_SCORED	NOT_SCORED
IFOSFAMIDE	IFOSFAMIDE	CHEMBL1024	pref_name__iexact	False	True	False	INTRAVENOUS	6	True	IFOSFAMIDE	NOT_ORAL	4.0	False		True			True	APPROVED	REFERENCED	NONE		NONE		NOT_SCORED	NOT_SCORED
IMATINIB	IMATINIB	CHEMBL941	edges	True	False	False	ORAL	10	True	IMATINIB	ORAL	4.0	False	True	True		True	True	APPROVED	MECHANISM UNSUPPORTED	DOCUMENTED	ents with cardiac disease or risk factors for cardiac failure. ( 5.3 ) • Severe hepatotoxicity, including fatalities may occur. Assess liver function before initiation o	DOCUMENTED	cardiac arrest	NOT_SCORED	NOT_SCORED
imatinib	IMATINIB	CHEMBL941	edges	True	False	False	ORAL	10	True	IMATINIB	ORAL	4.0	False	True	True		True	True	APPROVED	MECHANISM UNSUPPORTED	DOCUMENTED	ents with cardiac disease or risk factors for cardiac failure. ( 5.3 ) • Severe hepatotoxicity, including fatalities may occur. Assess liver function before initiation o	DOCUMENTED	cardiac arrest	NOT_SCORED	NOT_SCORED
IMATINIB MESYLATE	IMATINIB MESYLATE	CHEMBL1642	edges	True	False	False	ORAL	10	True	IMATINIB MESYLATE	ORAL	4.0	False	True	True	True		True	APPROVED	REFERENCED	DOCUMENTED	ents with cardiac disease or risk factors for cardiac failure. ( 5.3 ) • Severe hepatotoxicity, including fatalities may occur. Assess liver function before initiation o	NONE		NOT_SCORED	NOT_SCORED
IMIPRAMINE HYDROCHLORIDE	IMIPRAMINE HYDROCHLORIDE	CHEMBL1692	pref_name__iexact	True	True	False	ORAL	10	True	IMIPRAMINE HYDROCHLORIDE	ORAL	4.0	False		True			True	APPROVED	REFERENCED	NONE		DOCUMENTED	f the possibility of conduction defects, arrhythmias, congestive heart failure, myocardial infarction, strokes, and tachycardia. These patients require cardiac surveillan	NOT_SCORED	NOT_SCORED
INAMRINONE	INAMRINONE	CHEMBL12856	pref_name__iexact	False	True	False		0	False		NOT_ORAL	4.0	False		True			False	APPROVED_NO_LABEL	MECHANISM UNSUPPORTED	NO_US_LABEL		NO_US_LABEL		NOT_SCORED	NOT_SCORED
INAVOLISIB	INAVOLISIB	CHEMBL4650215	edges	True	False	False	ORAL	1	True	INAVOLISIB	ORAL	4.0	False	True	True	True		True	APPROVED	MECHANISM UNSUPPORTED	NONE		NONE		NOT_SCORED	NOT_SCORED
INDOCYANINE GREEN ACID FORM	INDOCYANINE GREEN ACID FORM	CHEMBL1201304	pref_name__iexact	False	True	False		0	False		NOT_ORAL	4.0	False		True			False	APPROVED_NO_LABEL	REFERENCED	NO_US_LABEL		NO_US_LABEL		NOT_SCORED	NOT_SCORED
INDOMETHACIN	INDOMETHACIN	CHEMBL6	edges	True	True	True	INTRAVENOUS;ORAL;RECTAL	10	True	INDOMETHACIN	ORAL	4.0	False		True		True	True	APPROVED	REFERENCED	DOCUMENTED	5 WARNINGS AND PRECAUTIONS Hepatotoxicity : Inform patients of warning signs and symptoms of hepatotoxicity. Discont	DOCUMENTED	cause an increased risk of serious cardiovascular thrombotic events, including myocardial infarction and stroke, which can be fatal. This risk may occur early in treatme	NOT_SCORED	NOT_SCORED
indomethacin	INDOMETHACIN	CHEMBL6	edges	True	True	True	INTRAVENOUS;ORAL;RECTAL	10	True	INDOMETHACIN	ORAL	4.0	False		True		True	True	APPROVED	REFERENCED	DOCUMENTED	5 WARNINGS AND PRECAUTIONS Hepatotoxicity : Inform patients of warning signs and symptoms of hepatotoxicity. Discont	DOCUMENTED	cause an increased risk of serious cardiovascular thrombotic events, including myocardial infarction and stroke, which can be fatal. This risk may occur early in treatme	NOT_SCORED	NOT_SCORED
INFIGRATINIB	INFIGRATINIB	CHEMBL1852688	pref_name__iexact	True	False	False		0	False		ORAL	4.0	False		True			False	APPROVED_NO_LABEL	REFERENCED	NO_US_LABEL		NO_US_LABEL		NOT_SCORED	NOT_SCORED
INGENOL MEBUTATE	INGENOL MEBUTATE	CHEMBL1863513	edges	False	False	True		0	False		NOT_ORAL	4.0	True		True		True	False	APPROVED_NO_LABEL	REFERENCED	NO_US_LABEL		NO_US_LABEL		NOT_SCORED	NOT_SCORED
ingenol mebutate	INGENOL MEBUTATE	CHEMBL1863513	edges	False	False	True		0	False		NOT_ORAL	4.0	True		True		True	False	APPROVED_NO_LABEL	REFERENCED	NO_US_LABEL		NO_US_LABEL		NOT_SCORED	NOT_SCORED
INOSITOL	INOSITOL	CHEMBL1222251	pref_name__iexact	False	False	False	ORAL	4	True	INOSITOL	DISAGREE	3.0	False		True			False	NOT_APPROVED	MECHANISM UNSUPPORTED	NONE		NONE		NOT_SCORED	NOT_SCORED
INSULIN, REGULAR, HUMAN	INSULIN, REGULAR, HUMAN	CHEMBL1201631	free_text_search	False	True	True		0	False		NOT_ORAL	4.0	False		True			False	APPROVED_NO_LABEL	REFERENCED	NO_US_LABEL		NO_US_LABEL		NOT_SCORED	NOT_SCORED
INTERFERON ALFA-2B	INTERFERON ALFA-2B	CHEMBL1201558	pref_name__iexact	False	True	False		0	False		NOT_ORAL	4.0	False		True			False	APPROVED_NO_LABEL	REFERENCED	NO_US_LABEL		NO_US_LABEL		NOT_SCORED	NOT_SCORED
INTERLEUKIN-11	INTERLEUKIN-11	CHEMBL4297771	free_text_search	False	False	False	ORAL	2	True	INTERLEUKIN-11	DISAGREE	2.0	False		True			False	NOT_APPROVED	MECHANISM UNSUPPORTED	NONE		NONE		NOT_SCORED	NOT_SCORED
IPILIMUMAB	IPILIMUMAB	CHEMBL1789844	pref_name__iexact	False	True	False	INTRAVENOUS	1	True	IPILIMUMAB	NOT_ORAL	4.0	False		True			True	APPROVED	REFERENCED	DOCUMENTED	em or tissue, including the following: immune-mediated colitis, immune-mediated hepatitis, immune-mediated dermatologic adverse reactions, immune-mediated endocrinopathi	NONE		NOT_SCORED	NOT_SCORED
IPRONIAZID	IPRONIAZID	CHEMBL92401	pref_name__iexact	True	False	False		0	False		ORAL	4.0	False		True			False	APPROVED_NO_LABEL	REFERENCED	NO_US_LABEL		NO_US_LABEL		NOT_SCORED	NOT_SCORED
IRBESARTAN	IRBESARTAN	CHEMBL1513	edges	True	False	False	ORAL	10	True	IRBESARTAN	ORAL	4.0	False		True		True	True	APPROVED	REFERENCED	DOCUMENTED	se of thiazides during pregnancy is associated with a risk of fetal or neonatal jaundice, thrombocytopenia, and possibly other adverse reactions that have occurred in a	NONE		NOT_SCORED	NOT_SCORED
irbesartan	IRBESARTAN	CHEMBL1513	edges	True	False	False	ORAL	10	True	IRBESARTAN	ORAL	4.0	False		True		True	True	APPROVED	REFERENCED	DOCUMENTED	se of thiazides during pregnancy is associated with a risk of fetal or neonatal jaundice, thrombocytopenia, and possibly other adverse reactions that have occurred in a	NONE		NOT_SCORED	NOT_SCORED
IRINOTECAN HYDROCHLORIDE	IRINOTECAN HYDROCHLORIDE	CHEMBL3989514	pref_name__iexact	False	True	False	INTRAVENOUS	10	True	IRINOTECAN HYDROCHLORIDE	NOT_ORAL	4.0	False		True			True	APPROVED	REFERENCED	NONE		NONE		NOT_SCORED	NOT_SCORED
ISAVUCONAZOLE	ISAVUCONAZOLE	CHEMBL409153	pref_name__iexact	False	False	False		0	False		NOT_ORAL	3.0	False		True			False	NOT_APPROVED	MECHANISM UNSUPPORTED	NO_US_LABEL		NO_US_LABEL		NOT_SCORED	NOT_SCORED
ISOCARBOXAZID	ISOCARBOXAZID	CHEMBL1201168	pref_name__iexact	True	False	False	ORAL	1	True	ISOCARBOXAZID	ORAL	4.0	True		True			True	APPROVED	REFERENCED	NONE		NONE		NOT_SCORED	NOT_SCORED
ISOFLURANE	ISOFLURANE	CHEMBL1256	pref_name__iexact	False	False	True	RESPIRATORY (INHALATION)	8	True	ISOFLURANE	NOT_ORAL	4.0	False		True			True	APPROVED	REFERENCED	DOCUMENTED	ntervention is recommended. ( 5.2 ) • Hepatic Reactions : May cause sensitivity hepatitis in patients sensitized by previous exposure to halogenated anesthetics. Approac	DOCUMENTED	en with halothane has been observed in patients undergoing abortions. ( 5.5 ) • QT Prolongation : Carefully monitor cardiac rhythm when administering Isoflurane U	NOT_SCORED	NOT_SCORED
ISONIAZID	ISONIAZID	CHEMBL64	pref_name__iexact	True	True	False	ORAL	10	True	ISONIAZID	ORAL	4.0	False		True			True	APPROVED	REFERENCED	DOCUMENTED	WARNING Severe and sometimes fatal hepatitis associated with isoniazid therapy has been reported and may occur or may develo	NONE		NOT_SCORED	NOT_SCORED
ISOPROPYL ALCOHOL	ISOPROPYL ALCOHOL	CHEMBL582	pref_name__iexact	False	False	True	EPIDURAL;INFILTRATION;INTRA-ARTICULAR;INTRALESIONAL;INTRAMUSCULAR;INTRAVENOUS;SOFT TISSUE;SUBCUTANEOUS;TOPICAL	10	True	ISOPROPYL ALCOHOL	NOT_ORAL	4.0	False		True			True	APPROVED	MECHANISM UNSUPPORTED	NONE		DOCUMENTED	WARNING: RISK OF CARDIAC ARREST WITH USE OF BUPIVACAINE HYDROCHLORIDE INJECTION IN OBSTETRICAL ANESTHESIA There	NOT_SCORED	NOT_SCORED
ISOTRETINOIN	ISOTRETINOIN	CHEMBL547	pref_name__iexact	True	False	False	ORAL	10	True	ISOTRETINOIN	ORAL	4.0	False		True			True	APPROVED	REFERENCED	DOCUMENTED	ecialized care for further evaluation (see ADVERSE REACTIONS: Special Senses ). Hepatotoxicity Clinical hepatitis considered to be possibly or probably related to isotre	DOCUMENTED	mucosa were greater than in control rats of similar age. Focal endocardial and myocardial calcifications associated with calcification of the coronary arteries were obse	NOT_SCORED	NOT_SCORED
ISRADIPINE	ISRADIPINE	CHEMBL1648	pref_name__iexact	True	False	False	ORAL	3	True	ISRADIPINE	ORAL	4.0	False		True			True	APPROVED	REFERENCED	NONE		NONE		NOT_SCORED	NOT_SCORED
ITRACONAZOLE	ITRACONAZOLE	CHEMBL64391	edges	True	True	False	ORAL	10	True	ITRACONAZOLE	ORAL	4.0	False		True		True	True	APPROVED	REFERENCED	DOCUMENTED	S Hepatic Effects: Itraconazole have been associated with rare cases of serious hepatotoxicity, including liver failure and death. Some of these cases had neither pre-ex	DOCUMENTED	For example, increased plasma concentrations of some of these drugs can lead to QT prolongation and ventricular tachyarrhythmias including occurrences of torsade	NOT_SCORED	NOT_SCORED
itraconazole	ITRACONAZOLE	CHEMBL64391	edges	True	True	False	ORAL	10	True	ITRACONAZOLE	ORAL	4.0	False		True		True	True	APPROVED	REFERENCED	DOCUMENTED	S Hepatic Effects: Itraconazole have been associated with rare cases of serious hepatotoxicity, including liver failure and death. Some of these cases had neither pre-ex	DOCUMENTED	For example, increased plasma concentrations of some of these drugs can lead to QT prolongation and ventricular tachyarrhythmias including occurrences of torsade	NOT_SCORED	NOT_SCORED
KETOCONAZOLE	KETOCONAZOLE	CHEMBL157101	edges	True	False	True	ORAL;TOPICAL	10	True	KETOCONAZOLE	ORAL	4.0	True		True		True	True	APPROVED	REFERENCED	DOCUMENTED	ated and the potential benefits are considered to outweigh the potential risks. Hepatotoxicity Serious hepatotoxicity, including cases with a fatal outcome or requiring	DOCUMENTED	he physician of the risk and should be closely monitored. See WARNINGS section. QT Prolongation and Drug Interactions Leading to QT Prolongation Co-administration	NOT_SCORED	NOT_SCORED
ketoconazole	KETOCONAZOLE	CHEMBL157101	edges	True	False	True	ORAL;TOPICAL	10	True	KETOCONAZOLE	ORAL	4.0	True		True		True	True	APPROVED	REFERENCED	DOCUMENTED	ated and the potential benefits are considered to outweigh the potential risks. Hepatotoxicity Serious hepatotoxicity, including cases with a fatal outcome or requiring	DOCUMENTED	he physician of the risk and should be closely monitored. See WARNINGS section. QT Prolongation and Drug Interactions Leading to QT Prolongation Co-administration	NOT_SCORED	NOT_SCORED
KETOROLAC TROMETHAMINE	KETOROLAC TROMETHAMINE	CHEMBL1201124	pref_name__iexact	True	True	True	INTRAMUSCULAR;INTRAVENOUS;OPHTHALMIC;ORAL	10	True	KETOROLAC TROMETHAMINE	ORAL	4.0	False		True			True	APPROVED	REFERENCED	DOCUMENTED	phadenopathy, and/or facial swelling. Other clinical manifestations may include hepatitis, nephritis, hematological abnormalities, myocarditis, or myositis. Sometimes sy	DOCUMENTED	cause an increased risk of serious cardiovascular thrombotic events, including myocardial infarction and stroke, which can be fatal. This risk may occur early in treatme	NOT_SCORED	NOT_SCORED
LABETALOL	LABETALOL	CHEMBL429	pref_name__iexact	True	True	False	INTRAVENOUS;ORAL	10	True	LABETALOL	ORAL	4.0	False		True			True	APPROVED	MECHANISM UNSUPPORTED	DOCUMENTED	"or sign of liver dysfunction (e.g., pruritus, dark urine, persistent anorexia, jaundice, right upper quadrant tenderness, or unexplained ""flu-like"" symptoms). If the p"	DOCUMENTED	e heart failure. Beta-blockade carries a potential hazard of further depressing myocardial contractility and precipitating more severe failure. Although beta-blockers sho	NOT_SCORED	NOT_SCORED
LAMIVUDINE	LAMIVUDINE	CHEMBL141	pref_name__iexact	True	False	False	ORAL	10	True	LAMIVUDINE	ORAL	4.0	False		True			True	APPROVED	REFERENCED	DOCUMENTED	Y, LACTIC ACIDOSIS AND SEVERE HEPATOMEGALY WITH STEATOSIS, and EXACERBATIONS OF HEPATITIS B Zidovudine, a component of lamivudine and zidovudine tablets, has been associ	DOCUMENTED	is more variable, and can occur many months after initiation of treatment. 5.5 Myocardial Infarction Several prospective, observational, epidemiological studies have rep	NOT_SCORED	NOT_SCORED
LAMOTRIGINE	LAMOTRIGINE	CHEMBL741	pref_name__iexact	True	False	False	ORAL	10	True	LAMOTRIGINE	ORAL	4.0	False		True			True	APPROVED	REFERENCED	DOCUMENTED	opathy. These reactions may be associated with other organ involvement, such as hepatitis, hepatic failure, blood dyscrasias, or acute multiorgan failure. Lamotrigine sh	NONE		NOT_SCORED	NOT_SCORED
LANSOPRAZOLE	LANSOPRAZOLE	CHEMBL480	pref_name__iexact	True	True	False	ORAL	10	True	LANSOPRAZOLE	ORAL	4.0	False		True			True	APPROVED	REFERENCED	NONE		NONE		NOT_SCORED	NOT_SCORED
LAPATINIB	LAPATINIB	CHEMBL554	pref_name__iexact	True	False	False	ORAL	4	True	LAPATINIB	ORAL	4.0	False		True			True	APPROVED	MECHANISM UNSUPPORTED	DOCUMENTED	WARNING: HEPATOTOXICITY Hepatotoxicity has been observed in clinical trials and postmarketing expe	DOCUMENTED	atients experience severe pulmonary symptoms. ( 5.5 ) Lapatinib may prolong the QT interval in some patients. Consider electrocardiogram (ECG) and electrolyte mon	NOT_SCORED	NOT_SCORED
LAZERTINIB	LAZERTINIB	CHEMBL4558324	pref_name__iexact	True	False	False	ORAL	1	True	LAZERTINIB	ORAL	4.0	False		True			True	APPROVED	REFERENCED	DOCUMENTED	tly discontinue LAZCLUZE and amivantamab based on severity. ( 2.3 , 2.4 , 5.3 ) Hepatotoxicity : Can cause severe hepatotoxicity (including increased ALT and AST). Withh	NONE		NOT_SCORED	NOT_SCORED
LEFLUNOMIDE	LEFLUNOMIDE	CHEMBL960	edges	True	False	False	ORAL	10	True	LEFLUNOMIDE	ORAL	4.0	False		True		True	True	APPROVED	REFERENCED	DOCUMENTED	WARNING: EMBRYO-FETAL TOXICITY and HEPATOTOXICITY Embryo-Fetal Toxicity Leflunomide is contraindicated for use in pregnant w	NONE		NOT_SCORED	NOT_SCORED
leflunomide	LEFLUNOMIDE	CHEMBL960	edges	True	False	False	ORAL	10	True	LEFLUNOMIDE	ORAL	4.0	False		True		True	True	APPROVED	REFERENCED	DOCUMENTED	WARNING: EMBRYO-FETAL TOXICITY and HEPATOTOXICITY Embryo-Fetal Toxicity Leflunomide is contraindicated for use in pregnant w	NONE		NOT_SCORED	NOT_SCORED
LENALIDOMIDE	LENALIDOMIDE	CHEMBL848	edges	True	False	False	ORAL	10	True	LENALIDOMIDE	ORAL	4.0	False	True	True	True		True	APPROVED	REFERENCED	DOCUMENTED	en pembrolizumab was added to dexamethasone and a thalidomide analogue ( 5.7 ). Hepatotoxicity: Hepatic failure including fatalities; monitor liver function. Stop lenali	DOCUMENTED	k of deep vein thrombosis (DVT) and pulmonary embolism (PE), as well as risk of myocardial infarction and stroke in patients with multiple myeloma who were treated with l	NOT_SCORED	NOT_SCORED
LENALIDOMIDE HYDROCHLORIDE MONOHYDRATE	LENALIDOMIDE HYDROCHLORIDE MONOHYDRATE	CHEMBL6068337	edges	False	False	False	ORAL	10	True	LENALIDOMIDE	DISAGREE	4.0	False		True	True		True	APPROVED	MECHANISM UNSUPPORTED	DOCUMENTED	en pembrolizumab was added to dexamethasone and a thalidomide analogue ( 5.7 ). Hepatotoxicity: Hepatic failure including fatalities; monitor liver function. Stop lenali	DOCUMENTED	k of deep vein thrombosis (DVT) and pulmonary embolism (PE), as well as risk of myocardial infarction and stroke in patients with multiple myeloma who were treated with l	NOT_SCORED	NOT_SCORED
LENIOLISIB	LENIOLISIB	CHEMBL3643413	edges	True	False	False		0	False		ORAL	4.0	False	True	True	True		False	APPROVED_NO_LABEL	REFERENCED	NO_US_LABEL		NO_US_LABEL		NOT_SCORED	NOT_SCORED
LENIOLISIB PHOSPHATE	LENIOLISIB PHOSPHATE	CHEMBL3989909	edges	True	False	False		0	False		ORAL	4.0	False	True	True	True		False	APPROVED_NO_LABEL	REFERENCED	NO_US_LABEL		NO_US_LABEL		NOT_SCORED	NOT_SCORED
LENVATINIB	LENVATINIB	CHEMBL1289601	edges	True	False	False	ORAL	1	True	LENVATINIB	ORAL	4.0	False		True		True	True	APPROVED	MECHANISM UNSUPPORTED	DOCUMENTED	Events : Discontinue following an arterial thromboembolic event. ( 2.7 , 5.3 ) Hepatotoxicity : Monitor liver function prior to treatment and periodically during treatm	DOCUMENTED	p Grade 3 or 4 fistula or any Grade gastrointestinal perforation. ( 2.7 , 5.8 ) QT Interval Prolongation : Monitor and correct electrolyte abnormalities. Withhold	NOT_SCORED	NOT_SCORED
lenvatinib	LENVATINIB	CHEMBL1289601	edges	True	False	False	ORAL	1	True	LENVATINIB	ORAL	4.0	False		True		True	True	APPROVED	MECHANISM UNSUPPORTED	DOCUMENTED	Events : Discontinue following an arterial thromboembolic event. ( 2.7 , 5.3 ) Hepatotoxicity : Monitor liver function prior to treatment and periodically during treatm	DOCUMENTED	p Grade 3 or 4 fistula or any Grade gastrointestinal perforation. ( 2.7 , 5.8 ) QT Interval Prolongation : Monitor and correct electrolyte abnormalities. Withhold	NOT_SCORED	NOT_SCORED
LESINURAD	LESINURAD	CHEMBL2105720	pref_name__iexact	True	False	False		0	False		ORAL	4.0	False		True			False	APPROVED_NO_LABEL	REFERENCED	NO_US_LABEL		NO_US_LABEL		NOT_SCORED	NOT_SCORED
LETROZOLE	LETROZOLE	CHEMBL1444	pref_name__iexact	True	False	False	ORAL	10	True	LETROZOLE	ORAL	4.0	False		True			True	APPROVED	REFERENCED	NONE		NONE		NOT_SCORED	NOT_SCORED
LEUCINE	LEUCINE	CHEMBL291962	pref_name__iexact	False	False	False	INTRAVENOUS;ORAL	10	True	LEUCINE	DISAGREE	3.0	False		True			False	NOT_APPROVED	MECHANISM UNSUPPORTED	DOCUMENTED	is, cholestasis, hepatic steatosis, fibrosis and cirrhosis, possibly leading to hepatic failure. The etiology of these disorders is thought to be multifactorial and may differ	NONE		NOT_SCORED	NOT_SCORED
LEUCOVORIN CALCIUM	LEUCOVORIN CALCIUM	CHEMBL1201138	pref_name__iexact	True	True	False	INTRAMUSCULAR;INTRAVENOUS;ORAL	10	True	LEUCOVORIN CALCIUM	ORAL	4.0	False		True			True	APPROVED	MECHANISM UNSUPPORTED	NONE		NONE		NOT_SCORED	NOT_SCORED
LEUPROLIDE ACETATE	LEUPROLIDE ACETATE	CHEMBL1200775	pref_name__iexact	True	True	False	SUBCUTANEOUS	10	True	LEUPROLIDE ACETATE	DISAGREE	4.0	False		True			True	APPROVED	REFERENCED	NONE		DOCUMENTED	o current clinical practice. ( 5.2 ) Cardiovascular diseases: Increased risk of myocardial infarction, sudden cardiac death and stroke has been reported in men. Monitor f	NOT_SCORED	NOT_SCORED
LEVODOPA	LEVODOPA	CHEMBL1009	pref_name__iexact	True	False	True	ORAL;RESPIRATORY (INHALATION)	10	True	LEVODOPA	ORAL	4.0	False		True			True	APPROVED	REFERENCED	NONE		DOCUMENTED	nistering carbidopa and levodopa extended-release to patients with a history of myocardial infarction who have residual atrial, nodal, or ventricular arrhythmias. In such	NOT_SCORED	NOT_SCORED
LEVOFLOXACIN ANHYDROUS	LEVOFLOXACIN ANHYDROUS	CHEMBL33	pref_name__iexact	True	True	True	ORAL	10	True	LEVOFLOXACIN	ORAL	4.0	False		True			True	APPROVED	MECHANISM UNSUPPORTED	DOCUMENTED	thrombocytopenia), and renal toxicities may occur after multiple doses ( 5.6 ) Hepatotoxicity: Severe, and sometimes fatal, hepatoxicity has been reported. Discontinue	DOCUMENTED	Clostridium difficile -associated colitis: evaluate if diarrhea occurs ( 5.10 ) Prolongation of the QT interval and isolated cases of torsade de pointes have been reported.	NOT_SCORED	NOT_SCORED
LEVOKETOCONAZOLE	LEVOKETOCONAZOLE	CHEMBL295698	edges	True	False	False	ORAL	1	True	LEVOKETOCONAZOLE	ORAL	4.0	False	True	True	True		True	APPROVED	REFERENCED	DOCUMENTED	WARNING: HEPATOTOXICITY AND QT PROLONGATION Hepatotoxicity • Cases of hepatotoxicity with a fatal	DOCUMENTED	WARNING: HEPATOTOXICITY AND QT PROLONGATION Hepatotoxicity • Cases of hepatotoxicity with a fatal outcome or r	NOT_SCORED	NOT_SCORED
LEVOTHYROXINE SODIUM	LEVOTHYROXINE SODIUM	CHEMBL2103741	pref_name__iexact	True	True	False	INTRAVENOUS;ORAL	10	True	LEVOTHYROXINE SODIUM	ORAL	4.0	False		True			True	APPROVED	REFERENCED	DOCUMENTED	determine the free-T4 index (FT4I) in this circumstance. Pregnancy, infectious hepatitis, estrogens, estrogen-containing oral contraceptives, and acute intermittent por	DOCUMENTED	lying Cardiovascular Disease: Overtreatment may cause arrhythmias, tachycardia, myocardial ischemia and infarction, or worsening of congestive heart failure and death, pa	NOT_SCORED	NOT_SCORED
LINEZOLID	LINEZOLID	CHEMBL126	pref_name__iexact	True	True	False	INTRAVENOUS;ORAL	10	True	LINEZOLID	ORAL	4.0	False		True			True	APPROVED	REFERENCED	NONE		NONE		NOT_SCORED	NOT_SCORED
LINOLENIC ACID	LINOLENIC ACID	CHEMBL8739	pref_name__iexact	False	False	False		0	False		NOT_ORAL		False		True			False	NOT_APPROVED	MECHANISM UNSUPPORTED	NO_US_LABEL		NO_US_LABEL		NOT_SCORED	NOT_SCORED
LIOTHYRONINE	LIOTHYRONINE	CHEMBL1544	pref_name__iexact	True	True	False	ORAL	10	True	LIOTHYRONINE	ORAL	4.0	False		True			True	APPROVED	REFERENCED	NONE		NONE		NOT_SCORED	NOT_SCORED
LIOTHYRONINE SODIUM	LIOTHYRONINE SODIUM	CHEMBL1201119	pref_name__iexact	True	True	False	ORAL	10	True	LIOTHYRONINE SODIUM	ORAL	4.0	False		True			True	APPROVED	REFERENCED	NONE		NONE		NOT_SCORED	NOT_SCORED
LOPINAVIR	LOPINAVIR	CHEMBL729	pref_name__iexact	True	False	False	ORAL	4	True	LOPINAVIR	ORAL	4.0	False		True			True	APPROVED	REFERENCED	DOCUMENTED	s: Fatalities have occurred; suspend therapy as clinically appropriate. ( 5.3 ) Hepatotoxicity: Fatalities have occurred. Monitor liver function before and during therap	DOCUMENTED	g hepatitis B and hepatitis C, or marked transaminase elevations. ( 5.4 , 8.6 ) QT interval prolongation and isolated cases of torsade de pointes have been report	NOT_SCORED	NOT_SCORED
LORATADINE	LORATADINE	CHEMBL998	pref_name__iexact	True	False	False	ORAL	10	True	LORATADINE	ORAL	4.0	False		True			True	APPROVED	REFERENCED	NONE		NONE		NOT_SCORED	NOT_SCORED
LORLATINIB	LORLATINIB	CHEMBL3286830	pref_name__iexact	True	False	False	ORAL	2	True	LORLATINIB	ORAL	4.0	False		True			True	APPROVED	REFERENCED	DOCUMENTED	5 WARNINGS AND PRECAUTIONS • Risk of Serious Hepatotoxicity with Concomitant Use of Strong CYP3A Inducers : Discontinue strong CYP3A i	DOCUMENTED	[see Dosage and Administration (2.3) ]. 5.4 Atrioventricular Block PR interval prolongation and atrioventricular (AV) block can occur in patients receiving LORBRENA [see A	NOT_SCORED	NOT_SCORED
LOVASTATIN	LOVASTATIN	CHEMBL503	pref_name__iexact	True	False	False	ORAL	10	True	LOVASTATIN	ORAL	4.0	False		True			True	APPROVED	REFERENCED	DOCUMENTED	months after the start of therapy with lovastatin, and were not associated with jaundice or other clinical signs or symptoms. There was no evidence of hypersensitivity.	NONE		NOT_SCORED	NOT_SCORED
LOVOTIBEGLOGENE AUTOTEMCEL	LOVOTIBEGLOGENE AUTOTEMCEL	CHEMBL4650269	edges	False	False	False	INTRAVENOUS	1	True	LOVOTIBEGLOGENE AUTOTEMCEL	NOT_ORAL	4.0	False	True	True	True		True	APPROVED	REFERENCED	NONE		NONE		NOT_SCORED	NOT_SCORED
LUMIRACOXIB	LUMIRACOXIB	CHEMBL404108	pref_name__iexact	True	False	False		0	False		ORAL	4.0	True		True			False	APPROVED_NO_LABEL	REFERENCED	NO_US_LABEL		NO_US_LABEL		NOT_SCORED	NOT_SCORED
LURBINECTEDIN	LURBINECTEDIN	CHEMBL4297516	pref_name__iexact	False	True	False	INTRAVENOUS	1	True	LURBINECTEDIN	NOT_ORAL	4.0	False		True			True	APPROVED	REFERENCED	DOCUMENTED	duce the dose, or permanently discontinue ZEPZELCA based on severity. ( 5.1 ) • Hepatotoxicity : Monitor liver function tests prior to initiating ZEPZELCA, periodically	NONE		NOT_SCORED	NOT_SCORED
LUSPATERCEPT	LUSPATERCEPT	CHEMBL3039545	edges	False	True	False	SUBCUTANEOUS	1	True	LUSPATERCEPT	NOT_ORAL	4.0	False		True		True	True	APPROVED	REFERENCED	NONE		NONE		NOT_SCORED	NOT_SCORED
luspatercept	LUSPATERCEPT	CHEMBL3039545	edges	False	True	False	SUBCUTANEOUS	1	True	LUSPATERCEPT	NOT_ORAL	4.0	False		True		True	True	APPROVED	REFERENCED	NONE		NONE		NOT_SCORED	NOT_SCORED
LUTEIN	LUTEIN	CHEMBL173929	pref_name__iexact	False	False	False	ORAL	1	True	LUTEIN	DISAGREE	3.0	False		True			False	NOT_APPROVED	MECHANISM UNSUPPORTED	NONE		NONE		NOT_SCORED	NOT_SCORED
LUTETIUM LU 177 VIPIVOTIDE TETRAXETAN	LUTETIUM LU 177 VIPIVOTIDE TETRAXETAN	CHEMBL4594406	free_text_search	False	True	False	INTRAVENOUS	1	True	LUTETIUM LU 177 VIPIVOTIDE TETRAXETAN	NOT_ORAL	4.0	False		True			True	APPROVED	REFERENCED	NONE		NONE		NOT_SCORED	NOT_SCORED
LUTETIUM LU-177 VIPIVOTIDE TETRAXETAN	LUTETIUM LU-177 VIPIVOTIDE TETRAXETAN	CHEMBL4594406	edges	False	True	False	INTRAVENOUS	1	True	LUTETIUM LU-177 VIPIVOTIDE TETRAXETAN	NOT_ORAL	4.0	False	True	True	True		True	APPROVED	REFERENCED	NONE		NONE		NOT_SCORED	NOT_SCORED
MACITENTAN	MACITENTAN	CHEMBL2103873	pref_name__iexact	True	False	False	ORAL	10	True	MACITENTAN	ORAL	4.0	False		True			True	APPROVED	REFERENCED	DOCUMENTED	5 WARNINGS AND PRECAUTIONS ERAs cause hepatotoxicity and liver failure. Obtain baseline liver enzymes and monitor as clinically	NONE		NOT_SCORED	NOT_SCORED
MAPROTILINE	MAPROTILINE	CHEMBL21731	pref_name__iexact	True	False	False		0	False		ORAL	4.0	False		True			False	APPROVED_NO_LABEL	MECHANISM UNSUPPORTED	NO_US_LABEL		NO_US_LABEL		NOT_SCORED	NOT_SCORED
MARALIXIBAT	MARALIXIBAT	CHEMBL363392	pref_name__iexact	True	False	False	ORAL	1	True	MARALIXIBAT	ORAL	4.0	False		True			True	APPROVED	REFERENCED	DOCUMENTED	5 WARNINGS AND PRECAUTIONS • Hepatotoxicity: Obtain baseline liver tests and monitor patients frequently for the first	NONE		NOT_SCORED	NOT_SCORED
MARAVIROC	MARAVIROC	CHEMBL256907	edges_ambiguous_resolved_maxphase	True	False	False	ORAL	10	True	MARAVIROC	ORAL	4.0	False	True	True	True	True	True	APPROVED	REFERENCED	DOCUMENTED	BOXED WARNING WARNING: HEPATOTOXICITY Hepatotoxicity has been reported with use of maraviroc tablets. Severe ras	DOCUMENTED	ver aminotransferases, closely. ( 5.2 ) • More cardiovascular events, including myocardial ischemia and/or infarction, were observed in treatment-experienced subjects who	NOT_SCORED	NOT_SCORED
maraviroc	MARAVIROC	CHEMBL256907	edges_ambiguous_resolved_maxphase	True	False	False	ORAL	10	True	MARAVIROC	ORAL	4.0	False	True	True	True	True	True	APPROVED	REFERENCED	DOCUMENTED	BOXED WARNING WARNING: HEPATOTOXICITY Hepatotoxicity has been reported with use of maraviroc tablets. Severe ras	DOCUMENTED	ver aminotransferases, closely. ( 5.2 ) • More cardiovascular events, including myocardial ischemia and/or infarction, were observed in treatment-experienced subjects who	NOT_SCORED	NOT_SCORED
MASITINIB	MASITINIB	CHEMBL1908391	edges	False	False	False		0	False		NOT_ORAL	3.0	False	True	False	False		False	NOT_APPROVED	REFERENCED	NO_US_LABEL		NO_US_LABEL		NOT_SCORED	NOT_SCORED
MASOPROCOL	MASOPROCOL	CHEMBL313972	pref_name__iexact	False	False	True		0	False		NOT_ORAL	4.0	False		True			False	APPROVED_NO_LABEL	REFERENCED	NO_US_LABEL		NO_US_LABEL		NOT_SCORED	NOT_SCORED
MAVORIXAFOR	MAVORIXAFOR	CHEMBL518924	edges	True	False	False	ORAL	1	True	MAVORIXAFOR	ORAL	4.0	False	True	True	True		True	APPROVED	REFERENCED	NONE		DOCUMENTED	n of reproductive potential to use effective contraception. ( 5.1 , 8.1 , 8.3 ) QTc Interval Prolongation: : Correct any modifiable risk factors, assess QTc at ba	NOT_SCORED	NOT_SCORED
MEBENDAZOLE	MEBENDAZOLE	CHEMBL685	pref_name__iexact	True	False	False	ORAL	1	True	MEBENDAZOLE	ORAL	4.0	False		True			True	APPROVED	REFERENCED	NONE		NONE		NOT_SCORED	NOT_SCORED
MECASERMIN	MECASERMIN	CHEMBL1201716	pref_name__iexact	False	True	False	SUBCUTANEOUS	2	True	MECASERMIN	NOT_ORAL	4.0	False		True			True	APPROVED	REFERENCED	NONE		NONE		NOT_SCORED	NOT_SCORED
MECLIZINE	MECLIZINE	CHEMBL1623	pref_name__iexact	True	False	False	ORAL	10	True	MECLIZINE	ORAL	4.0	False		True			True	APPROVED	MECHANISM UNSUPPORTED	NONE		NONE		NOT_SCORED	NOT_SCORED
MEDROXYPROGESTERONE ACETATE	MEDROXYPROGESTERONE ACETATE	CHEMBL717	pref_name__iexact	True	True	False	INTRAMUSCULAR;ORAL	10	True	MEDROXYPROGESTERONE ACETATE	ORAL	4.0	False		True			True	APPROVED	REFERENCED	DOCUMENTED	iver Function: Discontinue medroxyprogesterone acetate injectable suspension if jaundice or disturbances of liver function develop. ( 5. 7) Carbohydrate Metabolism: Mon	DOCUMENTED	creased risk of deep vein thrombosis (DVT), pulmonary embolism (PE), stroke and myocardial infarction (MI) in postmenopausal women (50 to 79 years of age) during 5.6 year	NOT_SCORED	NOT_SCORED
MEFENAMIC ACID	MEFENAMIC ACID	CHEMBL686	edges	True	False	False	ORAL	6	True	MEFENAMIC ACID	ORAL	4.0	False		True		True	True	APPROVED	REFERENCED	DOCUMENTED	ore closely for evidence of GI bleeding (see Precautions ; Drug Interactions ). Hepatotoxicity Elevations of ALT or AST (three or more times the upper limit of normal [U	DOCUMENTED	cause an increased risk of serious cardiovascular thrombotic events, including myocardial infarction and stroke, which can be fatal. This risk may occur early in treatme	NOT_SCORED	NOT_SCORED
mefenamic acid	MEFENAMIC ACID	CHEMBL686	edges	True	False	False	ORAL	6	True	MEFENAMIC ACID	ORAL	4.0	False		True		True	True	APPROVED	REFERENCED	DOCUMENTED	ore closely for evidence of GI bleeding (see Precautions ; Drug Interactions ). Hepatotoxicity Elevations of ALT or AST (three or more times the upper limit of normal [U	DOCUMENTED	cause an increased risk of serious cardiovascular thrombotic events, including myocardial infarction and stroke, which can be fatal. This risk may occur early in treatme	NOT_SCORED	NOT_SCORED
MELATONIN	MELATONIN	CHEMBL45	pref_name__iexact	True	False	False	ORAL	10	True	MELATONIN	ORAL	4.0	False		True			True	APPROVED	MECHANISM UNSUPPORTED	NONE		NONE		NOT_SCORED	NOT_SCORED
MELOXICAM	MELOXICAM	CHEMBL599	pref_name__iexact	True	True	False	ORAL	10	True	MELOXICAM	ORAL	4.0	False		True			True	APPROVED	REFERENCED	DOCUMENTED	5 WARNINGS AND PRECAUTIONS Hepatotoxicity : Inform patients of warning signs and symptoms of hepatotoxicity. Discont	DOCUMENTED	cause an increased risk of serious cardiovascular thrombotic events, including myocardial infarction and stroke, which can be fatal. This risk may occur early in treatme	NOT_SCORED	NOT_SCORED
MELPHALAN	MELPHALAN	CHEMBL852	pref_name__iexact	True	True	False	INTRA-ARTERIAL;INTRAVENOUS	10	True	MELPHALAN	DISAGREE	4.0	False		True			True	APPROVED	REFERENCED	NONE		NONE		NOT_SCORED	NOT_SCORED
MEPERIDINE HYDROCHLORIDE	MEPERIDINE HYDROCHLORIDE	CHEMBL1701	pref_name__iexact	True	True	False	INTRAMUSCULAR;INTRAVENOUS;ORAL;SUBCUTANEOUS	5	True	MEPERIDINE HYDROCHLORIDE	ORAL	4.0	False		True			True	APPROVED	REFERENCED	NONE		DOCUMENTED	espiratory depression, apnea, hypotension, peripheral circulatory collapse, and cardiac arrest have occurred. Meperidine should not be administered intravenously unless an op	NOT_SCORED	NOT_SCORED
MEPIVACAINE HYDROCHLORIDE	MEPIVACAINE HYDROCHLORIDE	CHEMBL1200440	pref_name__iexact	False	True	False	EPIDURAL;INFILTRATION;SUBCUTANEOUS;SUBMUCOSAL	10	True	MEPIVACAINE HYDROCHLORIDE	NOT_ORAL	4.0	False		True			True	APPROVED	REFERENCED	NONE		DOCUMENTED	ANY CAUSE, AND/OR ALTERED SENSITIVITY MAY LEAD TO THE DEVELOPMENT OF ACIDOSIS, CARDIAC ARREST AND, POSSIBLY, DEATH. Methemoglobinemia Cases of methemoglobinemia have been re	NOT_SCORED	NOT_SCORED
MEPROBAMATE	MEPROBAMATE	CHEMBL979	pref_name__iexact	True	False	False	ORAL	3	True	MEPROBAMATE	ORAL	4.0	True		True			True	APPROVED	REFERENCED	NONE		NONE		NOT_SCORED	NOT_SCORED
MERCAPTOPURINE	MERCAPTOPURINE	CHEMBL1200751	pref_name__iexact	True	False	False	ORAL	6	True	MERCAPTOPURINE	ORAL	4.0	False		True			True	APPROVED	REFERENCED	DOCUMENTED	T or homozygous-NUDT15 deficiency may require a dose reduction. ( 2.2 , 5.1 ) • Hepatotoxicity : Monitor transaminases, alkaline phosphatase and bilirubin. Withhold merc	NONE		NOT_SCORED	NOT_SCORED
MESALAMINE	MESALAMINE	CHEMBL704	pref_name__iexact	True	False	True	ORAL;RECTAL	10	True	MESALAMINE	ORAL	4.0	False		True			True	APPROVED	REFERENCED	DOCUMENTED	immediately and discontinue if a hypersensitivity reaction is suspected. (5.3) Hepatic Failure : Evaluate the risks and benefits in patients with known liver impairment. (5.4	NONE		NOT_SCORED	NOT_SCORED
MESTRANOL	MESTRANOL	CHEMBL1201151	pref_name__iexact	True	False	False		0	False		ORAL	4.0	False		True			False	APPROVED_NO_LABEL	REFERENCED	NO_US_LABEL		NO_US_LABEL		NOT_SCORED	NOT_SCORED
METARAMINOL	METARAMINOL	CHEMBL1201319	pref_name__iexact	False	True	False		0	False		NOT_ORAL	4.0	False		True			False	APPROVED_NO_LABEL	MECHANISM UNSUPPORTED	NO_US_LABEL		NO_US_LABEL		NOT_SCORED	NOT_SCORED
METFORMIN	METFORMIN	CHEMBL1431	pref_name__iexact	True	False	False	ORAL	10	True	METFORMIN	ORAL	4.0	False		True			True	APPROVED	MECHANISM UNSUPPORTED	NONE		DOCUMENTED	mpanied by hypoperfusion and hypoxemia). Cardiovascular collapse (shock), acute myocardial infarction, sepsis, and other conditions associated with hypoxemia have been as	NOT_SCORED	NOT_SCORED
METHADONE HYDROCHLORIDE	METHADONE HYDROCHLORIDE	CHEMBL1200825	pref_name__iexact	True	True	False	INTRAMUSCULAR;INTRAVENOUS;ORAL;SUBCUTANEOUS	10	True	METHADONE HYDROCHLORIDE	ORAL	4.0	False		True			True	APPROVED	REFERENCED	NONE		DOCUMENTED	reatment options are inadequate (see WARNINGS , PRECAUTIONS ). Life-Threatening QT Prolongation QT interval prolongation and serious arrhythmia (torsades de point	NOT_SCORED	NOT_SCORED
METHAMPHETAMINE	METHAMPHETAMINE	CHEMBL1201201	pref_name__iexact	True	False	False	ORAL	3	True	METHAMPHETAMINE	ORAL	4.0	False		True			True	APPROVED	MECHANISM UNSUPPORTED	NONE		DOCUMENTED	ympathomimetic effects of a stimulant drug. Adults : Sudden deaths, stroke, and myocardial infarction have been reported in adults taking stimulant drugs at usual doses f	NOT_SCORED	NOT_SCORED
METHIMAZOLE	METHIMAZOLE	CHEMBL1515	pref_name__iexact	True	False	False	ORAL	10	True	METHIMAZOLE	ORAL	4.0	False		True			True	APPROVED	REFERENCED	DOCUMENTED	indices should be monitored. Liver Toxicity Although there have been reports of hepatotoxicity (including acute liver failure) associated with methimazole, the risk of h	NONE		NOT_SCORED	NOT_SCORED
METHOCARBAMOL	METHOCARBAMOL	CHEMBL1201117	pref_name__iexact	True	True	False	INTRAMUSCULAR;INTRAVENOUS;ORAL	10	True	METHOCARBAMOL	ORAL	4.0	False		True			True	APPROVED	REFERENCED	NONE		NONE		NOT_SCORED	NOT_SCORED
METHOTREXATE	METHOTREXATE	CHEMBL34259	pref_name__iexact	True	True	False	INTRAMUSCULAR;INTRATHECAL;INTRAVENOUS;ORAL;SUBCUTANEOUS	10	True	METHOTREXATE	ORAL	4.0	False		True			True	APPROVED	REFERENCED	DOCUMENTED	availability of alternative therapy [see Dosage and Administration (2.6)]. 5.5 Hepatotoxicity Methotrexate can cause severe and potentially irreversible hepatotoxicity,	NONE		NOT_SCORED	NOT_SCORED
METHOXSALEN	METHOXSALEN	CHEMBL416	pref_name__iexact	True	True	True	ORAL	1	True	METHOXSALEN	ORAL	4.0	False		True			True	APPROVED	REFERENCED	DOCUMENTED	le basal cell carcinomas or having a history of basal cell carcinomas should be diligently observed and treated. F. RADIATION THERAPY: Patients having a history of	NONE		NOT_SCORED	NOT_SCORED
METHYLDOPA ANHYDROUS	METHYLDOPA ANHYDROUS	CHEMBL459	free_text_search	True	False	False	ORAL	2	True	METHYLDOPA	ORAL	4.0	False		True			True	APPROVED	REFERENCED	DOCUMENTED	phosphatase, serum transaminases (SGOT, SGPT), bilirubin, and prothrombin time. Jaundice, with or without fever, may occur with onset usually within the first 2 to 3 mo	NONE		NOT_SCORED	NOT_SCORED
METHYLENE BLUE	METHYLENE BLUE	CHEMBL550495	pref_name__iexact	False	True	False	EXTRACORPOREAL;INTRAVENOUS;ORAL	10	True	METHYLENE BLUE	DISAGREE	4.0	False		True			True	APPROVED	REFERENCED	NONE		NONE		NOT_SCORED	NOT_SCORED
METHYLENE BLUE ANHYDROUS	METHYLENE BLUE ANHYDROUS	CHEMBL405110	pref_name__iexact	False	False	False	EXTRACORPOREAL;INTRAVENOUS;ORAL	10	True	METHYLENE BLUE	DISAGREE	4.0	False		True			True	APPROVED	REFERENCED	NONE		NONE		NOT_SCORED	NOT_SCORED
METHYLERGONOVINE	METHYLERGONOVINE	CHEMBL1201356	pref_name__iexact	True	True	False	INTRAMUSCULAR;INTRAVENOUS;ORAL	10	True	METHYLERGONOVINE	ORAL	4.0	False		True			True	APPROVED	MECHANISM UNSUPPORTED	DOCUMENTED	ergonovine maleate tablets, USP have been administered instead of vitamin K and Hepatitis B vaccine, medications which are routinely administered to the newborn. Due to	DOCUMENTED	ing, obesity, diabetes, high cholesterol) may be more susceptible to developing myocardial ischemia and infarction associated with methylergonovine-induced vasospasm. Med	NOT_SCORED	NOT_SCORED
METHYLHOMATROPINE	METHYLHOMATROPINE	CHEMBL1201235	pref_name__iexact	True	False	False		0	False		ORAL	4.0	False		True			False	APPROVED_NO_LABEL	MECHANISM UNSUPPORTED	NO_US_LABEL		NO_US_LABEL		NOT_SCORED	NOT_SCORED
METHYLPREDNISOLONE	METHYLPREDNISOLONE	CHEMBL650	pref_name__iexact	True	False	True	EPIDURAL;INFILTRATION;INTRA-ARTICULAR;INTRALESIONAL;INTRAMUSCULAR;INTRASYNOVIAL;INTRAVENOUS;ORAL;SOFT TISSUE;SUBCUTANEOUS;TOPICAL	10	True	METHYLPREDNISOLONE	ORAL	4.0	False		True			True	APPROVED	REFERENCED	DOCUMENTED	t is exposed to measles, prophylaxis with immunoglobulin (IG) may be indicated. Hepatitis B Virus Reactivation Hepatitis B virus reactivation can occur in patients who a	DOCUMENTED	WARNING: RISK OF CARDIAC ARREST WITH USE OF BUPIVACAINE HYDROCHLORIDE INJECTION IN OBSTETRICAL ANESTHESIA There	NOT_SCORED	NOT_SCORED
METHYSERGIDE	METHYSERGIDE	CHEMBL1065	pref_name__iexact	True	False	False		0	False		ORAL	4.0	False		True			False	APPROVED_NO_LABEL	MECHANISM UNSUPPORTED	NO_US_LABEL		NO_US_LABEL		NOT_SCORED	NOT_SCORED
METOCLOPRAMIDE HYDROCHLORIDE	METOCLOPRAMIDE HYDROCHLORIDE	CHEMBL1200940	pref_name__iexact	True	True	True	INTRAMUSCULAR;INTRAVENOUS;NASAL;ORAL	10	True	METOCLOPRAMIDE HYDROCHLORIDE	ORAL	4.0	False		True			True	APPROVED	REFERENCED	NONE		NONE		NOT_SCORED	NOT_SCORED
METRELEPTIN	METRELEPTIN	CHEMBL2107857	pref_name__iexact	False	True	False	SUBCUTANEOUS	1	True	METRELEPTIN	NOT_ORAL	4.0	False		True			True	APPROVED	REFERENCED	DOCUMENTED	d lipodystrophies are associated with autoimmune disorders including autoimmune hepatitis and membranoproliferative glomerulonephritis. Cases of progression of autoimmun	NONE		NOT_SCORED	NOT_SCORED
METRONIDAZOLE	METRONIDAZOLE	CHEMBL137	pref_name__iexact	True	True	True	ORAL;TOPICAL;VAGINAL	10	True	METRONIDAZOLE	ORAL	4.0	False		True			True	APPROVED	REFERENCED	NONE		NONE		NOT_SCORED	NOT_SCORED
METYROSINE	METYROSINE	CHEMBL1200862	pref_name__iexact	True	False	False	ORAL	3	True	METYROSINE	ORAL	4.0	False		True			True	APPROVED	REFERENCED	NONE		NONE		NOT_SCORED	NOT_SCORED
MICONAZOLE NITRATE	MICONAZOLE NITRATE	CHEMBL1559	pref_name__iexact	False	False	True	TOPICAL;VAGINAL	10	True	MICONAZOLE NITRATE	NOT_ORAL	4.0	False		True			True	APPROVED	REFERENCED	NONE		NONE		NOT_SCORED	NOT_SCORED
MIDAZOLAM HYDROCHLORIDE	MIDAZOLAM HYDROCHLORIDE	CHEMBL1200420	pref_name__iexact	True	True	False	INTRAMUSCULAR;INTRAVENOUS;ORAL	10	True	MIDAZOLAM HYDROCHLORIDE	ORAL	4.0	False		True			True	APPROVED	MECHANISM UNSUPPORTED	NONE		DOCUMENTED	try). Hypoventilation, airway obstruction, and apnea can lead to hypoxia and/or cardiac arrest unless effective countermeasures are taken immediately. The immediate availabil	NOT_SCORED	NOT_SCORED
MIDODRINE	MIDODRINE	CHEMBL1201212	pref_name__iexact	True	False	False	ORAL	10	True	MIDODRINE	ORAL	4.0	False		True			True	APPROVED	MECHANISM UNSUPPORTED	NONE		NONE		NOT_SCORED	NOT_SCORED
MIDOSTAURIN	MIDOSTAURIN	CHEMBL608533	edges	True	False	False		0	False		ORAL	4.0	False	True	True		True	False	APPROVED_NO_LABEL	REFERENCED	NO_US_LABEL		NO_US_LABEL		NOT_SCORED	NOT_SCORED
midostaurin	MIDOSTAURIN	CHEMBL608533	edges	True	False	False		0	False		ORAL	4.0	False	True	True		True	False	APPROVED_NO_LABEL	REFERENCED	NO_US_LABEL		NO_US_LABEL		NOT_SCORED	NOT_SCORED
MIFEPRISTONE	MIFEPRISTONE	CHEMBL1276308	pref_name__iexact	True	False	False	ORAL	5	True	MIFEPRISTONE	ORAL	4.0	False		True			True	APPROVED	REFERENCED	NONE		DOCUMENTED	atient also has a hemorrhagic disorder or is on anti-coagulant therapy ( 5.3 ). QT interval prolongation : Avoid use with QT interval-prolonging drugs, or in pati	NOT_SCORED	NOT_SCORED
MIGALASTAT	MIGALASTAT	CHEMBL110458	pref_name__iexact	True	False	False	ORAL	1	True	MIGALASTAT	ORAL	4.0	False		True			True	APPROVED	MECHANISM UNSUPPORTED	NONE		NONE		NOT_SCORED	NOT_SCORED
MILTEFOSINE	MILTEFOSINE	CHEMBL125	pref_name__iexact	True	False	False		0	False		ORAL	4.0	False		True			False	APPROVED_NO_LABEL	REFERENCED	NO_US_LABEL		NO_US_LABEL		NOT_SCORED	NOT_SCORED
MINOCYCLINE	MINOCYCLINE	CHEMBL1434	pref_name__iexact	True	True	True		0	False		ORAL	4.0	False		True			False	APPROVED_NO_LABEL	MECHANISM UNSUPPORTED	NO_US_LABEL		NO_US_LABEL		NOT_SCORED	NOT_SCORED
MINOXIDIL	MINOXIDIL	CHEMBL802	pref_name__iexact	True	False	True		0	False		ORAL	4.0	False		True			False	APPROVED_NO_LABEL	REFERENCED	NO_US_LABEL		NO_US_LABEL		NOT_SCORED	NOT_SCORED
MIRDAMETINIB	MIRDAMETINIB	CHEMBL507361	pref_name__iexact	False	False	False		0	False		NOT_ORAL	2.0	False		True			False	NOT_APPROVED	REFERENCED	NO_US_LABEL		NO_US_LABEL		NOT_SCORED	NOT_SCORED
MIRTAZAPINE	MIRTAZAPINE	CHEMBL654	edges	True	False	False	ORAL	10	True	MIRTAZAPINE	ORAL	4.0	False		True		True	True	APPROVED	REFERENCED	DOCUMENTED	eosinophilia, fever, and/or lymphadenopathy with systemic complications such as hepatitis, nephritis, pneumonitis, myocarditis, and/or pericarditis. DRESS is sometimes f	DOCUMENTED	th untreated anatomically narrow angles treated with antidepressants. ( 5.4 ) • QTc Prolongation: Use mirtazapine with caution in patients with risk factors for Q	NOT_SCORED	NOT_SCORED
mirtazapine	MIRTAZAPINE	CHEMBL654	edges	True	False	False	ORAL	10	True	MIRTAZAPINE	ORAL	4.0	False		True		True	True	APPROVED	REFERENCED	DOCUMENTED	eosinophilia, fever, and/or lymphadenopathy with systemic complications such as hepatitis, nephritis, pneumonitis, myocarditis, and/or pericarditis. DRESS is sometimes f	DOCUMENTED	th untreated anatomically narrow angles treated with antidepressants. ( 5.4 ) • QTc Prolongation: Use mirtazapine with caution in patients with risk factors for Q	NOT_SCORED	NOT_SCORED
MITAPIVAT	MITAPIVAT	CHEMBL4299940	edges	True	False	False	ORAL	2	True	MITAPIVAT	ORAL	4.0	False	True	True	True	True	True	APPROVED	REFERENCED	DOCUMENTED	in patients with cirrhosis. In patients with thalassemia treated with AQVESME, liver injury with and without jaundice has been observed within the first 6 months of exposu	NONE		NOT_SCORED	NOT_SCORED
mitapivat	MITAPIVAT	CHEMBL4299940	edges	True	False	False	ORAL	2	True	MITAPIVAT	ORAL	4.0	False	True	True	True	True	True	APPROVED	REFERENCED	DOCUMENTED	in patients with cirrhosis. In patients with thalassemia treated with AQVESME, liver injury with and without jaundice has been observed within the first 6 months of exposu	NONE		NOT_SCORED	NOT_SCORED
MITAPIVAT SULFATE	MITAPIVAT SULFATE	CHEMBL4297223	edges	True	False	False	ORAL	2	True	MITAPIVAT	ORAL	4.0	False	True	True	True		True	APPROVED	REFERENCED	DOCUMENTED	in patients with cirrhosis. In patients with thalassemia treated with AQVESME, liver injury with and without jaundice has been observed within the first 6 months of exposu	NONE		NOT_SCORED	NOT_SCORED
MITOMYCIN	MITOMYCIN	CHEMBL105	pref_name__iexact	False	True	True	INTRAVENOUS	10	True	MITOMYCIN	NOT_ORAL	4.0	False		True			True	APPROVED	REFERENCED	NONE		NONE		NOT_SCORED	NOT_SCORED
MITOTANE	MITOTANE	CHEMBL1670	pref_name__iexact	True	False	False	ORAL	2	True	MITOTANE	ORAL	4.0	False		True			True	APPROVED	REFERENCED	DOCUMENTED	, reduce the dose, or permanently discontinue LYSODREN based on severity. (5.3) Hepatotoxicity : Monitor liver functions tests prior to starting LYSODREN, during dose ti	NONE		NOT_SCORED	NOT_SCORED
MITOXANTRONE	MITOXANTRONE	CHEMBL58	pref_name__iexact	False	True	False	INTRAVENOUS	3	True	MITOXANTRONE	NOT_ORAL	4.0	False		True			True	APPROVED	MECHANISM UNSUPPORTED	NONE		DOCUMENTED	rug therapy and cardiac effects is difficult to establish in this setting since myocardial function is frequently depressed by the anemia, fever and infection, and hemorr	NOT_SCORED	NOT_SCORED
MODAFINIL	MODAFINIL	CHEMBL1373	pref_name__iexact	True	False	False	ORAL	10	True	MODAFINIL	ORAL	4.0	False		True			True	APPROVED	REFERENCED	DOCUMENTED	organ system involvement. Other associated manifestations included myocarditis, hepatitis, liver function test abnormalities, hematological abnormalities (e.g., eosinoph	DOCUMENTED	evaluation. Consider increased monitoring in patients with a recent history of myocardial infarction or unstable angina. Blood pressure monitoring in short term (≤ 3 mon	NOT_SCORED	NOT_SCORED
MOMELOTINIB	MOMELOTINIB	CHEMBL1078178	edges	True	False	False	ORAL	1	True	MOMELOTINIB	ORAL	4.0	False	True	True			True	APPROVED	REFERENCED	DOCUMENTED	fection. Monitor for signs and symptoms of infection, including reactivation of hepatitis B, and initiate appropriate treatment promptly. ( 5.1 ) • Thrombocytopenia and	DOCUMENTED	other JAK inhibitor increased the risk of MACE, including cardiovascular death, myocardial infarction, and stroke [compared with those treated with tumor necrosis factor	NOT_SCORED	NOT_SCORED
MOMELOTINIB DIHYDROCHLORIDE MONOHYDRATE	MOMELOTINIB DIHYDROCHLORIDE MONOHYDRATE	CHEMBL6068336	edges	False	False	False	ORAL	1	True	MOMELOTINIB	DISAGREE	4.0	False	True	True	True		True	APPROVED	MECHANISM UNSUPPORTED	DOCUMENTED	fection. Monitor for signs and symptoms of infection, including reactivation of hepatitis B, and initiate appropriate treatment promptly. ( 5.1 ) • Thrombocytopenia and	DOCUMENTED	other JAK inhibitor increased the risk of MACE, including cardiovascular death, myocardial infarction, and stroke [compared with those treated with tumor necrosis factor	NOT_SCORED	NOT_SCORED
MOMETASONE	MOMETASONE	CHEMBL1201404	pref_name__iexact	False	False	False	NASAL;RESPIRATORY (INHALATION);TOPICAL	10	True	MOMETASONE	NOT_ORAL	3.0	False		True			False	NOT_APPROVED	MECHANISM UNSUPPORTED	DOCUMENTED	surface areas, prolonged use, use of occlusive dressings, altered skin barrier, liver failure and young age. Because of the potential for systemic absorption, use of topical	NONE		NOT_SCORED	NOT_SCORED
MONOBENZONE	MONOBENZONE	CHEMBL1388	pref_name__iexact	False	False	True		0	False		NOT_ORAL	4.0	False		True			False	APPROVED_NO_LABEL	REFERENCED	NO_US_LABEL		NO_US_LABEL		NOT_SCORED	NOT_SCORED
MONTELUKAST SODIUM	MONTELUKAST SODIUM	CHEMBL1200681	pref_name__iexact	True	False	False	ORAL	10	True	MONTELUKAST SODIUM	ORAL	4.0	False		True			True	APPROVED	REFERENCED	NONE		NONE		NOT_SCORED	NOT_SCORED
MORPHINE SULFATE	MORPHINE SULFATE	CHEMBL2103744	pref_name__iexact	True	True	False	EPIDURAL;INTRAMUSCULAR;INTRATHECAL;INTRAVENOUS;ORAL	10	True	MORPHINE SULFATE	ORAL	4.0	False		True			True	APPROVED	REFERENCED	NONE		DOCUMENTED	in Ambulatory Patients Patients with reduced circulating blood volume, impaired myocardial function or on sympatholytic drugs should be monitored for the possible occurre	NOT_SCORED	NOT_SCORED
MOTIXAFORTIDE	MOTIXAFORTIDE	CHEMBL5095030	edges	False	False	False	SUBCUTANEOUS	2	True	MOTIXAFORTIDE	NOT_ORAL	3.0	False	True	True	False		False	NOT_APPROVED	REFERENCED	NONE		NONE		NOT_SCORED	NOT_SCORED
MOXISYLYTE	MOXISYLYTE	CHEMBL159226	pref_name__iexact	True	False	False		0	False		ORAL	4.0	True		True			False	APPROVED_NO_LABEL	REFERENCED	NO_US_LABEL		NO_US_LABEL		NOT_SCORED	NOT_SCORED
MYCOPHENOLATE	MYCOPHENOLATE	CHEMBL1456	free_text_search	True	True	False	INTRAVENOUS;ORAL	10	True	MYCOPHENOLATE	ORAL	4.0	False		True			True	APPROVED	REFERENCED	DOCUMENTED	tozoal infections, including opportunistic infections and viral reactivation of hepatitis B and C, which may lead to hospitalizations and fatal outcomes [see Warnings an	NONE		NOT_SCORED	NOT_SCORED
MYCOPHENOLATE MOFETIL	MYCOPHENOLATE MOFETIL	CHEMBL1456	pref_name__iexact	True	True	False	INTRAVENOUS;ORAL	10	True	MYCOPHENOLATE MOFETIL	ORAL	4.0	False		True			True	APPROVED	REFERENCED	DOCUMENTED	tozoal infections, including opportunistic infections and viral reactivation of hepatitis B and C, which may lead to hospitalizations and fatal outcomes [see Warnings an	NONE		NOT_SCORED	NOT_SCORED
NABUMETONE	NABUMETONE	CHEMBL1070	edges	True	False	False	ORAL	10	True	NABUMETONE	ORAL	4.0	False		True		True	True	APPROVED	REFERENCED	DOCUMENTED	phadenopathy, and/or facial swelling. Other clinical manifestations may include hepatitis, nephritis, hematological abnormalities, myocarditis, or myositis. Sometimes sy	DOCUMENTED	cause an increased risk of serious cardiovascular thrombotic events, including myocardial infarction and stroke, which can be fatal. This risk may occur early in treatme	NOT_SCORED	NOT_SCORED
nabumetone	NABUMETONE	CHEMBL1070	edges	True	False	False	ORAL	10	True	NABUMETONE	ORAL	4.0	False		True		True	True	APPROVED	REFERENCED	DOCUMENTED	phadenopathy, and/or facial swelling. Other clinical manifestations may include hepatitis, nephritis, hematological abnormalities, myocarditis, or myositis. Sometimes sy	DOCUMENTED	cause an increased risk of serious cardiovascular thrombotic events, including myocardial infarction and stroke, which can be fatal. This risk may occur early in treatme	NOT_SCORED	NOT_SCORED
NADOLOL	NADOLOL	CHEMBL521606	pref_name__iexact	True	False	False		0	False		ORAL	4.0	False		True			False	APPROVED_NO_LABEL	REFERENCED	NO_US_LABEL		NO_US_LABEL		NOT_SCORED	NOT_SCORED
NAFCILLIN SODIUM	NAFCILLIN SODIUM	CHEMBL1568276	pref_name__iexact	True	True	False	INTRAMUSCULAR;INTRAVENOUS	10	True	NAFCILLIN	DISAGREE	4.0	False		True			True	APPROVED	REFERENCED	NONE		NONE		NOT_SCORED	NOT_SCORED
NALBUPHINE HYDROCHLORIDE	NALBUPHINE HYDROCHLORIDE	CHEMBL1201132	pref_name__iexact	False	True	False	INTRAMUSCULAR;INTRAVENOUS;SUBCONJUNCTIVAL;SUBCUTANEOUS	10	True	NALBUPHINE HYDROCHLORIDE	NOT_ORAL	4.0	False		True			True	APPROVED	REFERENCED	NONE		NONE		NOT_SCORED	NOT_SCORED
NALDEMEDINE	NALDEMEDINE	CHEMBL2105755	pref_name__iexact	True	False	False	ORAL	1	True	NALDEMEDINE	ORAL	4.0	False		True			True	APPROVED	REFERENCED	NONE		NONE		NOT_SCORED	NOT_SCORED
NALTREXONE	NALTREXONE	CHEMBL19019	pref_name__iexact	True	True	False	ORAL	10	True	NALTREXONE	ORAL	4.0	False		True			True	APPROVED	REFERENCED	DOCUMENTED	had been unaware of the additional use of opioids or co-dependence on opioids. Hepatotoxicity Cases of hepatitis and clinically significant liver dysfunction were obser	NONE		NOT_SCORED	NOT_SCORED
NAPROXEN SODIUM	NAPROXEN SODIUM	CHEMBL1200806	pref_name__iexact	True	False	False	ORAL	10	True	NAPROXEN SODIUM	ORAL	4.0	False		True			True	APPROVED	REFERENCED	NONE		NONE		NOT_SCORED	NOT_SCORED
NATEGLINIDE	NATEGLINIDE	CHEMBL783	pref_name__iexact	True	False	False	ORAL	9	True	NATEGLINIDE	ORAL	4.0	False		True			True	APPROVED	REFERENCED	NONE		NONE		NOT_SCORED	NOT_SCORED
NEDOSIRAN SODIUM	NEDOSIRAN SODIUM	CHEMBL4594338	edges	False	True	False	SUBCUTANEOUS	1	True	NEDOSIRAN	NOT_ORAL	4.0	False	True				True	APPROVED	REFERENCED	NONE		NONE		NOT_SCORED	NOT_SCORED
NERATINIB	NERATINIB	CHEMBL180022	pref_name__iexact	True	False	False	ORAL	1	True	NERATINIB	ORAL	4.0	False		True			True	APPROVED	REFERENCED	DOCUMENTED	ea or Grade ≥2 diarrhea that occurs after maximal dose reduction. ( 2.3 , 5.1 ) Hepatotoxicity: Monitor liver function tests monthly for the first 3 months of treatment,	NONE		NOT_SCORED	NOT_SCORED
NEVIRAPINE	NEVIRAPINE	CHEMBL57	pref_name__iexact	True	False	False		0	False		ORAL	4.0	False		True			False	APPROVED_NO_LABEL	REFERENCED	NO_US_LABEL		NO_US_LABEL		NOT_SCORED	NOT_SCORED
NIACIN	NIACIN	CHEMBL573	pref_name__iexact	True	False	False		0	False		ORAL	4.0	False		True			False	APPROVED_NO_LABEL	MECHANISM UNSUPPORTED	NO_US_LABEL		NO_US_LABEL		NOT_SCORED	NOT_SCORED
NICLOSAMIDE	NICLOSAMIDE	CHEMBL1448	edges	True	False	False		0	False		ORAL	4.0	False		True		True	False	APPROVED_NO_LABEL	REFERENCED	NO_US_LABEL		NO_US_LABEL		NOT_SCORED	NOT_SCORED
niclosamide	NICLOSAMIDE	CHEMBL1448	edges	True	False	False		0	False		ORAL	4.0	False		True		True	False	APPROVED_NO_LABEL	REFERENCED	NO_US_LABEL		NO_US_LABEL		NOT_SCORED	NOT_SCORED
NICOTINE POLACRILEX	NICOTINE POLACRILEX	CHEMBL1201536	pref_name__iexact	True	False	True	BUCCAL;ORAL	10	True	NICOTINE POLACRILEX	ORAL	4.0	False		True			True	APPROVED	REFERENCED	NONE		NONE		NOT_SCORED	NOT_SCORED
NIFEDIPINE	NIFEDIPINE	CHEMBL193	edges	True	False	False	ORAL	10	True	NIFEDIPINE	ORAL	4.0	False		True		True	True	APPROVED	REFERENCED	NONE		DOCUMENTED	o are being treated for hypertension as well as angina: Increased Angina and/or Myocardial Infarction Rarely, patients, particularly those who have severe obstructive cor	NOT_SCORED	NOT_SCORED
nifedipine	NIFEDIPINE	CHEMBL193	edges	True	False	False	ORAL	10	True	NIFEDIPINE	ORAL	4.0	False		True		True	True	APPROVED	REFERENCED	NONE		DOCUMENTED	o are being treated for hypertension as well as angina: Increased Angina and/or Myocardial Infarction Rarely, patients, particularly those who have severe obstructive cor	NOT_SCORED	NOT_SCORED
NILOTINIB	NILOTINIB	CHEMBL255863	edges	True	False	False	ORAL	10	True	NILOTINIB	ORAL	4.0	False		True		True	True	APPROVED	MECHANISM UNSUPPORTED	DOCUMENTED	upt doses and consider appropriate diagnostics to exclude pancreatitis. ( 5.5 ) Hepatotoxicity : Monitor hepatic function tests monthly or as clinically indicated. ( 5.6	DOCUMENTED	WARNING: QT PROLONGATION and SUDDEN DEATHS Nilotinib prolongs the QT interval. Prior to nil	NOT_SCORED	NOT_SCORED
nilotinib	NILOTINIB	CHEMBL255863	edges	True	False	False	ORAL	10	True	NILOTINIB	ORAL	4.0	False		True		True	True	APPROVED	MECHANISM UNSUPPORTED	DOCUMENTED	upt doses and consider appropriate diagnostics to exclude pancreatitis. ( 5.5 ) Hepatotoxicity : Monitor hepatic function tests monthly or as clinically indicated. ( 5.6	DOCUMENTED	WARNING: QT PROLONGATION and SUDDEN DEATHS Nilotinib prolongs the QT interval. Prior to nil	NOT_SCORED	NOT_SCORED
NILUTAMIDE	NILUTAMIDE	CHEMBL1274	pref_name__iexact	True	False	False	ORAL	1	True	NILUTAMIDE	ORAL	4.0	False		True			True	APPROVED	REFERENCED	DOCUMENTED	ately discontinued until it can be determined if the symptoms are drug related. Hepatitis Rare cases of death or hospitalization due to severe liver injury have been rep	NONE		NOT_SCORED	NOT_SCORED
NIMODIPINE	NIMODIPINE	CHEMBL255033	edges	False	False	False	ORAL	4	True	NIMODIPINE	DISAGREE		False		True		True	False	MAX_PHASE_UNKNOWN	MECHANISM UNSUPPORTED	NONE		DOCUMENTED	RENTERAL ROUTES. DEATHS AND SERIOUS, LIFE THREATENING ADVERSE EVENTS, INCLUDING CARDIAC ARREST, CARDIOVASCULAR COLLAPSE, HYPOTENSION, AND BRADYCARDIA, HAVE OCCURRED WHEN THE	NOT_SCORED	NOT_SCORED
nimodipine	NIMODIPINE	CHEMBL255033	edges	False	False	False	ORAL	4	True	NIMODIPINE	DISAGREE		False		True		True	False	MAX_PHASE_UNKNOWN	MECHANISM UNSUPPORTED	NONE		DOCUMENTED	RENTERAL ROUTES. DEATHS AND SERIOUS, LIFE THREATENING ADVERSE EVENTS, INCLUDING CARDIAC ARREST, CARDIOVASCULAR COLLAPSE, HYPOTENSION, AND BRADYCARDIA, HAVE OCCURRED WHEN THE	NOT_SCORED	NOT_SCORED
NINTEDANIB ESYLATE	NINTEDANIB ESYLATE	CHEMBL3039504	pref_name__iexact	True	False	False	ORAL	1	True	NINTEDANIB ESYLATE	ORAL	4.0	False		True			True	APPROVED	REFERENCED	DOCUMENTED	nts. ( 2.3 , 2.4 , 5.1 , 8.6 , 12.3 ) • Elevated liver enzymes and drug-induced liver injury: ALT, AST, and bilirubin elevations have occurred with nintedanib capsules, inc	DOCUMENTED	treated with nintedanib capsules and less than 1% of placebo-treated patients. Myocardial infarction was the most common adverse reaction under arterial thromboembolic e	NOT_SCORED	NOT_SCORED
NIROGACESTAT	NIROGACESTAT	CHEMBL1770916	pref_name__iexact	True	False	False	ORAL	1	True	NIROGACESTAT	ORAL	4.0	False		True			True	APPROVED	REFERENCED	DOCUMENTED	tential of the potential risk prior to treatment and monitor routinely. ( 5.2 ) Hepatotoxicity : Elevated AST and ALT can occur. Monitor AST and ALT regularly and modify	NONE		NOT_SCORED	NOT_SCORED
NISOLDIPINE	NISOLDIPINE	CHEMBL1726	edges	True	False	False	ORAL	3	True	NISOLDIPINE	ORAL	4.0	False		True		True	True	APPROVED	REFERENCED	NONE		NONE		NOT_SCORED	NOT_SCORED
nisoldipine	NISOLDIPINE	CHEMBL1726	edges	True	False	False	ORAL	3	True	NISOLDIPINE	ORAL	4.0	False		True		True	True	APPROVED	REFERENCED	NONE		NONE		NOT_SCORED	NOT_SCORED
NITAZOXANIDE	NITAZOXANIDE	CHEMBL1401	pref_name__iexact	True	False	False	ORAL	4	True	NITAZOXANIDE	ORAL	4.0	False		True			True	APPROVED	REFERENCED	NONE		NONE		NOT_SCORED	NOT_SCORED
NITROFURANTOIN, MACROCRYSTALS	NITROFURANTOIN, MACROCRYSTALS	CHEMBL572	free_text_search	True	True	False	ORAL	10	True	NITROFURANTOIN, MACROCRYSTALS	ORAL	4.0	False		True			True	APPROVED	REFERENCED	DOCUMENTED	FITS OF THERAPY BE WEIGHED AGAINST POTENTIAL RISKS (SEE RESPIRATORY REACTIONS). Hepatotoxicity: Hepatic reactions, including hepatitis, cholestatic jaundice, chronic act	NONE		NOT_SCORED	NOT_SCORED
NIVOLUMAB	NIVOLUMAB	CHEMBL2108738	pref_name__iexact	False	True	False	INTRAVENOUS;SUBCUTANEOUS	3	True	NIVOLUMAB	NOT_ORAL	4.0	False		True			True	APPROVED	REFERENCED	DOCUMENTED	ollowing: immune-mediated pneumonitis, immune-mediated colitis, immune-mediated hepatitis and hepatotoxicity, immune-mediated endocrinopathies, immune-mediated dermatolo	NONE		NOT_SCORED	NOT_SCORED
NORGESTIMATE	NORGESTIMATE	CHEMBL1200934	edges	True	False	False		10	True	NORGESTIMATE	ORAL	4.0	False		True		True	True	APPROVED	REFERENCED	DOCUMENTED	omen who are not breastfeeding. ( 5.1 ) Liver disease : Discontinue Sprintec if jaundice occurs. ( 5.2 ) High blood pressure : If used in women with well-controlled hyp	DOCUMENTED	Use of COCs also increases the risk of arterial thromboses such as strokes and myocardial infarctions, especially in women with other risk factors for these events. COCs	NOT_SCORED	NOT_SCORED
norgestimate	NORGESTIMATE	CHEMBL1200934	edges	True	False	False		10	True	NORGESTIMATE	ORAL	4.0	False		True		True	True	APPROVED	REFERENCED	DOCUMENTED	omen who are not breastfeeding. ( 5.1 ) Liver disease : Discontinue Sprintec if jaundice occurs. ( 5.2 ) High blood pressure : If used in women with well-controlled hyp	DOCUMENTED	Use of COCs also increases the risk of arterial thromboses such as strokes and myocardial infarctions, especially in women with other risk factors for these events. COCs	NOT_SCORED	NOT_SCORED
OCTREOTIDE ACETATE	OCTREOTIDE ACETATE	CHEMBL1200480	pref_name__iexact	True	True	False	INTRAVENOUS;SUBCUTANEOUS	10	True	OCTREOTIDE ACETATE	DISAGREE	4.0	False		True			True	APPROVED	REFERENCED	DOCUMENTED	e. Acute cholecystitis, ascending cholangitis, biliary obstruction, cholestatic hepatitis, or pancreatitis have been reported with octreotide acetate injection therapy.	DOCUMENTED	dverse Reactions (6)] . Other electrocardiogram (ECG) changes observed included QT prolongation, axis shifts, early repolarization, low voltage, R/S transition, a	NOT_SCORED	NOT_SCORED
OFLOXACIN	OFLOXACIN	CHEMBL4	pref_name__iexact	True	True	True	AURICULAR (OTIC);OPHTHALMIC	10	True	OFLOXACIN	DISAGREE	4.0	False		True			True	APPROVED	REFERENCED	NONE		NONE		NOT_SCORED	NOT_SCORED
OLANZAPINE	OLANZAPINE	CHEMBL715	pref_name__iexact	True	True	False	INTRAMUSCULAR;ORAL	10	True	OLANZAPINE	ORAL	4.0	False		True			True	APPROVED	REFERENCED	DOCUMENTED	eosinophilia, fever, and/or lymphadenopathy with systemic complications such as hepatitis, nephritis, pneumonitis, myocarditis, and/or pericarditis. DRESS is sometimes f	DOCUMENTED	th particular caution in patients with known cardiovascular disease (history of myocardial infarction or ischemia, heart failure, or conduction abnormalities), cerebrovas	NOT_SCORED	NOT_SCORED
OLAPARIB	OLAPARIB	CHEMBL521686	pref_name__iexact	True	False	False	ORAL	1	True	OLAPARIB	ORAL	4.0	False		True			True	APPROVED	REFERENCED	DOCUMENTED	signs and symptoms of VTE and PE and treat as medically appropriate. ( 5.3 ) • Hepatotoxicity, Including Drug-induced liver injury (DILI): Occurred in patients treated	NONE		NOT_SCORED	NOT_SCORED
OLEIC ACID	OLEIC ACID	CHEMBL8659	pref_name__iexact	False	False	False		0	False		NOT_ORAL	2.0	False		True			False	NOT_APPROVED	MECHANISM UNSUPPORTED	NO_US_LABEL		NO_US_LABEL		NOT_SCORED	NOT_SCORED
OLEZARSEN	OLEZARSEN	CHEMBL4650438	pref_name__iexact	False	False	False	SUBCUTANEOUS	1	True	OLEZARSEN	NOT_ORAL	3.0	False		True			False	NOT_APPROVED	REFERENCED	DOCUMENTED	. If serious hepatic injury with clinical symptoms and/or hyperbilirubinemia or jaundice occurs, promptly discontinue TRYNGOLZA. ( 5.2 ) 5.1 Hypersensitivity Reactions	NONE		NOT_SCORED	NOT_SCORED
OMEPRAZOLE	OMEPRAZOLE	CHEMBL1503	pref_name__iexact	True	False	False	ORAL	10	True	OMEPRAZOLE	ORAL	4.0	False		True			True	APPROVED	REFERENCED	NONE		NONE		NOT_SCORED	NOT_SCORED
ONDANSETRON HYDROCHLORIDE	ONDANSETRON HYDROCHLORIDE	CHEMBL3186492	pref_name__iexact	True	True	False	ORAL	10	True	ONDANSETRON HYDROCHLORIDE	ORAL	4.0	False		True			True	APPROVED	REFERENCED	NONE		DOCUMENTED	nd treat promptly per standard of care until signs and symptoms resolve ( 5.1 ) QT Interval Prolongation and Torsade de Pointes : Avoid ondansetron tablets in pat	NOT_SCORED	NOT_SCORED
ORLISTAT	ORLISTAT	CHEMBL175247	edges	True	False	False		0	False		ORAL	4.0	False	True	True	True	True	False	APPROVED_NO_LABEL	REFERENCED	NO_US_LABEL		NO_US_LABEL		NOT_SCORED	NOT_SCORED
orlistat	ORLISTAT	CHEMBL175247	edges	True	False	False		0	False		ORAL	4.0	False	True	True	True	True	False	APPROVED_NO_LABEL	REFERENCED	NO_US_LABEL		NO_US_LABEL		NOT_SCORED	NOT_SCORED
OSIMERTINIB	OSIMERTINIB	CHEMBL3353410	pref_name__iexact	True	False	False		0	False		ORAL	4.0	False		True			False	APPROVED_NO_LABEL	REFERENCED	NO_US_LABEL		NO_US_LABEL		NOT_SCORED	NOT_SCORED
OSPEMIFENE	OSPEMIFENE	CHEMBL2105395	pref_name__iexact	True	False	False	ORAL	1	True	OSPEMIFENE	ORAL	4.0	False		True			True	APPROVED	REFERENCED	NONE		DOCUMENTED	k was demonstrated in year 1 and persisted. Coronary Heart Disease Two cases of myocardial infarction (MI) occurred in women receiving 60 mg of ospemifene in the OSPHENA	NOT_SCORED	NOT_SCORED
OXALIPLATIN	OXALIPLATIN	CHEMBL414804	pref_name__iexact	False	True	False	INTRAVENOUS	10	True	OXALIPLATIN	NOT_ORAL	4.0	False		True			True	APPROVED	REFERENCED	DOCUMENTED	investigation excludes interstitial lung disease or pulmonary fibrosis. ( 5.5 ) Hepatotoxicity : Monitor liver function tests at baseline, before each subsequent cycle,	DOCUMENTED	at baseline, before each subsequent cycle, and as clinically indicated. ( 5.6 ) QT Interval Prolongation : Avoid in patients with congenital long QT syndrome. Mon	NOT_SCORED	NOT_SCORED
OXIGLUTATIONE	OXIGLUTATIONE	CHEMBL1372	edges	False	False	False		0	False		NOT_ORAL	4.0	False	False		True		False	APPROVED_NO_LABEL	REFERENCED	NO_US_LABEL		NO_US_LABEL		NOT_SCORED	NOT_SCORED
OXYBENZONE	OXYBENZONE	CHEMBL1625	pref_name__iexact	False	False	True	TOPICAL	10	True	OXYBENZONE	NOT_ORAL	4.0	False		True			True	APPROVED	REFERENCED	NONE		NONE		NOT_SCORED	NOT_SCORED
OXYMETHOLONE	OXYMETHOLONE	CHEMBL1200585	pref_name__iexact	True	False	False		0	False		ORAL	4.0	False		True			False	APPROVED_NO_LABEL	REFERENCED	NO_US_LABEL		NO_US_LABEL		NOT_SCORED	NOT_SCORED
OXYTETRACYCLINE ANHYDROUS	OXYTETRACYCLINE ANHYDROUS	CHEMBL1517	free_text_search	True	True	True		0	False		ORAL	4.0	False		True			False	APPROVED_NO_LABEL	MECHANISM UNSUPPORTED	NO_US_LABEL		NO_US_LABEL		NOT_SCORED	NOT_SCORED
OXYTETRACYCLINE HYDROCHLORIDE	OXYTETRACYCLINE HYDROCHLORIDE	CHEMBL1607480	pref_name__iexact	True	True	True		0	False		ORAL	4.0	False		True			False	APPROVED_NO_LABEL	MECHANISM UNSUPPORTED	NO_US_LABEL		NO_US_LABEL		NOT_SCORED	NOT_SCORED
PACLITAXEL PROTEIN-BOUND	PACLITAXEL PROTEIN-BOUND	CHEMBL1201652	free_text_search	False	True	False	INTRAVENOUS	2	True	PACLITAXEL PROTEIN-BOUND	NOT_ORAL	4.0	False		True			True	APPROVED	MECHANISM UNSUPPORTED	NONE		NONE		NOT_SCORED	NOT_SCORED
PACRITINIB	PACRITINIB	CHEMBL2035187	edges	True	False	False	ORAL	1	True	PACRITINIB	ORAL	4.0	False	True			True	True	APPROVED	REFERENCED	NONE		DOCUMENTED	. Thrombocytopenia: Manage by dose reduction or interruption ( 5.3 ). Prolonged QT Interval: Avoid use in patients with baseline QTc >480 msec. Interrupt and redu	NOT_SCORED	NOT_SCORED
pacritinib	PACRITINIB	CHEMBL2035187	edges	True	False	False	ORAL	1	True	PACRITINIB	ORAL	4.0	False	True			True	True	APPROVED	REFERENCED	NONE		DOCUMENTED	. Thrombocytopenia: Manage by dose reduction or interruption ( 5.3 ). Prolonged QT Interval: Avoid use in patients with baseline QTc >480 msec. Interrupt and redu	NOT_SCORED	NOT_SCORED
PACRITINIB CITRATE	PACRITINIB CITRATE	CHEMBL5095049	edges	True	False	False	ORAL	1	True	PACRITINIB	ORAL	4.0	False	True	True	True		True	APPROVED	REFERENCED	NONE		DOCUMENTED	. Thrombocytopenia: Manage by dose reduction or interruption ( 5.3 ). Prolonged QT Interval: Avoid use in patients with baseline QTc >480 msec. Interrupt and redu	NOT_SCORED	NOT_SCORED
PALBOCICLIB	PALBOCICLIB	CHEMBL189963	pref_name__iexact	True	False	False	ORAL	3	True	PALBOCICLIB	ORAL	4.0	False		True			True	APPROVED	REFERENCED	NONE		NONE		NOT_SCORED	NOT_SCORED
PAMIDRONATE	PAMIDRONATE	CHEMBL3989401	free_text_search	False	True	False	INTRAVENOUS	2	True	PAMIDRONATE	NOT_ORAL	4.0	False		True			True	APPROVED	REFERENCED	NONE		NONE		NOT_SCORED	NOT_SCORED
PAMIDRONATE DISODIUM	PAMIDRONATE DISODIUM	CHEMBL3989401	pref_name__iexact	False	True	False	INTRAVENOUS	2	True	PAMIDRONATE DISODIUM	NOT_ORAL	4.0	False		True			True	APPROVED	REFERENCED	NONE		NONE		NOT_SCORED	NOT_SCORED
PANITUMUMAB	PANITUMUMAB	CHEMBL1201827	pref_name__iexact	False	True	False	INTRAVENOUS	1	True	PANITUMUMAB	NOT_ORAL	4.0	False		True			True	APPROVED	REFERENCED	NONE		NONE		NOT_SCORED	NOT_SCORED
PANOBINOSTAT	PANOBINOSTAT	CHEMBL483254	pref_name__iexact	True	False	False		0	False		ORAL	4.0	False		True			False	APPROVED_NO_LABEL	MECHANISM UNSUPPORTED	NO_US_LABEL		NO_US_LABEL		NOT_SCORED	NOT_SCORED
PAPAVERINE	PAPAVERINE	CHEMBL19224	pref_name__iexact	False	False	False	INTRAMUSCULAR;INTRAVENOUS;PARENTERAL	4	True	PAPAVERINE	NOT_ORAL	3.0	False		True			False	NOT_APPROVED	MECHANISM UNSUPPORTED	NONE		NONE		NOT_SCORED	NOT_SCORED
PAREGORIC	PAREGORIC	CHEMBL2108079	pref_name__iexact	False	False	False		0	False		NOT_ORAL	-1.0	False		True			False	NOT_APPROVED	MECHANISM UNSUPPORTED	NO_US_LABEL		NO_US_LABEL		NOT_SCORED	NOT_SCORED
PARSACLISIB	PARSACLISIB	CHEMBL4297615	edges	False	False	False		0	False		NOT_ORAL	3.0	False	True	False	False		False	NOT_APPROVED	REFERENCED	NO_US_LABEL		NO_US_LABEL		NOT_SCORED	NOT_SCORED
PAZOPANIB	PAZOPANIB	CHEMBL477772	edges	True	False	False	ORAL	8	True	PAZOPANIB	ORAL	4.0	False	True	True		True	True	APPROVED	MECHANISM UNSUPPORTED	DOCUMENTED	WARNING: HEPATOTOXICITY Severe and fatal hepatotoxicity has been observed in clinical trials. Moni	DOCUMENTED	monitoring until resolution based on severity of hepatotoxicity. ( 2.2 , 5.1 ) QT Prolongation and Torsades de Pointes: Monitor patients who are at significant r	NOT_SCORED	NOT_SCORED
pazopanib	PAZOPANIB	CHEMBL477772	edges	True	False	False	ORAL	8	True	PAZOPANIB	ORAL	4.0	False	True	True		True	True	APPROVED	MECHANISM UNSUPPORTED	DOCUMENTED	WARNING: HEPATOTOXICITY Severe and fatal hepatotoxicity has been observed in clinical trials. Moni	DOCUMENTED	monitoring until resolution based on severity of hepatotoxicity. ( 2.2 , 5.1 ) QT Prolongation and Torsades de Pointes: Monitor patients who are at significant r	NOT_SCORED	NOT_SCORED
PAZOPANIB HYDROCHLORIDE	PAZOPANIB HYDROCHLORIDE	CHEMBL1201733	edges	True	False	False	ORAL	3	True	PAZOPANIB HYDROCHLORIDE	ORAL	4.0	False	True	True	True		True	APPROVED	REFERENCED	DOCUMENTED	WARNING: HEPATOTOXICITY Severe and fatal hepatotoxicity has been observed in clinical trials. Moni	DOCUMENTED	monitoring until resolution based on severity of hepatotoxicity. ( 2.2 , 5.1 ) QT Prolongation and Torsades de Pointes : Monitor patients who are at significant	NOT_SCORED	NOT_SCORED
PEGASPARGASE	PEGASPARGASE	CHEMBL2108546	pref_name__iexact	False	True	False	INTRAMUSCULAR;INTRAVENOUS	1	True	PEGASPARGASE	NOT_ORAL	4.0	False		True			True	APPROVED	REFERENCED	DOCUMENTED	severe or life-threatening hemorrhage. Evaluate for etiology and treat. ( 5.5 ) Hepatotoxicity, including hepatic veno-occlusive disease (VOD) : Monitor for toxicity thr	NONE		NOT_SCORED	NOT_SCORED
PEGINTERFERON ALFA-2A	PEGINTERFERON ALFA-2A	CHEMBL1201560	pref_name__iexact	False	True	False	SUBCUTANEOUS	1	True	PEGINTERFERON ALFA-2A	NOT_ORAL	4.0	False		True			True	APPROVED	REFERENCED	DOCUMENTED	disorders ( 5.8 ) Hepatic decompensation in cirrhotic patients. Exacerbation of hepatitis during hepatitis B treatment ( 5.9 ) Pulmonary disorders ( 5.10 ) Infections (b	DOCUMENTED	ovascular Disorders Hypertension, supraventricular arrhythmias, chest pain, and myocardial infarction have been observed in patients treated with PEGASYS. PEGASYS should	NOT_SCORED	NOT_SCORED
PEGINTERFERON ALFA-2B	PEGINTERFERON ALFA-2B	CHEMBL1201561	pref_name__iexact	False	True	False		0	False		NOT_ORAL	4.0	False		True			False	APPROVED_NO_LABEL	REFERENCED	NO_US_LABEL		NO_US_LABEL		NOT_SCORED	NOT_SCORED
PEMBROLIZUMAB	PEMBROLIZUMAB	CHEMBL3137343	pref_name__iexact	False	True	False	INTRAVENOUS;SUBCUTANEOUS	2	True	PEMBROLIZUMAB	NOT_ORAL	4.0	False		True			True	APPROVED	REFERENCED	DOCUMENTED	ollowing: immune-mediated pneumonitis, immune-mediated colitis, immune-mediated hepatitis, immune-mediated endocrinopathies, immune-mediated nephritis with renal dysfunc	NONE		NOT_SCORED	NOT_SCORED
PENICILLAMINE	PENICILLAMINE	CHEMBL1430	pref_name__iexact	True	False	False	ORAL	10	True	PENICILLAMINE	ORAL	4.0	False		True			True	APPROVED	REFERENCED	DOCUMENTED	een discontinued. Because of rare reports of intrahepatic cholestasis and toxic hepatitis, liver function tests are recommended every six months for the duration of ther	NONE		NOT_SCORED	NOT_SCORED
PENICILLIN G POTASSIUM	PENICILLIN G POTASSIUM	CHEMBL1223	pref_name__iexact	True	True	False	INTRAMUSCULAR;INTRAPLEURAL;INTRATHECAL;INTRAVENOUS	10	True	PENICILLIN G POTASSIUM	DISAGREE	4.0	False		True			True	APPROVED	REFERENCED	NONE		NONE		NOT_SCORED	NOT_SCORED
PENTOSAN POLYSULPHATE SODIUM	PENTOSAN POLYSULPHATE SODIUM	CHEMBL1201516	free_text_search	True	False	False		0	False		ORAL	4.0	False		True			False	APPROVED_NO_LABEL	REFERENCED	NO_US_LABEL		NO_US_LABEL		NOT_SCORED	NOT_SCORED
PENTOXIFYLLINE	PENTOXIFYLLINE	CHEMBL628	pref_name__iexact	True	False	False	ORAL	6	True	PENTOXIFYLLINE	ORAL	4.0	False		True			True	APPROVED	REFERENCED	NONE		NONE		NOT_SCORED	NOT_SCORED
PERPHENAZINE	PERPHENAZINE	CHEMBL567	edges	True	True	False	ORAL	10	True	PERPHENAZINE	ORAL	4.0	False		True		True	True	APPROVED	REFERENCED	NONE		NONE		NOT_SCORED	NOT_SCORED
perphenazine	PERPHENAZINE	CHEMBL567	edges	True	True	False	ORAL	10	True	PERPHENAZINE	ORAL	4.0	False		True		True	True	APPROVED	REFERENCED	NONE		NONE		NOT_SCORED	NOT_SCORED
PERTUZUMAB	PERTUZUMAB	CHEMBL2007641	pref_name__iexact	False	True	False	INTRAVENOUS	1	True	PERTUZUMAB	NOT_ORAL	4.0	False		True			True	APPROVED	REFERENCED	NONE		DOCUMENTED	ould impair left ventricular function such as uncontrolled hypertension, recent myocardial infarction, serious cardiac arrhythmia requiring treatment or a cumulative prio	NOT_SCORED	NOT_SCORED
PEXIDARTINIB	PEXIDARTINIB	CHEMBL3813873	edges	True	False	False	ORAL	1	True	PEXIDARTINIB	ORAL	4.0	False	True	True	True	True	True	APPROVED	REFERENCED	DOCUMENTED	WARNING: HEPATOTOXICITY TURALIO can cause serious and potentially fatal liver injury, including va	NONE		NOT_SCORED	NOT_SCORED
pexidartinib	PEXIDARTINIB	CHEMBL3813873	edges	True	False	False	ORAL	1	True	PEXIDARTINIB	ORAL	4.0	False	True	True	True	True	True	APPROVED	REFERENCED	DOCUMENTED	WARNING: HEPATOTOXICITY TURALIO can cause serious and potentially fatal liver injury, including va	NONE		NOT_SCORED	NOT_SCORED
PEXIDARTINIB HYDROCHLORIDE	PEXIDARTINIB HYDROCHLORIDE	CHEMBL3989973	edges	True	False	False	ORAL	1	True	PEXIDARTINIB HYDROCHLORIDE	ORAL	4.0	False	True	True			True	APPROVED	REFERENCED	DOCUMENTED	WARNING: HEPATOTOXICITY TURALIO can cause serious and potentially fatal liver injury, including va	NONE		NOT_SCORED	NOT_SCORED
PHENACETIN	PHENACETIN	CHEMBL16073	pref_name__iexact	False	False	False		0	False		NOT_ORAL	4.0	True		True			False	APPROVED_NO_LABEL	REFERENCED	NO_US_LABEL		NO_US_LABEL		NOT_SCORED	NOT_SCORED
PHENAZOPYRIDINE HYDROCHLORIDE	PHENAZOPYRIDINE HYDROCHLORIDE	CHEMBL1201022	pref_name__iexact	True	False	False	ORAL	10	True	PHENAZOPYRIDINE HYDROCHLORIDE	ORAL	4.0	False		True			True	APPROVED	REFERENCED	NONE		NONE		NOT_SCORED	NOT_SCORED
PHENELZINE	PHENELZINE	CHEMBL1089	edges	True	False	False	ORAL	3	True	PHENELZINE	ORAL	4.0	False		True		True	True	APPROVED	MECHANISM UNSUPPORTED	NONE		NONE		NOT_SCORED	NOT_SCORED
phenelzine	PHENELZINE	CHEMBL1089	edges	True	False	False	ORAL	3	True	PHENELZINE	ORAL	4.0	False		True		True	True	APPROVED	MECHANISM UNSUPPORTED	NONE		NONE		NOT_SCORED	NOT_SCORED
PHENOBARBITAL	PHENOBARBITAL	CHEMBL40	pref_name__iexact	False	True	False	INTRAMUSCULAR;ORAL	10	True	PHENOBARBITAL	DISAGREE	4.0	True		True			True	APPROVED	MECHANISM UNSUPPORTED	NONE		NONE		NOT_SCORED	NOT_SCORED
PHENOXYBENZAMINE	PHENOXYBENZAMINE	CHEMBL753	pref_name__iexact	True	False	False	ORAL	6	True	PHENOXYBENZAMINE	ORAL	4.0	False		True			True	APPROVED	MECHANISM UNSUPPORTED	NONE		NONE		NOT_SCORED	NOT_SCORED
PHENOXYBENZAMINE HYDROCHLORIDE	PHENOXYBENZAMINE HYDROCHLORIDE	CHEMBL1200787	pref_name__iexact	True	False	False	ORAL	6	True	PHENOXYBENZAMINE HYDROCHLORIDE	ORAL	4.0	False		True			True	APPROVED	REFERENCED	NONE		NONE		NOT_SCORED	NOT_SCORED
PHENPROCOUMON	PHENPROCOUMON	CHEMBL1465	pref_name__iexact	True	False	False		0	False		ORAL	4.0	False		True			False	APPROVED_NO_LABEL	REFERENCED	NO_US_LABEL		NO_US_LABEL		NOT_SCORED	NOT_SCORED
PHENYLBUTAZONE	PHENYLBUTAZONE	CHEMBL101	pref_name__iexact	True	False	False		0	False		ORAL	4.0	True		True			False	APPROVED_NO_LABEL	MECHANISM UNSUPPORTED	NO_US_LABEL		NO_US_LABEL		NOT_SCORED	NOT_SCORED
PHENYTOIN SODIUM	PHENYTOIN SODIUM	CHEMBL1611	pref_name__iexact	True	True	False	INTRAMUSCULAR;INTRAVENOUS;ORAL	10	True	PHENYTOIN SODIUM	ORAL	4.0	False		True			True	APPROVED	REFERENCED	DOCUMENTED	or facial swelling, in association with other organ system involvement, such as hepatitis, nephritis, hematological abnormalities, myocarditis, or myositis sometimes res	DOCUMENTED	ular tachycardia, and ventricular fibrillation which have resulted in asystole, cardiac arrest, and death. Severe complications are most commonly encountered in critically il	NOT_SCORED	NOT_SCORED
PHYSOSTIGMINE	PHYSOSTIGMINE	CHEMBL94	pref_name__iexact	False	True	False	INTRAVENOUS	2	True	PHYSOSTIGMINE	NOT_ORAL	4.0	False		True			True	APPROVED	MECHANISM UNSUPPORTED	NONE		DOCUMENTED	ould be performed, and discontinuation of treatment should be considered. Acute cardiac arrest may be possible during treatment with tricyclic antidepressants; therefore, Ant	NOT_SCORED	NOT_SCORED
PILOCARPINE HYDROCHLORIDE	PILOCARPINE HYDROCHLORIDE	CHEMBL1200330	pref_name__iexact	True	False	True	OPHTHALMIC;ORAL	10	True	PILOCARPINE HYDROCHLORIDE	ORAL	4.0	False		True			True	APPROVED	REFERENCED	NONE		NONE		NOT_SCORED	NOT_SCORED
PIOGLITAZONE HYDROCHLORIDE	PIOGLITAZONE HYDROCHLORIDE	CHEMBL1715	pref_name__iexact	True	False	False	ORAL	10	True	PIOGLITAZONE HYDROCHLORIDE	ORAL	4.0	False		True			True	APPROVED	REFERENCED	DOCUMENTED	educe the risk of hypoglycemia. (5.2) Hepatic effects: Postmarketing reports of hepatic failure, sometimes fatal. Causality cannot be excluded. If liver injury is detected, pr	DOCUMENTED	mpanied by hypoperfusion and hypoxemia). Cardiovascular collapse (shock), acute myocardial infarction, sepsis, and other conditions associated with hypoxemia have been as	NOT_SCORED	NOT_SCORED
PIPERACETAZINE	PIPERACETAZINE	CHEMBL1584	pref_name__iexact	True	False	False		0	False		ORAL	4.0	False		True			False	APPROVED_NO_LABEL	REFERENCED	NO_US_LABEL		NO_US_LABEL		NOT_SCORED	NOT_SCORED
PIPERONYL BUTOXIDE	PIPERONYL BUTOXIDE	CHEMBL1201131	pref_name__iexact	False	False	True	TOPICAL	10	True	PIPERONYL BUTOXIDE	NOT_ORAL	4.0	False		True			True	APPROVED	REFERENCED	NONE		NONE		NOT_SCORED	NOT_SCORED
PIPOBROMAN	PIPOBROMAN	CHEMBL1585	pref_name__iexact	True	False	False		0	False		ORAL	4.0	False		True			False	APPROVED_NO_LABEL	REFERENCED	NO_US_LABEL		NO_US_LABEL		NOT_SCORED	NOT_SCORED
PIRFENIDONE	PIRFENIDONE	CHEMBL1256391	pref_name__iexact	True	False	False	ORAL	10	True	PIRFENIDONE	ORAL	4.0	False		True			True	APPROVED	REFERENCED	DOCUMENTED	5 WARNINGS AND PRECAUTIONS Elevated liver enzymes and drug-induced liver injury: ALT, AST, and bilirubin elevations have occurred with pirfenidone including ca	NONE		NOT_SCORED	NOT_SCORED
PIROXICAM-BETA-CYCLODEXTRIN	PIROXICAM-BETA-CYCLODEXTRIN	CHEMBL415690	free_text_search	False	False	False		0	False		NOT_ORAL	3.0	False		True			False	NOT_APPROVED	MECHANISM UNSUPPORTED	NO_US_LABEL		NO_US_LABEL		NOT_SCORED	NOT_SCORED
PITAVASTATIN	PITAVASTATIN	CHEMBL1201753	pref_name__iexact	True	False	False	ORAL	10	True	PITAVASTATIN	ORAL	4.0	False		True			True	APPROVED	MECHANISM UNSUPPORTED	DOCUMENTED	ansaminases have occurred, some persistent. Rare reports of fatal and non-fatal hepatic failure have occurred. Consider testing liver enzyme before initiating therapy and as c	NONE		NOT_SCORED	NOT_SCORED
PLERIXAFOR	PLERIXAFOR	CHEMBL18442	edges	False	True	False	SUBCUTANEOUS	10	True	PLERIXAFOR	NOT_ORAL	4.0	False	True	True	True	True	True	APPROVED	REFERENCED	NONE		NONE		NOT_SCORED	NOT_SCORED
plerixafor	PLERIXAFOR	CHEMBL18442	edges	False	True	False	SUBCUTANEOUS	10	True	PLERIXAFOR	NOT_ORAL	4.0	False	True	True	True	True	True	APPROVED	REFERENCED	NONE		NONE		NOT_SCORED	NOT_SCORED
PLICAMYCIN	PLICAMYCIN	CHEMBL1237054	pref_name__iexact	False	True	False		0	False		NOT_ORAL	4.0	False		True			False	APPROVED_NO_LABEL	REFERENCED	NO_US_LABEL		NO_US_LABEL		NOT_SCORED	NOT_SCORED
POLYETHYLENE GLYCOL 4000	POLYETHYLENE GLYCOL 4000	CHEMBL2108780	pref_name__iexact	False	False	False		0	False		NOT_ORAL	3.0	False		True			False	NOT_APPROVED	REFERENCED	NO_US_LABEL		NO_US_LABEL		NOT_SCORED	NOT_SCORED
POMALIDOMIDE	POMALIDOMIDE	CHEMBL43452	edges	True	False	False	ORAL	10	True	POMALIDOMIDE	ORAL	4.0	False	True	True	True		True	APPROVED	REFERENCED	DOCUMENTED	t. Monitor patients for hematologic toxicities, especially neutropenia ( 5.5 ). Hepatotoxicity: Hepatic failure including fatalities; monitor liver function tests monthl	DOCUMENTED	Arterial Thromboembolism Deep venous thrombosis (DVT), pulmonary embolism (PE), myocardial infarction, and stroke occur in patients with multiple myeloma treated with pom	NOT_SCORED	NOT_SCORED
PONATINIB	PONATINIB	CHEMBL1171837	edges	True	False	False	ORAL	1	True	PONATINIB	ORAL	4.0	False		True		True	True	APPROVED	MECHANISM UNSUPPORTED	DOCUMENTED	NG: ARTERIAL OCCLUSIVE EVENTS, VENOUS THROMBOEMBOLIC EVENTS, HEART FAILURE, and HEPATOTOXICITY WARNING: ARTERIAL OCCLUSIVE EVENTS, VENOUS THROMBOEMBOLIC EVENTS, HEART FA	DOCUMENTED	ding fatalities, have occurred in ICLUSIG-treated patients. AOEs included fatal myocardial infarction, stroke, stenosis of large arterial vessels of the brain, severe per	NOT_SCORED	NOT_SCORED
ponatinib	PONATINIB	CHEMBL1171837	edges	True	False	False	ORAL	1	True	PONATINIB	ORAL	4.0	False		True		True	True	APPROVED	MECHANISM UNSUPPORTED	DOCUMENTED	NG: ARTERIAL OCCLUSIVE EVENTS, VENOUS THROMBOEMBOLIC EVENTS, HEART FAILURE, and HEPATOTOXICITY WARNING: ARTERIAL OCCLUSIVE EVENTS, VENOUS THROMBOEMBOLIC EVENTS, HEART FA	DOCUMENTED	ding fatalities, have occurred in ICLUSIG-treated patients. AOEs included fatal myocardial infarction, stroke, stenosis of large arterial vessels of the brain, severe per	NOT_SCORED	NOT_SCORED
PRASTERONE	PRASTERONE	CHEMBL90593	pref_name__iexact	False	False	True	ORAL;SUBLINGUAL;VAGINAL	5	True	PRASTERONE	DISAGREE	4.0	True		True			True	APPROVED	REFERENCED	NONE		NONE		NOT_SCORED	NOT_SCORED
PRASUGREL	PRASUGREL	CHEMBL1201772	pref_name__iexact	True	False	False	ORAL	10	True	PRASUGREL	ORAL	4.0	False		True			True	APPROVED	MECHANISM UNSUPPORTED	NONE		DOCUMENTED	t, except in high-risk situations (patients with diabetes or a history of prior myocardial infarction [MI]) where its effect appears to be greater and its use may be cons	NOT_SCORED	NOT_SCORED
PRAVASTATIN SODIUM	PRAVASTATIN SODIUM	CHEMBL690	pref_name__iexact	True	False	False	ORAL	10	True	PRAVASTATIN SODIUM	ORAL	4.0	False		True			True	APPROVED	REFERENCED	DOCUMENTED	trial, subjects with chronic (>6 months) stable liver disease, due primarily to hepatitis C or non-alcoholic fatty liver disease, were treated with 80 mg pravastatin or	NONE		NOT_SCORED	NOT_SCORED
PRAZIQUANTEL	PRAZIQUANTEL	CHEMBL976	pref_name__iexact	True	False	False	ORAL	2	True	PRAZIQUANTEL	ORAL	4.0	False		True			True	APPROVED	REFERENCED	NONE		NONE		NOT_SCORED	NOT_SCORED
PREDNISOLONE	PREDNISOLONE	CHEMBL131	edges	True	False	True	OPHTHALMIC;ORAL	10	True	PREDNISOLONE	ORAL	4.0	False		True		True	True	APPROVED	REFERENCED	DOCUMENTED	atient is exposed to measles, prophylaxis with immunoglobulin may be indicated. Hepatitis B Virus Reactivation Hepatitis B virus reactivation can occur in patients who a	DOCUMENTED	en use of corticosteroids and left ventricular free wall rupture after a recent myocardial infarction; therefore, therapy with corticosteroids should be used with caution	NOT_SCORED	NOT_SCORED
prednisolone	PREDNISOLONE	CHEMBL131	edges	True	False	True	OPHTHALMIC;ORAL	10	True	PREDNISOLONE	ORAL	4.0	False		True		True	True	APPROVED	REFERENCED	DOCUMENTED	atient is exposed to measles, prophylaxis with immunoglobulin may be indicated. Hepatitis B Virus Reactivation Hepatitis B virus reactivation can occur in patients who a	DOCUMENTED	en use of corticosteroids and left ventricular free wall rupture after a recent myocardial infarction; therefore, therapy with corticosteroids should be used with caution	NOT_SCORED	NOT_SCORED
PREDNISONE	PREDNISONE	CHEMBL635	pref_name__iexact	True	False	False	ORAL	10	True	PREDNISONE	ORAL	4.0	False		True			True	APPROVED	REFERENCED	DOCUMENTED	atient is exposed to measles, prophylaxis with immunoglobulin may be indicated. Hepatitis B Virus Reactivation Hepatitis B virus reactivation can occur in patients who a	DOCUMENTED	en use of corticosteroids and left ventricular free wall rupture after a recent myocardial infarction; therefore, therapy with corticosteroids should be used with great c	NOT_SCORED	NOT_SCORED
PRIMAQUINE	PRIMAQUINE	CHEMBL506	edges	True	False	False	ORAL	4	True	PRIMAQUINE	ORAL	4.0	False		True		True	True	APPROVED	MECHANISM UNSUPPORTED	NONE		NONE		NOT_SCORED	NOT_SCORED
primaquine	PRIMAQUINE	CHEMBL506	edges	True	False	False	ORAL	4	True	PRIMAQUINE	ORAL	4.0	False		True		True	True	APPROVED	MECHANISM UNSUPPORTED	NONE		NONE		NOT_SCORED	NOT_SCORED
PRIMIDONE	PRIMIDONE	CHEMBL856	pref_name__iexact	True	False	False	ORAL	10	True	PRIMIDONE	ORAL	4.0	False		True			True	APPROVED	REFERENCED	NONE		NONE		NOT_SCORED	NOT_SCORED
PROCARBAZINE	PROCARBAZINE	CHEMBL1321	pref_name__iexact	True	False	False	ORAL	1	True	PROCARBAZINE	ORAL	4.0	False		True			True	APPROVED	MECHANISM UNSUPPORTED	NONE		NONE		NOT_SCORED	NOT_SCORED
PROCHLORPERAZINE	PROCHLORPERAZINE	CHEMBL728	edges	True	True	True	INTRAMUSCULAR;INTRAVENOUS;ORAL	10	True	PROCHLORPERAZINE	ORAL	4.0	False		True		True	True	APPROVED	REFERENCED	DOCUMENTED	ndrome or other encephalopathy. The use of prochlorperazine and other potential hepatotoxins should be avoided in children and adolescents whose signs and symptoms sugge	NONE		NOT_SCORED	NOT_SCORED
prochlorperazine	PROCHLORPERAZINE	CHEMBL728	edges	True	True	True	INTRAMUSCULAR;INTRAVENOUS;ORAL	10	True	PROCHLORPERAZINE	ORAL	4.0	False		True		True	True	APPROVED	REFERENCED	DOCUMENTED	ndrome or other encephalopathy. The use of prochlorperazine and other potential hepatotoxins should be avoided in children and adolescents whose signs and symptoms sugge	NONE		NOT_SCORED	NOT_SCORED
PROGESTERONE	PROGESTERONE	CHEMBL103	pref_name__iexact	True	True	True	ORAL	10	True	PROGESTERONE	ORAL	4.0	False		True			True	APPROVED	REFERENCED	NONE		DOCUMENTED	eported increased risks of deep vein thrombosis, pulmonary embolism, stroke and myocardial infarction in postmenopausal women (50 to 79 years of age) during 5.6 years of	NOT_SCORED	NOT_SCORED
PROGESTIN	PROGESTIN	CHEMBL103	free_text_search	True	True	True		0	False		ORAL	4.0	False		True			False	APPROVED_NO_LABEL	REFERENCED	NO_US_LABEL		NO_US_LABEL		NOT_SCORED	NOT_SCORED
PROMAZINE	PROMAZINE	CHEMBL564	pref_name__iexact	True	True	False		0	False		ORAL	4.0	False		True			False	APPROVED_NO_LABEL	MECHANISM UNSUPPORTED	NO_US_LABEL		NO_US_LABEL		NOT_SCORED	NOT_SCORED
PROMETHAZINE HYDROCHLORIDE	PROMETHAZINE HYDROCHLORIDE	CHEMBL1200750	pref_name__iexact	True	True	True	INTRAMUSCULAR;INTRAVENOUS;ORAL;RECTAL	10	True	PROMETHAZINE HYDROCHLORIDE	ORAL	4.0	False		True			True	APPROVED	REFERENCED	DOCUMENTED	dministration of promethazine HCl has been associated with reported cholestatic jaundice.	NONE		NOT_SCORED	NOT_SCORED
PROPANTHELINE	PROPANTHELINE	CHEMBL1180725	pref_name__iexact	True	True	False		0	False		ORAL	4.0	False		True			False	APPROVED_NO_LABEL	MECHANISM UNSUPPORTED	NO_US_LABEL		NO_US_LABEL		NOT_SCORED	NOT_SCORED
PROPARACAINE	PROPARACAINE	CHEMBL1196	pref_name__iexact	False	False	True	OPHTHALMIC	10	True	PROPARACAINE	NOT_ORAL	4.0	False		True			True	APPROVED	MECHANISM UNSUPPORTED	NONE		NONE		NOT_SCORED	NOT_SCORED
PROPOFOL	PROPOFOL	CHEMBL526	pref_name__iexact	False	True	False	INTRAVENOUS	10	True	PROPOFOL	NOT_ORAL	4.0	False		True			True	APPROVED	REFERENCED	DOCUMENTED	and other public sources, of the transmission of bloodborne pathogens (such as Hepatitis B, Hepatitis C, and HIV) from unsafe injection practices, and of the use of pro	DOCUMENTED	spected ( 5.2 ) Cardiovascular Depression : Cases of bradycardia, asystole, and cardiac arrest have been reported. Pediatric patients are susceptible to this effect, particul	NOT_SCORED	NOT_SCORED
PROPOXYPHENE	PROPOXYPHENE	CHEMBL1213351	pref_name__iexact	True	False	False		0	False		ORAL	4.0	True		True			False	APPROVED_NO_LABEL	MECHANISM UNSUPPORTED	NO_US_LABEL		NO_US_LABEL		NOT_SCORED	NOT_SCORED
PROPRANOLOL HYDROCHLORIDE	PROPRANOLOL HYDROCHLORIDE	CHEMBL1671	pref_name__iexact	True	True	False	ORAL	10	True	PROPRANOLOL HYDROCHLORIDE	ORAL	4.0	False		True			True	APPROVED	REFERENCED	NONE		DOCUMENTED	Pectoris There have been reports of exacerbation of angina and, in some cases, myocardial infarction, following abrupt discontinuance of propranolol therapy. Therefore,	NOT_SCORED	NOT_SCORED
PROPYLENE GLYCOL	PROPYLENE GLYCOL	CHEMBL286398	pref_name__iexact	False	False	False	OPHTHALMIC	10	True	PROPYLENE GLYCOL	NOT_ORAL	3.0	False		True			False	NOT_APPROVED	MECHANISM UNSUPPORTED	NONE		NONE		NOT_SCORED	NOT_SCORED
PROPYLTHIOURACIL	PROPYLTHIOURACIL	CHEMBL1518	pref_name__iexact	True	False	False	ORAL	8	True	PROPYLTHIOURACIL	ORAL	4.0	False		True			True	APPROVED	REFERENCED	DOCUMENTED	WARNING Severe liver injury and acute liver failure, in some cases fatal, have been reported in patients tr	NONE		NOT_SCORED	NOT_SCORED
PSEUDOEPHEDRINE POLISTIREX	PSEUDOEPHEDRINE POLISTIREX	CHEMBL1201483	pref_name__iexact	True	False	False		0	False		ORAL	4.0	False		True			False	APPROVED_NO_LABEL	REFERENCED	NO_US_LABEL		NO_US_LABEL		NOT_SCORED	NOT_SCORED
PYRAZINAMIDE	PYRAZINAMIDE	CHEMBL614	pref_name__iexact	True	False	False	ORAL	5	True	PYRAZINAMIDE	ORAL	4.0	False		True			True	APPROVED	REFERENCED	DOCUMENTED	ents with preexisting liver disease or those at increased risk for drug related hepatitis (e.g., alcohol abusers) should be followed closely. Pyrazinamide should be disc	NONE		NOT_SCORED	NOT_SCORED
PYRIDOSTIGMINE	PYRIDOSTIGMINE	CHEMBL1115	pref_name__iexact	True	True	False	INTRAVENOUS;ORAL;PARENTERAL	10	True	PYRIDOSTIGMINE	ORAL	4.0	False		True			True	APPROVED	MECHANISM UNSUPPORTED	NONE		NONE		NOT_SCORED	NOT_SCORED
PYRILAMINE	PYRILAMINE	CHEMBL511	pref_name__iexact	True	False	True	ORAL	10	True	PYRILAMINE	ORAL	4.0	False		True			True	APPROVED	MECHANISM UNSUPPORTED	DOCUMENTED	Warnings Liver warning: This product contains acetaminophen. Severe liver damage may occur if you take: more than 6 caplets in 24 hours, which is the maximum da	NONE		NOT_SCORED	NOT_SCORED
PYRITHIONE ZINC	PYRITHIONE ZINC	CHEMBL1200471	pref_name__iexact	False	False	True	TOPICAL	10	True	PYRITHIONE ZINC	NOT_ORAL	4.0	False		True			True	APPROVED	REFERENCED	NONE		NONE		NOT_SCORED	NOT_SCORED
QUERCETIN	QUERCETIN	CHEMBL50	edges	False	False	False	ORAL	10	True	QUERCETIN	DISAGREE	3.0	False		True		True	False	NOT_APPROVED	MECHANISM UNSUPPORTED	NONE		NONE		NOT_SCORED	NOT_SCORED
quercetin	QUERCETIN	CHEMBL50	edges	False	False	False	ORAL	10	True	QUERCETIN	DISAGREE	3.0	False		True		True	False	NOT_APPROVED	MECHANISM UNSUPPORTED	NONE		NONE		NOT_SCORED	NOT_SCORED
QUINIDINE	QUINIDINE	CHEMBL1294	pref_name__iexact	True	True	False	ORAL	9	True	QUINIDINE	ORAL	4.0	False		True			True	APPROVED	MECHANISM UNSUPPORTED	DOCUMENTED	bocytopenia or other hypersensitivity reactions: Discontinue if occurs. ( 5.1 ) Hepatitis: Discontinue if occurs. ( 5.2 ) QT Prolongation: Monitor ECG if concomitant use	DOCUMENTED	tions: Discontinue if occurs. ( 5.1 ) Hepatitis: Discontinue if occurs. ( 5.2 ) QT Prolongation: Monitor ECG if concomitant use of drugs that prolong QT interval	NOT_SCORED	NOT_SCORED
QUININE	QUININE	CHEMBL170	pref_name__iexact	True	False	False	ORAL;SUBLINGUAL	10	True	QUININE	ORAL	4.0	False		True			True	APPROVED	MECHANISM UNSUPPORTED	DOCUMENTED	disseminated intravascular coagulation, leukopenia, neutropenia, granulomatous hepatitis, and acute interstitial nephritis may also be due to hypersensitivity reactions	DOCUMENTED	openia, including ITP and HUS/TTP, has been reported. Discontinue drug ( 5.2 ). QT prolongation and ventricular arrhythmias. Avoid concomitant use with drugs know	NOT_SCORED	NOT_SCORED
QUIZARTINIB	QUIZARTINIB	CHEMBL576982	edges	True	False	False	ORAL	1	True	QUIZARTINIB	ORAL	4.0	False	True	True		True	True	APPROVED	REFERENCED	NONE		DOCUMENTED	WARNING: QT PROLONGATION, TORSADES DE POINTES, and CARDIAC ARREST VANFLYTA prolongs the QT	NOT_SCORED	NOT_SCORED
quizartinib	QUIZARTINIB	CHEMBL576982	edges	True	False	False	ORAL	1	True	QUIZARTINIB	ORAL	4.0	False	True	True		True	True	APPROVED	REFERENCED	NONE		DOCUMENTED	WARNING: QT PROLONGATION, TORSADES DE POINTES, and CARDIAC ARREST VANFLYTA prolongs the QT	NOT_SCORED	NOT_SCORED
RABEPRAZOLE	RABEPRAZOLE	CHEMBL1219	pref_name__iexact	True	False	False	ORAL	10	True	RABEPRAZOLE	ORAL	4.0	False		True			True	APPROVED	MECHANISM UNSUPPORTED	NONE		NONE		NOT_SCORED	NOT_SCORED
RALOXIFENE HYDROCHLORIDE	RALOXIFENE HYDROCHLORIDE	CHEMBL1116	pref_name__iexact	True	False	False	ORAL	10	True	RALOXIFENE HYDROCHLORIDE	ORAL	4.0	False		True			True	APPROVED	REFERENCED	NONE		NONE		NOT_SCORED	NOT_SCORED
RANIBIZUMAB	RANIBIZUMAB	CHEMBL1201825	pref_name__iexact	False	True	False	INTRAVITREAL	7	True	RANIBIZUMAB	NOT_ORAL	4.0	False		True			True	APPROVED	REFERENCED	NONE		DOCUMENTED	bitors. Arterial thromboembolic events are defined as nonfatal stroke, nonfatal myocardial infarction, or vascular death (including deaths of unknown cause). Neovascular	NOT_SCORED	NOT_SCORED
RANITIDINE HYDROCHLORIDE	RANITIDINE HYDROCHLORIDE	CHEMBL2110372	pref_name__iexact	True	True	False	ORAL	2	True	RANITIDINE HYDROCHLORIDE	ORAL	4.0	False		True			True	APPROVED	REFERENCED	NONE		NONE		NOT_SCORED	NOT_SCORED
REGORAFENIB	REGORAFENIB	CHEMBL1946170	edges	True	False	False	ORAL	1	True	REGORAFENIB	ORAL	4.0	False	True	True	True	True	True	APPROVED	REFERENCED	DOCUMENTED	WARNING: HEPATOTOXICITY • Severe and sometimes fatal hepatotoxicity has occurred in clinical trial	DOCUMENTED	2.2 )]. 5.7 Cardiac Ischemia and Infarction STIVARGA increased the incidence of myocardial ischemia and infarction (0.9% vs 0.2%) in randomized placebo-controlled trials	NOT_SCORED	NOT_SCORED
regorafenib	REGORAFENIB	CHEMBL1946170	edges	True	False	False	ORAL	1	True	REGORAFENIB	ORAL	4.0	False	True	True	True	True	True	APPROVED	REFERENCED	DOCUMENTED	WARNING: HEPATOTOXICITY • Severe and sometimes fatal hepatotoxicity has occurred in clinical trial	DOCUMENTED	2.2 )]. 5.7 Cardiac Ischemia and Infarction STIVARGA increased the incidence of myocardial ischemia and infarction (0.9% vs 0.2%) in randomized placebo-controlled trials	NOT_SCORED	NOT_SCORED
REMOXIPRIDE	REMOXIPRIDE	CHEMBL22242	pref_name__iexact	True	False	False		0	False		ORAL	4.0	True		True			False	APPROVED_NO_LABEL	REFERENCED	NO_US_LABEL		NO_US_LABEL		NOT_SCORED	NOT_SCORED
REPAGLINIDE	REPAGLINIDE	CHEMBL1272	pref_name__iexact	True	False	False	ORAL	10	True	REPAGLINIDE	ORAL	4.0	False		True			True	APPROVED	REFERENCED	NONE		DOCUMENTED	nsulin Across seven controlled trials, there were six serious adverse events of myocardial ischemia in patients treated with repaglinide plus NPH-insulin from two studies	NOT_SCORED	NOT_SCORED
REPOTRECTINIB	REPOTRECTINIB	CHEMBL4298138	edges	True	False	False	ORAL	1	True	REPOTRECTINIB	ORAL	4.0	False	True	True			True	APPROVED	REFERENCED	DOCUMENTED	umonitis and permanently discontinue if ILD/pneumonitis is confirmed. ( 5.2 ) • Hepatotoxicity: Monitor liver function tests every 2 weeks during the first month of trea	NONE		NOT_SCORED	NOT_SCORED
RESERPINE	RESERPINE	CHEMBL772	pref_name__iexact	True	True	False		0	False		ORAL	4.0	True		True			False	APPROVED_NO_LABEL	REFERENCED	NO_US_LABEL		NO_US_LABEL		NOT_SCORED	NOT_SCORED
RESVERATROL	RESVERATROL	CHEMBL165	pref_name__iexact	False	False	False		0	False		NOT_ORAL	3.0	False		True			False	NOT_APPROVED	MECHANISM UNSUPPORTED	NO_US_LABEL		NO_US_LABEL		NOT_SCORED	NOT_SCORED
RIBAVIRIN	RIBAVIRIN	CHEMBL1643	pref_name__iexact	True	False	True	ORAL;RESPIRATORY (INHALATION)	3	True	RIBAVIRIN	ORAL	4.0	False		True			True	APPROVED	REFERENCED	DOCUMENTED	ns (6.1) ]. Ribavirin monotherapy is not effective for the treatment of chronic hepatitis C virus infection and should not be used alone for this indication [see Warning	DOCUMENTED	y may result in worsening of cardiac disease that has led to fatal and nonfatal myocardial infarctions. Patients with a history of significant or unstable cardiac disease	NOT_SCORED	NOT_SCORED
RIBOCICLIB	RIBOCICLIB	CHEMBL3545110	pref_name__iexact	True	False	False	ORAL	1	True	RIBOCICLIB	ORAL	4.0	False		True			True	APPROVED	REFERENCED	DOCUMENTED	Tamoxifen: KISQALI is not indicated for concomitant use with tamoxifen. ( 5.4 ) Hepatotoxicity: Increases in serum transaminase and bilirubin levels have been observed.	DOCUMENTED	atients with SCARs or other life-threatening cutaneous reactions. ( 2.2 , 5.2 ) QT Interval Prolongation: KISQALI has been shown to prolong the QT interval in a c	NOT_SCORED	NOT_SCORED
RIBOFLAVIN	RIBOFLAVIN	CHEMBL1534	pref_name__iexact	False	True	False	INTRAVENOUS;OPHTHALMIC;ORAL	10	True	RIBOFLAVIN	DISAGREE	4.0	False		True			True	APPROVED	MECHANISM UNSUPPORTED	NONE		NONE		NOT_SCORED	NOT_SCORED
RIFAMPIN	RIFAMPIN	CHEMBL374478	pref_name__iexact	True	True	False	INTRAVENOUS;ORAL	10	True	RIFAMPIN	ORAL	4.0	False		True			True	APPROVED	REFERENCED	DOCUMENTED	WARNINGS Hepatotoxicity of hepatocellular, cholestatic, and mixed patterns has been reported in pa	NONE		NOT_SCORED	NOT_SCORED
RIFAMYCIN SV	RIFAMYCIN SV	CHEMBL437765	free_text_search	True	False	False		0	False		ORAL	4.0	False		True			False	APPROVED_NO_LABEL	MECHANISM UNSUPPORTED	NO_US_LABEL		NO_US_LABEL		NOT_SCORED	NOT_SCORED
RILUZOLE	RILUZOLE	CHEMBL744	edges	True	False	False	ORAL	10	True	RILUZOLE	ORAL	4.0	False		True		True	True	APPROVED	REFERENCED	DOCUMENTED	terstitial lung disease develops (5.3) 5.1 Hepatic Injury Cases of drug-induced liver injury, some of which were fatal, have been reported in patients taking riluzole. Asym	NONE		NOT_SCORED	NOT_SCORED
riluzole	RILUZOLE	CHEMBL744	edges	True	False	False	ORAL	10	True	RILUZOLE	ORAL	4.0	False		True		True	True	APPROVED	REFERENCED	DOCUMENTED	terstitial lung disease develops (5.3) 5.1 Hepatic Injury Cases of drug-induced liver injury, some of which were fatal, have been reported in patients taking riluzole. Asym	NONE		NOT_SCORED	NOT_SCORED
RIMEGEPANT	RIMEGEPANT	CHEMBL2178422	pref_name__iexact	True	False	False	ORAL	2	True	RIMEGEPANT	ORAL	4.0	False		True			True	APPROVED	REFERENCED	NONE		NONE		NOT_SCORED	NOT_SCORED
RIPRETINIB	RIPRETINIB	CHEMBL4216467	edges	True	False	False	ORAL	1	True	RIPRETINIB	ORAL	4.0	False	True	True		True	True	APPROVED	REFERENCED	NONE		NONE		NOT_SCORED	NOT_SCORED
ripretinib	RIPRETINIB	CHEMBL4216467	edges	True	False	False	ORAL	1	True	RIPRETINIB	ORAL	4.0	False	True	True		True	True	APPROVED	REFERENCED	NONE		NONE		NOT_SCORED	NOT_SCORED
RISPERIDONE	RISPERIDONE	CHEMBL85	pref_name__iexact	True	True	False	ORAL	10	True	RISPERIDONE	ORAL	4.0	False		True			True	APPROVED	REFERENCED	NONE		DOCUMENTED	th particular caution in patients with known cardiovascular disease (history of myocardial infarction or ischemia, heart failure, or conduction abnormalities), cerebrovas	NOT_SCORED	NOT_SCORED
RITONAVIR	RITONAVIR	CHEMBL163	edges	True	False	False	ORAL	10	True	RITONAVIR	ORAL	4.0	False	True	True	True	True	True	APPROVED	REFERENCED	DOCUMENTED	s: Fatalities have occurred; suspend therapy as clinically appropriate. ( 5.3 ) Hepatotoxicity: Fatalities have occurred. Monitor liver function before and during therap	DOCUMENTED	g hepatitis B and hepatitis C, or marked transaminase elevations. ( 5.4 , 8.6 ) QT interval prolongation and isolated cases of torsade de pointes have been report	NOT_SCORED	NOT_SCORED
ritonavir	RITONAVIR	CHEMBL163	edges	True	False	False	ORAL	10	True	RITONAVIR	ORAL	4.0	False	True	True	True	True	True	APPROVED	REFERENCED	DOCUMENTED	s: Fatalities have occurred; suspend therapy as clinically appropriate. ( 5.3 ) Hepatotoxicity: Fatalities have occurred. Monitor liver function before and during therap	DOCUMENTED	g hepatitis B and hepatitis C, or marked transaminase elevations. ( 5.4 , 8.6 ) QT interval prolongation and isolated cases of torsade de pointes have been report	NOT_SCORED	NOT_SCORED
RITUXIMAB	RITUXIMAB	CHEMBL1201576	pref_name__iexact	False	True	False	INTRAVENOUS	4	True	RITUXIMAB	NOT_ORAL	4.0	False		True			True	APPROVED	REFERENCED	DOCUMENTED	WARNING: FATAL INFUSION-RELATED REACTIONS, SEVERE MUCOCUTANEOUS REACTIONS, HEPATITIS B VIRUS REACTIVATION and PROGRESSIVE MULTIFOCAL LEUKOENCEPHALOPATHY (PML) WARNI	DOCUMENTED	oxia, bronchospasm, pulmonary infiltrates, acute respiratory distress syndrome, myocardial infarction, ventricular fibrillation, cardiogenic shock, anaphylactoid events,	NOT_SCORED	NOT_SCORED
RIVAROXABAN	RIVAROXABAN	CHEMBL198362	pref_name__iexact	True	False	False	ORAL	10	True	RIVAROXABAN	ORAL	4.0	False		True			True	APPROVED	REFERENCED	NONE		NONE		NOT_SCORED	NOT_SCORED
RIVASTIGMINE	RIVASTIGMINE	CHEMBL636	pref_name__iexact	True	False	True	ORAL;TRANSDERMAL	10	True	RIVASTIGMINE	ORAL	4.0	False		True			True	APPROVED	REFERENCED	NONE		NONE		NOT_SCORED	NOT_SCORED
ROFECOXIB	ROFECOXIB	CHEMBL122	pref_name__iexact	True	False	False		0	False		ORAL	4.0	True		True			False	APPROVED_NO_LABEL	REFERENCED	NO_US_LABEL		NO_US_LABEL		NOT_SCORED	NOT_SCORED
ROMIDEPSIN	ROMIDEPSIN	CHEMBL343448	pref_name__iexact	False	True	False	INTRAVENOUS	3	True	ROMIDEPSIN	NOT_ORAL	4.0	False		True			True	APPROVED	REFERENCED	DOCUMENTED	ns: Fatal and serious infections. Reactivation of DNA viruses (Epstein Barr and hepatitis B). Consider monitoring and prophylaxis in patients with evidence of prior hepa	DOCUMENTED	G) changes: Consider cardiovascular monitoring in patients with congenital long QT syndrome, a history of significant cardiovascular disease, and patients taking	NOT_SCORED	NOT_SCORED
ROMIPLOSTIM	ROMIPLOSTIM	CHEMBL1201832	pref_name__iexact	False	True	False	SUBCUTANEOUS	1	True	ROMIPLOSTIM	NOT_ORAL	4.0	False		True			True	APPROVED	REFERENCED	NONE		DOCUMENTED	lic events including deep vein thrombosis (1.4%), pulmonary embolism (1.2%) and myocardial infarction (0.8%) have been observed with the use of Nplate in the ITP populati	NOT_SCORED	NOT_SCORED
ROSIGLITAZONE	ROSIGLITAZONE	CHEMBL121	pref_name__iexact	True	False	False		0	False		ORAL	4.0	True		True			False	APPROVED_NO_LABEL	REFERENCED	NO_US_LABEL		NO_US_LABEL		NOT_SCORED	NOT_SCORED
ROSUVASTATIN	ROSUVASTATIN	CHEMBL1496	pref_name__iexact	True	False	False	ORAL	10	True	ROSUVASTATIN	ORAL	4.0	False		True			True	APPROVED	MECHANISM UNSUPPORTED	DOCUMENTED	ansaminases have occurred, some persistent. Rare reports of fatal and non-fatal hepatic failure have occurred. Consider testing liver enzymes before initiating therapy and as	NONE		NOT_SCORED	NOT_SCORED
RUCAPARIB	RUCAPARIB	CHEMBL1173055	pref_name__iexact	True	False	False	ORAL	1	True	RUCAPARIB	ORAL	4.0	False		True			True	APPROVED	REFERENCED	NONE		NONE		NOT_SCORED	NOT_SCORED
RUTIN	RUTIN	CHEMBL226335	pref_name__iexact	False	False	False	ORAL	10	True	RUTIN	DISAGREE	3.0	False		True			False	NOT_APPROVED	MECHANISM UNSUPPORTED	NONE		NONE		NOT_SCORED	NOT_SCORED
RUXOLITINIB	RUXOLITINIB	CHEMBL1789941	pref_name__iexact	True	False	True	ORAL;TOPICAL	2	True	RUXOLITINIB	ORAL	4.0	False		True			True	APPROVED	MECHANISM UNSUPPORTED	DOCUMENTED	es zoster, consider interrupting OPZELURA treatment until the episode resolves. Hepatitis B and C The impact of JAK inhibitors used to treat inflammatory conditions incl	NONE		NOT_SCORED	NOT_SCORED
SAPANISERTIB	SAPANISERTIB	CHEMBL3545097	pref_name__iexact	False	False	False		0	False		NOT_ORAL	2.0	False		True			False	NOT_APPROVED	REFERENCED	NO_US_LABEL		NO_US_LABEL		NOT_SCORED	NOT_SCORED
SELADELPAR	SELADELPAR	CHEMBL230158	pref_name__iexact	True	False	False	ORAL	1	True	SELADELPAR	ORAL	4.0	False		True			True	APPROVED	REFERENCED	DOCUMENTED	P]) worsen, or the patient develops signs and symptoms consistent with clinical hepatitis (e.g., jaundice, right upper quadrant pain, eosinophilia). Consider permanent d	NONE		NOT_SCORED	NOT_SCORED
SELEGILINE	SELEGILINE	CHEMBL972	pref_name__iexact	True	False	True	ORAL;TRANSDERMAL	10	True	SELEGILINE	ORAL	4.0	False		True			True	APPROVED	REFERENCED	NONE		NONE		NOT_SCORED	NOT_SCORED
SELENIUM	SELENIUM	CHEMBL6068503	pref_name__iexact	False	False	False	ORAL;SUBLINGUAL;TOPICAL	10	True	SELENIUM	DISAGREE	3.0	False		True			False	NOT_APPROVED	MECHANISM UNSUPPORTED	NONE		NONE		NOT_SCORED	NOT_SCORED
SELEXIPAG	SELEXIPAG	CHEMBL238804	pref_name__iexact	True	True	False	INTRAVENOUS;ORAL	3	True	SELEXIPAG	ORAL	4.0	False		True			True	APPROVED	REFERENCED	NONE		NONE		NOT_SCORED	NOT_SCORED
SELUMETINIB	SELUMETINIB	CHEMBL1614701	pref_name__iexact	True	False	False	ORAL	1	True	SELUMETINIB	ORAL	4.0	False		True			True	APPROVED	MECHANISM UNSUPPORTED	NONE		NONE		NOT_SCORED	NOT_SCORED
SERTRALINE HYDROCHLORIDE	SERTRALINE HYDROCHLORIDE	CHEMBL1709	pref_name__iexact	True	False	False	ORAL	10	True	SERTRALINE HYDROCHLORIDE	ORAL	4.0	False		True			True	APPROVED	REFERENCED	NONE		DOCUMENTED	e hydrochloride, in patients with untreated anatomically narrow angles. ( 5.7 ) QTc Prolongation: Sertraline hydrochloride should be used with caution in patients	NOT_SCORED	NOT_SCORED
SEVOFLURANE	SEVOFLURANE	CHEMBL1200694	pref_name__iexact	False	False	True	RESPIRATORY (INHALATION)	10	True	SEVOFLURANE	NOT_ORAL	4.0	False		True			True	APPROVED	REFERENCED	NONE		DOCUMENTED	piration and, if necessary, assist with ventilation (see PRECAUTIONS ). Risk of QT Prolongation Reports of QT prolongation, associated with torsade de pointes (in	NOT_SCORED	NOT_SCORED
SILDENAFIL	SILDENAFIL	CHEMBL192	pref_name__iexact	True	True	False	ORAL	10	True	SILDENAFIL	ORAL	4.0	False		True			True	APPROVED	MECHANISM UNSUPPORTED	NONE		DOCUMENTED	; if prescribed, this should be done with caution. Patients who have suffered a myocardial infarction, stroke, or life-threatening arrhythmia within the last 6 months; Pa	NOT_SCORED	NOT_SCORED
SILVER SULFADIAZINE	SILVER SULFADIAZINE	CHEMBL1382627	free_text_search	False	False	True	TOPICAL	10	True	SILVER SULFADIAZINE	NOT_ORAL	4.0	False		True			True	APPROVED	REFERENCED	DOCUMENTED	ermal necrolysis (TEN) and exfoliative dermatitis]; gastrointestinal reactions, hepatitis and hepatocellular necrosis; CNS reactions; and toxic nephrosis. There is a pot	NONE		NOT_SCORED	NOT_SCORED
SIMVASTATIN	SIMVASTATIN	CHEMBL1064	pref_name__iexact	True	False	False	ORAL	10	True	SIMVASTATIN	ORAL	4.0	False		True			True	APPROVED	REFERENCED	DOCUMENTED	ansaminases have occurred, some persistent. Rare reports of fatal and non-fatal hepatic failure have occurred. Consider testing liver enzyme before initiating therapy and as c	DOCUMENTED	other clinical study of 12,064 simvastatin -treated patients (with a history of myocardial infarction) with a mean follow-up of 6.7 years, the incidences of myopathy in p	NOT_SCORED	NOT_SCORED
SIPONIMOD	SIPONIMOD	CHEMBL2336071	pref_name__iexact	True	False	False	ORAL	1	True	SIPONIMOD	ORAL	4.0	False		True			True	APPROVED	REFERENCED	DOCUMENTED	. Assess pulmonary function (e.g., spirometry) if clinically indicated. ( 5.5 ) Liver Injury: Obtain liver enzyme results before initiation. Closely monitor patients with s	DOCUMENTED	. MAYZENT was not studied in patients who had: In the last 6 months experienced myocardial infarction, unstable angina, stroke, transient ischemic attack (TIA), or decomp	NOT_SCORED	NOT_SCORED
SIROLIMUS	SIROLIMUS	CHEMBL413	pref_name__iexact	True	True	True	ORAL	10	True	SIROLIMUS	ORAL	4.0	False		True			True	APPROVED	REFERENCED	NONE		NONE		NOT_SCORED	NOT_SCORED
SITAGLIPTIN	SITAGLIPTIN	CHEMBL1422	pref_name__iexact	True	False	False	ORAL	10	True	SITAGLIPTIN	ORAL	4.0	False		True			True	APPROVED	MECHANISM UNSUPPORTED	NONE		NONE		NOT_SCORED	NOT_SCORED
SODIUM CHLORIDE	SODIUM CHLORIDE	CHEMBL1200574	pref_name__iexact	True	True	True	EPIDURAL;INFILTRATION;INTRA-ARTICULAR;INTRALESIONAL;INTRAMUSCULAR;INTRAVENOUS;IRRIGATION;ORAL;SOFT TISSUE;SUBCUTANEOUS;SUBLINGUAL;TOPICAL	10	True	SODIUM CHLORIDE	ORAL	4.0	False		True			True	APPROVED	MECHANISM UNSUPPORTED	NONE		DOCUMENTED	agonism and severe hypertension in untreated pheochromocytoma ( 5.9 ) • Risk of myocardial ischemia when abruptly discontinued in patients with coronary artery disease (	NOT_SCORED	NOT_SCORED
SODIUM NITRITE	SODIUM NITRITE	CHEMBL93268	pref_name__iexact	False	True	False	INTRAVENOUS	2	True	SODIUM NITRITE	NOT_ORAL	4.0	False		True			True	APPROVED	MECHANISM UNSUPPORTED	NONE		NONE		NOT_SCORED	NOT_SCORED
SODIUM SALICYLATE	SODIUM SALICYLATE	CHEMBL447868	pref_name__iexact	False	False	False	ORAL	10	True	SODIUM SALICYLATE	DISAGREE	1.0	False		True			False	NOT_APPROVED	MECHANISM UNSUPPORTED	NONE		NONE		NOT_SCORED	NOT_SCORED
SOMATROPIN (RECOMBINANT DNA ORIGIN)	SOMATROPIN (RECOMBINANT DNA ORIGIN)	CHEMBL5315074	free_text_search	False	False	False		0	False		NOT_ORAL	-1.0	False		True			False	NOT_APPROVED	MECHANISM UNSUPPORTED	NO_US_LABEL		NO_US_LABEL		NOT_SCORED	NOT_SCORED
SORAFENIB	SORAFENIB	CHEMBL1336	edges	True	False	False	ORAL	8	True	SORAFENIB	ORAL	4.0	False	True	True		True	True	APPROVED	MECHANISM UNSUPPORTED	DOCUMENTED	or increases greater than 60 msec from baseline.( 2.2, 5.9, 12.2) Drug-Induced Liver Injury: Monitor liver function tests regularly; discontinue for unexplained transamina	DOCUMENTED	after resolution of wound healing complications has not been established. (5.7) QT Prolongation: Monitor electrocardiograms and electrolytes in patients at increa	NOT_SCORED	NOT_SCORED
sorafenib	SORAFENIB	CHEMBL1336	edges	True	False	False	ORAL	8	True	SORAFENIB	ORAL	4.0	False	True	True		True	True	APPROVED	MECHANISM UNSUPPORTED	DOCUMENTED	or increases greater than 60 msec from baseline.( 2.2, 5.9, 12.2) Drug-Induced Liver Injury: Monitor liver function tests regularly; discontinue for unexplained transamina	DOCUMENTED	after resolution of wound healing complications has not been established. (5.7) QT Prolongation: Monitor electrocardiograms and electrolytes in patients at increa	NOT_SCORED	NOT_SCORED
SORAFENIB TOSYLATE	SORAFENIB TOSYLATE	CHEMBL1200485	edges	True	False	False	ORAL	8	True	SORAFENIB	ORAL	4.0	False	True	True	True		True	APPROVED	REFERENCED	DOCUMENTED	or increases greater than 60 msec from baseline.( 2.2, 5.9, 12.2) Drug-Induced Liver Injury: Monitor liver function tests regularly; discontinue for unexplained transamina	DOCUMENTED	after resolution of wound healing complications has not been established. (5.7) QT Prolongation: Monitor electrocardiograms and electrolytes in patients at increa	NOT_SCORED	NOT_SCORED
SOTALOL	SOTALOL	CHEMBL471	pref_name__iexact	True	True	False	ORAL	10	True	SOTALOL	ORAL	4.0	False		True			True	APPROVED	MECHANISM UNSUPPORTED	NONE		DOCUMENTED	ing. Sotalol can cause life-threatening ventricular tachycardia associated with QT interval prolongation. If the QT interval prolongs to 500 msec or greater, redu	NOT_SCORED	NOT_SCORED
SOTATERCEPT	SOTATERCEPT	CHEMBL1743073	edges	False	True	False		1	True	SOTATERCEPT	NOT_ORAL	4.0	False	True	True	True		True	APPROVED	REFERENCED	NONE		NONE		NOT_SCORED	NOT_SCORED
SPIRONOLACTONE	SPIRONOLACTONE	CHEMBL1393	pref_name__iexact	True	False	False	ORAL	10	True	SPIRONOLACTONE	ORAL	4.0	False		True			True	APPROVED	REFERENCED	NONE		NONE		NOT_SCORED	NOT_SCORED
STAVUDINE	STAVUDINE	CHEMBL991	pref_name__iexact	True	False	False		0	False		ORAL	4.0	False		True			False	APPROVED_NO_LABEL	REFERENCED	NO_US_LABEL		NO_US_LABEL		NOT_SCORED	NOT_SCORED
STREPTOZOCIN	STREPTOZOCIN	CHEMBL1977579	pref_name__iexact	False	True	False		0	False		NOT_ORAL	4.0	False		True			False	APPROVED_NO_LABEL	REFERENCED	NO_US_LABEL		NO_US_LABEL		NOT_SCORED	NOT_SCORED
SULFADOXINE	SULFADOXINE	CHEMBL1539	pref_name__iexact	True	False	False		0	False		ORAL	4.0	False		True			False	APPROVED_NO_LABEL	REFERENCED	NO_US_LABEL		NO_US_LABEL		NOT_SCORED	NOT_SCORED
SULFAPHENAZOLE	SULFAPHENAZOLE	CHEMBL1109	pref_name__iexact	True	False	False		0	False		ORAL	4.0	False		True			False	APPROVED_NO_LABEL	REFERENCED	NO_US_LABEL		NO_US_LABEL		NOT_SCORED	NOT_SCORED
SULFASALAZINE	SULFASALAZINE	CHEMBL421	pref_name__iexact	True	False	False	ORAL	10	True	SULFASALAZINE	ORAL	4.0	False		True			True	APPROVED	REFERENCED	DOCUMENTED	reactions, agranulocytosis, aplastic anemia, other blood dyscrasias, renal and liver damage, irreversible neuromuscular and central nervous system changes, and fibrosing a	NONE		NOT_SCORED	NOT_SCORED
SULFINPYRAZONE	SULFINPYRAZONE	CHEMBL832	pref_name__iexact	True	False	False		0	False		ORAL	4.0	False		True			False	APPROVED_NO_LABEL	REFERENCED	NO_US_LABEL		NO_US_LABEL		NOT_SCORED	NOT_SCORED
SULINDAC	SULINDAC	CHEMBL15770	pref_name__iexact	True	False	False	ORAL	10	True	SULINDAC	ORAL	4.0	False		True			True	APPROVED	REFERENCED	DOCUMENTED	e liver, in some patients the findings are consistent with those of cholestatic hepatitis (see WARNINGS,Hypersensitivity ). As with other non-steroidal anti-inflammatory	DOCUMENTED	cause an increased risk of serious cardiovascular thrombotic events, including myocardial infarction and stroke, which can be fatal. This risk may occur early in treatme	NOT_SCORED	NOT_SCORED
SULPIRIDE	SULPIRIDE	CHEMBL26	pref_name__iexact	True	False	False		0	False		ORAL	4.0	False		True			False	APPROVED_NO_LABEL	REFERENCED	NO_US_LABEL		NO_US_LABEL		NOT_SCORED	NOT_SCORED
SUNITINIB	SUNITINIB	CHEMBL535	edges	True	False	False	ORAL	10	True	SUNITINIB	ORAL	4.0	False	True	True		True	True	APPROVED	MECHANISM UNSUPPORTED	DOCUMENTED	WARNING: HEPATOTOXICITY Hepatotoxicity may be severe, and in some cases, fatal. Monitor hepatic fu	DOCUMENTED	ther signs and symptoms of liver failure. ( 2.4 , 5.1 ) Cardiovascular Events : Myocardial ischemia, myocardial infarction, heart failure, cardiomyopathy, and decreased l	NOT_SCORED	NOT_SCORED
sunitinib	SUNITINIB	CHEMBL535	edges	True	False	False	ORAL	10	True	SUNITINIB	ORAL	4.0	False	True	True		True	True	APPROVED	MECHANISM UNSUPPORTED	DOCUMENTED	WARNING: HEPATOTOXICITY Hepatotoxicity may be severe, and in some cases, fatal. Monitor hepatic fu	DOCUMENTED	ther signs and symptoms of liver failure. ( 2.4 , 5.1 ) Cardiovascular Events : Myocardial ischemia, myocardial infarction, heart failure, cardiomyopathy, and decreased l	NOT_SCORED	NOT_SCORED
SUNITINIB MALATE	SUNITINIB MALATE	CHEMBL1567	edges	True	False	False	ORAL	10	True	SUNITINIB MALATE	ORAL	4.0	False	True	True	True		True	APPROVED	REFERENCED	DOCUMENTED	WARNING: HEPATOTOXICITY Hepatotoxicity may be severe, and in some cases, fatal. Monitor hepatic fu	DOCUMENTED	ther signs and symptoms of liver failure. ( 2.4 , 5.1 ) Cardiovascular Events : Myocardial ischemia, myocardial infarction, heart failure, cardiomyopathy, and decreased l	NOT_SCORED	NOT_SCORED
TACRINE	TACRINE	CHEMBL95	edges	True	False	False		0	False		ORAL	4.0	False		True		True	False	APPROVED_NO_LABEL	MECHANISM UNSUPPORTED	NO_US_LABEL		NO_US_LABEL		NOT_SCORED	NOT_SCORED
tacrine	TACRINE	CHEMBL95	edges	True	False	False		0	False		ORAL	4.0	False		True		True	False	APPROVED_NO_LABEL	MECHANISM UNSUPPORTED	NO_US_LABEL		NO_US_LABEL		NOT_SCORED	NOT_SCORED
TALAZOPARIB	TALAZOPARIB	CHEMBL3137320	pref_name__iexact	True	False	False	ORAL	4	True	TALAZOPARIB	ORAL	4.0	False		True			True	APPROVED	REFERENCED	NONE		NONE		NOT_SCORED	NOT_SCORED
TALC	TALC	CHEMBL3989756	pref_name__iexact	False	True	False	TOPICAL	10	True	TALC	NOT_ORAL	4.0	False		True			True	APPROVED	MECHANISM UNSUPPORTED	NONE		NONE		NOT_SCORED	NOT_SCORED
TAMOXIFEN	TAMOXIFEN	CHEMBL83	edges	True	False	False	ORAL	10	True	TAMOXIFEN	ORAL	4.0	False		True		True	True	APPROVED	MECHANISM UNSUPPORTED	DOCUMENTED	spectrum of more severe liver abnormalities including fatty liver, cholestasis, hepatitis and hepatic necrosis. Some of these serious cases included fatalities. In most	NONE		NOT_SCORED	NOT_SCORED
tamoxifen	TAMOXIFEN	CHEMBL83	edges	True	False	False	ORAL	10	True	TAMOXIFEN	ORAL	4.0	False		True		True	True	APPROVED	MECHANISM UNSUPPORTED	DOCUMENTED	spectrum of more severe liver abnormalities including fatty liver, cholestasis, hepatitis and hepatic necrosis. Some of these serious cases included fatalities. In most	NONE		NOT_SCORED	NOT_SCORED
TAMOXIFEN CITRATE	TAMOXIFEN CITRATE	CHEMBL786	pref_name__iexact	True	False	False	ORAL	10	True	TAMOXIFEN CITRATE	ORAL	4.0	False		True			True	APPROVED	REFERENCED	DOCUMENTED	spectrum of more severe liver abnormalities including fatty liver, cholestasis, hepatitis and hepatic necrosis. Some of these serious cases included fatalities. In most	NONE		NOT_SCORED	NOT_SCORED
TAZEMETOSTAT	TAZEMETOSTAT	CHEMBL3414621	pref_name__iexact	True	False	False	ORAL	1	True	TAZEMETOSTAT	ORAL	4.0	False		True			True	APPROVED	MECHANISM UNSUPPORTED	NONE		NONE		NOT_SCORED	NOT_SCORED
TEMOZOLOMIDE	TEMOZOLOMIDE	CHEMBL810	pref_name__iexact	True	True	False	INTRAVENOUS;ORAL	10	True	TEMOZOLOMIDE	ORAL	4.0	False		True			True	APPROVED	REFERENCED	DOCUMENTED	ents and women have a higher risk of developing myelosuppression. ( 5.1 , 8.5 ) Hepatotoxicity : Fatal and severe hepatotoxicity have been reported. Perform liver tests	NONE		NOT_SCORED	NOT_SCORED
TEMSIROLIMUS	TEMSIROLIMUS	CHEMBL1201182	pref_name__iexact	False	True	False	INTRAVENOUS	5	True	TEMSIROLIMUS	NOT_ORAL	4.0	False		True			True	APPROVED	REFERENCED	NONE		NONE		NOT_SCORED	NOT_SCORED
TEPROTUMUMAB	TEPROTUMUMAB	CHEMBL1743079	pref_name__iexact	False	True	False	INTRAVENOUS	1	True	TEPROTUMUMAB	NOT_ORAL	4.0	False		True			True	APPROVED	REFERENCED	NONE		NONE		NOT_SCORED	NOT_SCORED
TERAZOSIN	TERAZOSIN	CHEMBL611	pref_name__iexact	True	False	False	ORAL	10	True	TERAZOSIN	ORAL	4.0	False		True			True	APPROVED	MECHANISM UNSUPPORTED	NONE		NONE		NOT_SCORED	NOT_SCORED
TERFENADINE	TERFENADINE	CHEMBL17157	pref_name__iexact	False	False	False		0	False		NOT_ORAL	4.0	True		True			False	APPROVED_NO_LABEL	REFERENCED	NO_US_LABEL		NO_US_LABEL		NOT_SCORED	NOT_SCORED
TESTOSTERONE	TESTOSTERONE	CHEMBL386630	pref_name__iexact	False	True	True	INTRAMUSCULAR;ORAL;SUBCUTANEOUS;TRANSDERMAL	10	True	TESTOSTERONE	DISAGREE	4.0	False		True			True	APPROVED	REFERENCED	DOCUMENTED	rious hepatic adverse effects (peliosis hepatis, hepatic neoplasms, cholestatic hepatitis, and jaundice). Peliosis hepatis can be a life-threatening or fatal complicatio	DOCUMENTED	ining the risk of major adverse cardiovascular events (MACE), such as non-fatal myocardial infarction, non-fatal stroke, and cardiovascular death, with the use of testost	NOT_SCORED	NOT_SCORED
TETRACYCLINE	TETRACYCLINE	CHEMBL1440	pref_name__iexact	True	True	True	ORAL;TOPICAL	10	True	TETRACYCLINE	ORAL	4.0	False		True			True	APPROVED	REFERENCED	NONE		NONE		NOT_SCORED	NOT_SCORED
THALIDOMIDE	THALIDOMIDE	CHEMBL468	edges	True	False	False	ORAL	1	True	THALIDOMIDE	ORAL	4.0	True	True	True	True		True	APPROVED	REFERENCED	DOCUMENTED	eosinophilia, fever, and/or lymphadenopathy with systemic complications such as hepatitis, nephritis, pneumonitis, myocarditis, and/or pericarditis. These events can be	DOCUMENTED	5 WARNINGS AND PRECAUTIONS • Ischemic heart disease (including myocardial infarction) and stroke have been observed in patients treated with THALOMID in	NOT_SCORED	NOT_SCORED
THEOPHYLLINE	THEOPHYLLINE	CHEMBL1355736	pref_name__iexact	True	True	False	ORAL	10	True	THEOPHYLLINE	ORAL	4.0	False		True			True	APPROVED	REFERENCED	DOCUMENTED	re elevations for longer periods Hypothyroidism Liver disease; cirrhosis, acute hepatitis Reduced renal function in infants <3 months of age Sepsis with multi-organ fail	NONE		NOT_SCORED	NOT_SCORED
THIABENDAZOLE	THIABENDAZOLE	CHEMBL625	pref_name__iexact	True	False	False		0	False		ORAL	4.0	False		True			False	APPROVED_NO_LABEL	REFERENCED	NO_US_LABEL		NO_US_LABEL		NOT_SCORED	NOT_SCORED
THIOGUANINE	THIOGUANINE	CHEMBL727	pref_name__iexact	True	False	False	ORAL	1	True	THIOGUANINE	ORAL	4.0	False		True			True	APPROVED	REFERENCED	DOCUMENTED	city include hepatoportal sclerosis, nodular regenerative hyperplasia, peliosis hepatitis, and periportal fibrosis. Thioguanine therapy should be discontinued in patient	NONE		NOT_SCORED	NOT_SCORED
THIOTEPA	THIOTEPA	CHEMBL671	pref_name__iexact	False	True	False	INTRACAVITARY;INTRAVENOUS;INTRAVESICAL	10	True	THIOTEPA	NOT_ORAL	4.0	False		True			True	APPROVED	REFERENCED	NONE		NONE		NOT_SCORED	NOT_SCORED
THROMBIN ALFA	THROMBIN ALFA	CHEMBL2107853	pref_name__iexact	False	False	False		0	False		NOT_ORAL	2.0	False		True			False	NOT_APPROVED	MECHANISM UNSUPPORTED	NO_US_LABEL		NO_US_LABEL		NOT_SCORED	NOT_SCORED
TICLOPIDINE	TICLOPIDINE	CHEMBL833	edges	True	False	False		0	False		ORAL	4.0	False		True		True	False	APPROVED_NO_LABEL	MECHANISM UNSUPPORTED	NO_US_LABEL		NO_US_LABEL		NOT_SCORED	NOT_SCORED
ticlopidine	TICLOPIDINE	CHEMBL833	edges	True	False	False		0	False		ORAL	4.0	False		True		True	False	APPROVED_NO_LABEL	MECHANISM UNSUPPORTED	NO_US_LABEL		NO_US_LABEL		NOT_SCORED	NOT_SCORED
TICRYNAFEN	TICRYNAFEN	CHEMBL267744	pref_name__iexact	False	False	False		0	False		NOT_ORAL	4.0	True		True			False	APPROVED_NO_LABEL	REFERENCED	NO_US_LABEL		NO_US_LABEL		NOT_SCORED	NOT_SCORED
TILDRAKIZUMAB	TILDRAKIZUMAB	CHEMBL2108681	pref_name__iexact	False	True	False	SUBCUTANEOUS	1	True	TILDRAKIZUMAB	NOT_ORAL	4.0	False		True			True	APPROVED	REFERENCED	NONE		NONE		NOT_SCORED	NOT_SCORED
TIOPRONIN	TIOPRONIN	CHEMBL1314	pref_name__iexact	True	False	False	ORAL	10	True	TIOPRONIN	ORAL	4.0	False		True			True	APPROVED	REFERENCED	NONE		NONE		NOT_SCORED	NOT_SCORED
TIVOZANIB	TIVOZANIB	CHEMBL1289494	edges	True	False	False		0	False		ORAL	4.0	False	True	True			False	APPROVED_NO_LABEL	REFERENCED	NO_US_LABEL		NO_US_LABEL		NOT_SCORED	NOT_SCORED
TIVOZANIB HYDROCHLORIDE	TIVOZANIB HYDROCHLORIDE	CHEMBL2105756	edges	True	False	False		0	False		ORAL	4.0	False	True	True			False	APPROVED_NO_LABEL	REFERENCED	NO_US_LABEL		NO_US_LABEL		NOT_SCORED	NOT_SCORED
TOCILIZUMAB	TOCILIZUMAB	CHEMBL1237022	pref_name__iexact	False	True	False	INTRAVENOUS;SUBCUTANEOUS	7	True	TOCILIZUMAB	NOT_ORAL	4.0	False		True			True	APPROVED	REFERENCED	DOCUMENTED	perforation—use with caution in patients who may be at increased risk. ( 5.2 ) Hepatotoxicity- Monitor patients for signs and symptoms of hepatic injury. Modify or disc	NONE		NOT_SCORED	NOT_SCORED
TOLNAFTATE	TOLNAFTATE	CHEMBL83668	pref_name__iexact	False	False	False	TOPICAL	10	True	TOLNAFTATE	NOT_ORAL	3.0	False		True			False	NOT_APPROVED	MECHANISM UNSUPPORTED	NONE		NONE		NOT_SCORED	NOT_SCORED
TOPOTECAN HYDROCHLORIDE	TOPOTECAN HYDROCHLORIDE	CHEMBL1607	pref_name__iexact	True	True	False	INTRAVENOUS	4	True	TOPOTECAN HYDROCHLORIDE	DISAGREE	4.0	False		True			True	APPROVED	REFERENCED	NONE		NONE		NOT_SCORED	NOT_SCORED
TOREMIFENE	TOREMIFENE	CHEMBL1655	pref_name__iexact	True	False	False	ORAL	3	True	TOREMIFENE	ORAL	4.0	False		True			True	APPROVED	MECHANISM UNSUPPORTED	DOCUMENTED	indicated [see Drug Interactions (7.2) and Clinical Pharmacology (12.2) ] . 5.2 Hepatotoxicity Hepatotoxicity, both increases in the serum concentration for grade 3 and	DOCUMENTED	WARNING: QT PROLONGATION FARESTON has been shown to prolong the QTc interval in a dose- and	NOT_SCORED	NOT_SCORED
TORIPALIMAB	TORIPALIMAB	CHEMBL4297843	pref_name__iexact	False	True	False	INTRAVENOUS	1	True	TORIPALIMAB	NOT_ORAL	4.0	False		True			True	APPROVED	REFERENCED	DOCUMENTED	ollowing: immune-mediated pneumonitis, immune-mediated colitis, immune-mediated hepatitis, immune-mediated endocrinopathies, immune-mediated nephritis with renal dysfunc	DOCUMENTED	reactions : Interrupt, slow the rate of infusion, or permanently discontinue LOQTORZI based on the severity of reaction. ( 5.2 ) Complications of allogeneic HSCT	NOT_SCORED	NOT_SCORED
TORSEMIDE	TORSEMIDE	CHEMBL1148	pref_name__iexact	True	True	False	ORAL	10	True	TORSEMIDE	ORAL	4.0	False		True			True	APPROVED	REFERENCED	NONE		NONE		NOT_SCORED	NOT_SCORED
TOVORAFENIB	TOVORAFENIB	CHEMBL3348923	edges	True	False	False	ORAL	1	True	TOVORAFENIB	ORAL	4.0	False	True	True			True	APPROVED	REFERENCED	DOCUMENTED	Withhold, reduce the dose or permanently discontinue based on severity. ( 5.2 ) Hepatotoxicity: OJEMDA can cause hepatotoxicity. Monitor liver function tests prior to ad	NONE		NOT_SCORED	NOT_SCORED
TRAMADOL	TRAMADOL	CHEMBL1237044	pref_name__iexact	True	False	False	ORAL	10	True	TRAMADOL	ORAL	4.0	False		True			True	APPROVED	MECHANISM UNSUPPORTED	DOCUMENTED	metabolite, M1 [see Warnings and Precautions (5.7) , Drug Interactions (7) ] . Hepatotoxicity Tramadol hydrochloride and acetaminophen tablets contain tramadol hydrochl	NONE		NOT_SCORED	NOT_SCORED
TRAMETINIB DIMETHYL SULFOXIDE	TRAMETINIB DIMETHYL SULFOXIDE	CHEMBL2105741	pref_name__iexact	True	False	False		0	False		ORAL	4.0	False		True			False	APPROVED_NO_LABEL	REFERENCED	NO_US_LABEL		NO_US_LABEL		NOT_SCORED	NOT_SCORED
TRANDOLAPRIL	TRANDOLAPRIL	CHEMBL1519	pref_name__iexact	True	False	False	ORAL	7	True	TRANDOLAPRIL	ORAL	4.0	False		True			True	APPROVED	REFERENCED	DOCUMENTED	ients with collagen-vascular disease and/or renal disease should be considered. Hepatic Failure ACE inhibitors rarely have been associated with a syndrome of cholestatic jaund	DOCUMENTED	ansient bradycardia, sometimes accompanied by nodal escape rhythms. PR interval prolongation is correlated with verapamil plasma concentrations, especially during the early	NOT_SCORED	NOT_SCORED
TRASTUZUMAB	TRASTUZUMAB	CHEMBL1201585	pref_name__iexact	False	True	False	INTRAVENOUS	8	True	TRASTUZUMAB	NOT_ORAL	4.0	False		True			True	APPROVED	REFERENCED	DOCUMENTED	WARNING: HEPATOTOXICITY, CARDIAC TOXICITY, EMBRYO-FETAL TOXICITY Hepatotoxicity: Serious hepatotox	DOCUMENTED	ts with a history of symptomatic CHF, serious cardiac arrhythmia, or history of myocardial infarction or unstable angina within 6 months were excluded from the EMILIA and	NOT_SCORED	NOT_SCORED
TRETINOIN	TRETINOIN	CHEMBL38	pref_name__iexact	True	False	True	ORAL;TOPICAL	10	True	TRETINOIN	ORAL	4.0	False		True			True	APPROVED	REFERENCED	DOCUMENTED	erides and cholesterol at baseline and periodically during treatment. ( 5.6 ) • Hepatotoxicity: Monitor liver function test results at baseline and during treatment as c	DOCUMENTED	renal, and multi-organ failure. This syndrome has been accompanied by impaired myocardial contractility and episodic hypotension and it has been observed with or without	NOT_SCORED	NOT_SCORED
TRIAMCINOLONE	TRIAMCINOLONE	CHEMBL1451	pref_name__iexact	True	False	False	INTRA-ARTICULAR;INTRAMUSCULAR;NASAL;TOPICAL	10	True	TRIAMCINOLONE	DISAGREE	4.0	False		True			True	APPROVED	REFERENCED	DOCUMENTED	t is exposed to measles, prophylaxis with immunoglobulin (IG) may be indicated. Hepatitis B Virus Reactivation Hepatitis B virus reactivation can occur in patients who a	DOCUMENTED	en use of corticosteroids and left ventricular free wall rupture after a recent myocardial infarction; therefore, therapy with corticosteroids should be used with great c	NOT_SCORED	NOT_SCORED
TRIAMTERENE	TRIAMTERENE	CHEMBL585	pref_name__iexact	True	False	False	ORAL	10	True	TRIAMTERENE	ORAL	4.0	False		True			True	APPROVED	REFERENCED	NONE		NONE		NOT_SCORED	NOT_SCORED
TRIAZOLAM	TRIAZOLAM	CHEMBL646	pref_name__iexact	True	False	False	ORAL	10	True	TRIAZOLAM	ORAL	4.0	True		True			True	APPROVED	REFERENCED	NONE		NONE		NOT_SCORED	NOT_SCORED
TRICLOSAN	TRICLOSAN	CHEMBL849	pref_name__iexact	False	False	True	TOPICAL	10	True	TRICLOSAN	NOT_ORAL	4.0	False		True			True	APPROVED	REFERENCED	NONE		NONE		NOT_SCORED	NOT_SCORED
TRIFLUOPERAZINE	TRIFLUOPERAZINE	CHEMBL422	edges	True	True	False	ORAL	10	True	TRIFLUOPERAZINE	ORAL	4.0	False		True		True	True	APPROVED	MECHANISM UNSUPPORTED	DOCUMENTED	ents who have demonstrated a hypersensitivity reaction (e.g., blood dyscrasias, jaundice) with a phenothiazine should not be re-exposed to any phenothiazine, including	NONE		NOT_SCORED	NOT_SCORED
trifluoperazine	TRIFLUOPERAZINE	CHEMBL422	edges	True	True	False	ORAL	10	True	TRIFLUOPERAZINE	ORAL	4.0	False		True		True	True	APPROVED	MECHANISM UNSUPPORTED	DOCUMENTED	ents who have demonstrated a hypersensitivity reaction (e.g., blood dyscrasias, jaundice) with a phenothiazine should not be re-exposed to any phenothiazine, including	NONE		NOT_SCORED	NOT_SCORED
TRIFLUPROMAZINE	TRIFLUPROMAZINE	CHEMBL570	edges	True	True	False		0	False		ORAL	4.0	False		True		True	False	APPROVED_NO_LABEL	REFERENCED	NO_US_LABEL		NO_US_LABEL		NOT_SCORED	NOT_SCORED
triflupromazine	TRIFLUPROMAZINE	CHEMBL570	edges	True	True	False		0	False		ORAL	4.0	False		True		True	False	APPROVED_NO_LABEL	REFERENCED	NO_US_LABEL		NO_US_LABEL		NOT_SCORED	NOT_SCORED
TRILOSTANE	TRILOSTANE	CHEMBL1200907	edges	True	False	False		0	False		ORAL	4.0	False	True	True	True	True	False	APPROVED_NO_LABEL	MECHANISM UNSUPPORTED	NO_US_LABEL		NO_US_LABEL		NOT_SCORED	NOT_SCORED
trilostane	TRILOSTANE	CHEMBL1200907	edges	True	False	False		0	False		ORAL	4.0	False	True	True	True	True	False	APPROVED_NO_LABEL	MECHANISM UNSUPPORTED	NO_US_LABEL		NO_US_LABEL		NOT_SCORED	NOT_SCORED
TRIMETHOPRIM	TRIMETHOPRIM	CHEMBL22	pref_name__iexact	True	True	True	OPHTHALMIC;ORAL	10	True	TRIMETHOPRIM	ORAL	4.0	False		True			True	APPROVED	REFERENCED	DOCUMENTED	linical signs, such as rash, sore throat, fever, arthralgia, pallor, purpura or jaundice may be early indications of serious reactions. Cough, shortness of breath, and	NONE		NOT_SCORED	NOT_SCORED
TRIMIPRAMINE	TRIMIPRAMINE	CHEMBL644	pref_name__iexact	True	False	False	ORAL	5	True	TRIMIPRAMINE	ORAL	4.0	False		True			True	APPROVED	MECHANISM UNSUPPORTED	NONE		DOCUMENTED	vascular disease because of the possibility of conduction defects, arrhythmias, myocardial infarction, strokes, and tachycardia. Caution is advised in patients with histo	NOT_SCORED	NOT_SCORED
TRIOXSALEN	TRIOXSALEN	CHEMBL1475	pref_name__iexact	True	False	False		0	False		ORAL	4.0	False		True			False	APPROVED_NO_LABEL	REFERENCED	NO_US_LABEL		NO_US_LABEL		NOT_SCORED	NOT_SCORED
TRIPTORELIN	TRIPTORELIN	CHEMBL1201334	pref_name__iexact	False	True	False		2	True	TRIPTORELIN	NOT_ORAL	4.0	False		True			True	APPROVED	MECHANISM UNSUPPORTED	NONE		DOCUMENTED	to institutional guidelines. ( 5.3 ) Cardiovascular Diseases: Increased risk of myocardial infarction, sudden cardiac death and stroke has been reported in men. Monitor f	NOT_SCORED	NOT_SCORED
TROFINETIDE	TROFINETIDE	CHEMBL197084	pref_name__iexact	True	False	False	ORAL	1	True	TROFINETIDE	ORAL	4.0	False		True			True	APPROVED	REFERENCED	NONE		NONE		NOT_SCORED	NOT_SCORED
TROGLITAZONE	TROGLITAZONE	CHEMBL408	pref_name__iexact	True	False	False		0	False		ORAL	4.0	True		True			False	APPROVED_NO_LABEL	REFERENCED	NO_US_LABEL		NO_US_LABEL		NOT_SCORED	NOT_SCORED
TROLEANDOMYCIN	TROLEANDOMYCIN	CHEMBL564085	pref_name__iexact	True	False	False		0	False		ORAL	4.0	False		True			False	APPROVED_NO_LABEL	REFERENCED	NO_US_LABEL		NO_US_LABEL		NOT_SCORED	NOT_SCORED
UMBRALISIB	UMBRALISIB	CHEMBL3948730	edges	True	False	False		0	False		ORAL	4.0	True	True	True		True	False	APPROVED_NO_LABEL	MECHANISM UNSUPPORTED	NO_US_LABEL		NO_US_LABEL		NOT_SCORED	NOT_SCORED
umbralisib	UMBRALISIB	CHEMBL3948730	edges	True	False	False		0	False		ORAL	4.0	True	True	True		True	False	APPROVED_NO_LABEL	MECHANISM UNSUPPORTED	NO_US_LABEL		NO_US_LABEL		NOT_SCORED	NOT_SCORED
UMBRALISIB TOSYLATE	UMBRALISIB TOSYLATE	CHEMBL3989869	edges	True	False	False		0	False		ORAL	4.0	False	True	True	True		False	APPROVED_NO_LABEL	REFERENCED	NO_US_LABEL		NO_US_LABEL		NOT_SCORED	NOT_SCORED
UROKINASE	UROKINASE	CHEMBL1201420	pref_name__iexact	False	True	False		0	False		NOT_ORAL	4.0	False		True			False	APPROVED_NO_LABEL	REFERENCED	NO_US_LABEL		NO_US_LABEL		NOT_SCORED	NOT_SCORED
URSODIOL	URSODIOL	CHEMBL1551	pref_name__iexact	True	False	False	ORAL	10	True	URSODIOL	ORAL	4.0	False		True			True	APPROVED	REFERENCED	NONE		NONE		NOT_SCORED	NOT_SCORED
VALERIAN ROOT EXTRACT	VALERIAN ROOT EXTRACT	CHEMBL2108486	free_text_search	False	False	False		0	False		NOT_ORAL	-1.0	False		True			False	NOT_APPROVED	MECHANISM UNSUPPORTED	NO_US_LABEL		NO_US_LABEL		NOT_SCORED	NOT_SCORED
VALPROIC ACID	VALPROIC ACID	CHEMBL109	pref_name__iexact	True	True	False	ORAL	10	True	VALPROIC ACID	ORAL	4.0	False		True			True	APPROVED	REFERENCED	DOCUMENTED	BOXED WARNING Hepatotoxicity General Population: Hepatic failure resulting in fatalities has occurred i	NONE		NOT_SCORED	NOT_SCORED
VANDETANIB	VANDETANIB	CHEMBL24828	pref_name__iexact	True	False	False	ORAL	1	True	VANDETANIB	ORAL	4.0	False		True			True	APPROVED	REFERENCED	NONE		DOCUMENTED	WARNING: QT PROLONGATION, TORSADES DE POINTES, AND SUDDEN DEATH CAPRELSA can prolong the QT	NOT_SCORED	NOT_SCORED
VARDENAFIL	VARDENAFIL	CHEMBL1520	pref_name__iexact	True	False	False	ORAL	10	True	VARDENAFIL	ORAL	4.0	False		True			True	APPROVED	MECHANISM UNSUPPORTED	NONE		DOCUMENTED	antly leading to symptomatic hypotension (for example, fainting). ( 2.4 , 5.6 ) QT Prolongation : Patients with congenital QT syndrome or taking class IA or III a	NOT_SCORED	NOT_SCORED
VEMURAFENIB	VEMURAFENIB	CHEMBL1229517	edges	True	False	False	ORAL	1	True	VEMURAFENIB	ORAL	4.0	False	True	True	True	True	True	APPROVED	REFERENCED	DOCUMENTED	abnormalities and control for cardiac risk factors for QT prolongation. ( 5.5 ) Hepatotoxicity: Measure liver enzymes and bilirubin before initiating ZELBORAF and monito	DOCUMENTED	mal Necrolysis: Discontinue ZELBORAF for severe dermatologic reactions. ( 5.4 ) QT Prolongation: Monitor ECG and electrolytes before and during treatment. Withhol	NOT_SCORED	NOT_SCORED
vemurafenib	VEMURAFENIB	CHEMBL1229517	edges	True	False	False	ORAL	1	True	VEMURAFENIB	ORAL	4.0	False	True	True	True	True	True	APPROVED	REFERENCED	DOCUMENTED	abnormalities and control for cardiac risk factors for QT prolongation. ( 5.5 ) Hepatotoxicity: Measure liver enzymes and bilirubin before initiating ZELBORAF and monito	DOCUMENTED	mal Necrolysis: Discontinue ZELBORAF for severe dermatologic reactions. ( 5.4 ) QT Prolongation: Monitor ECG and electrolytes before and during treatment. Withhol	NOT_SCORED	NOT_SCORED
VENETOCLAX	VENETOCLAX	CHEMBL3137309	pref_name__iexact	True	False	False	ORAL	1	True	VENETOCLAX	ORAL	4.0	False		True			True	APPROVED	REFERENCED	NONE		NONE		NOT_SCORED	NOT_SCORED
VERAPAMIL	VERAPAMIL	CHEMBL6966	pref_name__iexact	True	True	False	INTRAVENOUS;ORAL	10	True	VERAPAMIL	ORAL	4.0	False		True			True	APPROVED	MECHANISM UNSUPPORTED	NONE		DOCUMENTED	ansient bradycardia, sometimes accompanied by nodal escape rhythms. PR-interval prolongation is correlated with verapamil plasma concentrations especially during the early	NOT_SCORED	NOT_SCORED
VILDAGLIPTIN	VILDAGLIPTIN	CHEMBL142703	pref_name__iexact	True	False	False		0	False		ORAL	4.0	False		True			False	APPROVED_NO_LABEL	REFERENCED	NO_US_LABEL		NO_US_LABEL		NOT_SCORED	NOT_SCORED
VIMSELTINIB	VIMSELTINIB	CHEMBL5095202	pref_name__iexact	False	False	False	ORAL	1	True	VIMSELTINIB	DISAGREE	3.0	False		True			False	NOT_APPROVED	MECHANISM UNSUPPORTED	DOCUMENTED	5 WARNINGS AND PRECAUTIONS Hepatotoxicity: Elevated AST and ALT can occur. Evaluate liver tests prior to initiation	NONE		NOT_SCORED	NOT_SCORED
VINBLASTINE	VINBLASTINE	CHEMBL159	pref_name__iexact	False	True	False	INTRAVENOUS	1	True	VINBLASTINE	NOT_ORAL	4.0	False		True			True	APPROVED	MECHANISM UNSUPPORTED	NONE		NONE		NOT_SCORED	NOT_SCORED
VINCRISTINE	VINCRISTINE	CHEMBL90555	pref_name__iexact	False	True	False	INTRAVENOUS	2	True	VINCRISTINE	NOT_ORAL	4.0	False		True			True	APPROVED	MECHANISM UNSUPPORTED	NONE		NONE		NOT_SCORED	NOT_SCORED
VIPIVOTIDE TETRAXETAN	VIPIVOTIDE TETRAXETAN	CHEMBL4594280	pref_name__iexact	False	False	False	INTRAVENOUS	1	True	VIPIVOTIDE TETRAXETAN	NOT_ORAL	2.0	False		True			False	NOT_APPROVED	MECHANISM UNSUPPORTED	NONE		NONE		NOT_SCORED	NOT_SCORED
VITAMIN A	VITAMIN A	CHEMBL986	free_text_search	True	True	False	EXTRACORPOREAL;ORAL;TOPICAL	10	True	VITAMIN A	ORAL	4.0	False		True			True	APPROVED	MECHANISM UNSUPPORTED	NONE		NONE		NOT_SCORED	NOT_SCORED
VITAMIN B6	VITAMIN B6	CHEMBL1364	free_text_search	True	True	False	ORAL	10	True	VITAMIN B6	ORAL	4.0	False		True			True	APPROVED	MECHANISM UNSUPPORTED	NONE		NONE		NOT_SCORED	NOT_SCORED
VITAMIN K3	VITAMIN K3	CHEMBL590	free_text_search	True	False	False		0	False		ORAL	4.0	False		True			False	APPROVED_NO_LABEL	MECHANISM UNSUPPORTED	NO_US_LABEL		NO_US_LABEL		NOT_SCORED	NOT_SCORED
VORICONAZOLE	VORICONAZOLE	CHEMBL638	edges	True	True	False	INTRAVENOUS;ORAL	10	True	VORICONAZOLE	ORAL	4.0	False		True		True	True	APPROVED	REFERENCED	DOCUMENTED	es of serious hepatic reactions during treatment with VFEND (including clinical hepatitis, cholestasis and fulminant hepatic failure, including fatalities). Instances of	DOCUMENTED	r function tests at start of and during VFEND therapy ( 5.1 ) • Arrhythmias and QT Prolongation : Correct potassium, magnesium, and calcium prior to use; caution	NOT_SCORED	NOT_SCORED
voriconazole	VORICONAZOLE	CHEMBL638	edges	True	True	False	INTRAVENOUS;ORAL	10	True	VORICONAZOLE	ORAL	4.0	False		True		True	True	APPROVED	REFERENCED	DOCUMENTED	es of serious hepatic reactions during treatment with VFEND (including clinical hepatitis, cholestasis and fulminant hepatic failure, including fatalities). Instances of	DOCUMENTED	r function tests at start of and during VFEND therapy ( 5.1 ) • Arrhythmias and QT Prolongation : Correct potassium, magnesium, and calcium prior to use; caution	NOT_SCORED	NOT_SCORED
VORINOSTAT	VORINOSTAT	CHEMBL98	pref_name__iexact	True	False	False	ORAL	1	True	VORINOSTAT	ORAL	4.0	False		True			True	APPROVED	REFERENCED	NONE		NONE		NOT_SCORED	NOT_SCORED
VOXELOTOR	VOXELOTOR	CHEMBL4101807	edges	True	False	False	ORAL	1	True	VOXELOTOR	ORAL	4.0	True	True	True		True	True	APPROVED	REFERENCED	NONE		NONE		NOT_SCORED	NOT_SCORED
voxelotor	VOXELOTOR	CHEMBL4101807	edges	True	False	False	ORAL	1	True	VOXELOTOR	ORAL	4.0	True	True	True		True	True	APPROVED	REFERENCED	NONE		NONE		NOT_SCORED	NOT_SCORED
WARFARIN	WARFARIN	CHEMBL1464	pref_name__iexact	True	True	False	ORAL	10	True	WARFARIN	ORAL	4.0	False		True			True	APPROVED	MECHANISM UNSUPPORTED	NONE		NONE		NOT_SCORED	NOT_SCORED
ZAFIRLUKAST	ZAFIRLUKAST	CHEMBL603	pref_name__iexact	True	False	False	ORAL	7	True	ZAFIRLUKAST	ORAL	4.0	False		True			True	APPROVED	REFERENCED	DOCUMENTED	WARNINGS Hepatotoxicity Cases of life-threatening hepatic failure have been reported in patients t	NONE		NOT_SCORED	NOT_SCORED
ZIDOVUDINE	ZIDOVUDINE	CHEMBL129	pref_name__iexact	True	True	False	INTRAVENOUS;ORAL	10	True	ZIDOVUDINE	ORAL	4.0	False		True			True	APPROVED	REFERENCED	DOCUMENTED	Y, LACTIC ACIDOSIS AND SEVERE HEPATOMEGALY WITH STEATOSIS, and EXACERBATIONS OF HEPATITIS B Zidovudine, a component of lamivudine and zidovudine tablets, has been associ	NONE		NOT_SCORED	NOT_SCORED
ZILEUTON	ZILEUTON	CHEMBL93	pref_name__iexact	True	False	False	ORAL	6	True	ZILEUTON	ORAL	4.0	False		True			True	APPROVED	REFERENCED	DOCUMENTED	5 WARNINGS AND PRECAUTIONS Hepatotoxicity: Elevations of one or more hepatic function enzymes and bilirubin may occu	NONE		NOT_SCORED	NOT_SCORED
ZINC SULFATE ANHYDROUS	ZINC SULFATE ANHYDROUS	CHEMBL1200928	free_text_search	True	True	False	ORAL	1	True	ZINC SULFATE ANHYDROUS	ORAL	4.0	False		True			True	APPROVED	MECHANISM UNSUPPORTED	NONE		NONE		NOT_SCORED	NOT_SCORED
ZOLEDRONIC ACID ANHYDROUS	ZOLEDRONIC ACID ANHYDROUS	CHEMBL924	pref_name__iexact	False	True	False	INTRAVENOUS	10	True	ZOLEDRONIC ACID	NOT_ORAL	4.0	False		True			True	APPROVED	MECHANISM UNSUPPORTED	NONE		NONE		NOT_SCORED	NOT_SCORED
ZUCLOPENTHIXOL	ZUCLOPENTHIXOL	CHEMBL53904	pref_name__iexact	False	False	False		0	False		NOT_ORAL	3.0	False		True			False	NOT_APPROVED	MECHANISM UNSUPPORTED	NO_US_LABEL		NO_US_LABEL		NOT_SCORED	NOT_SCORED
alosetron	ALOSETRON	CHEMBL1110	edges	True	False	False	ORAL	9	True	ALOSETRON	ORAL	4.0	False				True	True	APPROVED	MECHANISM UNSUPPORTED	NONE		NONE		NOT_SCORED	NOT_SCORED
amiloride	AMILORIDE	CHEMBL945	edges	True	False	False	ORAL	5	True	AMILORIDE	ORAL	4.0	False				True	True	APPROVED	MECHANISM UNSUPPORTED	NONE		DOCUMENTED	and even disappearance of the P wave, progressive widening of the QRS complex, prolongation of the PR interval, and ST depression. Treatment of hyperkalemia: If hyperkalem	NOT_SCORED	NOT_SCORED
amiodarone	AMIODARONE	CHEMBL633	edges	True	True	False	INTRAVENOUS;ORAL	10	True	AMIODARONE	ORAL	4.0	False				True	True	APPROVED	MECHANISM UNSUPPORTED	DOCUMENTED	. Discontinue Pacerone if the patient experiences signs or symptoms of clinical liver injury [see Warnings and Precautions (5.3) ] . Pacerone can exacerbate arrhythmias. In	DOCUMENTED	tance to cardioversion, and polymorphic ventricular tachycardia associated with QTc prolongation (Torsade de Pointes [TdP]). Correct hypokalemia, hypomagnesemia,	NOT_SCORED	NOT_SCORED
bergapten	BERGAPTEN	CHEMBL24171	edges	False	False	False		0	False		NOT_ORAL	3.0	False				True	False	NOT_APPROVED	MECHANISM UNSUPPORTED	NO_US_LABEL		NO_US_LABEL		NOT_SCORED	NOT_SCORED
cabozantinib	CABOZANTINIB	CHEMBL2105717	edges	True	False	False	ORAL	2	True	CABOZANTINIB	ORAL	4.0	False				True	True	APPROVED	MECHANISM UNSUPPORTED	DOCUMENTED	terrupt CABOMETYX treatment until PPE resolves or decreases to Grade 1. ( 5.7 ) Hepatotoxicity: When used in combination with nivolumab, higher frequencies of Grade 3 an	DOCUMENTED	cardiac arrest	NOT_SCORED	NOT_SCORED
cannabidiol	CANNABIDIOL	CHEMBL190461	edges	True	False	False	ORAL	1	True	CANNABIDIOL	ORAL	4.0	False				True	True	APPROVED	REFERENCED	DOCUMENTED	uction. In the postmarketing setting, cases of cholestatic or mixed patterns of liver injury (i.e., based on calculated ratio of [ALT/ULN]/[ALP/ULN] less than 2 and between	NONE		NOT_SCORED	NOT_SCORED
clemizole	CLEMIZOLE	CHEMBL1407943	edges	False	False	False		0	False		NOT_ORAL	2.0	False				True	False	NOT_APPROVED	MECHANISM UNSUPPORTED	NO_US_LABEL		NO_US_LABEL		NOT_SCORED	NOT_SCORED
clobetasol propionate	CLOBETASOL PROPIONATE	CHEMBL1159650	edges	False	False	True	TOPICAL	10	True	CLOBETASOL PROPIONATE	NOT_ORAL	4.0	False				True	True	APPROVED	REFERENCED	DOCUMENTED	, use under occlusion, use on an altered skin barrier, and use in patients with liver failure. An adrenocorticotropic hormone (ACTH) stimulation test may be helpful in evalu	NONE		NOT_SCORED	NOT_SCORED
dasatinib	DASATINIB	CHEMBL1421	edges	True	False	False	ORAL	10	True	DASATINIB	ORAL	4.0	False				True	True	APPROVED	REFERENCED	DOCUMENTED	n reported. Monitor bone growth and development in pediatric patients. ( 5.10 ) Hepatotoxicity: Assess liver function before initiation of treatment and monthly thereaft	DOCUMENTED	"ventricular arrhythmia
cardiac arrest
QT"	0.1259380989966645	0.1320627946658475
dexmedetomidine	DEXMEDETOMIDINE	CHEMBL778	edges	False	True	True	INTRAVENOUS	10	True	DEXMEDETOMIDINE	NOT_ORAL	4.0	False				True	True	APPROVED	MECHANISM UNSUPPORTED	NONE		NONE		NOT_SCORED	NOT_SCORED
diclofenac	DICLOFENAC	CHEMBL139	edges	True	True	True	ORAL;TOPICAL	10	True	DICLOFENAC	ORAL	4.0	False				True	True	APPROVED	REFERENCED	DOCUMENTED	seek medical help right away. Liver warning: This product contains diclofenac. Liver damage may occur if you apply more or for a longer time than directed when using other	DOCUMENTED	cause an increased risk of serious cardiovascular thrombotic events, including myocardial infarction, and stroke, which can be fatal. This risk may occur early in treatm	NOT_SCORED	NOT_SCORED
dicoumarol	DICOUMAROL	CHEMBL1466	edges	True	False	False		0	False		ORAL	4.0	False				True	False	APPROVED_NO_LABEL	REFERENCED	NO_US_LABEL		NO_US_LABEL		NOT_SCORED	NOT_SCORED
diosmetin	DIOSMETIN	CHEMBL90568	edges	False	False	False		0	False		NOT_ORAL		False				True	False	NOT_APPROVED	MECHANISM UNSUPPORTED	NO_US_LABEL		NO_US_LABEL		NOT_SCORED	NOT_SCORED
ditiocarb	DITIOCARB	CHEMBL107217	edges	False	False	False		0	False		NOT_ORAL	2.0	False				True	False	NOT_APPROVED	MECHANISM UNSUPPORTED	NO_US_LABEL		NO_US_LABEL		NOT_SCORED	NOT_SCORED
econazole	ECONAZOLE	CHEMBL808	edges	False	False	True	TOPICAL	10	True	ECONAZOLE	NOT_ORAL	4.0	False				True	True	APPROVED	MECHANISM UNSUPPORTED	NONE		NONE		NOT_SCORED	NOT_SCORED
estradiol	ESTRADIOL	CHEMBL135	edges	True	False	True	ORAL;VAGINAL	10	True	ESTRADIOL	ORAL	4.0	False				True	True	APPROVED	REFERENCED	DOCUMENTED	, particularly those over 35 years. ( 5.1 , 5.5 ) Liver disease: Discontinue if jaundice occurs. ( 5.2 ) Hypertension: If used in women with well-controlled hypertensio	DOCUMENTED	increase the risk of cardiovascular events and cerebrovascular events, such as myocardial infarction and stroke. The risk is greater among older women (> 35 years of age	NOT_SCORED	NOT_SCORED
ethinylestradiol	ETHINYLESTRADIOL	CHEMBL691	edges	True	False	True		0	False		ORAL	4.0	False				True	False	APPROVED_NO_LABEL	MECHANISM UNSUPPORTED	NO_US_LABEL		NO_US_LABEL		NOT_SCORED	NOT_SCORED
flufenamic acid	FLUFENAMIC ACID	CHEMBL23588	edges	False	False	False		0	False		NOT_ORAL	2.0	False				True	False	NOT_APPROVED	MECHANISM UNSUPPORTED	NO_US_LABEL		NO_US_LABEL		NOT_SCORED	NOT_SCORED
fluphenazine	FLUPHENAZINE	CHEMBL1200951	edges	False	True	False	INTRAMUSCULAR;ORAL;SUBCUTANEOUS	10	True	FLUPHENAZINE	DISAGREE	4.0	False				True	True	APPROVED	REFERENCED	NONE		NONE		NOT_SCORED	NOT_SCORED
glimepiride	GLIMEPIRIDE	CHEMBL1481	edges	True	False	False	ORAL	10	True	GLIMEPIRIDE	ORAL	4.0	False				True	True	APPROVED	REFERENCED	NONE		NONE		NOT_SCORED	NOT_SCORED
hycanthone	HYCANTHONE	CHEMBL22077	edges	False	False	False		0	False		NOT_ORAL	2.0	False				True	False	NOT_APPROVED	MECHANISM UNSUPPORTED	NO_US_LABEL		NO_US_LABEL		NOT_SCORED	NOT_SCORED
ibuprofen	IBUPROFEN	CHEMBL427526	edges	False	False	False	ORAL	10	True	IBUPROFEN	DISAGREE	1.0	False				True	False	NOT_APPROVED	MECHANISM UNSUPPORTED	DOCUMENTED	phadenopathy, and/or facial swelling. Other clinical manifestations may include hepatitis, nephritis, hematological abnormalities, myocarditis, or myositis. Sometimes sy	DOCUMENTED	cause an increased risk of serious cardiovascular thrombotic events, including myocardial infarction and stroke, which can be fatal. This risk may occur early in treatme	NOT_SCORED	NOT_SCORED
icosapent ethyl	ICOSAPENT ETHYL	CHEMBL2095209	edges	True	False	False	ORAL	10	True	ICOSAPENT ETHYL	ORAL	4.0	False				True	True	APPROVED	REFERENCED	NONE		NONE		NOT_SCORED	NOT_SCORED
linoleic acid	LINOLEIC ACID	CHEMBL267476	edges	False	False	False		0	False		NOT_ORAL	2.0	False				True	False	NOT_APPROVED	MECHANISM UNSUPPORTED	NO_US_LABEL		NO_US_LABEL		NOT_SCORED	NOT_SCORED
meclofenamic acid	MECLOFENAMIC ACID	CHEMBL509	edges	True	False	False		0	False		ORAL	4.0	False				True	False	APPROVED_NO_LABEL	MECHANISM UNSUPPORTED	NO_US_LABEL		NO_US_LABEL		NOT_SCORED	NOT_SCORED
medroxyprogesterone	MEDROXYPROGESTERONE	CHEMBL717	edges	True	True	False	INTRAMUSCULAR;ORAL	10	True	MEDROXYPROGESTERONE	ORAL	4.0	False				True	True	APPROVED	REFERENCED	DOCUMENTED	iver Function: Discontinue medroxyprogesterone acetate injectable suspension if jaundice or disturbances of liver function develop. ( 5. 7) Carbohydrate Metabolism: Mon	DOCUMENTED	creased risk of deep vein thrombosis (DVT), pulmonary embolism (PE), stroke and myocardial infarction (MI) in postmenopausal women (50 to 79 years of age) during 5.6 year	NOT_SCORED	NOT_SCORED
menadione	MENADIONE	CHEMBL590	edges	True	False	False	ORAL	10	True	MENADIONE	ORAL	4.0	False				True	True	APPROVED	MECHANISM UNSUPPORTED	NONE		NONE		NOT_SCORED	NOT_SCORED
miconazole	MICONAZOLE	CHEMBL91	edges	False	True	True	TOPICAL;VAGINAL	10	True	MICONAZOLE	NOT_ORAL	4.0	False				True	True	APPROVED	REFERENCED	NONE		NONE		NOT_SCORED	NOT_SCORED
montelukast	MONTELUKAST	CHEMBL787	edges	True	False	False	ORAL	10	True	MONTELUKAST	ORAL	4.0	False				True	True	APPROVED	MECHANISM UNSUPPORTED	NONE		NONE		NOT_SCORED	NOT_SCORED
mosapride	MOSAPRIDE	CHEMBL60889	edges	False	False	False		0	False		NOT_ORAL	3.0	False				True	False	NOT_APPROVED	REFERENCED	NO_US_LABEL		NO_US_LABEL		NOT_SCORED	NOT_SCORED
naproxen	NAPROXEN	CHEMBL154	edges	True	False	False	ORAL	10	True	NAPROXEN	ORAL	4.0	False				True	True	APPROVED	REFERENCED	DOCUMENTED	5 WARNINGS AND PRECAUTIONS Hepatotoxicity : Inform patients of warning signs and symptoms of hepatotoxicity. Discont	DOCUMENTED	cause an increased risk of serious cardiovascular thrombotic events, including myocardial infarction and stroke, which can be fatal. This risk may occur early in treatme	NOT_SCORED	NOT_SCORED
nicardipine	NICARDIPINE	CHEMBL1484	edges	True	True	False		0	False		ORAL	4.0	False				True	False	APPROVED_NO_LABEL	MECHANISM UNSUPPORTED	NO_US_LABEL		NO_US_LABEL		NOT_SCORED	NOT_SCORED
nintedanib	NINTEDANIB	CHEMBL502835	edges	True	False	False	ORAL	10	True	NINTEDANIB	ORAL	4.0	False				True	True	APPROVED	MECHANISM UNSUPPORTED	DOCUMENTED	ients. ( 2.3 , 2.4 , 5.1 , 8.6 , 12.3 ) Elevated liver enzymes and drug-induced liver injury: ALT, AST, and bilirubin elevations have occurred with nintedanib, including ca	DOCUMENTED	patients treated with nintedanib and less than 1% of placebo-treated patients. Myocardial infarction was the most common adverse reaction under arterial thromboembolic e	NOT_SCORED	NOT_SCORED
nitrendipine	NITRENDIPINE	CHEMBL475534	edges	False	False	False		0	False		NOT_ORAL	3.0	False				True	False	NOT_APPROVED	MECHANISM UNSUPPORTED	NO_US_LABEL		NO_US_LABEL		NOT_SCORED	NOT_SCORED
oxybuprocaine	OXYBUPROCAINE	CHEMBL1200	edges	False	False	True		0	False		NOT_ORAL	4.0	False				True	False	APPROVED_NO_LABEL	MECHANISM UNSUPPORTED	NO_US_LABEL		NO_US_LABEL		NOT_SCORED	NOT_SCORED
piflufolastat F-18	PIFLUFOLASTAT F-18	CHEMBL4297334	edges	False	True	False	INTRAVENOUS	2	True	PIFLUFOLASTAT F-18	NOT_ORAL	4.0	False				True	True	APPROVED	REFERENCED	NONE		NONE		NOT_SCORED	NOT_SCORED
prednisolone tebutate	PREDNISOLONE TEBUTATE	CHEMBL1200909	edges	False	True	False		0	False		NOT_ORAL	4.0	False				True	False	APPROVED_NO_LABEL	MECHANISM UNSUPPORTED	NO_US_LABEL		NO_US_LABEL		NOT_SCORED	NOT_SCORED
raloxifene	RALOXIFENE	CHEMBL81	edges	True	False	False	ORAL	10	True	RALOXIFENE	ORAL	4.0	False				True	True	APPROVED	REFERENCED	NONE		NONE		NOT_SCORED	NOT_SCORED
raltegravir	RALTEGRAVIR	CHEMBL254316	edges	True	False	False	ORAL	4	True	RALTEGRAVIR	ORAL	4.0	False				True	True	APPROVED	MECHANISM UNSUPPORTED	DOCUMENTED	d by rash, constitutional findings, and sometimes, organ dysfunction, including hepatic failure. Discontinue raltegravir and other suspect agents immediately if signs or sympt	NONE		NOT_SCORED	NOT_SCORED
rimonabant	RIMONABANT	CHEMBL111	edges	True	False	False		0	False		ORAL	4.0	True				True	False	APPROVED_NO_LABEL	REFERENCED	NO_US_LABEL		NO_US_LABEL		NOT_SCORED	NOT_SCORED
ruboxistaurin	RUBOXISTAURIN	CHEMBL91829	edges	False	False	False		0	False		NOT_ORAL	3.0	False				True	False	NOT_APPROVED	REFERENCED	NO_US_LABEL		NO_US_LABEL		NOT_SCORED	NOT_SCORED
sibutramine	SIBUTRAMINE	CHEMBL1419	edges	True	False	False		0	False		ORAL	4.0	True				True	False	APPROVED_NO_LABEL	MECHANISM UNSUPPORTED	NO_US_LABEL		NO_US_LABEL		NOT_SCORED	NOT_SCORED
tannic acid	TANNIC ACID	CHEMBL506247	pref_name__iexact	False	True	False		0	False		NOT_ORAL	4.0	False				True	False	APPROVED_NO_LABEL	MECHANISM UNSUPPORTED	NO_US_LABEL		NO_US_LABEL		NOT_SCORED	NOT_SCORED
tenidap	TENIDAP	CHEMBL1908355	edges	False	False	False		0	False		NOT_ORAL	2.0	False				True	False	NOT_APPROVED	MECHANISM UNSUPPORTED	NO_US_LABEL		NO_US_LABEL		NOT_SCORED	NOT_SCORED
testosterone propionate	TESTOSTERONE PROPIONATE	CHEMBL1170	edges	False	True	False	INTRAMUSCULAR;ORAL;SUBCUTANEOUS;TRANSDERMAL	10	True	TESTOSTERONE	DISAGREE	4.0	False				True	True	APPROVED	REFERENCED	DOCUMENTED	rious hepatic adverse effects (peliosis hepatis, hepatic neoplasms, cholestatic hepatitis, and jaundice). Peliosis hepatis can be a life-threatening or fatal complicatio	DOCUMENTED	ining the risk of major adverse cardiovascular events (MACE), such as non-fatal myocardial infarction, non-fatal stroke, and cardiovascular death, with the use of testost	NOT_SCORED	NOT_SCORED
thiethylperazine	THIETHYLPERAZINE	CHEMBL1378	edges	True	True	True		0	False		ORAL	4.0	False				True	False	APPROVED_NO_LABEL	MECHANISM UNSUPPORTED	NO_US_LABEL		NO_US_LABEL		NOT_SCORED	NOT_SCORED
thiram	THIRAM	CHEMBL120563	edges	False	False	False		0	False		NOT_ORAL	2.0	False				True	False	NOT_APPROVED	MECHANISM UNSUPPORTED	NO_US_LABEL		NO_US_LABEL		NOT_SCORED	NOT_SCORED
tolfenamic acid	TOLFENAMIC ACID	CHEMBL121626	edges	False	False	False		0	False		NOT_ORAL	2.0	False				True	False	NOT_APPROVED	MECHANISM UNSUPPORTED	NO_US_LABEL		NO_US_LABEL		NOT_SCORED	NOT_SCORED
tolmetin	TOLMETIN	CHEMBL1020	edges	True	False	False	ORAL	6	True	TOLMETIN	ORAL	4.0	False				True	True	APPROVED	MECHANISM UNSUPPORTED	DOCUMENTED	phadenopathy, and/or facial swelling. Other clinical manifestations may include hepatitis, nephritis, hematological abnormalities, myocarditis, or myositis. Sometimes sy	DOCUMENTED	cause an increased risk of serious cardiovascular thrombotic events, including myocardial infarction and stroke, which can be fatal. This risk may occur early in treatme	NOT_SCORED	NOT_SCORED
tranylcypromine	TRANYLCYPROMINE	CHEMBL3989843	edges	True	False	False	ORAL	6	True	TRANYLCYPROMINE	ORAL	4.0	False				True	True	APPROVED	MECHANISM UNSUPPORTED	DOCUMENTED	ssible, discontinue tranylcypromine tablets prior to elective surgery ( 5.6 ) • Hepatitis and Elevated Liver Enzymes : Monitor accordingly ( 5.10 ) 5.1 Suicidal Thoughts	NONE		NOT_SCORED	NOT_SCORED
triclocarban	TRICLOCARBAN	CHEMBL1076347	edges	False	False	False		0	False		NOT_ORAL	2.0	False				True	False	NOT_APPROVED	MECHANISM UNSUPPORTED	NO_US_LABEL		NO_US_LABEL		NOT_SCORED	NOT_SCORED
tropicamide	TROPICAMIDE	CHEMBL1200604	edges	False	False	True	OPHTHALMIC	7	True	TROPICAMIDE	NOT_ORAL	4.0	False				True	True	APPROVED	REFERENCED	NONE		NONE		NOT_SCORED	NOT_SCORED
zucapsaicin	ZUCAPSAICIN	CHEMBL313971	edges	False	False	False		0	False		NOT_ORAL	3.0	False				True	False	NOT_APPROVED	REFERENCED	NO_US_LABEL		NO_US_LABEL		NOT_SCORED	NOT_SCORED
