gene_set	gene_symbol	gene_direction	platform	drug_name	drug_chembl_id	action_type	approved	evidence_detail	edge_role
core	OAT	DOWN	BindingDB	BindingDB monomer 50199989				affinity_type=Ki;affinity=4.2;pmid=26288681;doi=10.1021/acsmedchemlett.5b00153	evidence_only
core	OAT	DOWN	BindingDB	BindingDB monomer 50121376				affinity_type=Ki;affinity=2.1;pmid=26288681;doi=10.1021/acsmedchemlett.5b00153	evidence_only
core	OAT	DOWN	DGIdb	GABACULINE			False	conceptId=chembl:CHEMBL1232972;directionality=	nominating
core	GPR88	DOWN	BindingDB	BindingDB monomer 50554975				affinity_type=Ki;affinity=224;pmid=36587872;doi=10.7270/Q28D01HC	evidence_only
core	GPR88	DOWN	BindingDB	BindingDB monomer 50065915				affinity_type=Ki;affinity=277;pmid=36587872;doi=10.7270/Q28D01HC	evidence_only
core	GPR88	DOWN	BindingDB	BindingDB monomer 50610306				affinity_type=Ki;affinity=487;pmid=36587872;doi=10.7270/Q28D01HC	evidence_only
core	GPR88	DOWN	BindingDB	BindingDB monomer 50064751				affinity_type=Ki;affinity=219;pmid=36587872;doi=10.7270/Q28D01HC	evidence_only
core	GPR88	DOWN	BindingDB	BindingDB monomer 50064645				affinity_type=Ki;affinity=612;pmid=36587872;doi=10.7270/Q28D01HC	evidence_only
core	GPR88	DOWN	BindingDB	BindingDB monomer 50554975				affinity_type=Kd;affinity=85;pmid=36587872;doi=10.7270/Q28D01HC	evidence_only
core	GPR88	DOWN	BindingDB	BindingDB monomer 50064641				affinity_type=EC50;affinity=6000;pmid=25690789;doi=10.1016/j.bmcl.2015.01.036	evidence_only
core	GPR88	DOWN	BindingDB	BindingDB monomer 50064642				affinity_type=EC50;affinity=93;pmid=25690789;doi=10.1016/j.bmcl.2015.01.036	evidence_only
core	GPR88	DOWN	BindingDB	BindingDB monomer 50064643				affinity_type=EC50;affinity=500;pmid=25690789;doi=10.1016/j.bmcl.2015.01.036	evidence_only
core	GPR88	DOWN	BindingDB	BindingDB monomer 50064644				affinity_type=EC50;affinity=190;pmid=25690789;doi=10.1016/j.bmcl.2015.01.036	evidence_only
core	GPR88	DOWN	BindingDB	BindingDB monomer 50064645				affinity_type=EC50;affinity=110;pmid=25690789;doi=10.1016/j.bmcl.2015.01.036	evidence_only
core	GPR88	DOWN	BindingDB	BindingDB monomer 50064646				affinity_type=EC50;affinity=>10000;pmid=25690789;doi=10.1016/j.bmcl.2015.01.036	evidence_only
core	GPR88	DOWN	BindingDB	BindingDB monomer 50064647				affinity_type=EC50;affinity=>10000;pmid=25690789;doi=10.1016/j.bmcl.2015.01.036	evidence_only
core	GPR88	DOWN	BindingDB	BindingDB monomer 50064648				affinity_type=EC50;affinity=>10000;pmid=25690789;doi=10.1016/j.bmcl.2015.01.036	evidence_only
core	GPR88	DOWN	BindingDB	BindingDB monomer 50064649				affinity_type=EC50;affinity=110;pmid=25690789;doi=10.1016/j.bmcl.2015.01.036	evidence_only
core	GPR88	DOWN	BindingDB	BindingDB monomer 50064650				affinity_type=EC50;affinity=730;pmid=25690789;doi=10.1016/j.bmcl.2015.01.036	evidence_only
core	GPR88	DOWN	BindingDB	BindingDB monomer 50064744				affinity_type=EC50;affinity=170;pmid=25690789;doi=10.1016/j.bmcl.2015.01.036	evidence_only
core	GPR88	DOWN	BindingDB	BindingDB monomer 50064745				affinity_type=EC50;affinity=>10000;pmid=25690789;doi=10.1016/j.bmcl.2015.01.036	evidence_only
core	GPR88	DOWN	BindingDB	BindingDB monomer 50064746				affinity_type=EC50;affinity=810;pmid=25690789;doi=10.1016/j.bmcl.2015.01.036	evidence_only
core	GPR88	DOWN	BindingDB	BindingDB monomer 50064747				affinity_type=EC50;affinity=120;pmid=25690789;doi=10.1016/j.bmcl.2015.01.036	evidence_only
core	GPR88	DOWN	BindingDB	BindingDB monomer 50064748				affinity_type=EC50;affinity=860;pmid=25690789;doi=10.1016/j.bmcl.2015.01.036	evidence_only
core	GPR88	DOWN	BindingDB	BindingDB monomer 50064749				affinity_type=EC50;affinity=1500;pmid=25690789;doi=10.1016/j.bmcl.2015.01.036	evidence_only
core	GPR88	DOWN	BindingDB	BindingDB monomer 50064750				affinity_type=EC50;affinity=270;pmid=25690789;doi=10.1016/j.bmcl.2015.01.036	evidence_only
core	GPR88	DOWN	BindingDB	BindingDB monomer 50064751				affinity_type=EC50;affinity=110;pmid=25690789;doi=10.1016/j.bmcl.2015.01.036	evidence_only
core	GPR88	DOWN	BindingDB	BindingDB monomer 50064752				affinity_type=EC50;affinity=29;pmid=25690789;doi=10.1016/j.bmcl.2015.01.036	evidence_only
core	GPR88	DOWN	BindingDB	BindingDB monomer 50064753				affinity_type=EC50;affinity=90;pmid=25690789;doi=10.1016/j.bmcl.2015.01.036	evidence_only
core	GPR88	DOWN	BindingDB	BindingDB monomer 50064754				affinity_type=EC50;affinity=91;pmid=25690789;doi=10.1016/j.bmcl.2015.01.036	evidence_only
core	GPR88	DOWN	BindingDB	BindingDB monomer 50064755				affinity_type=EC50;affinity=570;pmid=25690789;doi=10.1016/j.bmcl.2015.01.036	evidence_only
core	GPR88	DOWN	BindingDB	BindingDB monomer 50064756				affinity_type=EC50;affinity=160;pmid=25690789;doi=10.1016/j.bmcl.2015.01.036	evidence_only
core	GPR88	DOWN	BindingDB	BindingDB monomer 50064757				affinity_type=EC50;affinity=460;pmid=25690789;doi=10.1016/j.bmcl.2015.01.036	evidence_only
core	GPR88	DOWN	BindingDB	BindingDB monomer 50064758				affinity_type=EC50;affinity=190;pmid=25690789;doi=10.1016/j.bmcl.2015.01.036	evidence_only
core	GPR88	DOWN	BindingDB	BindingDB monomer 50064759				affinity_type=EC50;affinity=170;pmid=25690789;doi=10.1016/j.bmcl.2015.01.036	evidence_only
core	GPR88	DOWN	BindingDB	BindingDB monomer 50064760				affinity_type=EC50;affinity=260;pmid=25690789;doi=10.1016/j.bmcl.2015.01.036	evidence_only
core	GPR88	DOWN	BindingDB	BindingDB monomer 50064761				affinity_type=EC50;affinity=410;pmid=25690789;doi=10.1016/j.bmcl.2015.01.036	evidence_only
core	GPR88	DOWN	BindingDB	BindingDB monomer 50064762				affinity_type=EC50;affinity=690;pmid=25690789;doi=10.1016/j.bmcl.2015.01.036	evidence_only
core	GPR88	DOWN	BindingDB	BindingDB monomer 50064763				affinity_type=EC50;affinity=>10000;pmid=25690789;doi=10.1016/j.bmcl.2015.01.036	evidence_only
core	GPR88	DOWN	BindingDB	BindingDB monomer 50064764				affinity_type=EC50;affinity=>10000;pmid=25690789;doi=10.1016/j.bmcl.2015.01.036	evidence_only
core	GPR88	DOWN	BindingDB	BindingDB monomer 50064768				affinity_type=EC50;affinity=2500;pmid=25690789;doi=10.1016/j.bmcl.2015.01.036	evidence_only
core	GPR88	DOWN	BindingDB	BindingDB monomer 50064642				affinity_type=EC50;affinity=240;pmid=25690789;doi=10.1016/j.bmcl.2015.01.036	evidence_only
core	GPR88	DOWN	BindingDB	BindingDB monomer 50065698				affinity_type=EC50;affinity=330;pmid=25754495;doi=10.1016/j.bmcl.2015.02.038	evidence_only
core	GPR88	DOWN	BindingDB	BindingDB monomer 50065699				affinity_type=EC50;affinity=3400;pmid=25754495;doi=10.1016/j.bmcl.2015.02.038	evidence_only
core	GPR88	DOWN	BindingDB	BindingDB monomer 50065700				affinity_type=EC50;affinity=1200;pmid=25754495;doi=10.1016/j.bmcl.2015.02.038	evidence_only
core	GPR88	DOWN	BindingDB	BindingDB monomer 50065701				affinity_type=EC50;affinity=360;pmid=25754495;doi=10.1016/j.bmcl.2015.02.038	evidence_only
core	GPR88	DOWN	BindingDB	BindingDB monomer 50065702				affinity_type=EC50;affinity=1200;pmid=25754495;doi=10.1016/j.bmcl.2015.02.038	evidence_only
core	GPR88	DOWN	BindingDB	BindingDB monomer 50065703				affinity_type=EC50;affinity=2100;pmid=25754495;doi=10.1016/j.bmcl.2015.02.038	evidence_only
core	GPR88	DOWN	BindingDB	BindingDB monomer 50065704				affinity_type=EC50;affinity=1200;pmid=25754495;doi=10.1016/j.bmcl.2015.02.038	evidence_only
core	GPR88	DOWN	BindingDB	BindingDB monomer 50065705				affinity_type=EC50;affinity=2000;pmid=25754495;doi=10.1016/j.bmcl.2015.02.038	evidence_only
core	GPR88	DOWN	BindingDB	BindingDB monomer 50065706				affinity_type=EC50;affinity=1500;pmid=25754495;doi=10.1016/j.bmcl.2015.02.038	evidence_only
core	GPR88	DOWN	BindingDB	BindingDB monomer 50065707				affinity_type=EC50;affinity=1200;pmid=25754495;doi=10.1016/j.bmcl.2015.02.038	evidence_only
core	GPR88	DOWN	BindingDB	BindingDB monomer 50065709				affinity_type=EC50;affinity=10000;pmid=25754495;doi=10.1016/j.bmcl.2015.02.038	evidence_only
core	GPR88	DOWN	BindingDB	BindingDB monomer 50065710				affinity_type=EC50;affinity=6200;pmid=25754495;doi=10.1016/j.bmcl.2015.02.038	evidence_only
core	GPR88	DOWN	BindingDB	BindingDB monomer 50065712				affinity_type=EC50;affinity=1500;pmid=25754495;doi=10.1016/j.bmcl.2015.02.038	evidence_only
core	GPR88	DOWN	BindingDB	BindingDB monomer 50065713				affinity_type=EC50;affinity=3600;pmid=25754495;doi=10.1016/j.bmcl.2015.02.038	evidence_only
core	GPR88	DOWN	BindingDB	BindingDB monomer 50065714				affinity_type=EC50;affinity=1300;pmid=25754495;doi=10.1016/j.bmcl.2015.02.038	evidence_only
core	GPR88	DOWN	BindingDB	BindingDB monomer 50065715				affinity_type=EC50;affinity=730;pmid=25754495;doi=10.1016/j.bmcl.2015.02.038	evidence_only
core	GPR88	DOWN	BindingDB	BindingDB monomer 50065716				affinity_type=EC50;affinity=580;pmid=25754495;doi=10.1016/j.bmcl.2015.02.038	evidence_only
core	GPR88	DOWN	BindingDB	BindingDB monomer 50065717				affinity_type=EC50;affinity=450;pmid=25754495;doi=10.1016/j.bmcl.2015.02.038	evidence_only
core	GPR88	DOWN	BindingDB	BindingDB monomer 50065718				affinity_type=EC50;affinity=360;pmid=25754495;doi=10.1016/j.bmcl.2015.02.038	evidence_only
core	GPR88	DOWN	BindingDB	BindingDB monomer 50065719				affinity_type=EC50;affinity=210;pmid=25754495;doi=10.1016/j.bmcl.2015.02.038	evidence_only
core	GPR88	DOWN	BindingDB	BindingDB monomer 50065721				affinity_type=EC50;affinity=130;pmid=25754495;doi=10.1016/j.bmcl.2015.02.038	evidence_only
core	GPR88	DOWN	BindingDB	BindingDB monomer 50065722				affinity_type=EC50;affinity=1500;pmid=25754495;doi=10.1016/j.bmcl.2015.02.038	evidence_only
core	GPR88	DOWN	BindingDB	BindingDB monomer 50065723				affinity_type=EC50;affinity=1500;pmid=25754495;doi=10.1016/j.bmcl.2015.02.038	evidence_only
core	GPR88	DOWN	BindingDB	BindingDB monomer 50065724				affinity_type=EC50;affinity=130;pmid=25754495;doi=10.1016/j.bmcl.2015.02.038	evidence_only
core	GPR88	DOWN	BindingDB	BindingDB monomer 50065726				affinity_type=EC50;affinity=1300;pmid=25754495;doi=10.1016/j.bmcl.2015.02.038	evidence_only
core	GPR88	DOWN	BindingDB	BindingDB monomer 50065727				affinity_type=EC50;affinity=720;pmid=25754495;doi=10.1016/j.bmcl.2015.02.038	evidence_only
core	GPR88	DOWN	BindingDB	BindingDB monomer 50065728				affinity_type=EC50;affinity=960;pmid=25754495;doi=10.1016/j.bmcl.2015.02.038	evidence_only
core	GPR88	DOWN	BindingDB	BindingDB monomer 50065729				affinity_type=EC50;affinity=770;pmid=25754495;doi=10.1016/j.bmcl.2015.02.038	evidence_only
core	GPR88	DOWN	BindingDB	BindingDB monomer 50065731				affinity_type=EC50;affinity=1600;pmid=25754495;doi=10.1016/j.bmcl.2015.02.038	evidence_only
core	GPR88	DOWN	BindingDB	BindingDB monomer 50065734				affinity_type=EC50;affinity=1200;pmid=25754495;doi=10.1016/j.bmcl.2015.02.038	evidence_only
core	GPR88	DOWN	BindingDB	BindingDB monomer 50065735				affinity_type=EC50;affinity=650;pmid=25754495;doi=10.1016/j.bmcl.2015.02.038	evidence_only
core	GPR88	DOWN	BindingDB	BindingDB monomer 50065736				affinity_type=EC50;affinity=560;pmid=25754495;doi=10.1016/j.bmcl.2015.02.038	evidence_only
core	GPR88	DOWN	BindingDB	BindingDB monomer 50065737				affinity_type=EC50;affinity=600;pmid=25754495;doi=10.1016/j.bmcl.2015.02.038	evidence_only
core	GPR88	DOWN	BindingDB	BindingDB monomer 50065738				affinity_type=EC50;affinity=3000;pmid=25754495;doi=10.1016/j.bmcl.2015.02.038	evidence_only
core	GPR88	DOWN	BindingDB	BindingDB monomer 50065741				affinity_type=EC50;affinity=2200;pmid=25754495;doi=10.1016/j.bmcl.2015.02.038	evidence_only
core	GPR88	DOWN	BindingDB	BindingDB monomer 50065742				affinity_type=EC50;affinity=4300;pmid=25754495;doi=10.1016/j.bmcl.2015.02.038	evidence_only
core	GPR88	DOWN	BindingDB	BindingDB monomer 50065743				affinity_type=EC50;affinity=2.5;pmid=25754495;doi=10.1016/j.bmcl.2015.02.038	evidence_only
core	GPR88	DOWN	BindingDB	BindingDB monomer 50065744				affinity_type=EC50;affinity=6.6;pmid=25754495;doi=10.1016/j.bmcl.2015.02.038	evidence_only
core	GPR88	DOWN	BindingDB	BindingDB monomer 50065745				affinity_type=EC50;affinity=4.7;pmid=25754495;doi=10.1016/j.bmcl.2015.02.038	evidence_only
core	GPR88	DOWN	BindingDB	BindingDB monomer 50065746				affinity_type=EC50;affinity=5.1;pmid=25754495;doi=10.1016/j.bmcl.2015.02.038	evidence_only
core	GPR88	DOWN	BindingDB	BindingDB monomer 50065747				affinity_type=EC50;affinity=2.0;pmid=25754495;doi=10.1016/j.bmcl.2015.02.038	evidence_only
core	GPR88	DOWN	BindingDB	BindingDB monomer 50065748				affinity_type=EC50;affinity=3.0;pmid=25754495;doi=10.1016/j.bmcl.2015.02.038	evidence_only
core	GPR88	DOWN	BindingDB	BindingDB monomer 50065749				affinity_type=EC50;affinity=10;pmid=25754495;doi=10.1016/j.bmcl.2015.02.038	evidence_only
core	GPR88	DOWN	BindingDB	BindingDB monomer 50065750				affinity_type=EC50;affinity=11;pmid=25754495;doi=10.1016/j.bmcl.2015.02.038	evidence_only
core	GPR88	DOWN	BindingDB	BindingDB monomer 50065751				affinity_type=EC50;affinity=1.4;pmid=25754495;doi=10.1016/j.bmcl.2015.02.038	evidence_only
core	GPR88	DOWN	BindingDB	BindingDB monomer 50065752				affinity_type=EC50;affinity=0.570000;pmid=25754495;doi=10.1016/j.bmcl.2015.02.038	evidence_only
core	GPR88	DOWN	BindingDB	BindingDB monomer 50065753				affinity_type=EC50;affinity=0.680000;pmid=25754495;doi=10.1016/j.bmcl.2015.02.038	evidence_only
core	GPR88	DOWN	BindingDB	BindingDB monomer 50065754				affinity_type=EC50;affinity=1.1;pmid=25754495;doi=10.1016/j.bmcl.2015.02.038	evidence_only
core	GPR88	DOWN	BindingDB	BindingDB monomer 50065762				affinity_type=EC50;affinity=4.7;pmid=25754495;doi=10.1016/j.bmcl.2015.02.038	evidence_only
core	GPR88	DOWN	BindingDB	BindingDB monomer 50065770				affinity_type=EC50;affinity=0.660000;pmid=25754495;doi=10.1016/j.bmcl.2015.02.038	evidence_only
core	GPR88	DOWN	BindingDB	BindingDB monomer 50065860				affinity_type=EC50;affinity=1.7;pmid=25754495;doi=10.1016/j.bmcl.2015.02.038	evidence_only
core	GPR88	DOWN	BindingDB	BindingDB monomer 50065907				affinity_type=EC50;affinity=1.4;pmid=25754495;doi=10.1016/j.bmcl.2015.02.038	evidence_only
core	GPR88	DOWN	BindingDB	BindingDB monomer 50065908				affinity_type=EC50;affinity=5.8;pmid=25754495;doi=10.1016/j.bmcl.2015.02.038	evidence_only
core	GPR88	DOWN	BindingDB	BindingDB monomer 50065909				affinity_type=EC50;affinity=2.0;pmid=25754495;doi=10.1016/j.bmcl.2015.02.038	evidence_only
core	GPR88	DOWN	BindingDB	BindingDB monomer 50065910				affinity_type=EC50;affinity=1.8;pmid=25754495;doi=10.1016/j.bmcl.2015.02.038	evidence_only
core	GPR88	DOWN	BindingDB	BindingDB monomer 50065911				affinity_type=EC50;affinity=>100;pmid=25754495;doi=10.1016/j.bmcl.2015.02.038	evidence_only
core	GPR88	DOWN	BindingDB	BindingDB monomer 50065912				affinity_type=EC50;affinity=1.2;pmid=25754495;doi=10.1016/j.bmcl.2015.02.038	evidence_only
core	GPR88	DOWN	BindingDB	BindingDB monomer 50065913				affinity_type=EC50;affinity=230;pmid=25754495;doi=10.1016/j.bmcl.2015.02.038	evidence_only
core	GPR88	DOWN	BindingDB	BindingDB monomer 50065914				affinity_type=EC50;affinity=880;pmid=25754495;doi=10.1016/j.bmcl.2015.02.038	evidence_only
core	GPR88	DOWN	BindingDB	BindingDB monomer 50065915				affinity_type=EC50;affinity=3.1;pmid=25754495;doi=10.1016/j.bmcl.2015.02.038	evidence_only
core	GPR88	DOWN	BindingDB	BindingDB monomer 50065916				affinity_type=EC50;affinity=3.5;pmid=25754495;doi=10.1016/j.bmcl.2015.02.038	evidence_only
core	GPR88	DOWN	BindingDB	BindingDB monomer 50065917				affinity_type=EC50;affinity=15;pmid=25754495;doi=10.1016/j.bmcl.2015.02.038	evidence_only
core	GPR88	DOWN	BindingDB	BindingDB monomer 50065918				affinity_type=EC50;affinity=1200;pmid=25754495;doi=10.1016/j.bmcl.2015.02.038	evidence_only
core	GPR88	DOWN	BindingDB	BindingDB monomer 50065920				affinity_type=EC50;affinity=6400;pmid=25754495;doi=10.1016/j.bmcl.2015.02.038	evidence_only
core	GPR88	DOWN	BindingDB	BindingDB monomer 50065921				affinity_type=EC50;affinity=460;pmid=25754495;doi=10.1016/j.bmcl.2015.02.038	evidence_only
core	GPR88	DOWN	BindingDB	BindingDB monomer 50065922				affinity_type=EC50;affinity=5500;pmid=25754495;doi=10.1016/j.bmcl.2015.02.038	evidence_only
core	GPR88	DOWN	BindingDB	BindingDB monomer 50065923				affinity_type=EC50;affinity=1200;pmid=25754495;doi=10.1016/j.bmcl.2015.02.038	evidence_only
core	GPR88	DOWN	BindingDB	BindingDB monomer 50065924				affinity_type=EC50;affinity=320;pmid=25754495;doi=10.1016/j.bmcl.2015.02.038	evidence_only
core	GPR88	DOWN	BindingDB	BindingDB monomer 50065925				affinity_type=EC50;affinity=980;pmid=25754495;doi=10.1016/j.bmcl.2015.02.038	evidence_only
core	GPR88	DOWN	BindingDB	BindingDB monomer 50065937				affinity_type=EC50;affinity=260;pmid=25754495;doi=10.1016/j.bmcl.2015.02.038	evidence_only
core	GPR88	DOWN	BindingDB	BindingDB monomer 50065938				affinity_type=EC50;affinity=110;pmid=25754495;doi=10.1016/j.bmcl.2015.02.038	evidence_only
core	GPR88	DOWN	BindingDB	BindingDB monomer 50065939				affinity_type=EC50;affinity=66;pmid=25754495;doi=10.1016/j.bmcl.2015.02.038	evidence_only
core	GPR88	DOWN	BindingDB	BindingDB monomer 50065940				affinity_type=EC50;affinity=1100;pmid=25754495;doi=10.1016/j.bmcl.2015.02.038	evidence_only
core	GPR88	DOWN	BindingDB	BindingDB monomer 50065942				affinity_type=EC50;affinity=280;pmid=25754495;doi=10.1016/j.bmcl.2015.02.038	evidence_only
core	GPR88	DOWN	BindingDB	BindingDB monomer 50065969				affinity_type=EC50;affinity=35;pmid=25754495;doi=10.1016/j.bmcl.2015.02.038	evidence_only
core	GPR88	DOWN	BindingDB	BindingDB monomer 50065971				affinity_type=EC50;affinity=170;pmid=25754495;doi=10.1016/j.bmcl.2015.02.038	evidence_only
core	GPR88	DOWN	BindingDB	BindingDB monomer 50065972				affinity_type=EC50;affinity=94;pmid=25754495;doi=10.1016/j.bmcl.2015.02.038	evidence_only
core	GPR88	DOWN	BindingDB	BindingDB monomer 50065973				affinity_type=EC50;affinity=120;pmid=25754495;doi=10.1016/j.bmcl.2015.02.038	evidence_only
core	GPR88	DOWN	BindingDB	BindingDB monomer 50065974				affinity_type=EC50;affinity=90;pmid=25754495;doi=10.1016/j.bmcl.2015.02.038	evidence_only
core	GPR88	DOWN	BindingDB	BindingDB monomer 50065975				affinity_type=EC50;affinity=72;pmid=25754495;doi=10.1016/j.bmcl.2015.02.038	evidence_only
core	GPR88	DOWN	BindingDB	BindingDB monomer 50065976				affinity_type=EC50;affinity=340;pmid=25754495;doi=10.1016/j.bmcl.2015.02.038	evidence_only
core	GPR88	DOWN	BindingDB	BindingDB monomer 50065977				affinity_type=EC50;affinity=750;pmid=25754495;doi=10.1016/j.bmcl.2015.02.038	evidence_only
core	GPR88	DOWN	BindingDB	BindingDB monomer 50065978				affinity_type=EC50;affinity=61;pmid=25754495;doi=10.1016/j.bmcl.2015.02.038	evidence_only
core	GPR88	DOWN	BindingDB	BindingDB monomer 50065979				affinity_type=EC50;affinity=44;pmid=25754495;doi=10.1016/j.bmcl.2015.02.038	evidence_only
core	GPR88	DOWN	BindingDB	BindingDB monomer 50065913				affinity_type=EC50;affinity=230;pmid=25754495;doi=10.1016/j.bmcl.2015.02.038	evidence_only
core	GPR88	DOWN	BindingDB	BindingDB monomer 50065980				affinity_type=EC50;affinity=3800;pmid=25754495;doi=10.1016/j.bmcl.2015.02.038	evidence_only
core	GPR88	DOWN	BindingDB	BindingDB monomer 50065981				affinity_type=EC50;affinity=640;pmid=25754495;doi=10.1016/j.bmcl.2015.02.038	evidence_only
core	GPR88	DOWN	BindingDB	BindingDB monomer 50065982				affinity_type=EC50;affinity=4500;pmid=25754495;doi=10.1016/j.bmcl.2015.02.038	evidence_only
core	GPR88	DOWN	BindingDB	BindingDB monomer 50065983				affinity_type=EC50;affinity=670;pmid=25754495;doi=10.1016/j.bmcl.2015.02.038	evidence_only
core	GPR88	DOWN	BindingDB	BindingDB monomer 50065984				affinity_type=EC50;affinity=1600;pmid=25754495;doi=10.1016/j.bmcl.2015.02.038	evidence_only
core	GPR88	DOWN	BindingDB	BindingDB monomer 50065985				affinity_type=EC50;affinity=2100;pmid=25754495;doi=10.1016/j.bmcl.2015.02.038	evidence_only
core	GPR88	DOWN	BindingDB	BindingDB monomer 50065986				affinity_type=EC50;affinity=900;pmid=25754495;doi=10.1016/j.bmcl.2015.02.038	evidence_only
core	GPR88	DOWN	BindingDB	BindingDB monomer 50065987				affinity_type=EC50;affinity=3200;pmid=25754495;doi=10.1016/j.bmcl.2015.02.038	evidence_only
core	GPR88	DOWN	BindingDB	BindingDB monomer 50065989				affinity_type=EC50;affinity=1100;pmid=25754495;doi=10.1016/j.bmcl.2015.02.038	evidence_only
core	GPR88	DOWN	BindingDB	BindingDB monomer 50209614				affinity_type=EC50;affinity=5860;pmid=27956039;doi=10.1016/j.bmc.2016.11.058	evidence_only
core	GPR88	DOWN	BindingDB	BindingDB monomer 50064751				affinity_type=EC50;affinity=414;pmid=27956039;doi=10.1016/j.bmc.2016.11.058	evidence_only
core	GPR88	DOWN	BindingDB	BindingDB monomer 50209615				affinity_type=EC50;affinity=145;pmid=27956039;doi=10.1016/j.bmc.2016.11.058	evidence_only
core	GPR88	DOWN	BindingDB	BindingDB monomer 50209616				affinity_type=EC50;affinity=>10000;pmid=27956039;doi=10.1016/j.bmc.2016.11.058	evidence_only
core	GPR88	DOWN	BindingDB	BindingDB monomer 50209617				affinity_type=EC50;affinity=1445;pmid=27956039;doi=10.1016/j.bmc.2016.11.058	evidence_only
core	GPR88	DOWN	BindingDB	BindingDB monomer 50209618				affinity_type=EC50;affinity=>10000;pmid=27956039;doi=10.1016/j.bmc.2016.11.058	evidence_only
core	GPR88	DOWN	BindingDB	BindingDB monomer 50209619				affinity_type=EC50;affinity=3890;pmid=27956039;doi=10.1016/j.bmc.2016.11.058	evidence_only
core	GPR88	DOWN	BindingDB	BindingDB monomer 50209620				affinity_type=EC50;affinity=3715;pmid=27956039;doi=10.1016/j.bmc.2016.11.058	evidence_only
core	GPR88	DOWN	BindingDB	BindingDB monomer 50209621				affinity_type=EC50;affinity=>10000;pmid=27956039;doi=10.1016/j.bmc.2016.11.058	evidence_only
core	GPR88	DOWN	BindingDB	BindingDB monomer 50065915				affinity_type=EC50;affinity=50;pmid=27956039;doi=10.1016/j.bmc.2016.11.058	evidence_only
core	GPR88	DOWN	BindingDB	BindingDB monomer 50209622				affinity_type=EC50;affinity=537;pmid=27956039;doi=10.1016/j.bmc.2016.11.058	evidence_only
core	GPR88	DOWN	BindingDB	BindingDB monomer 50064745				affinity_type=EC50;affinity=490;pmid=27956039;doi=10.1016/j.bmc.2016.11.058	evidence_only
core	GPR88	DOWN	BindingDB	BindingDB monomer 50209623				affinity_type=EC50;affinity=2630;pmid=27956039;doi=10.1016/j.bmc.2016.11.058	evidence_only
core	GPR88	DOWN	BindingDB	BindingDB monomer 50209615				affinity_type=EC50;affinity=145;pmid=27956039;doi=10.1016/j.bmc.2016.11.058	evidence_only
core	GPR88	DOWN	BindingDB	BindingDB monomer 50064751				affinity_type=EC50;affinity=417;pmid=27956039;doi=10.1016/j.bmc.2016.11.058	evidence_only
core	GPR88	DOWN	BindingDB	BindingDB monomer 50064645				affinity_type=EC50;affinity=195;pmid=27956039;doi=10.1016/j.bmc.2016.11.058	evidence_only
core	GPR88	DOWN	BindingDB	BindingDB monomer 50209624				affinity_type=EC50;affinity=616;pmid=27956039;doi=10.1016/j.bmc.2016.11.058	evidence_only
core	GPR88	DOWN	BindingDB	BindingDB monomer 50064745				affinity_type=EC50;affinity=487;pmid=27956039;doi=10.1016/j.bmc.2016.11.058	evidence_only
core	GPR88	DOWN	BindingDB	BindingDB monomer 50209617				affinity_type=EC50;affinity=1440;pmid=27956039;doi=10.1016/j.bmc.2016.11.058	evidence_only
core	GPR88	DOWN	BindingDB	BindingDB monomer 50209623				affinity_type=EC50;affinity=2630;pmid=27956039;doi=10.1016/j.bmc.2016.11.058	evidence_only
core	GPR88	DOWN	BindingDB	BindingDB monomer 50209619				affinity_type=EC50;affinity=3910;pmid=27956039;doi=10.1016/j.bmc.2016.11.058	evidence_only
core	GPR88	DOWN	BindingDB	BindingDB monomer 50209620				affinity_type=EC50;affinity=3700;pmid=27956039;doi=10.1016/j.bmc.2016.11.058	evidence_only
core	GPR88	DOWN	BindingDB	BindingDB monomer 50064751				affinity_type=EC50;affinity=414;pmid=27956039;doi=10.1016/j.bmc.2016.11.058	evidence_only
core	GPR88	DOWN	BindingDB	BindingDB monomer 50064645				affinity_type=EC50;affinity=194;pmid=27956039;doi=10.1016/j.bmc.2016.11.058	evidence_only
core	GPR88	DOWN	BindingDB	BindingDB monomer 50209625				affinity_type=EC50;affinity=134;pmid=27956039;doi=10.1016/j.bmc.2016.11.058	evidence_only
core	GPR88	DOWN	BindingDB	BindingDB monomer 50209622				affinity_type=EC50;affinity=538;pmid=27956039;doi=10.1016/j.bmc.2016.11.058	evidence_only
core	GPR88	DOWN	BindingDB	BindingDB monomer 50209626				affinity_type=EC50;affinity=589;pmid=27956039;doi=10.1016/j.bmc.2016.11.058	evidence_only
core	GPR88	DOWN	BindingDB	BindingDB monomer 50209624				affinity_type=EC50;affinity=617;pmid=27956039;doi=10.1016/j.bmc.2016.11.058	evidence_only
core	GPR88	DOWN	BindingDB	BindingDB monomer 50209627				affinity_type=EC50;affinity=7943;pmid=27956039;doi=10.1016/j.bmc.2016.11.058	evidence_only
core	GPR88	DOWN	BindingDB	BindingDB monomer 50209628				affinity_type=EC50;affinity=9550;pmid=27956039;doi=10.1016/j.bmc.2016.11.058	evidence_only
core	GPR88	DOWN	BindingDB	BindingDB monomer 50209629				affinity_type=EC50;affinity=345;pmid=27956039;doi=10.1016/j.bmc.2016.11.058	evidence_only
core	GPR88	DOWN	BindingDB	BindingDB monomer 50209627				affinity_type=EC50;affinity=7870;pmid=27956039;doi=10.1016/j.bmc.2016.11.058	evidence_only
core	GPR88	DOWN	BindingDB	BindingDB monomer 50209628				affinity_type=EC50;affinity=9570;pmid=27956039;doi=10.1016/j.bmc.2016.11.058	evidence_only
core	GPR88	DOWN	BindingDB	BindingDB monomer 50209629				affinity_type=EC50;affinity=347;pmid=27956039;doi=10.1016/j.bmc.2016.11.058	evidence_only
core	GPR88	DOWN	BindingDB	BindingDB monomer 50209626				affinity_type=EC50;affinity=583;pmid=27956039;doi=10.1016/j.bmc.2016.11.058	evidence_only
core	GPR88	DOWN	BindingDB	BindingDB monomer 50209625				affinity_type=EC50;affinity=135;pmid=27956039;doi=10.1016/j.bmc.2016.11.058	evidence_only
core	GPR88	DOWN	BindingDB	BindingDB monomer 50209614				affinity_type=EC50;affinity=5888;pmid=27956039;doi=10.1016/j.bmc.2016.11.058	evidence_only
core	GPR88	DOWN	BindingDB	BindingDB monomer 50506609				affinity_type=EC50;affinity=63;pmid=30011199;doi=10.1021/acs.jmedchem.8b00566	evidence_only
core	GPR88	DOWN	BindingDB	BindingDB monomer 50506610				affinity_type=EC50;affinity=126;pmid=30011199;doi=10.1021/acs.jmedchem.8b00566	evidence_only
core	GPR88	DOWN	BindingDB	BindingDB monomer 50065915				affinity_type=EC50;affinity=126;pmid=30011199;doi=10.1021/acs.jmedchem.8b00566	evidence_only
core	GPR88	DOWN	BindingDB	BindingDB monomer 50506611				affinity_type=EC50;affinity=501;pmid=30011199;doi=10.1021/acs.jmedchem.8b00566	evidence_only
core	GPR88	DOWN	BindingDB	BindingDB monomer 50506612				affinity_type=EC50;affinity=398;pmid=30011199;doi=10.1021/acs.jmedchem.8b00566	evidence_only
core	GPR88	DOWN	BindingDB	BindingDB monomer 50506613				affinity_type=EC50;affinity=316;pmid=30011199;doi=10.1021/acs.jmedchem.8b00566	evidence_only
core	GPR88	DOWN	BindingDB	BindingDB monomer 50506614				affinity_type=EC50;affinity=126;pmid=30011199;doi=10.1021/acs.jmedchem.8b00566	evidence_only
core	GPR88	DOWN	BindingDB	BindingDB monomer 50506610				affinity_type=EC50;affinity=126;pmid=30011199;doi=10.1021/acs.jmedchem.8b00566	evidence_only
core	GPR88	DOWN	BindingDB	BindingDB monomer 50506615				affinity_type=EC50;affinity=100;pmid=30011199;doi=10.1021/acs.jmedchem.8b00566	evidence_only
core	GPR88	DOWN	BindingDB	BindingDB monomer 50506613				affinity_type=EC50;affinity=316;pmid=30011199;doi=10.1021/acs.jmedchem.8b00566	evidence_only
core	GPR88	DOWN	BindingDB	BindingDB monomer 50506616				affinity_type=EC50;affinity=158;pmid=30011199;doi=10.1021/acs.jmedchem.8b00566	evidence_only
core	GPR88	DOWN	BindingDB	BindingDB monomer 50506614				affinity_type=EC50;affinity=126;pmid=30011199;doi=10.1021/acs.jmedchem.8b00566	evidence_only
core	GPR88	DOWN	BindingDB	BindingDB monomer 50506615				affinity_type=EC50;affinity=100;pmid=30011199;doi=10.1021/acs.jmedchem.8b00566	evidence_only
core	GPR88	DOWN	BindingDB	BindingDB monomer 50506615				affinity_type=EC50;affinity=100;pmid=30011199;doi=10.1021/acs.jmedchem.8b00566	evidence_only
core	GPR88	DOWN	BindingDB	BindingDB monomer 50506617				affinity_type=EC50;affinity=501;pmid=30011199;doi=10.1021/acs.jmedchem.8b00566	evidence_only
core	GPR88	DOWN	BindingDB	BindingDB monomer 50506609				affinity_type=EC50;affinity=63;pmid=30011199;doi=10.1021/acs.jmedchem.8b00566	evidence_only
core	GPR88	DOWN	BindingDB	BindingDB monomer 50506617				affinity_type=EC50;affinity=501;pmid=30011199;doi=10.1021/acs.jmedchem.8b00566	evidence_only
core	GPR88	DOWN	BindingDB	BindingDB monomer 50506618				affinity_type=EC50;affinity=1260;pmid=30011199;doi=10.1021/acs.jmedchem.8b00566	evidence_only
core	GPR88	DOWN	BindingDB	BindingDB monomer 50506612				affinity_type=EC50;affinity=398;pmid=30011199;doi=10.1021/acs.jmedchem.8b00566	evidence_only
core	GPR88	DOWN	BindingDB	BindingDB monomer 50065915				affinity_type=EC50;affinity=56;pmid=30011199;doi=10.1021/acs.jmedchem.8b00566	evidence_only
core	GPR88	DOWN	BindingDB	BindingDB monomer 50506616				affinity_type=EC50;affinity=158;pmid=30011199;doi=10.1021/acs.jmedchem.8b00566	evidence_only
core	GPR88	DOWN	BindingDB	BindingDB monomer 50506615				affinity_type=EC50;affinity=100;pmid=30011199;doi=10.1021/acs.jmedchem.8b00566	evidence_only
core	GPR88	DOWN	BindingDB	BindingDB monomer 50065915				affinity_type=EC50;affinity=126;pmid=30011199;doi=10.1021/acs.jmedchem.8b00566	evidence_only
core	GPR88	DOWN	BindingDB	BindingDB monomer 50506618				affinity_type=EC50;affinity=1259;pmid=30011199;doi=10.1021/acs.jmedchem.8b00566	evidence_only
core	GPR88	DOWN	BindingDB	BindingDB monomer 50506619				affinity_type=EC50;affinity=96;pmid=30011199;doi=10.1021/acs.jmedchem.8b00566	evidence_only
core	GPR88	DOWN	BindingDB	BindingDB monomer 50506611				affinity_type=EC50;affinity=501;pmid=30011199;doi=10.1021/acs.jmedchem.8b00566	evidence_only
core	GPR88	DOWN	BindingDB	BindingDB monomer 50065915				affinity_type=EC50;affinity=72;pmid=33205975;doi=10.1021/acs.jmedchem.0c01581	evidence_only
core	GPR88	DOWN	BindingDB	BindingDB monomer 50554975				affinity_type=EC50;affinity=47;pmid=33205975;doi=10.1021/acs.jmedchem.0c01581	evidence_only
core	GPR88	DOWN	BindingDB	BindingDB monomer 50064645				affinity_type=EC50;affinity=195;pmid=33205975;doi=10.1021/acs.jmedchem.0c01581	evidence_only
core	GPR88	DOWN	BindingDB	BindingDB monomer 50554976				affinity_type=EC50;affinity=380;pmid=33205975;doi=10.1021/acs.jmedchem.0c01581	evidence_only
core	GPR88	DOWN	BindingDB	BindingDB monomer 50554977				affinity_type=EC50;affinity=282;pmid=33205975;doi=10.1021/acs.jmedchem.0c01581	evidence_only
core	GPR88	DOWN	BindingDB	BindingDB monomer 50554978				affinity_type=EC50;affinity=295;pmid=33205975;doi=10.1021/acs.jmedchem.0c01581	evidence_only
core	GPR88	DOWN	BindingDB	BindingDB monomer 50554979				affinity_type=EC50;affinity=251;pmid=33205975;doi=10.1021/acs.jmedchem.0c01581	evidence_only
core	GPR88	DOWN	BindingDB	BindingDB monomer 50064644				affinity_type=EC50;affinity=174;pmid=33205975;doi=10.1021/acs.jmedchem.0c01581	evidence_only
core	GPR88	DOWN	BindingDB	BindingDB monomer 50554980				affinity_type=EC50;affinity=257;pmid=33205975;doi=10.1021/acs.jmedchem.0c01581	evidence_only
core	GPR88	DOWN	BindingDB	BindingDB monomer 50554981				affinity_type=EC50;affinity=380;pmid=33205975;doi=10.1021/acs.jmedchem.0c01581	evidence_only
core	GPR88	DOWN	BindingDB	BindingDB monomer 50554982				affinity_type=EC50;affinity=234;pmid=33205975;doi=10.1021/acs.jmedchem.0c01581	evidence_only
core	GPR88	DOWN	BindingDB	BindingDB monomer 50554983				affinity_type=EC50;affinity=562;pmid=33205975;doi=10.1021/acs.jmedchem.0c01581	evidence_only
core	GPR88	DOWN	BindingDB	BindingDB monomer 50554984				affinity_type=EC50;affinity=631;pmid=33205975;doi=10.1021/acs.jmedchem.0c01581	evidence_only
core	GPR88	DOWN	BindingDB	BindingDB monomer 50554985				affinity_type=EC50;affinity=4677;pmid=33205975;doi=10.1021/acs.jmedchem.0c01581	evidence_only
core	GPR88	DOWN	BindingDB	BindingDB monomer 50554986				affinity_type=EC50;affinity=5888;pmid=33205975;doi=10.1021/acs.jmedchem.0c01581	evidence_only
core	GPR88	DOWN	BindingDB	BindingDB monomer 50554987				affinity_type=EC50;affinity=<10000;pmid=33205975;doi=10.1021/acs.jmedchem.0c01581	evidence_only
core	GPR88	DOWN	BindingDB	BindingDB monomer 50554988				affinity_type=EC50;affinity=309;pmid=33205975;doi=10.1021/acs.jmedchem.0c01581	evidence_only
core	GPR88	DOWN	BindingDB	BindingDB monomer 50554989				affinity_type=EC50;affinity=<10000;pmid=33205975;doi=10.1021/acs.jmedchem.0c01581	evidence_only
core	GPR88	DOWN	BindingDB	BindingDB monomer 50554990				affinity_type=EC50;affinity=<10000;pmid=33205975;doi=10.1021/acs.jmedchem.0c01581	evidence_only
core	GPR88	DOWN	BindingDB	BindingDB monomer 50554991				affinity_type=EC50;affinity=1288;pmid=33205975;doi=10.1021/acs.jmedchem.0c01581	evidence_only
core	GPR88	DOWN	BindingDB	BindingDB monomer 50209624				affinity_type=EC50;affinity=617;pmid=33205975;doi=10.1021/acs.jmedchem.0c01581	evidence_only
core	GPR88	DOWN	BindingDB	BindingDB monomer 50554992				affinity_type=EC50;affinity=575;pmid=33205975;doi=10.1021/acs.jmedchem.0c01581	evidence_only
core	GPR88	DOWN	BindingDB	BindingDB monomer 50554993				affinity_type=EC50;affinity=295;pmid=33205975;doi=10.1021/acs.jmedchem.0c01581	evidence_only
core	GPR88	DOWN	BindingDB	BindingDB monomer 50554994				affinity_type=EC50;affinity=120;pmid=33205975;doi=10.1021/acs.jmedchem.0c01581	evidence_only
core	GPR88	DOWN	BindingDB	BindingDB monomer 50554995				affinity_type=EC50;affinity=398;pmid=33205975;doi=10.1021/acs.jmedchem.0c01581	evidence_only
core	GPR88	DOWN	BindingDB	BindingDB monomer 50554996				affinity_type=EC50;affinity=182;pmid=33205975;doi=10.1021/acs.jmedchem.0c01581	evidence_only
core	GPR88	DOWN	BindingDB	BindingDB monomer 50554997				affinity_type=EC50;affinity=316;pmid=33205975;doi=10.1021/acs.jmedchem.0c01581	evidence_only
core	GPR88	DOWN	BindingDB	BindingDB monomer 50554998				affinity_type=EC50;affinity=245;pmid=33205975;doi=10.1021/acs.jmedchem.0c01581	evidence_only
core	GPR88	DOWN	BindingDB	BindingDB monomer 50554999				affinity_type=EC50;affinity=214;pmid=33205975;doi=10.1021/acs.jmedchem.0c01581	evidence_only
core	GPR88	DOWN	BindingDB	BindingDB monomer 50555000				affinity_type=EC50;affinity=240;pmid=33205975;doi=10.1021/acs.jmedchem.0c01581	evidence_only
core	GPR88	DOWN	BindingDB	BindingDB monomer 50555001				affinity_type=EC50;affinity=209;pmid=33205975;doi=10.1021/acs.jmedchem.0c01581	evidence_only
core	GPR88	DOWN	BindingDB	BindingDB monomer 50555002				affinity_type=EC50;affinity=282;pmid=33205975;doi=10.1021/acs.jmedchem.0c01581	evidence_only
core	GPR88	DOWN	BindingDB	BindingDB monomer 50555003				affinity_type=EC50;affinity=234;pmid=33205975;doi=10.1021/acs.jmedchem.0c01581	evidence_only
core	GPR88	DOWN	BindingDB	BindingDB monomer 50555004				affinity_type=EC50;affinity=209;pmid=33205975;doi=10.1021/acs.jmedchem.0c01581	evidence_only
core	GPR88	DOWN	BindingDB	BindingDB monomer 50555005				affinity_type=EC50;affinity=562;pmid=33205975;doi=10.1021/acs.jmedchem.0c01581	evidence_only
core	GPR88	DOWN	BindingDB	BindingDB monomer 50555006				affinity_type=EC50;affinity=468;pmid=33205975;doi=10.1021/acs.jmedchem.0c01581	evidence_only
core	GPR88	DOWN	BindingDB	BindingDB monomer 50555007				affinity_type=EC50;affinity=427;pmid=33205975;doi=10.1021/acs.jmedchem.0c01581	evidence_only
core	GPR88	DOWN	BindingDB	BindingDB monomer 50555008				affinity_type=EC50;affinity=537;pmid=33205975;doi=10.1021/acs.jmedchem.0c01581	evidence_only
core	GPR88	DOWN	BindingDB	BindingDB monomer 50555009				affinity_type=EC50;affinity=468;pmid=33205975;doi=10.1021/acs.jmedchem.0c01581	evidence_only
core	GPR88	DOWN	BindingDB	BindingDB monomer 50555010				affinity_type=EC50;affinity=891;pmid=33205975;doi=10.1021/acs.jmedchem.0c01581	evidence_only
core	GPR88	DOWN	BindingDB	BindingDB monomer 50555011				affinity_type=EC50;affinity=7943;pmid=33205975;doi=10.1021/acs.jmedchem.0c01581	evidence_only
core	GPR88	DOWN	BindingDB	BindingDB monomer 50555012				affinity_type=EC50;affinity=513;pmid=33205975;doi=10.1021/acs.jmedchem.0c01581	evidence_only
core	GPR88	DOWN	BindingDB	BindingDB monomer 50555013				affinity_type=EC50;affinity=5495;pmid=33205975;doi=10.1021/acs.jmedchem.0c01581	evidence_only
core	GPR88	DOWN	BindingDB	BindingDB monomer 50555014				affinity_type=EC50;affinity=5495;pmid=33205975;doi=10.1021/acs.jmedchem.0c01581	evidence_only
core	GPR88	DOWN	BindingDB	BindingDB monomer 50555015				affinity_type=EC50;affinity=3388;pmid=33205975;doi=10.1021/acs.jmedchem.0c01581	evidence_only
core	GPR88	DOWN	BindingDB	BindingDB monomer 50555016				affinity_type=EC50;affinity=<10000;pmid=33205975;doi=10.1021/acs.jmedchem.0c01581	evidence_only
core	GPR88	DOWN	BindingDB	BindingDB monomer 50555017				affinity_type=EC50;affinity=245;pmid=33205975;doi=10.1021/acs.jmedchem.0c01581	evidence_only
core	GPR88	DOWN	BindingDB	BindingDB monomer 50555018				affinity_type=EC50;affinity=219;pmid=33205975;doi=10.1021/acs.jmedchem.0c01581	evidence_only
core	GPR88	DOWN	BindingDB	BindingDB monomer 50555019				affinity_type=EC50;affinity=617;pmid=33205975;doi=10.1021/acs.jmedchem.0c01581	evidence_only
core	GPR88	DOWN	BindingDB	BindingDB monomer 50555020				affinity_type=EC50;affinity=589;pmid=33205975;doi=10.1021/acs.jmedchem.0c01581	evidence_only
core	GPR88	DOWN	BindingDB	BindingDB monomer 50555021				affinity_type=EC50;affinity=871;pmid=33205975;doi=10.1021/acs.jmedchem.0c01581	evidence_only
core	GPR88	DOWN	BindingDB	BindingDB monomer 50555022				affinity_type=EC50;affinity=269;pmid=33205975;doi=10.1021/acs.jmedchem.0c01581	evidence_only
core	GPR88	DOWN	BindingDB	BindingDB monomer 50555023				affinity_type=EC50;affinity=550;pmid=33205975;doi=10.1021/acs.jmedchem.0c01581	evidence_only
core	GPR88	DOWN	BindingDB	BindingDB monomer 50555024				affinity_type=EC50;affinity=724;pmid=33205975;doi=10.1021/acs.jmedchem.0c01581	evidence_only
core	GPR88	DOWN	BindingDB	BindingDB monomer 50555025				affinity_type=EC50;affinity=457;pmid=33205975;doi=10.1021/acs.jmedchem.0c01581	evidence_only
core	GPR88	DOWN	BindingDB	BindingDB monomer 50555026				affinity_type=EC50;affinity=676;pmid=33205975;doi=10.1021/acs.jmedchem.0c01581	evidence_only
core	GPR88	DOWN	BindingDB	BindingDB monomer 50555027				affinity_type=EC50;affinity=741;pmid=33205975;doi=10.1021/acs.jmedchem.0c01581	evidence_only
core	GPR88	DOWN	BindingDB	BindingDB monomer 50555028				affinity_type=EC50;affinity=1000;pmid=33205975;doi=10.1021/acs.jmedchem.0c01581	evidence_only
core	GPR88	DOWN	BindingDB	BindingDB monomer 50555029				affinity_type=EC50;affinity=3631;pmid=33205975;doi=10.1021/acs.jmedchem.0c01581	evidence_only
core	GPR88	DOWN	BindingDB	BindingDB monomer 50555030				affinity_type=EC50;affinity=4898;pmid=33205975;doi=10.1021/acs.jmedchem.0c01581	evidence_only
core	GPR88	DOWN	BindingDB	BindingDB monomer 50555031				affinity_type=EC50;affinity=5129;pmid=33205975;doi=10.1021/acs.jmedchem.0c01581	evidence_only
core	GPR88	DOWN	BindingDB	BindingDB monomer 50555032				affinity_type=EC50;affinity=537;pmid=33205975;doi=10.1021/acs.jmedchem.0c01581	evidence_only
core	GPR88	DOWN	BindingDB	BindingDB monomer 50555033				affinity_type=EC50;affinity=525;pmid=33205975;doi=10.1021/acs.jmedchem.0c01581	evidence_only
core	GPR88	DOWN	BindingDB	BindingDB monomer 50555034				affinity_type=EC50;affinity=479;pmid=33205975;doi=10.1021/acs.jmedchem.0c01581	evidence_only
core	GPR88	DOWN	BindingDB	BindingDB monomer 50555035				affinity_type=EC50;affinity=550;pmid=33205975;doi=10.1021/acs.jmedchem.0c01581	evidence_only
core	GPR88	DOWN	BindingDB	BindingDB monomer 50555036				affinity_type=EC50;affinity=112;pmid=33205975;doi=10.1021/acs.jmedchem.0c01581	evidence_only
core	GPR88	DOWN	BindingDB	BindingDB monomer 50555037				affinity_type=EC50;affinity=148;pmid=33205975;doi=10.1021/acs.jmedchem.0c01581	evidence_only
core	GPR88	DOWN	BindingDB	BindingDB monomer 50555038				affinity_type=EC50;affinity=59;pmid=33205975;doi=10.1021/acs.jmedchem.0c01581	evidence_only
core	GPR88	DOWN	BindingDB	BindingDB monomer 50555039				affinity_type=EC50;affinity=295;pmid=33205975;doi=10.1021/acs.jmedchem.0c01581	evidence_only
core	GPR88	DOWN	BindingDB	BindingDB monomer 50555040				affinity_type=EC50;affinity=372;pmid=33205975;doi=10.1021/acs.jmedchem.0c01581	evidence_only
core	GPR88	DOWN	BindingDB	BindingDB monomer 50555041				affinity_type=EC50;affinity=71;pmid=33205975;doi=10.1021/acs.jmedchem.0c01581	evidence_only
core	GPR88	DOWN	BindingDB	BindingDB monomer 50555042				affinity_type=EC50;affinity=138;pmid=33205975;doi=10.1021/acs.jmedchem.0c01581	evidence_only
core	GPR88	DOWN	BindingDB	BindingDB monomer 50555043				affinity_type=EC50;affinity=78;pmid=33205975;doi=10.1021/acs.jmedchem.0c01581	evidence_only
core	GPR88	DOWN	BindingDB	BindingDB monomer 50555044				affinity_type=EC50;affinity=74;pmid=33205975;doi=10.1021/acs.jmedchem.0c01581	evidence_only
core	GPR88	DOWN	BindingDB	BindingDB monomer 50555045				affinity_type=EC50;affinity=138;pmid=33205975;doi=10.1021/acs.jmedchem.0c01581	evidence_only
core	GPR88	DOWN	BindingDB	BindingDB monomer 50065915				affinity_type=EC50;affinity=73;pmid=33205975;doi=10.1021/acs.jmedchem.0c01581	evidence_only
core	GPR88	DOWN	BindingDB	BindingDB monomer 50554975				affinity_type=EC50;affinity=47;pmid=33205975;doi=10.1021/acs.jmedchem.0c01581	evidence_only
core	GPR88	DOWN	BindingDB	BindingDB monomer 50064645				affinity_type=EC50;affinity=195;pmid=33205975;doi=10.1021/acs.jmedchem.0c01581	evidence_only
core	GPR88	DOWN	BindingDB	BindingDB monomer 50554976				affinity_type=EC50;affinity=380;pmid=33205975;doi=10.1021/acs.jmedchem.0c01581	evidence_only
core	GPR88	DOWN	BindingDB	BindingDB monomer 50554977				affinity_type=EC50;affinity=282;pmid=33205975;doi=10.1021/acs.jmedchem.0c01581	evidence_only
core	GPR88	DOWN	BindingDB	BindingDB monomer 50554978				affinity_type=EC50;affinity=295;pmid=33205975;doi=10.1021/acs.jmedchem.0c01581	evidence_only
core	GPR88	DOWN	BindingDB	BindingDB monomer 50554979				affinity_type=EC50;affinity=251;pmid=33205975;doi=10.1021/acs.jmedchem.0c01581	evidence_only
core	GPR88	DOWN	BindingDB	BindingDB monomer 50064644				affinity_type=EC50;affinity=174;pmid=33205975;doi=10.1021/acs.jmedchem.0c01581	evidence_only
core	GPR88	DOWN	BindingDB	BindingDB monomer 50554980				affinity_type=EC50;affinity=257;pmid=33205975;doi=10.1021/acs.jmedchem.0c01581	evidence_only
core	GPR88	DOWN	BindingDB	BindingDB monomer 50554981				affinity_type=EC50;affinity=380;pmid=33205975;doi=10.1021/acs.jmedchem.0c01581	evidence_only
core	GPR88	DOWN	BindingDB	BindingDB monomer 50554982				affinity_type=EC50;affinity=234;pmid=33205975;doi=10.1021/acs.jmedchem.0c01581	evidence_only
core	GPR88	DOWN	BindingDB	BindingDB monomer 50554983				affinity_type=EC50;affinity=562;pmid=33205975;doi=10.1021/acs.jmedchem.0c01581	evidence_only
core	GPR88	DOWN	BindingDB	BindingDB monomer 50554984				affinity_type=EC50;affinity=631;pmid=33205975;doi=10.1021/acs.jmedchem.0c01581	evidence_only
core	GPR88	DOWN	BindingDB	BindingDB monomer 50554985				affinity_type=EC50;affinity=4677;pmid=33205975;doi=10.1021/acs.jmedchem.0c01581	evidence_only
core	GPR88	DOWN	BindingDB	BindingDB monomer 50554986				affinity_type=EC50;affinity=5888;pmid=33205975;doi=10.1021/acs.jmedchem.0c01581	evidence_only
core	GPR88	DOWN	BindingDB	BindingDB monomer 50554988				affinity_type=EC50;affinity=309;pmid=33205975;doi=10.1021/acs.jmedchem.0c01581	evidence_only
core	GPR88	DOWN	BindingDB	BindingDB monomer 50554991				affinity_type=EC50;affinity=1288;pmid=33205975;doi=10.1021/acs.jmedchem.0c01581	evidence_only
core	GPR88	DOWN	BindingDB	BindingDB monomer 50209624				affinity_type=EC50;affinity=616;pmid=33205975;doi=10.1021/acs.jmedchem.0c01581	evidence_only
core	GPR88	DOWN	BindingDB	BindingDB monomer 50554992				affinity_type=EC50;affinity=575;pmid=33205975;doi=10.1021/acs.jmedchem.0c01581	evidence_only
core	GPR88	DOWN	BindingDB	BindingDB monomer 50554993				affinity_type=EC50;affinity=295;pmid=33205975;doi=10.1021/acs.jmedchem.0c01581	evidence_only
core	GPR88	DOWN	BindingDB	BindingDB monomer 50554994				affinity_type=EC50;affinity=120;pmid=33205975;doi=10.1021/acs.jmedchem.0c01581	evidence_only
core	GPR88	DOWN	BindingDB	BindingDB monomer 50554995				affinity_type=EC50;affinity=398;pmid=33205975;doi=10.1021/acs.jmedchem.0c01581	evidence_only
core	GPR88	DOWN	BindingDB	BindingDB monomer 50554996				affinity_type=EC50;affinity=182;pmid=33205975;doi=10.1021/acs.jmedchem.0c01581	evidence_only
core	GPR88	DOWN	BindingDB	BindingDB monomer 50554997				affinity_type=EC50;affinity=316;pmid=33205975;doi=10.1021/acs.jmedchem.0c01581	evidence_only
core	GPR88	DOWN	BindingDB	BindingDB monomer 50554998				affinity_type=EC50;affinity=245;pmid=33205975;doi=10.1021/acs.jmedchem.0c01581	evidence_only
core	GPR88	DOWN	BindingDB	BindingDB monomer 50554999				affinity_type=EC50;affinity=214;pmid=33205975;doi=10.1021/acs.jmedchem.0c01581	evidence_only
core	GPR88	DOWN	BindingDB	BindingDB monomer 50555000				affinity_type=EC50;affinity=240;pmid=33205975;doi=10.1021/acs.jmedchem.0c01581	evidence_only
core	GPR88	DOWN	BindingDB	BindingDB monomer 50555001				affinity_type=EC50;affinity=209;pmid=33205975;doi=10.1021/acs.jmedchem.0c01581	evidence_only
core	GPR88	DOWN	BindingDB	BindingDB monomer 50555002				affinity_type=EC50;affinity=282;pmid=33205975;doi=10.1021/acs.jmedchem.0c01581	evidence_only
core	GPR88	DOWN	BindingDB	BindingDB monomer 50555003				affinity_type=EC50;affinity=234;pmid=33205975;doi=10.1021/acs.jmedchem.0c01581	evidence_only
core	GPR88	DOWN	BindingDB	BindingDB monomer 50555004				affinity_type=EC50;affinity=209;pmid=33205975;doi=10.1021/acs.jmedchem.0c01581	evidence_only
core	GPR88	DOWN	BindingDB	BindingDB monomer 50555005				affinity_type=EC50;affinity=562;pmid=33205975;doi=10.1021/acs.jmedchem.0c01581	evidence_only
core	GPR88	DOWN	BindingDB	BindingDB monomer 50555006				affinity_type=EC50;affinity=468;pmid=33205975;doi=10.1021/acs.jmedchem.0c01581	evidence_only
core	GPR88	DOWN	BindingDB	BindingDB monomer 50555007				affinity_type=EC50;affinity=427;pmid=33205975;doi=10.1021/acs.jmedchem.0c01581	evidence_only
core	GPR88	DOWN	BindingDB	BindingDB monomer 50555008				affinity_type=EC50;affinity=537;pmid=33205975;doi=10.1021/acs.jmedchem.0c01581	evidence_only
core	GPR88	DOWN	BindingDB	BindingDB monomer 50555009				affinity_type=EC50;affinity=468;pmid=33205975;doi=10.1021/acs.jmedchem.0c01581	evidence_only
core	GPR88	DOWN	BindingDB	BindingDB monomer 50555010				affinity_type=EC50;affinity=891;pmid=33205975;doi=10.1021/acs.jmedchem.0c01581	evidence_only
core	GPR88	DOWN	BindingDB	BindingDB monomer 50555011				affinity_type=EC50;affinity=7943;pmid=33205975;doi=10.1021/acs.jmedchem.0c01581	evidence_only
core	GPR88	DOWN	BindingDB	BindingDB monomer 50555012				affinity_type=EC50;affinity=513;pmid=33205975;doi=10.1021/acs.jmedchem.0c01581	evidence_only
core	GPR88	DOWN	BindingDB	BindingDB monomer 50555013				affinity_type=EC50;affinity=5495;pmid=33205975;doi=10.1021/acs.jmedchem.0c01581	evidence_only
core	GPR88	DOWN	BindingDB	BindingDB monomer 50555014				affinity_type=EC50;affinity=5495;pmid=33205975;doi=10.1021/acs.jmedchem.0c01581	evidence_only
core	GPR88	DOWN	BindingDB	BindingDB monomer 50555015				affinity_type=EC50;affinity=3388;pmid=33205975;doi=10.1021/acs.jmedchem.0c01581	evidence_only
core	GPR88	DOWN	BindingDB	BindingDB monomer 50555017				affinity_type=EC50;affinity=245;pmid=33205975;doi=10.1021/acs.jmedchem.0c01581	evidence_only
core	GPR88	DOWN	BindingDB	BindingDB monomer 50555018				affinity_type=EC50;affinity=219;pmid=33205975;doi=10.1021/acs.jmedchem.0c01581	evidence_only
core	GPR88	DOWN	BindingDB	BindingDB monomer 50555019				affinity_type=EC50;affinity=617;pmid=33205975;doi=10.1021/acs.jmedchem.0c01581	evidence_only
core	GPR88	DOWN	BindingDB	BindingDB monomer 50555020				affinity_type=EC50;affinity=589;pmid=33205975;doi=10.1021/acs.jmedchem.0c01581	evidence_only
core	GPR88	DOWN	BindingDB	BindingDB monomer 50555021				affinity_type=EC50;affinity=871;pmid=33205975;doi=10.1021/acs.jmedchem.0c01581	evidence_only
core	GPR88	DOWN	BindingDB	BindingDB monomer 50555022				affinity_type=EC50;affinity=269;pmid=33205975;doi=10.1021/acs.jmedchem.0c01581	evidence_only
core	GPR88	DOWN	BindingDB	BindingDB monomer 50555023				affinity_type=EC50;affinity=550;pmid=33205975;doi=10.1021/acs.jmedchem.0c01581	evidence_only
core	GPR88	DOWN	BindingDB	BindingDB monomer 50555024				affinity_type=EC50;affinity=724;pmid=33205975;doi=10.1021/acs.jmedchem.0c01581	evidence_only
core	GPR88	DOWN	BindingDB	BindingDB monomer 50555025				affinity_type=EC50;affinity=457;pmid=33205975;doi=10.1021/acs.jmedchem.0c01581	evidence_only
core	GPR88	DOWN	BindingDB	BindingDB monomer 50555026				affinity_type=EC50;affinity=676;pmid=33205975;doi=10.1021/acs.jmedchem.0c01581	evidence_only
core	GPR88	DOWN	BindingDB	BindingDB monomer 50555027				affinity_type=EC50;affinity=741;pmid=33205975;doi=10.1021/acs.jmedchem.0c01581	evidence_only
core	GPR88	DOWN	BindingDB	BindingDB monomer 50555028				affinity_type=EC50;affinity=1000;pmid=33205975;doi=10.1021/acs.jmedchem.0c01581	evidence_only
core	GPR88	DOWN	BindingDB	BindingDB monomer 50555029				affinity_type=EC50;affinity=3631;pmid=33205975;doi=10.1021/acs.jmedchem.0c01581	evidence_only
core	GPR88	DOWN	BindingDB	BindingDB monomer 50555030				affinity_type=EC50;affinity=4898;pmid=33205975;doi=10.1021/acs.jmedchem.0c01581	evidence_only
core	GPR88	DOWN	BindingDB	BindingDB monomer 50555031				affinity_type=EC50;affinity=5129;pmid=33205975;doi=10.1021/acs.jmedchem.0c01581	evidence_only
core	GPR88	DOWN	BindingDB	BindingDB monomer 50555032				affinity_type=EC50;affinity=537;pmid=33205975;doi=10.1021/acs.jmedchem.0c01581	evidence_only
core	GPR88	DOWN	BindingDB	BindingDB monomer 50555033				affinity_type=EC50;affinity=525;pmid=33205975;doi=10.1021/acs.jmedchem.0c01581	evidence_only
core	GPR88	DOWN	BindingDB	BindingDB monomer 50555034				affinity_type=EC50;affinity=479;pmid=33205975;doi=10.1021/acs.jmedchem.0c01581	evidence_only
core	GPR88	DOWN	BindingDB	BindingDB monomer 50555035				affinity_type=EC50;affinity=550;pmid=33205975;doi=10.1021/acs.jmedchem.0c01581	evidence_only
core	GPR88	DOWN	BindingDB	BindingDB monomer 50555036				affinity_type=EC50;affinity=112;pmid=33205975;doi=10.1021/acs.jmedchem.0c01581	evidence_only
core	GPR88	DOWN	BindingDB	BindingDB monomer 50555037				affinity_type=EC50;affinity=148;pmid=33205975;doi=10.1021/acs.jmedchem.0c01581	evidence_only
core	GPR88	DOWN	BindingDB	BindingDB monomer 50555038				affinity_type=EC50;affinity=59;pmid=33205975;doi=10.1021/acs.jmedchem.0c01581	evidence_only
core	GPR88	DOWN	BindingDB	BindingDB monomer 50555039				affinity_type=EC50;affinity=295;pmid=33205975;doi=10.1021/acs.jmedchem.0c01581	evidence_only
core	GPR88	DOWN	BindingDB	BindingDB monomer 50555040				affinity_type=EC50;affinity=372;pmid=33205975;doi=10.1021/acs.jmedchem.0c01581	evidence_only
core	GPR88	DOWN	BindingDB	BindingDB monomer 50555041				affinity_type=EC50;affinity=71;pmid=33205975;doi=10.1021/acs.jmedchem.0c01581	evidence_only
core	GPR88	DOWN	BindingDB	BindingDB monomer 50555042				affinity_type=EC50;affinity=138;pmid=33205975;doi=10.1021/acs.jmedchem.0c01581	evidence_only
core	GPR88	DOWN	BindingDB	BindingDB monomer 50555043				affinity_type=EC50;affinity=78;pmid=33205975;doi=10.1021/acs.jmedchem.0c01581	evidence_only
core	GPR88	DOWN	BindingDB	BindingDB monomer 50555044				affinity_type=EC50;affinity=74;pmid=33205975;doi=10.1021/acs.jmedchem.0c01581	evidence_only
core	GPR88	DOWN	BindingDB	BindingDB monomer 50555045				affinity_type=EC50;affinity=138;pmid=33205975;doi=10.1021/acs.jmedchem.0c01581	evidence_only
core	GPR88	DOWN	BindingDB	BindingDB monomer 50554975				affinity_type=EC50;affinity=45;pmid=34387471;doi=10.7270/Q2GX4GMN	evidence_only
core	GPR88	DOWN	BindingDB	BindingDB monomer 50555037				affinity_type=EC50;affinity=148;pmid=34387471;doi=10.7270/Q2GX4GMN	evidence_only
core	GPR88	DOWN	BindingDB	BindingDB monomer 50595961				affinity_type=EC50;affinity=132;pmid=34387471;doi=10.7270/Q2GX4GMN	evidence_only
core	GPR88	DOWN	BindingDB	BindingDB monomer 50595962				affinity_type=EC50;affinity=324;pmid=34387471;doi=10.7270/Q2GX4GMN	evidence_only
core	GPR88	DOWN	BindingDB	BindingDB monomer 50595963				affinity_type=EC50;affinity=501;pmid=34387471;doi=10.7270/Q2GX4GMN	evidence_only
core	GPR88	DOWN	BindingDB	BindingDB monomer 50595964				affinity_type=EC50;affinity=355;pmid=34387471;doi=10.7270/Q2GX4GMN	evidence_only
core	GPR88	DOWN	BindingDB	BindingDB monomer 50595965				affinity_type=EC50;affinity=372;pmid=34387471;doi=10.7270/Q2GX4GMN	evidence_only
core	GPR88	DOWN	BindingDB	BindingDB monomer 50595966				affinity_type=EC50;affinity=178;pmid=34387471;doi=10.7270/Q2GX4GMN	evidence_only
core	GPR88	DOWN	BindingDB	BindingDB monomer 50595967				affinity_type=EC50;affinity=95;pmid=34387471;doi=10.7270/Q2GX4GMN	evidence_only
core	GPR88	DOWN	BindingDB	BindingDB monomer 50595968				affinity_type=EC50;affinity=60;pmid=34387471;doi=10.7270/Q2GX4GMN	evidence_only
core	GPR88	DOWN	BindingDB	BindingDB monomer 50595969				affinity_type=EC50;affinity=89;pmid=34387471;doi=10.7270/Q2GX4GMN	evidence_only
core	GPR88	DOWN	BindingDB	BindingDB monomer 50595970				affinity_type=EC50;affinity=457;pmid=34387471;doi=10.7270/Q2GX4GMN	evidence_only
core	GPR88	DOWN	BindingDB	BindingDB monomer 50595971				affinity_type=EC50;affinity=263;pmid=34387471;doi=10.7270/Q2GX4GMN	evidence_only
core	GPR88	DOWN	BindingDB	BindingDB monomer 50595972				affinity_type=EC50;affinity=182;pmid=34387471;doi=10.7270/Q2GX4GMN	evidence_only
core	GPR88	DOWN	BindingDB	BindingDB monomer 50595973				affinity_type=EC50;affinity=363;pmid=34387471;doi=10.7270/Q2GX4GMN	evidence_only
core	GPR88	DOWN	BindingDB	BindingDB monomer 50595974				affinity_type=EC50;affinity=603;pmid=34387471;doi=10.7270/Q2GX4GMN	evidence_only
core	GPR88	DOWN	BindingDB	BindingDB monomer 50595975				affinity_type=EC50;affinity=912;pmid=34387471;doi=10.7270/Q2GX4GMN	evidence_only
core	GPR88	DOWN	BindingDB	BindingDB monomer 50595976				affinity_type=EC50;affinity=245;pmid=34387471;doi=10.7270/Q2GX4GMN	evidence_only
core	GPR88	DOWN	BindingDB	BindingDB monomer 50595977				affinity_type=EC50;affinity=339;pmid=34387471;doi=10.7270/Q2GX4GMN	evidence_only
core	GPR88	DOWN	BindingDB	BindingDB monomer 50595978				affinity_type=EC50;affinity=182;pmid=34387471;doi=10.7270/Q2GX4GMN	evidence_only
core	GPR88	DOWN	BindingDB	BindingDB monomer 50595979				affinity_type=EC50;affinity=91;pmid=34387471;doi=10.7270/Q2GX4GMN	evidence_only
core	GPR88	DOWN	BindingDB	BindingDB monomer 50595980				affinity_type=EC50;affinity=282;pmid=34387471;doi=10.7270/Q2GX4GMN	evidence_only
core	GPR88	DOWN	BindingDB	BindingDB monomer 50595981				affinity_type=EC50;affinity=166;pmid=34387471;doi=10.7270/Q2GX4GMN	evidence_only
core	GPR88	DOWN	BindingDB	BindingDB monomer 50595982				affinity_type=EC50;affinity=1096;pmid=34387471;doi=10.7270/Q2GX4GMN	evidence_only
core	GPR88	DOWN	BindingDB	BindingDB monomer 50595983				affinity_type=EC50;affinity=1995;pmid=34387471;doi=10.7270/Q2GX4GMN	evidence_only
core	GPR88	DOWN	BindingDB	BindingDB monomer 50595984				affinity_type=EC50;affinity=708;pmid=34387471;doi=10.7270/Q2GX4GMN	evidence_only
core	GPR88	DOWN	BindingDB	BindingDB monomer 50595985				affinity_type=EC50;affinity=407;pmid=34387471;doi=10.7270/Q2GX4GMN	evidence_only
core	GPR88	DOWN	BindingDB	BindingDB monomer 50595986				affinity_type=EC50;affinity=74;pmid=34387471;doi=10.7270/Q2GX4GMN	evidence_only
core	GPR88	DOWN	BindingDB	BindingDB monomer 50595987				affinity_type=EC50;affinity=115;pmid=34387471;doi=10.7270/Q2GX4GMN	evidence_only
core	GPR88	DOWN	BindingDB	BindingDB monomer 50595988				affinity_type=EC50;affinity=166;pmid=34387471;doi=10.7270/Q2GX4GMN	evidence_only
core	GPR88	DOWN	BindingDB	BindingDB monomer 50595989				affinity_type=EC50;affinity=91;pmid=34387471;doi=10.7270/Q2GX4GMN	evidence_only
core	GPR88	DOWN	BindingDB	BindingDB monomer 50595990				affinity_type=EC50;affinity=40;pmid=34387471;doi=10.7270/Q2GX4GMN	evidence_only
core	GPR88	DOWN	BindingDB	BindingDB monomer 50595991				affinity_type=EC50;affinity=389;pmid=34387471;doi=10.7270/Q2GX4GMN	evidence_only
core	GPR88	DOWN	BindingDB	BindingDB monomer 50595992				affinity_type=EC50;affinity=77;pmid=34387471;doi=10.7270/Q2GX4GMN	evidence_only
core	GPR88	DOWN	BindingDB	BindingDB monomer 50595993				affinity_type=EC50;affinity=14;pmid=34387471;doi=10.7270/Q2GX4GMN	evidence_only
core	GPR88	DOWN	BindingDB	BindingDB monomer 50064751				affinity_type=EC50;affinity=414;pmid=34387471;doi=10.7270/Q2GX4GMN	evidence_only
core	GPR88	DOWN	BindingDB	BindingDB monomer 50554993				affinity_type=EC50;affinity=295;pmid=34387471;doi=10.7270/Q2GX4GMN	evidence_only
core	GPR88	DOWN	BindingDB	BindingDB monomer 50555033				affinity_type=EC50;affinity=525;pmid=34387471;doi=10.7270/Q2GX4GMN	evidence_only
core	GPR88	DOWN	BindingDB	BindingDB monomer 50555046				affinity_type=EC50;affinity=59;pmid=34387471;doi=10.7270/Q2GX4GMN	evidence_only
core	GPR88	DOWN	BindingDB	BindingDB monomer 50554975				affinity_type=EC50;affinity=45;pmid=34387471;doi=10.7270/Q2GX4GMN	evidence_only
core	GPR88	DOWN	BindingDB	BindingDB monomer 50555037				affinity_type=EC50;affinity=148;pmid=34387471;doi=10.7270/Q2GX4GMN	evidence_only
core	GPR88	DOWN	BindingDB	BindingDB monomer 50595961				affinity_type=EC50;affinity=132;pmid=34387471;doi=10.7270/Q2GX4GMN	evidence_only
core	GPR88	DOWN	BindingDB	BindingDB monomer 50595962				affinity_type=EC50;affinity=324;pmid=34387471;doi=10.7270/Q2GX4GMN	evidence_only
core	GPR88	DOWN	BindingDB	BindingDB monomer 50595963				affinity_type=EC50;affinity=501;pmid=34387471;doi=10.7270/Q2GX4GMN	evidence_only
core	GPR88	DOWN	BindingDB	BindingDB monomer 50595964				affinity_type=EC50;affinity=355;pmid=34387471;doi=10.7270/Q2GX4GMN	evidence_only
core	GPR88	DOWN	BindingDB	BindingDB monomer 50595965				affinity_type=EC50;affinity=372;pmid=34387471;doi=10.7270/Q2GX4GMN	evidence_only
core	GPR88	DOWN	BindingDB	BindingDB monomer 50595966				affinity_type=EC50;affinity=178;pmid=34387471;doi=10.7270/Q2GX4GMN	evidence_only
core	GPR88	DOWN	BindingDB	BindingDB monomer 50595967				affinity_type=EC50;affinity=95;pmid=34387471;doi=10.7270/Q2GX4GMN	evidence_only
core	GPR88	DOWN	BindingDB	BindingDB monomer 50595968				affinity_type=EC50;affinity=60;pmid=34387471;doi=10.7270/Q2GX4GMN	evidence_only
core	GPR88	DOWN	BindingDB	BindingDB monomer 50595969				affinity_type=EC50;affinity=89;pmid=34387471;doi=10.7270/Q2GX4GMN	evidence_only
core	GPR88	DOWN	BindingDB	BindingDB monomer 50595970				affinity_type=EC50;affinity=457;pmid=34387471;doi=10.7270/Q2GX4GMN	evidence_only
core	GPR88	DOWN	BindingDB	BindingDB monomer 50595971				affinity_type=EC50;affinity=263;pmid=34387471;doi=10.7270/Q2GX4GMN	evidence_only
core	GPR88	DOWN	BindingDB	BindingDB monomer 50595972				affinity_type=EC50;affinity=182;pmid=34387471;doi=10.7270/Q2GX4GMN	evidence_only
core	GPR88	DOWN	BindingDB	BindingDB monomer 50595973				affinity_type=EC50;affinity=363;pmid=34387471;doi=10.7270/Q2GX4GMN	evidence_only
core	GPR88	DOWN	BindingDB	BindingDB monomer 50595974				affinity_type=EC50;affinity=603;pmid=34387471;doi=10.7270/Q2GX4GMN	evidence_only
core	GPR88	DOWN	BindingDB	BindingDB monomer 50595975				affinity_type=EC50;affinity=912;pmid=34387471;doi=10.7270/Q2GX4GMN	evidence_only
core	GPR88	DOWN	BindingDB	BindingDB monomer 50595976				affinity_type=EC50;affinity=245;pmid=34387471;doi=10.7270/Q2GX4GMN	evidence_only
core	GPR88	DOWN	BindingDB	BindingDB monomer 50595977				affinity_type=EC50;affinity=339;pmid=34387471;doi=10.7270/Q2GX4GMN	evidence_only
core	GPR88	DOWN	BindingDB	BindingDB monomer 50595978				affinity_type=EC50;affinity=182;pmid=34387471;doi=10.7270/Q2GX4GMN	evidence_only
core	GPR88	DOWN	BindingDB	BindingDB monomer 50595979				affinity_type=EC50;affinity=91;pmid=34387471;doi=10.7270/Q2GX4GMN	evidence_only
core	GPR88	DOWN	BindingDB	BindingDB monomer 50595980				affinity_type=EC50;affinity=282;pmid=34387471;doi=10.7270/Q2GX4GMN	evidence_only
core	GPR88	DOWN	BindingDB	BindingDB monomer 50595981				affinity_type=EC50;affinity=166;pmid=34387471;doi=10.7270/Q2GX4GMN	evidence_only
core	GPR88	DOWN	BindingDB	BindingDB monomer 50595982				affinity_type=EC50;affinity=1096;pmid=34387471;doi=10.7270/Q2GX4GMN	evidence_only
core	GPR88	DOWN	BindingDB	BindingDB monomer 50595983				affinity_type=EC50;affinity=1995;pmid=34387471;doi=10.7270/Q2GX4GMN	evidence_only
core	GPR88	DOWN	BindingDB	BindingDB monomer 50595984				affinity_type=EC50;affinity=708;pmid=34387471;doi=10.7270/Q2GX4GMN	evidence_only
core	GPR88	DOWN	BindingDB	BindingDB monomer 50595985				affinity_type=EC50;affinity=407;pmid=34387471;doi=10.7270/Q2GX4GMN	evidence_only
core	GPR88	DOWN	BindingDB	BindingDB monomer 50595986				affinity_type=EC50;affinity=74;pmid=34387471;doi=10.7270/Q2GX4GMN	evidence_only
core	GPR88	DOWN	BindingDB	BindingDB monomer 50595987				affinity_type=EC50;affinity=115;pmid=34387471;doi=10.7270/Q2GX4GMN	evidence_only
core	GPR88	DOWN	BindingDB	BindingDB monomer 50595988				affinity_type=EC50;affinity=166;pmid=34387471;doi=10.7270/Q2GX4GMN	evidence_only
core	GPR88	DOWN	BindingDB	BindingDB monomer 50595989				affinity_type=EC50;affinity=91;pmid=34387471;doi=10.7270/Q2GX4GMN	evidence_only
core	GPR88	DOWN	BindingDB	BindingDB monomer 50595990				affinity_type=EC50;affinity=40;pmid=34387471;doi=10.7270/Q2GX4GMN	evidence_only
core	GPR88	DOWN	BindingDB	BindingDB monomer 50595991				affinity_type=EC50;affinity=389;pmid=34387471;doi=10.7270/Q2GX4GMN	evidence_only
core	GPR88	DOWN	BindingDB	BindingDB monomer 50595992				affinity_type=EC50;affinity=77;pmid=34387471;doi=10.7270/Q2GX4GMN	evidence_only
core	GPR88	DOWN	BindingDB	BindingDB monomer 50595993				affinity_type=EC50;affinity=14;pmid=34387471;doi=10.7270/Q2GX4GMN	evidence_only
core	GPR88	DOWN	BindingDB	BindingDB monomer 50065915				affinity_type=EC50;affinity=73;pmid=34387471;doi=10.7270/Q2GX4GMN	evidence_only
core	GPR88	DOWN	BindingDB	BindingDB monomer 50554975				affinity_type=EC50;affinity=45;pmid=36587872;doi=10.7270/Q28D01HC	evidence_only
core	GPR88	DOWN	BindingDB	BindingDB monomer 50065915				affinity_type=EC50;affinity=74;pmid=36587872;doi=10.7270/Q28D01HC	evidence_only
core	GPR88	DOWN	BindingDB	BindingDB monomer 50610306				affinity_type=EC50;affinity=1738;pmid=36587872;doi=10.7270/Q28D01HC	evidence_only
core	GPR88	DOWN	BindingDB	BindingDB monomer 50064751				affinity_type=EC50;affinity=304;pmid=36587872;doi=10.7270/Q28D01HC	evidence_only
core	GPR88	DOWN	BindingDB	BindingDB monomer 50064645				affinity_type=EC50;affinity=195;pmid=36587872;doi=10.7270/Q28D01HC	evidence_only
core	GPR88	DOWN	BindingDB	BindingDB monomer 50554975				affinity_type=EC50;affinity=65;pmid=36749855;doi=10.7270/Q2P55SZH	evidence_only
core	GPR88	DOWN	BindingDB	BindingDB monomer 50632256				affinity_type=EC50;affinity=10000;pmid=36749855;doi=10.7270/Q2P55SZH	evidence_only
core	GPR88	DOWN	BindingDB	BindingDB monomer 50632257				affinity_type=EC50;affinity=12;pmid=36749855;doi=10.7270/Q2P55SZH	evidence_only
core	GPR88	DOWN	BindingDB	BindingDB monomer 50632258				affinity_type=EC50;affinity=9841;pmid=36749855;doi=10.7270/Q2P55SZH	evidence_only
core	GPR88	DOWN	DGIdb	RTI-122		agonist	False	conceptId=iuphar.ligand:12395;directionality=ACTIVATING	nominating
core	GPR88	DOWN	DGIdb	RTI-13951-33		agonist	False	conceptId=iuphar.ligand:10031;directionality=ACTIVATING	nominating
core	GPR88	DOWN	DGIdb	COMPOUND 2 [PMID: 24793972]		agonist	False	conceptId=iuphar.ligand:7798;directionality=ACTIVATING	nominating
core	FAT1	UP	DGIdb	CAPECITABINE			True	conceptId=rxcui:194000;directionality=	nominating
core	RNASE1	UP	DGIdb	CHEMBL:CHEMBL258728			False	conceptId=chembl:CHEMBL258728;directionality=	nominating
core	CTNNA3	DOWN	DGIdb	ANTIDEPRESSANT AGENT			False	conceptId=ncit:C265;directionality=	nominating
core	LOXL4	UP	Pharos	disulfiram	CHEMBL964		True	isdrug_flag=TCRD_not_FDA;activity_types=IC50	nominating
core	LOXL4	UP	Pharos	thiram	CHEMBL120563		True	isdrug_flag=TCRD_not_FDA;activity_types=IC50	nominating
core	LOXL4	UP	BindingDB	BindingDB monomer 633246				affinity_type=IC50;affinity=<300;pmid=;doi=10.7270/Q2NV9PD6	evidence_only
core	LOXL4	UP	BindingDB	BindingDB monomer 50058655				affinity_type=IC50;affinity=59;pmid=30098867;doi=10.1016/j.bmcl.2018.07.001	evidence_only
core	LOXL4	UP	BindingDB	BindingDB monomer 50463622				affinity_type=IC50;affinity=2100;pmid=30098867;doi=10.1016/j.bmcl.2018.07.001	evidence_only
core	LOXL4	UP	BindingDB	BindingDB monomer 50463615				affinity_type=IC50;affinity=3300;pmid=30098867;doi=10.1016/j.bmcl.2018.07.001	evidence_only
core	LOXL4	UP	BindingDB	BindingDB monomer 43362				affinity_type=IC50;affinity=180;pmid=30098867;doi=10.1016/j.bmcl.2018.07.001	evidence_only
core	LOXL4	UP	BindingDB	BindingDB monomer 50505638				affinity_type=IC50;affinity=280;pmid=31580073;doi=10.1021/acs.jmedchem.9b01283	evidence_only
core	DHRS9	UP	DGIdb	(+/-)-WIEDENDIOL B			False	conceptId=chembl:CHEMBL456619;directionality=	nominating
core	DHRS9	UP	DGIdb	CHEMBL:CHEMBL456414			False	conceptId=chembl:CHEMBL456414;directionality=	nominating
core	DHRS9	UP	DGIdb	CHEMBL:CHEMBL514876			False	conceptId=chembl:CHEMBL514876;directionality=	nominating
core	DHRS9	UP	DGIdb	CHEMBL:CHEMBL461471			False	conceptId=chembl:CHEMBL461471;directionality=	nominating
core	DHRS9	UP	DGIdb	CHEMBL:CHEMBL459574			False	conceptId=chembl:CHEMBL459574;directionality=	nominating
core	DHRS9	UP	DGIdb	CHEMBL:CHEMBL517425			False	conceptId=chembl:CHEMBL517425;directionality=	nominating
core	DHRS9	UP	DGIdb	PROTECTED SIPHONODICTYAL C			False	conceptId=chembl:CHEMBL456845;directionality=	nominating
core	ACVR1C	DOWN	BindingDB	BindingDB monomer 50660663				affinity_type=IC50;affinity=6.8;pmid=40108955;doi=10.7270/Q25M6BMV	evidence_only
core	ACVR1C	DOWN	DGIdb	SB-431542		inhibitor	False	conceptId=iuphar.ligand:8216;directionality=INHIBITORY	nominating
core	SLCO1A2	DOWN	BindingDB	BindingDB monomer 50660325				affinity_type=IC50;affinity=1200;pmid=39892094;doi=10.7270/Q2NS10S4	evidence_only
core	SLCO1A2	DOWN	BindingDB	BindingDB monomer 50660326				affinity_type=IC50;affinity=710;pmid=39892094;doi=10.7270/Q2NS10S4	evidence_only
core	SLCO1A2	DOWN	BindingDB	BindingDB monomer 50660327				affinity_type=IC50;affinity=991;pmid=39892094;doi=10.7270/Q2NS10S4	evidence_only
core	SLCO1A2	DOWN	BindingDB	BindingDB monomer 50660328				affinity_type=IC50;affinity=1010;pmid=39892094;doi=10.7270/Q2NS10S4	evidence_only
core	SLCO1A2	DOWN	BindingDB	BindingDB monomer 50660329				affinity_type=IC50;affinity=7930;pmid=39892094;doi=10.7270/Q2NS10S4	evidence_only
core	SLCO1A2	DOWN	BindingDB	BindingDB monomer 50660333				affinity_type=IC50;affinity=237;pmid=39892094;doi=10.7270/Q2NS10S4	evidence_only
core	SLCO1A2	DOWN	BindingDB	BindingDB monomer 50660334				affinity_type=IC50;affinity=420;pmid=39892094;doi=10.7270/Q2NS10S4	evidence_only
core	SLCO1A2	DOWN	BindingDB	BindingDB monomer 50660330				affinity_type=IC50;affinity=1320;pmid=39892094;doi=10.7270/Q2NS10S4	evidence_only
core	SLCO1A2	DOWN	BindingDB	BindingDB monomer 50660331				affinity_type=IC50;affinity=422;pmid=39892094;doi=10.7270/Q2NS10S4	evidence_only
core	SLCO1A2	DOWN	BindingDB	BindingDB monomer 50660332				affinity_type=IC50;affinity=2180;pmid=39892094;doi=10.7270/Q2NS10S4	evidence_only
core	SLCO1A2	DOWN	DGIdb	THERAPEUTIC HORMONE			False	conceptId=ncit:C548;directionality=	nominating
core	SLCO1A2	DOWN	DGIdb	IMATINIB			True	conceptId=rxcui:282388;directionality=	nominating
core	SLCO1A2	DOWN	DGIdb	[3H]DPDPE			False	conceptId=iuphar.ligand:3819;directionality=	nominating
core	SLCO1A2	DOWN	DGIdb	RIFAMPIN		inhibitor	True	conceptId=rxcui:9384;directionality=INHIBITORY	nominating
core	SLCO1A2	DOWN	DGIdb	NADOLOL			True	conceptId=rxcui:7226;directionality=	nominating
core	SLCO1A2	DOWN	DGIdb	NARINGIN		inhibitor	False	conceptId=iuphar.ligand:4738;directionality=INHIBITORY	nominating
core	SLCO1A2	DOWN	DGIdb	CELIPROLOL			True	conceptId=rxcui:20498;directionality=	nominating
core	SLCO1A2	DOWN	DGIdb	RIFAMYCIN SV		inhibitor	True	conceptId=rxcui:35616;directionality=INHIBITORY	nominating
core	SLCO1A2	DOWN	DGIdb	TAMOXIFEN			True	conceptId=rxcui:10324;directionality=	nominating
core	SLCO1A2	DOWN	DGIdb	ESTROPIPATE			False	conceptId=ncit:C47521;directionality=	nominating
core	SLCO1A2	DOWN	DGIdb	[3H]BSP			False	conceptId=iuphar.ligand:4505;directionality=	nominating
core	SLCO1A2	DOWN	DGIdb	TESTOSTERONE			True	conceptId=rxcui:10379;directionality=	nominating
core	GALNT18	UP	DGIdb	TOCILIZUMAB			True	conceptId=rxcui:612865;directionality=	nominating
core	GALNT18	UP	DGIdb	CISPLATIN			True	conceptId=rxcui:2555;directionality=	nominating
core	SULF2	UP	DGIdb	VINCRISTINE			True	conceptId=rxcui:11202;directionality=	nominating
core	TRPV4	UP	OpenTargets	BUTAMBEN	CHEMBL127516	INHIBITOR	True	row.maxClinicalStage=WITHDRAWAL;drug.maximumClinicalStage=APPROVAL	nominating
core	TRPV4	UP	OpenTargets	BUTAMBEN PICRATE	CHEMBL3142541	INHIBITOR	True	row.maxClinicalStage=WITHDRAWAL;drug.maximumClinicalStage=APPROVAL	nominating
core	TRPV4	UP	OpenTargets	GSK2798745	CHEMBL4470585	ANTAGONIST	False	row.maxClinicalStage=PHASE_2;drug.maximumClinicalStage=PHASE_2	nominating
core	TRPV4	UP	ChEMBL	GSK2798745	CHEMBL4470585	ANTAGONIST	False	mechanism_of_action=Transient receptor potential cation channel subfamily V member 4 antagonist;refs=Other:http://www.gsk.com/media/1017505/product-pipeline-march-2016.pdf	nominating
core	TRPV4	UP	ChEMBL	BUTAMBEN	CHEMBL127516	INHIBITOR	True	mechanism_of_action=Transient receptor potential cation channel subfamily V member 4 inhibitor;refs=PubMed:12538804;PubMed:15920194;PubMed:15923341;PubMed:16368819;PubMed:18877037;PubMed:20377544;PubMed:22041064;PubMed:22133806;PubMed:7793660;PubMed:8592284	nominating
core	TRPV4	UP	ChEMBL	BUTAMBEN PICRATE	CHEMBL3142541	INHIBITOR	True	mechanism_of_action=Transient receptor potential cation channel subfamily V member 4 inhibitor;refs=PubMed:12538804;PubMed:15920194;PubMed:15923341;PubMed:16368819;PubMed:18877037;PubMed:20377544;PubMed:22041064;PubMed:22133806;PubMed:7793660;PubMed:8592284	nominating
core	TRPV4	UP	BindingDB	BindingDB monomer 230228				affinity_type=Ki;affinity=21;pmid=;doi=10.7270/Q2319TR3	evidence_only
core	TRPV4	UP	BindingDB	BindingDB monomer 230229				affinity_type=Ki;affinity=160;pmid=;doi=10.7270/Q2319TR3	evidence_only
core	TRPV4	UP	BindingDB	BindingDB monomer 230230				affinity_type=Ki;affinity=780;pmid=;doi=10.7270/Q2319TR3	evidence_only
core	TRPV4	UP	BindingDB	BindingDB monomer 230231				affinity_type=Ki;affinity=130;pmid=;doi=10.7270/Q2319TR3	evidence_only
core	TRPV4	UP	BindingDB	BindingDB monomer 230232				affinity_type=Ki;affinity=4700;pmid=;doi=10.7270/Q2319TR3	evidence_only
core	TRPV4	UP	BindingDB	BindingDB monomer 230233				affinity_type=Ki;affinity=2000;pmid=;doi=10.7270/Q2319TR3	evidence_only
core	TRPV4	UP	BindingDB	BindingDB monomer 230234				affinity_type=Ki;affinity=2100;pmid=;doi=10.7270/Q2319TR3	evidence_only
core	TRPV4	UP	BindingDB	BindingDB monomer 230235				affinity_type=Ki;affinity=3200;pmid=;doi=10.7270/Q2319TR3	evidence_only
core	TRPV4	UP	BindingDB	BindingDB monomer 230241				affinity_type=Ki;affinity=590;pmid=;doi=10.7270/Q2319TR3	evidence_only
core	TRPV4	UP	BindingDB	BindingDB monomer 230242				affinity_type=Ki;affinity=1600;pmid=;doi=10.7270/Q2319TR3	evidence_only
core	TRPV4	UP	BindingDB	BindingDB monomer 230243				affinity_type=Ki;affinity=320;pmid=;doi=10.7270/Q2319TR3	evidence_only
core	TRPV4	UP	BindingDB	BindingDB monomer 230244				affinity_type=Ki;affinity=2800;pmid=;doi=10.7270/Q2319TR3	evidence_only
core	TRPV4	UP	BindingDB	BindingDB monomer 230245				affinity_type=Ki;affinity=3900;pmid=;doi=10.7270/Q2319TR3	evidence_only
core	TRPV4	UP	BindingDB	BindingDB monomer 230246				affinity_type=Ki;affinity=380;pmid=;doi=10.7270/Q2319TR3	evidence_only
core	TRPV4	UP	BindingDB	BindingDB monomer 230247				affinity_type=Ki;affinity=560;pmid=;doi=10.7270/Q2319TR3	evidence_only
core	TRPV4	UP	BindingDB	BindingDB monomer 230248				affinity_type=Ki;affinity=2400;pmid=;doi=10.7270/Q2319TR3	evidence_only
core	TRPV4	UP	BindingDB	BindingDB monomer 230249				affinity_type=Ki;affinity=530;pmid=;doi=10.7270/Q2319TR3	evidence_only
core	TRPV4	UP	BindingDB	BindingDB monomer 230250				affinity_type=Ki;affinity=2200;pmid=;doi=10.7270/Q2319TR3	evidence_only
core	TRPV4	UP	BindingDB	BindingDB monomer 230251				affinity_type=Ki;affinity=380;pmid=;doi=10.7270/Q2319TR3	evidence_only
core	TRPV4	UP	BindingDB	BindingDB monomer 230252				affinity_type=Ki;affinity=130;pmid=;doi=10.7270/Q2319TR3	evidence_only
core	TRPV4	UP	BindingDB	BindingDB monomer 230253				affinity_type=Ki;affinity=130;pmid=;doi=10.7270/Q2319TR3	evidence_only
core	TRPV4	UP	BindingDB	BindingDB monomer 230254				affinity_type=Ki;affinity=590;pmid=;doi=10.7270/Q2319TR3	evidence_only
core	TRPV4	UP	BindingDB	BindingDB monomer 230255				affinity_type=Ki;affinity=2100;pmid=;doi=10.7270/Q2319TR3	evidence_only
core	TRPV4	UP	BindingDB	BindingDB monomer 230256				affinity_type=Ki;affinity=290;pmid=;doi=10.7270/Q2319TR3	evidence_only
core	TRPV4	UP	BindingDB	BindingDB monomer 230257				affinity_type=Ki;affinity=2600;pmid=;doi=10.7270/Q2319TR3	evidence_only
core	TRPV4	UP	BindingDB	BindingDB monomer 230258				affinity_type=Ki;affinity=1500;pmid=;doi=10.7270/Q2319TR3	evidence_only
core	TRPV4	UP	BindingDB	BindingDB monomer 230259				affinity_type=Ki;affinity=2400;pmid=;doi=10.7270/Q2319TR3	evidence_only
core	TRPV4	UP	BindingDB	BindingDB monomer 230260				affinity_type=Ki;affinity=2700;pmid=;doi=10.7270/Q2319TR3	evidence_only
core	TRPV4	UP	BindingDB	BindingDB monomer 230261				affinity_type=Ki;affinity=3100;pmid=;doi=10.7270/Q2319TR3	evidence_only
core	TRPV4	UP	BindingDB	BindingDB monomer 230262				affinity_type=Ki;affinity=1200;pmid=;doi=10.7270/Q2319TR3	evidence_only
core	TRPV4	UP	BindingDB	BindingDB monomer 230263				affinity_type=Ki;affinity=2100;pmid=;doi=10.7270/Q2319TR3	evidence_only
core	TRPV4	UP	BindingDB	BindingDB monomer 230264				affinity_type=Ki;affinity=170;pmid=;doi=10.7270/Q2319TR3	evidence_only
core	TRPV4	UP	BindingDB	BindingDB monomer 230265				affinity_type=Ki;affinity=2300;pmid=;doi=10.7270/Q2319TR3	evidence_only
core	TRPV4	UP	BindingDB	BindingDB monomer 230266				affinity_type=Ki;affinity=2400;pmid=;doi=10.7270/Q2319TR3	evidence_only
core	TRPV4	UP	BindingDB	BindingDB monomer 230267				affinity_type=Ki;affinity=1500;pmid=;doi=10.7270/Q2319TR3	evidence_only
core	TRPV4	UP	BindingDB	BindingDB monomer 230268				affinity_type=Ki;affinity=1500;pmid=;doi=10.7270/Q2319TR3	evidence_only
core	TRPV4	UP	BindingDB	BindingDB monomer 230269				affinity_type=Ki;affinity=1500;pmid=;doi=10.7270/Q2319TR3	evidence_only
core	TRPV4	UP	BindingDB	BindingDB monomer 230270				affinity_type=Ki;affinity=2300;pmid=;doi=10.7270/Q2319TR3	evidence_only
core	TRPV4	UP	BindingDB	BindingDB monomer 230271				affinity_type=Ki;affinity=1600;pmid=;doi=10.7270/Q2319TR3	evidence_only
core	TRPV4	UP	BindingDB	BindingDB monomer 230272				affinity_type=Ki;affinity=1500;pmid=;doi=10.7270/Q2319TR3	evidence_only
core	TRPV4	UP	BindingDB	BindingDB monomer 230273				affinity_type=Ki;affinity=2500;pmid=;doi=10.7270/Q2319TR3	evidence_only
core	TRPV4	UP	BindingDB	BindingDB monomer 230274				affinity_type=Ki;affinity=2500;pmid=;doi=10.7270/Q2319TR3	evidence_only
core	TRPV4	UP	BindingDB	BindingDB monomer 230275				affinity_type=Ki;affinity=1800;pmid=;doi=10.7270/Q2319TR3	evidence_only
core	TRPV4	UP	BindingDB	BindingDB monomer 230276				affinity_type=Ki;affinity=1100;pmid=;doi=10.7270/Q2319TR3	evidence_only
core	TRPV4	UP	BindingDB	BindingDB monomer 230277				affinity_type=Ki;affinity=450;pmid=;doi=10.7270/Q2319TR3	evidence_only
core	TRPV4	UP	BindingDB	BindingDB monomer 230278				affinity_type=Ki;affinity=240;pmid=;doi=10.7270/Q2319TR3	evidence_only
core	TRPV4	UP	BindingDB	BindingDB monomer 230279				affinity_type=Ki;affinity=450;pmid=;doi=10.7270/Q2319TR3	evidence_only
core	TRPV4	UP	BindingDB	BindingDB monomer 230157				affinity_type=Ki;affinity=3955;pmid=;doi=10.7270/Q2319TR3	evidence_only
core	TRPV4	UP	BindingDB	BindingDB monomer 230158				affinity_type=Ki;affinity=197;pmid=;doi=10.7270/Q2319TR3	evidence_only
core	TRPV4	UP	BindingDB	BindingDB monomer 230159				affinity_type=Ki;affinity=3066;pmid=;doi=10.7270/Q2319TR3	evidence_only
core	TRPV4	UP	BindingDB	BindingDB monomer 230160				affinity_type=Ki;affinity=1569;pmid=;doi=10.7270/Q2319TR3	evidence_only
core	TRPV4	UP	BindingDB	BindingDB monomer 230161				affinity_type=Ki;affinity=1700;pmid=;doi=10.7270/Q2319TR3	evidence_only
core	TRPV4	UP	BindingDB	BindingDB monomer 230162				affinity_type=Ki;affinity=1059;pmid=;doi=10.7270/Q2319TR3	evidence_only
core	TRPV4	UP	BindingDB	BindingDB monomer 230163				affinity_type=Ki;affinity=1454;pmid=;doi=10.7270/Q2319TR3	evidence_only
core	TRPV4	UP	BindingDB	BindingDB monomer 230164				affinity_type=Ki;affinity=327;pmid=;doi=10.7270/Q2319TR3	evidence_only
core	TRPV4	UP	BindingDB	BindingDB monomer 230165				affinity_type=Ki;affinity=678;pmid=;doi=10.7270/Q2319TR3	evidence_only
core	TRPV4	UP	BindingDB	BindingDB monomer 230166				affinity_type=Ki;affinity=714;pmid=;doi=10.7270/Q2319TR3	evidence_only
core	TRPV4	UP	BindingDB	BindingDB monomer 230167				affinity_type=Ki;affinity=1696;pmid=;doi=10.7270/Q2319TR3	evidence_only
core	TRPV4	UP	BindingDB	BindingDB monomer 230168				affinity_type=Ki;affinity=1143;pmid=;doi=10.7270/Q2319TR3	evidence_only
core	TRPV4	UP	BindingDB	BindingDB monomer 230169				affinity_type=Ki;affinity=453;pmid=;doi=10.7270/Q2319TR3	evidence_only
core	TRPV4	UP	BindingDB	BindingDB monomer 230170				affinity_type=Ki;affinity=355;pmid=;doi=10.7270/Q2319TR3	evidence_only
core	TRPV4	UP	BindingDB	BindingDB monomer 230171				affinity_type=Ki;affinity=1436;pmid=;doi=10.7270/Q2319TR3	evidence_only
core	TRPV4	UP	BindingDB	BindingDB monomer 230172				affinity_type=Ki;affinity=191;pmid=;doi=10.7270/Q2319TR3	evidence_only
core	TRPV4	UP	BindingDB	BindingDB monomer 230173				affinity_type=Ki;affinity=1557;pmid=;doi=10.7270/Q2319TR3	evidence_only
core	TRPV4	UP	BindingDB	BindingDB monomer 230174				affinity_type=Ki;affinity=169;pmid=;doi=10.7270/Q2319TR3	evidence_only
core	TRPV4	UP	BindingDB	BindingDB monomer 230175				affinity_type=Ki;affinity=1495;pmid=;doi=10.7270/Q2319TR3	evidence_only
core	TRPV4	UP	BindingDB	BindingDB monomer 230176				affinity_type=Ki;affinity=992;pmid=;doi=10.7270/Q2319TR3	evidence_only
core	TRPV4	UP	BindingDB	BindingDB monomer 230177				affinity_type=Ki;affinity=379;pmid=;doi=10.7270/Q2319TR3	evidence_only
core	TRPV4	UP	BindingDB	BindingDB monomer 230178				affinity_type=Ki;affinity=2484;pmid=;doi=10.7270/Q2319TR3	evidence_only
core	TRPV4	UP	BindingDB	BindingDB monomer 230179				affinity_type=Ki;affinity=605;pmid=;doi=10.7270/Q2319TR3	evidence_only
core	TRPV4	UP	BindingDB	BindingDB monomer 230180				affinity_type=Ki;affinity=755;pmid=;doi=10.7270/Q2319TR3	evidence_only
core	TRPV4	UP	BindingDB	BindingDB monomer 230181				affinity_type=Ki;affinity=1134;pmid=;doi=10.7270/Q2319TR3	evidence_only
core	TRPV4	UP	BindingDB	BindingDB monomer 230182				affinity_type=Ki;affinity=427;pmid=;doi=10.7270/Q2319TR3	evidence_only
core	TRPV4	UP	BindingDB	BindingDB monomer 230183				affinity_type=Ki;affinity=936;pmid=;doi=10.7270/Q2319TR3	evidence_only
core	TRPV4	UP	BindingDB	BindingDB monomer 230184				affinity_type=Ki;affinity=1707;pmid=;doi=10.7270/Q2319TR3	evidence_only
core	TRPV4	UP	BindingDB	BindingDB monomer 230185				affinity_type=Ki;affinity=519;pmid=;doi=10.7270/Q2319TR3	evidence_only
core	TRPV4	UP	BindingDB	BindingDB monomer 230186				affinity_type=Ki;affinity=701;pmid=;doi=10.7270/Q2319TR3	evidence_only
core	TRPV4	UP	BindingDB	BindingDB monomer 230187				affinity_type=Ki;affinity=160;pmid=;doi=10.7270/Q2319TR3	evidence_only
core	TRPV4	UP	BindingDB	BindingDB monomer 230188				affinity_type=Ki;affinity=1612;pmid=;doi=10.7270/Q2319TR3	evidence_only
core	TRPV4	UP	BindingDB	BindingDB monomer 230189				affinity_type=Ki;affinity=655;pmid=;doi=10.7270/Q2319TR3	evidence_only
core	TRPV4	UP	BindingDB	BindingDB monomer 230190				affinity_type=Ki;affinity=2619;pmid=;doi=10.7270/Q2319TR3	evidence_only
core	TRPV4	UP	BindingDB	BindingDB monomer 230191				affinity_type=Ki;affinity=771;pmid=;doi=10.7270/Q2319TR3	evidence_only
core	TRPV4	UP	BindingDB	BindingDB monomer 230192				affinity_type=Ki;affinity=1003;pmid=;doi=10.7270/Q2319TR3	evidence_only
core	TRPV4	UP	BindingDB	BindingDB monomer 230193				affinity_type=Ki;affinity=1802;pmid=;doi=10.7270/Q2319TR3	evidence_only
core	TRPV4	UP	BindingDB	BindingDB monomer 230194				affinity_type=Ki;affinity=352;pmid=;doi=10.7270/Q2319TR3	evidence_only
core	TRPV4	UP	BindingDB	BindingDB monomer 230195				affinity_type=Ki;affinity=282;pmid=;doi=10.7270/Q2319TR3	evidence_only
core	TRPV4	UP	BindingDB	BindingDB monomer 230196				affinity_type=Ki;affinity=1137;pmid=;doi=10.7270/Q2319TR3	evidence_only
core	TRPV4	UP	BindingDB	BindingDB monomer 230197				affinity_type=Ki;affinity=988;pmid=;doi=10.7270/Q2319TR3	evidence_only
core	TRPV4	UP	BindingDB	BindingDB monomer 230198				affinity_type=Ki;affinity=1118;pmid=;doi=10.7270/Q2319TR3	evidence_only
core	TRPV4	UP	BindingDB	BindingDB monomer 230199				affinity_type=Ki;affinity=1375;pmid=;doi=10.7270/Q2319TR3	evidence_only
core	TRPV4	UP	BindingDB	BindingDB monomer 230200				affinity_type=Ki;affinity=844;pmid=;doi=10.7270/Q2319TR3	evidence_only
core	TRPV4	UP	BindingDB	BindingDB monomer 230201				affinity_type=Ki;affinity=1722;pmid=;doi=10.7270/Q2319TR3	evidence_only
core	TRPV4	UP	BindingDB	BindingDB monomer 230202				affinity_type=Ki;affinity=1676;pmid=;doi=10.7270/Q2319TR3	evidence_only
core	TRPV4	UP	BindingDB	BindingDB monomer 230203				affinity_type=Ki;affinity=320;pmid=;doi=10.7270/Q2319TR3	evidence_only
core	TRPV4	UP	BindingDB	BindingDB monomer 230204				affinity_type=Ki;affinity=1312;pmid=;doi=10.7270/Q2319TR3	evidence_only
core	TRPV4	UP	BindingDB	BindingDB monomer 230205				affinity_type=Ki;affinity=418;pmid=;doi=10.7270/Q2319TR3	evidence_only
core	TRPV4	UP	BindingDB	BindingDB monomer 230206				affinity_type=Ki;affinity=1140;pmid=;doi=10.7270/Q2319TR3	evidence_only
core	TRPV4	UP	BindingDB	BindingDB monomer 230207				affinity_type=Ki;affinity=590;pmid=;doi=10.7270/Q2319TR3	evidence_only
core	TRPV4	UP	BindingDB	BindingDB monomer 230208				affinity_type=Ki;affinity=707;pmid=;doi=10.7270/Q2319TR3	evidence_only
core	TRPV4	UP	BindingDB	BindingDB monomer 230209				affinity_type=Ki;affinity=978;pmid=;doi=10.7270/Q2319TR3	evidence_only
core	TRPV4	UP	BindingDB	BindingDB monomer 230210				affinity_type=Ki;affinity=1165;pmid=;doi=10.7270/Q2319TR3	evidence_only
core	TRPV4	UP	BindingDB	BindingDB monomer 230211				affinity_type=Ki;affinity=984;pmid=;doi=10.7270/Q2319TR3	evidence_only
core	TRPV4	UP	BindingDB	BindingDB monomer 230212				affinity_type=Ki;affinity=560;pmid=;doi=10.7270/Q2319TR3	evidence_only
core	TRPV4	UP	BindingDB	BindingDB monomer 230213				affinity_type=Ki;affinity=1793;pmid=;doi=10.7270/Q2319TR3	evidence_only
core	TRPV4	UP	BindingDB	BindingDB monomer 230214				affinity_type=Ki;affinity=1648;pmid=;doi=10.7270/Q2319TR3	evidence_only
core	TRPV4	UP	BindingDB	BindingDB monomer 230215				affinity_type=Ki;affinity=472;pmid=;doi=10.7270/Q2319TR3	evidence_only
core	TRPV4	UP	BindingDB	BindingDB monomer 230216				affinity_type=Ki;affinity=1352;pmid=;doi=10.7270/Q2319TR3	evidence_only
core	TRPV4	UP	BindingDB	BindingDB monomer 230217				affinity_type=Ki;affinity=1699;pmid=;doi=10.7270/Q2319TR3	evidence_only
core	TRPV4	UP	BindingDB	BindingDB monomer 230218				affinity_type=Ki;affinity=1392;pmid=;doi=10.7270/Q2319TR3	evidence_only
core	TRPV4	UP	BindingDB	BindingDB monomer 230219				affinity_type=Ki;affinity=251;pmid=;doi=10.7270/Q2319TR3	evidence_only
core	TRPV4	UP	BindingDB	BindingDB monomer 230220				affinity_type=Ki;affinity=713;pmid=;doi=10.7270/Q2319TR3	evidence_only
core	TRPV4	UP	BindingDB	BindingDB monomer 230221				affinity_type=Ki;affinity=850;pmid=;doi=10.7270/Q2319TR3	evidence_only
core	TRPV4	UP	BindingDB	BindingDB monomer 230222				affinity_type=Ki;affinity=662;pmid=;doi=10.7270/Q2319TR3	evidence_only
core	TRPV4	UP	BindingDB	BindingDB monomer 230223				affinity_type=Ki;affinity=2366;pmid=;doi=10.7270/Q2319TR3	evidence_only
core	TRPV4	UP	BindingDB	BindingDB monomer 230224				affinity_type=Ki;affinity=1013;pmid=;doi=10.7270/Q2319TR3	evidence_only
core	TRPV4	UP	BindingDB	BindingDB monomer 230225				affinity_type=Ki;affinity=816;pmid=;doi=10.7270/Q2319TR3	evidence_only
core	TRPV4	UP	BindingDB	BindingDB monomer 230226				affinity_type=Ki;affinity=1682;pmid=;doi=10.7270/Q2319TR3	evidence_only
core	TRPV4	UP	BindingDB	BindingDB monomer 230227				affinity_type=Ki;affinity=196;pmid=;doi=10.7270/Q2319TR3	evidence_only
core	TRPV4	UP	BindingDB	BindingDB monomer 230236				affinity_type=Ki;affinity=1801;pmid=;doi=10.7270/Q2319TR3	evidence_only
core	TRPV4	UP	BindingDB	BindingDB monomer 230237				affinity_type=Ki;affinity=1611;pmid=;doi=10.7270/Q2319TR3	evidence_only
core	TRPV4	UP	BindingDB	BindingDB monomer 230238				affinity_type=Ki;affinity=1437;pmid=;doi=10.7270/Q2319TR3	evidence_only
core	TRPV4	UP	BindingDB	BindingDB monomer 230239				affinity_type=Ki;affinity=443;pmid=;doi=10.7270/Q2319TR3	evidence_only
core	TRPV4	UP	BindingDB	BindingDB monomer 191642				affinity_type=IC50;affinity=>10000;pmid=;doi=10.7270/Q2TX3D5Q	evidence_only
core	TRPV4	UP	BindingDB	BindingDB monomer 191667				affinity_type=IC50;affinity=3840;pmid=;doi=10.7270/Q2TX3D5Q	evidence_only
core	TRPV4	UP	BindingDB	BindingDB monomer 191668				affinity_type=IC50;affinity=969;pmid=;doi=10.7270/Q2TX3D5Q	evidence_only
core	TRPV4	UP	BindingDB	BindingDB monomer 191669				affinity_type=IC50;affinity=>1000;pmid=;doi=10.7270/Q2TX3D5Q	evidence_only
core	TRPV4	UP	BindingDB	BindingDB monomer 191643				affinity_type=IC50;affinity=>1000;pmid=;doi=10.7270/Q2TX3D5Q	evidence_only
core	TRPV4	UP	BindingDB	BindingDB monomer 191670				affinity_type=IC50;affinity=>1000;pmid=;doi=10.7270/Q2TX3D5Q	evidence_only
core	TRPV4	UP	BindingDB	BindingDB monomer 191671				affinity_type=IC50;affinity=1870;pmid=;doi=10.7270/Q2TX3D5Q	evidence_only
core	TRPV4	UP	BindingDB	BindingDB monomer 191672				affinity_type=IC50;affinity=>1000;pmid=;doi=10.7270/Q2TX3D5Q	evidence_only
core	TRPV4	UP	BindingDB	BindingDB monomer 191673				affinity_type=IC50;affinity=>1000;pmid=;doi=10.7270/Q2TX3D5Q	evidence_only
core	TRPV4	UP	BindingDB	BindingDB monomer 191644				affinity_type=IC50;affinity=>10000;pmid=;doi=10.7270/Q2TX3D5Q	evidence_only
core	TRPV4	UP	BindingDB	BindingDB monomer 191674				affinity_type=IC50;affinity=1500;pmid=;doi=10.7270/Q2TX3D5Q	evidence_only
core	TRPV4	UP	BindingDB	BindingDB monomer 191675				affinity_type=IC50;affinity=>1000;pmid=;doi=10.7270/Q2TX3D5Q	evidence_only
core	TRPV4	UP	BindingDB	BindingDB monomer 191676				affinity_type=IC50;affinity=2800;pmid=;doi=10.7270/Q2TX3D5Q	evidence_only
core	TRPV4	UP	BindingDB	BindingDB monomer 191677				affinity_type=IC50;affinity=>1000;pmid=;doi=10.7270/Q2TX3D5Q	evidence_only
core	TRPV4	UP	BindingDB	BindingDB monomer 191678				affinity_type=IC50;affinity=>1000;pmid=;doi=10.7270/Q2TX3D5Q	evidence_only
core	TRPV4	UP	BindingDB	BindingDB monomer 60873				affinity_type=IC50;affinity=>10000;pmid=;doi=10.7270/Q2TX3D5Q	evidence_only
core	TRPV4	UP	BindingDB	BindingDB monomer 191680				affinity_type=IC50;affinity=>1000;pmid=;doi=10.7270/Q2TX3D5Q	evidence_only
core	TRPV4	UP	BindingDB	BindingDB monomer 191645				affinity_type=IC50;affinity=1320;pmid=;doi=10.7270/Q2TX3D5Q	evidence_only
core	TRPV4	UP	BindingDB	BindingDB monomer 191681				affinity_type=IC50;affinity=1630;pmid=;doi=10.7270/Q2TX3D5Q	evidence_only
core	TRPV4	UP	BindingDB	BindingDB monomer 191682				affinity_type=IC50;affinity=1670;pmid=;doi=10.7270/Q2TX3D5Q	evidence_only
core	TRPV4	UP	BindingDB	BindingDB monomer 191646				affinity_type=IC50;affinity=520;pmid=;doi=10.7270/Q2TX3D5Q	evidence_only
core	TRPV4	UP	BindingDB	BindingDB monomer 191683				affinity_type=IC50;affinity=>1000;pmid=;doi=10.7270/Q2TX3D5Q	evidence_only
core	TRPV4	UP	BindingDB	BindingDB monomer 191684				affinity_type=IC50;affinity=>1000;pmid=;doi=10.7270/Q2TX3D5Q	evidence_only
core	TRPV4	UP	BindingDB	BindingDB monomer 191685				affinity_type=IC50;affinity=>10000;pmid=;doi=10.7270/Q2TX3D5Q	evidence_only
core	TRPV4	UP	BindingDB	BindingDB monomer 191686				affinity_type=IC50;affinity=>1000;pmid=;doi=10.7270/Q2TX3D5Q	evidence_only
core	TRPV4	UP	BindingDB	BindingDB monomer 191687				affinity_type=IC50;affinity=>1000;pmid=;doi=10.7270/Q2TX3D5Q	evidence_only
core	TRPV4	UP	BindingDB	BindingDB monomer 191688				affinity_type=IC50;affinity=>10000;pmid=;doi=10.7270/Q2TX3D5Q	evidence_only
core	TRPV4	UP	BindingDB	BindingDB monomer 191689				affinity_type=IC50;affinity=903;pmid=;doi=10.7270/Q2TX3D5Q	evidence_only
core	TRPV4	UP	BindingDB	BindingDB monomer 191690				affinity_type=IC50;affinity=>10000;pmid=;doi=10.7270/Q2TX3D5Q	evidence_only
core	TRPV4	UP	BindingDB	BindingDB monomer 191691				affinity_type=IC50;affinity=>10000;pmid=;doi=10.7270/Q2TX3D5Q	evidence_only
core	TRPV4	UP	BindingDB	BindingDB monomer 191692				affinity_type=IC50;affinity=>10000;pmid=;doi=10.7270/Q2TX3D5Q	evidence_only
core	TRPV4	UP	BindingDB	BindingDB monomer 191647				affinity_type=IC50;affinity=>1000;pmid=;doi=10.7270/Q2TX3D5Q	evidence_only
core	TRPV4	UP	BindingDB	BindingDB monomer 191648				affinity_type=IC50;affinity=<1000;pmid=;doi=10.7270/Q2TX3D5Q	evidence_only
core	TRPV4	UP	BindingDB	BindingDB monomer 191693				affinity_type=IC50;affinity=>10000;pmid=;doi=10.7270/Q2TX3D5Q	evidence_only
core	TRPV4	UP	BindingDB	BindingDB monomer 191649				affinity_type=IC50;affinity=>10000;pmid=;doi=10.7270/Q2TX3D5Q	evidence_only
core	TRPV4	UP	BindingDB	BindingDB monomer 191694				affinity_type=IC50;affinity=>10000;pmid=;doi=10.7270/Q2TX3D5Q	evidence_only
core	TRPV4	UP	BindingDB	BindingDB monomer 191650				affinity_type=IC50;affinity=>10000;pmid=;doi=10.7270/Q2TX3D5Q	evidence_only
core	TRPV4	UP	BindingDB	BindingDB monomer 191651				affinity_type=IC50;affinity=>1000;pmid=;doi=10.7270/Q2TX3D5Q	evidence_only
core	TRPV4	UP	BindingDB	BindingDB monomer 191695				affinity_type=IC50;affinity=>1000;pmid=;doi=10.7270/Q2TX3D5Q	evidence_only
core	TRPV4	UP	BindingDB	BindingDB monomer 191696				affinity_type=IC50;affinity=>10000;pmid=;doi=10.7270/Q2TX3D5Q	evidence_only
core	TRPV4	UP	BindingDB	BindingDB monomer 191697				affinity_type=IC50;affinity=>1000;pmid=;doi=10.7270/Q2TX3D5Q	evidence_only
core	TRPV4	UP	BindingDB	BindingDB monomer 191698				affinity_type=IC50;affinity=>10000;pmid=;doi=10.7270/Q2TX3D5Q	evidence_only
core	TRPV4	UP	BindingDB	BindingDB monomer 191699				affinity_type=IC50;affinity=>1000;pmid=;doi=10.7270/Q2TX3D5Q	evidence_only
core	TRPV4	UP	BindingDB	BindingDB monomer 191650				affinity_type=IC50;affinity=>10000;pmid=;doi=10.7270/Q2TX3D5Q	evidence_only
core	TRPV4	UP	BindingDB	BindingDB monomer 191701				affinity_type=IC50;affinity=>1000;pmid=;doi=10.7270/Q2TX3D5Q	evidence_only
core	TRPV4	UP	BindingDB	BindingDB monomer 191702				affinity_type=IC50;affinity=>10000;pmid=;doi=10.7270/Q2TX3D5Q	evidence_only
core	TRPV4	UP	BindingDB	BindingDB monomer 191703				affinity_type=IC50;affinity=>1000;pmid=;doi=10.7270/Q2TX3D5Q	evidence_only
core	TRPV4	UP	BindingDB	BindingDB monomer 191704				affinity_type=IC50;affinity=>10000;pmid=;doi=10.7270/Q2TX3D5Q	evidence_only
core	TRPV4	UP	BindingDB	BindingDB monomer 191705				affinity_type=IC50;affinity=>10000;pmid=;doi=10.7270/Q2TX3D5Q	evidence_only
core	TRPV4	UP	BindingDB	BindingDB monomer 191706				affinity_type=IC50;affinity=8890;pmid=;doi=10.7270/Q2TX3D5Q	evidence_only
core	TRPV4	UP	BindingDB	BindingDB monomer 191652				affinity_type=IC50;affinity=4570;pmid=;doi=10.7270/Q2TX3D5Q	evidence_only
core	TRPV4	UP	BindingDB	BindingDB monomer 191652				affinity_type=IC50;affinity=3040;pmid=;doi=10.7270/Q2TX3D5Q	evidence_only
core	TRPV4	UP	BindingDB	BindingDB monomer 191707				affinity_type=IC50;affinity=>1000;pmid=;doi=10.7270/Q2TX3D5Q	evidence_only
core	TRPV4	UP	BindingDB	BindingDB monomer 191708				affinity_type=IC50;affinity=>1000;pmid=;doi=10.7270/Q2TX3D5Q	evidence_only
core	TRPV4	UP	BindingDB	BindingDB monomer 191709				affinity_type=IC50;affinity=>1000;pmid=;doi=10.7270/Q2TX3D5Q	evidence_only
core	TRPV4	UP	BindingDB	BindingDB monomer 191710				affinity_type=IC50;affinity=>1000;pmid=;doi=10.7270/Q2TX3D5Q	evidence_only
core	TRPV4	UP	BindingDB	BindingDB monomer 191653				affinity_type=IC50;affinity=>1000;pmid=;doi=10.7270/Q2TX3D5Q	evidence_only
core	TRPV4	UP	BindingDB	BindingDB monomer 191711				affinity_type=IC50;affinity=>1000;pmid=;doi=10.7270/Q2TX3D5Q	evidence_only
core	TRPV4	UP	BindingDB	BindingDB monomer 191712				affinity_type=IC50;affinity=2830;pmid=;doi=10.7270/Q2TX3D5Q	evidence_only
core	TRPV4	UP	BindingDB	BindingDB monomer 191654				affinity_type=IC50;affinity=>1000;pmid=;doi=10.7270/Q2TX3D5Q	evidence_only
core	TRPV4	UP	BindingDB	BindingDB monomer 191713				affinity_type=IC50;affinity=>10000;pmid=;doi=10.7270/Q2TX3D5Q	evidence_only
core	TRPV4	UP	BindingDB	BindingDB monomer 60874				affinity_type=IC50;affinity=>1000;pmid=;doi=10.7270/Q2TX3D5Q	evidence_only
core	TRPV4	UP	BindingDB	BindingDB monomer 191714				affinity_type=IC50;affinity=>10000;pmid=;doi=10.7270/Q2TX3D5Q	evidence_only
core	TRPV4	UP	BindingDB	BindingDB monomer 191715				affinity_type=IC50;affinity=>10000;pmid=;doi=10.7270/Q2TX3D5Q	evidence_only
core	TRPV4	UP	BindingDB	BindingDB monomer 191716				affinity_type=IC50;affinity=>1000;pmid=;doi=10.7270/Q2TX3D5Q	evidence_only
core	TRPV4	UP	BindingDB	BindingDB monomer 191655				affinity_type=IC50;affinity=>10000;pmid=;doi=10.7270/Q2TX3D5Q	evidence_only
core	TRPV4	UP	BindingDB	BindingDB monomer 191718				affinity_type=IC50;affinity=>10000;pmid=;doi=10.7270/Q2TX3D5Q	evidence_only
core	TRPV4	UP	BindingDB	BindingDB monomer 191719				affinity_type=IC50;affinity=>10000;pmid=;doi=10.7270/Q2TX3D5Q	evidence_only
core	TRPV4	UP	BindingDB	BindingDB monomer 191720				affinity_type=IC50;affinity=>1000;pmid=;doi=10.7270/Q2TX3D5Q	evidence_only
core	TRPV4	UP	BindingDB	BindingDB monomer 191721				affinity_type=IC50;affinity=>1000;pmid=;doi=10.7270/Q2TX3D5Q	evidence_only
core	TRPV4	UP	BindingDB	BindingDB monomer 191722				affinity_type=IC50;affinity=>10000;pmid=;doi=10.7270/Q2TX3D5Q	evidence_only
core	TRPV4	UP	BindingDB	BindingDB monomer 191723				affinity_type=IC50;affinity=>1000;pmid=;doi=10.7270/Q2TX3D5Q	evidence_only
core	TRPV4	UP	BindingDB	BindingDB monomer 191665				affinity_type=IC50;affinity=5740;pmid=;doi=10.7270/Q2TX3D5Q	evidence_only
core	TRPV4	UP	BindingDB	BindingDB monomer 191724				affinity_type=IC50;affinity=>10000;pmid=;doi=10.7270/Q2TX3D5Q	evidence_only
core	TRPV4	UP	BindingDB	BindingDB monomer 191656				affinity_type=IC50;affinity=>10000;pmid=;doi=10.7270/Q2TX3D5Q	evidence_only
core	TRPV4	UP	BindingDB	BindingDB monomer 191725				affinity_type=IC50;affinity=8920;pmid=;doi=10.7270/Q2TX3D5Q	evidence_only
core	TRPV4	UP	BindingDB	BindingDB monomer 191726				affinity_type=IC50;affinity=553;pmid=;doi=10.7270/Q2TX3D5Q	evidence_only
core	TRPV4	UP	BindingDB	BindingDB monomer 191727				affinity_type=IC50;affinity=153;pmid=;doi=10.7270/Q2TX3D5Q	evidence_only
core	TRPV4	UP	BindingDB	BindingDB monomer 191728				affinity_type=IC50;affinity=826;pmid=;doi=10.7270/Q2TX3D5Q	evidence_only
core	TRPV4	UP	BindingDB	BindingDB monomer 191657				affinity_type=IC50;affinity=279;pmid=;doi=10.7270/Q2TX3D5Q	evidence_only
core	TRPV4	UP	BindingDB	BindingDB monomer 191729				affinity_type=IC50;affinity=162;pmid=;doi=10.7270/Q2TX3D5Q	evidence_only
core	TRPV4	UP	BindingDB	BindingDB monomer 191730				affinity_type=IC50;affinity=172;pmid=;doi=10.7270/Q2TX3D5Q	evidence_only
core	TRPV4	UP	BindingDB	BindingDB monomer 191731				affinity_type=IC50;affinity=236;pmid=;doi=10.7270/Q2TX3D5Q	evidence_only
core	TRPV4	UP	BindingDB	BindingDB monomer 191666				affinity_type=IC50;affinity=132;pmid=;doi=10.7270/Q2TX3D5Q	evidence_only
core	TRPV4	UP	BindingDB	BindingDB monomer 191732				affinity_type=IC50;affinity=620;pmid=;doi=10.7270/Q2TX3D5Q	evidence_only
core	TRPV4	UP	BindingDB	BindingDB monomer 191658				affinity_type=IC50;affinity=>1000;pmid=;doi=10.7270/Q2TX3D5Q	evidence_only
core	TRPV4	UP	BindingDB	BindingDB monomer 191733				affinity_type=IC50;affinity=2010;pmid=;doi=10.7270/Q2TX3D5Q	evidence_only
core	TRPV4	UP	BindingDB	BindingDB monomer 191734				affinity_type=IC50;affinity=158;pmid=;doi=10.7270/Q2TX3D5Q	evidence_only
core	TRPV4	UP	BindingDB	BindingDB monomer 161012				affinity_type=IC50;affinity=>10000;pmid=;doi=10.7270/Q2TX3D5Q	evidence_only
core	TRPV4	UP	BindingDB	BindingDB monomer 50046740				affinity_type=IC50;affinity=>10000;pmid=;doi=10.7270/Q2TX3D5Q	evidence_only
core	TRPV4	UP	BindingDB	BindingDB monomer 191659				affinity_type=IC50;affinity=>10000;pmid=;doi=10.7270/Q2TX3D5Q	evidence_only
core	TRPV4	UP	BindingDB	BindingDB monomer 191660				affinity_type=IC50;affinity=>1000;pmid=;doi=10.7270/Q2TX3D5Q	evidence_only
core	TRPV4	UP	BindingDB	BindingDB monomer 191735				affinity_type=IC50;affinity=>10000;pmid=;doi=10.7270/Q2TX3D5Q	evidence_only
core	TRPV4	UP	BindingDB	BindingDB monomer 191736				affinity_type=IC50;affinity=>10000;pmid=;doi=10.7270/Q2TX3D5Q	evidence_only
core	TRPV4	UP	BindingDB	BindingDB monomer 191661				affinity_type=IC50;affinity=2350;pmid=;doi=10.7270/Q2TX3D5Q	evidence_only
core	TRPV4	UP	BindingDB	BindingDB monomer 191740				affinity_type=IC50;affinity=1470;pmid=;doi=10.7270/Q2TX3D5Q	evidence_only
core	TRPV4	UP	BindingDB	BindingDB monomer 191741				affinity_type=IC50;affinity=>10000;pmid=;doi=10.7270/Q2TX3D5Q	evidence_only
core	TRPV4	UP	BindingDB	BindingDB monomer 191662				affinity_type=IC50;affinity=>1000;pmid=;doi=10.7270/Q2TX3D5Q	evidence_only
core	TRPV4	UP	BindingDB	BindingDB monomer 191742				affinity_type=IC50;affinity=1350;pmid=;doi=10.7270/Q2TX3D5Q	evidence_only
core	TRPV4	UP	BindingDB	BindingDB monomer 191743				affinity_type=IC50;affinity=4020;pmid=;doi=10.7270/Q2TX3D5Q	evidence_only
core	TRPV4	UP	BindingDB	BindingDB monomer 191663				affinity_type=IC50;affinity=1810;pmid=;doi=10.7270/Q2TX3D5Q	evidence_only
core	TRPV4	UP	BindingDB	BindingDB monomer 230158				affinity_type=IC50;affinity=360;pmid=;doi=10.7270/Q2319TR3	evidence_only
core	TRPV4	UP	BindingDB	BindingDB monomer 230162				affinity_type=IC50;affinity=2300;pmid=;doi=10.7270/Q2319TR3	evidence_only
core	TRPV4	UP	BindingDB	BindingDB monomer 230163				affinity_type=IC50;affinity=8900;pmid=;doi=10.7270/Q2319TR3	evidence_only
core	TRPV4	UP	BindingDB	BindingDB monomer 230164				affinity_type=IC50;affinity=82;pmid=;doi=10.7270/Q2319TR3	evidence_only
core	TRPV4	UP	BindingDB	BindingDB monomer 230165				affinity_type=IC50;affinity=1500;pmid=;doi=10.7270/Q2319TR3	evidence_only
core	TRPV4	UP	BindingDB	BindingDB monomer 230166				affinity_type=IC50;affinity=800;pmid=;doi=10.7270/Q2319TR3	evidence_only
core	TRPV4	UP	BindingDB	BindingDB monomer 230171				affinity_type=IC50;affinity=2600;pmid=;doi=10.7270/Q2319TR3	evidence_only
core	TRPV4	UP	BindingDB	BindingDB monomer 230172				affinity_type=IC50;affinity=130;pmid=;doi=10.7270/Q2319TR3	evidence_only
core	TRPV4	UP	BindingDB	BindingDB monomer 230174				affinity_type=IC50;affinity=330;pmid=;doi=10.7270/Q2319TR3	evidence_only
core	TRPV4	UP	BindingDB	BindingDB monomer 230177				affinity_type=IC50;affinity=610;pmid=;doi=10.7270/Q2319TR3	evidence_only
core	TRPV4	UP	BindingDB	BindingDB monomer 230178				affinity_type=IC50;affinity=2400;pmid=;doi=10.7270/Q2319TR3	evidence_only
core	TRPV4	UP	BindingDB	BindingDB monomer 230180				affinity_type=IC50;affinity=340;pmid=;doi=10.7270/Q2319TR3	evidence_only
core	TRPV4	UP	BindingDB	BindingDB monomer 230181				affinity_type=IC50;affinity=3200;pmid=;doi=10.7270/Q2319TR3	evidence_only
core	TRPV4	UP	BindingDB	BindingDB monomer 230182				affinity_type=IC50;affinity=860;pmid=;doi=10.7270/Q2319TR3	evidence_only
core	TRPV4	UP	BindingDB	BindingDB monomer 230183				affinity_type=IC50;affinity=1800;pmid=;doi=10.7270/Q2319TR3	evidence_only
core	TRPV4	UP	BindingDB	BindingDB monomer 230184				affinity_type=IC50;affinity=3800;pmid=;doi=10.7270/Q2319TR3	evidence_only
core	TRPV4	UP	BindingDB	BindingDB monomer 230188				affinity_type=IC50;affinity=640;pmid=;doi=10.7270/Q2319TR3	evidence_only
core	TRPV4	UP	BindingDB	BindingDB monomer 230205				affinity_type=IC50;affinity=240;pmid=;doi=10.7270/Q2319TR3	evidence_only
core	TRPV4	UP	BindingDB	BindingDB monomer 230219				affinity_type=IC50;affinity=510;pmid=;doi=10.7270/Q2319TR3	evidence_only
core	TRPV4	UP	BindingDB	BindingDB monomer 230226				affinity_type=IC50;affinity=590;pmid=;doi=10.7270/Q2319TR3	evidence_only
core	TRPV4	UP	BindingDB	BindingDB monomer 230227				affinity_type=IC50;affinity=260;pmid=;doi=10.7270/Q2319TR3	evidence_only
core	TRPV4	UP	BindingDB	BindingDB monomer 230236				affinity_type=IC50;affinity=7400;pmid=;doi=10.7270/Q2319TR3	evidence_only
core	TRPV4	UP	BindingDB	BindingDB monomer 230237				affinity_type=IC50;affinity=3900;pmid=;doi=10.7270/Q2319TR3	evidence_only
core	TRPV4	UP	BindingDB	BindingDB monomer 230239				affinity_type=IC50;affinity=400;pmid=;doi=10.7270/Q2319TR3	evidence_only
core	TRPV4	UP	BindingDB	BindingDB monomer 230240				affinity_type=IC50;affinity=1200;pmid=;doi=10.7270/Q2319TR3	evidence_only
core	TRPV4	UP	BindingDB	BindingDB monomer 230280				affinity_type=IC50;affinity=260;pmid=;doi=10.7270/Q2319TR3	evidence_only
core	TRPV4	UP	BindingDB	BindingDB monomer 230281				affinity_type=IC50;affinity=1500;pmid=;doi=10.7270/Q2319TR3	evidence_only
core	TRPV4	UP	BindingDB	BindingDB monomer 230282				affinity_type=IC50;affinity=4500;pmid=;doi=10.7270/Q2319TR3	evidence_only
core	TRPV4	UP	BindingDB	BindingDB monomer 230283				affinity_type=IC50;affinity=3100;pmid=;doi=10.7270/Q2319TR3	evidence_only
core	TRPV4	UP	BindingDB	BindingDB monomer 230284				affinity_type=IC50;affinity=5400;pmid=;doi=10.7270/Q2319TR3	evidence_only
core	TRPV4	UP	BindingDB	BindingDB monomer 230285				affinity_type=IC50;affinity=6400;pmid=;doi=10.7270/Q2319TR3	evidence_only
core	TRPV4	UP	BindingDB	BindingDB monomer 230240				affinity_type=IC50;affinity=1600;pmid=;doi=10.7270/Q2319TR3	evidence_only
core	TRPV4	UP	BindingDB	BindingDB monomer 436099				affinity_type=IC50;affinity=5.0;pmid=;doi=10.7270/Q2XK8JJP	evidence_only
core	TRPV4	UP	BindingDB	BindingDB monomer 436100				affinity_type=IC50;affinity=55;pmid=;doi=10.7270/Q2XK8JJP	evidence_only
core	TRPV4	UP	BindingDB	BindingDB monomer 436101				affinity_type=IC50;affinity=55;pmid=;doi=10.7270/Q2XK8JJP	evidence_only
core	TRPV4	UP	BindingDB	BindingDB monomer 436103				affinity_type=IC50;affinity=55;pmid=;doi=10.7270/Q2XK8JJP	evidence_only
core	TRPV4	UP	BindingDB	BindingDB monomer 436104				affinity_type=IC50;affinity=5.0;pmid=;doi=10.7270/Q2XK8JJP	evidence_only
core	TRPV4	UP	BindingDB	BindingDB monomer 436105				affinity_type=IC50;affinity=5.0;pmid=;doi=10.7270/Q2XK8JJP	evidence_only
core	TRPV4	UP	BindingDB	BindingDB monomer 436106				affinity_type=IC50;affinity=5.0;pmid=;doi=10.7270/Q2XK8JJP	evidence_only
core	TRPV4	UP	BindingDB	BindingDB monomer 50521180				affinity_type=IC50;affinity=5;pmid=;doi=10.7270/Q2B85C9Z	evidence_only
core	TRPV4	UP	BindingDB	BindingDB monomer 50505550				affinity_type=IC50;affinity=5;pmid=;doi=10.7270/Q2B85C9Z	evidence_only
core	TRPV4	UP	BindingDB	BindingDB monomer 539865				affinity_type=IC50;affinity=5;pmid=;doi=10.7270/Q2B85C9Z	evidence_only
core	TRPV4	UP	BindingDB	BindingDB monomer 539866				affinity_type=IC50;affinity=55;pmid=;doi=10.7270/Q2B85C9Z	evidence_only
core	TRPV4	UP	BindingDB	BindingDB monomer 539867				affinity_type=IC50;affinity=55;pmid=;doi=10.7270/Q2B85C9Z	evidence_only
core	TRPV4	UP	BindingDB	BindingDB monomer 539868				affinity_type=IC50;affinity=55;pmid=;doi=10.7270/Q2B85C9Z	evidence_only
core	TRPV4	UP	BindingDB	BindingDB monomer 539869				affinity_type=IC50;affinity=55;pmid=;doi=10.7270/Q2B85C9Z	evidence_only
core	TRPV4	UP	BindingDB	BindingDB monomer 539870				affinity_type=IC50;affinity=55;pmid=;doi=10.7270/Q2B85C9Z	evidence_only
core	TRPV4	UP	BindingDB	BindingDB monomer 539871				affinity_type=IC50;affinity=55;pmid=;doi=10.7270/Q2B85C9Z	evidence_only
core	TRPV4	UP	BindingDB	BindingDB monomer 539872				affinity_type=IC50;affinity=5;pmid=;doi=10.7270/Q2B85C9Z	evidence_only
core	TRPV4	UP	BindingDB	BindingDB monomer 539873				affinity_type=IC50;affinity=55;pmid=;doi=10.7270/Q2B85C9Z	evidence_only
core	TRPV4	UP	BindingDB	BindingDB monomer 539874				affinity_type=IC50;affinity=5;pmid=;doi=10.7270/Q2B85C9Z	evidence_only
core	TRPV4	UP	BindingDB	BindingDB monomer 539875				affinity_type=IC50;affinity=5;pmid=;doi=10.7270/Q2B85C9Z	evidence_only
core	TRPV4	UP	BindingDB	BindingDB monomer 539876				affinity_type=IC50;affinity=5;pmid=;doi=10.7270/Q2B85C9Z	evidence_only
core	TRPV4	UP	BindingDB	BindingDB monomer 539877				affinity_type=IC50;affinity=55;pmid=;doi=10.7270/Q2B85C9Z	evidence_only
core	TRPV4	UP	BindingDB	BindingDB monomer 539878				affinity_type=IC50;affinity=5;pmid=;doi=10.7270/Q2B85C9Z	evidence_only
core	TRPV4	UP	BindingDB	BindingDB monomer 539879				affinity_type=IC50;affinity=5;pmid=;doi=10.7270/Q2B85C9Z	evidence_only
core	TRPV4	UP	BindingDB	BindingDB monomer 539880				affinity_type=IC50;affinity=55;pmid=;doi=10.7270/Q2B85C9Z	evidence_only
core	TRPV4	UP	BindingDB	BindingDB monomer 539881				affinity_type=IC50;affinity=5;pmid=;doi=10.7270/Q2B85C9Z	evidence_only
core	TRPV4	UP	BindingDB	BindingDB monomer 539882				affinity_type=IC50;affinity=55;pmid=;doi=10.7270/Q2B85C9Z	evidence_only
core	TRPV4	UP	BindingDB	BindingDB monomer 539883				affinity_type=IC50;affinity=55;pmid=;doi=10.7270/Q2B85C9Z	evidence_only
core	TRPV4	UP	BindingDB	BindingDB monomer 539876				affinity_type=IC50;affinity=55;pmid=;doi=10.7270/Q2B85C9Z	evidence_only
core	TRPV4	UP	BindingDB	BindingDB monomer 539885				affinity_type=IC50;affinity=55;pmid=;doi=10.7270/Q2B85C9Z	evidence_only
core	TRPV4	UP	BindingDB	BindingDB monomer 539886				affinity_type=IC50;affinity=55;pmid=;doi=10.7270/Q2B85C9Z	evidence_only
core	TRPV4	UP	BindingDB	BindingDB monomer 539887				affinity_type=IC50;affinity=5;pmid=;doi=10.7270/Q2B85C9Z	evidence_only
core	TRPV4	UP	BindingDB	BindingDB monomer 539888				affinity_type=IC50;affinity=55;pmid=;doi=10.7270/Q2B85C9Z	evidence_only
core	TRPV4	UP	BindingDB	BindingDB monomer 539889				affinity_type=IC50;affinity=55;pmid=;doi=10.7270/Q2B85C9Z	evidence_only
core	TRPV4	UP	BindingDB	BindingDB monomer 539890				affinity_type=IC50;affinity=55;pmid=;doi=10.7270/Q2B85C9Z	evidence_only
core	TRPV4	UP	BindingDB	BindingDB monomer 539891				affinity_type=IC50;affinity=5;pmid=;doi=10.7270/Q2B85C9Z	evidence_only
core	TRPV4	UP	BindingDB	BindingDB monomer 539892				affinity_type=IC50;affinity=5;pmid=;doi=10.7270/Q2B85C9Z	evidence_only
core	TRPV4	UP	BindingDB	BindingDB monomer 539893				affinity_type=IC50;affinity=55;pmid=;doi=10.7270/Q2B85C9Z	evidence_only
core	TRPV4	UP	BindingDB	BindingDB monomer 539894				affinity_type=IC50;affinity=55;pmid=;doi=10.7270/Q2B85C9Z	evidence_only
core	TRPV4	UP	BindingDB	BindingDB monomer 539895				affinity_type=IC50;affinity=55;pmid=;doi=10.7270/Q2B85C9Z	evidence_only
core	TRPV4	UP	BindingDB	BindingDB monomer 539896				affinity_type=IC50;affinity=5;pmid=;doi=10.7270/Q2B85C9Z	evidence_only
core	TRPV4	UP	BindingDB	BindingDB monomer 539897				affinity_type=IC50;affinity=5;pmid=;doi=10.7270/Q2B85C9Z	evidence_only
core	TRPV4	UP	BindingDB	BindingDB monomer 539898				affinity_type=IC50;affinity=55;pmid=;doi=10.7270/Q2B85C9Z	evidence_only
core	TRPV4	UP	BindingDB	BindingDB monomer 539899				affinity_type=IC50;affinity=55;pmid=;doi=10.7270/Q2B85C9Z	evidence_only
core	TRPV4	UP	BindingDB	BindingDB monomer 539900				affinity_type=IC50;affinity=5;pmid=;doi=10.7270/Q2B85C9Z	evidence_only
core	TRPV4	UP	BindingDB	BindingDB monomer 539901				affinity_type=IC50;affinity=55;pmid=;doi=10.7270/Q2B85C9Z	evidence_only
core	TRPV4	UP	BindingDB	BindingDB monomer 539902				affinity_type=IC50;affinity=55;pmid=;doi=10.7270/Q2B85C9Z	evidence_only
core	TRPV4	UP	BindingDB	BindingDB monomer 539903				affinity_type=IC50;affinity=55;pmid=;doi=10.7270/Q2B85C9Z	evidence_only
core	TRPV4	UP	BindingDB	BindingDB monomer 539904				affinity_type=IC50;affinity=55;pmid=;doi=10.7270/Q2B85C9Z	evidence_only
core	TRPV4	UP	BindingDB	BindingDB monomer 539899				affinity_type=IC50;affinity=55;pmid=;doi=10.7270/Q2B85C9Z	evidence_only
core	TRPV4	UP	BindingDB	BindingDB monomer 539906				affinity_type=IC50;affinity=55;pmid=;doi=10.7270/Q2B85C9Z	evidence_only
core	TRPV4	UP	BindingDB	BindingDB monomer 50521186				affinity_type=IC50;affinity=5;pmid=;doi=10.7270/Q2B85C9Z	evidence_only
core	TRPV4	UP	BindingDB	BindingDB monomer 539908				affinity_type=IC50;affinity=55;pmid=;doi=10.7270/Q2B85C9Z	evidence_only
core	TRPV4	UP	BindingDB	BindingDB monomer 539909				affinity_type=IC50;affinity=55;pmid=;doi=10.7270/Q2B85C9Z	evidence_only
core	TRPV4	UP	BindingDB	BindingDB monomer 539910				affinity_type=IC50;affinity=5;pmid=;doi=10.7270/Q2B85C9Z	evidence_only
core	TRPV4	UP	BindingDB	BindingDB monomer 539911				affinity_type=IC50;affinity=55;pmid=;doi=10.7270/Q2B85C9Z	evidence_only
core	TRPV4	UP	BindingDB	BindingDB monomer 539912				affinity_type=IC50;affinity=55;pmid=;doi=10.7270/Q2B85C9Z	evidence_only
core	TRPV4	UP	BindingDB	BindingDB monomer 539913				affinity_type=IC50;affinity=55;pmid=;doi=10.7270/Q2B85C9Z	evidence_only
core	TRPV4	UP	BindingDB	BindingDB monomer 539914				affinity_type=IC50;affinity=55;pmid=;doi=10.7270/Q2B85C9Z	evidence_only
core	TRPV4	UP	BindingDB	BindingDB monomer 539915				affinity_type=IC50;affinity=55;pmid=;doi=10.7270/Q2B85C9Z	evidence_only
core	TRPV4	UP	BindingDB	BindingDB monomer 539916				affinity_type=IC50;affinity=5;pmid=;doi=10.7270/Q2B85C9Z	evidence_only
core	TRPV4	UP	BindingDB	BindingDB monomer 539917				affinity_type=IC50;affinity=5;pmid=;doi=10.7270/Q2B85C9Z	evidence_only
core	TRPV4	UP	BindingDB	BindingDB monomer 539918				affinity_type=IC50;affinity=55;pmid=;doi=10.7270/Q2B85C9Z	evidence_only
core	TRPV4	UP	BindingDB	BindingDB monomer 539919				affinity_type=IC50;affinity=55;pmid=;doi=10.7270/Q2B85C9Z	evidence_only
core	TRPV4	UP	BindingDB	BindingDB monomer 539906				affinity_type=IC50;affinity=55;pmid=;doi=10.7270/Q2B85C9Z	evidence_only
core	TRPV4	UP	BindingDB	BindingDB monomer 539921				affinity_type=IC50;affinity=5;pmid=;doi=10.7270/Q2B85C9Z	evidence_only
core	TRPV4	UP	BindingDB	BindingDB monomer 539922				affinity_type=IC50;affinity=55;pmid=;doi=10.7270/Q2B85C9Z	evidence_only
core	TRPV4	UP	BindingDB	BindingDB monomer 539923				affinity_type=IC50;affinity=55;pmid=;doi=10.7270/Q2B85C9Z	evidence_only
core	TRPV4	UP	BindingDB	BindingDB monomer 539924				affinity_type=IC50;affinity=55;pmid=;doi=10.7270/Q2B85C9Z	evidence_only
core	TRPV4	UP	BindingDB	BindingDB monomer 539925				affinity_type=IC50;affinity=55;pmid=;doi=10.7270/Q2B85C9Z	evidence_only
core	TRPV4	UP	BindingDB	BindingDB monomer 539926				affinity_type=IC50;affinity=55;pmid=;doi=10.7270/Q2B85C9Z	evidence_only
core	TRPV4	UP	BindingDB	BindingDB monomer 539927				affinity_type=IC50;affinity=55;pmid=;doi=10.7270/Q2B85C9Z	evidence_only
core	TRPV4	UP	BindingDB	BindingDB monomer 539928				affinity_type=IC50;affinity=55;pmid=;doi=10.7270/Q2B85C9Z	evidence_only
core	TRPV4	UP	BindingDB	BindingDB monomer 539929				affinity_type=IC50;affinity=55;pmid=;doi=10.7270/Q2B85C9Z	evidence_only
core	TRPV4	UP	BindingDB	BindingDB monomer 539930				affinity_type=IC50;affinity=55;pmid=;doi=10.7270/Q2B85C9Z	evidence_only
core	TRPV4	UP	BindingDB	BindingDB monomer 539931				affinity_type=IC50;affinity=55;pmid=;doi=10.7270/Q2B85C9Z	evidence_only
core	TRPV4	UP	BindingDB	BindingDB monomer 539932				affinity_type=IC50;affinity=5;pmid=;doi=10.7270/Q2B85C9Z	evidence_only
core	TRPV4	UP	BindingDB	BindingDB monomer 539933				affinity_type=IC50;affinity=55;pmid=;doi=10.7270/Q2B85C9Z	evidence_only
core	TRPV4	UP	BindingDB	BindingDB monomer 539934				affinity_type=IC50;affinity=55;pmid=;doi=10.7270/Q2B85C9Z	evidence_only
core	TRPV4	UP	BindingDB	BindingDB monomer 539935				affinity_type=IC50;affinity=55;pmid=;doi=10.7270/Q2B85C9Z	evidence_only
core	TRPV4	UP	BindingDB	BindingDB monomer 539936				affinity_type=IC50;affinity=5;pmid=;doi=10.7270/Q2B85C9Z	evidence_only
core	TRPV4	UP	BindingDB	BindingDB monomer 539937				affinity_type=IC50;affinity=5;pmid=;doi=10.7270/Q2B85C9Z	evidence_only
core	TRPV4	UP	BindingDB	BindingDB monomer 539938				affinity_type=IC50;affinity=55;pmid=;doi=10.7270/Q2B85C9Z	evidence_only
core	TRPV4	UP	BindingDB	BindingDB monomer 539939				affinity_type=IC50;affinity=55;pmid=;doi=10.7270/Q2B85C9Z	evidence_only
core	TRPV4	UP	BindingDB	BindingDB monomer 539940				affinity_type=IC50;affinity=55;pmid=;doi=10.7270/Q2B85C9Z	evidence_only
core	TRPV4	UP	BindingDB	BindingDB monomer 539941				affinity_type=IC50;affinity=55;pmid=;doi=10.7270/Q2B85C9Z	evidence_only
core	TRPV4	UP	BindingDB	BindingDB monomer 539942				affinity_type=IC50;affinity=55;pmid=;doi=10.7270/Q2B85C9Z	evidence_only
core	TRPV4	UP	BindingDB	BindingDB monomer 539943				affinity_type=IC50;affinity=55;pmid=;doi=10.7270/Q2B85C9Z	evidence_only
core	TRPV4	UP	BindingDB	BindingDB monomer 50505546				affinity_type=IC50;affinity=5;pmid=;doi=10.7270/Q2B85C9Z	evidence_only
core	TRPV4	UP	BindingDB	BindingDB monomer 50521185				affinity_type=IC50;affinity=5;pmid=;doi=10.7270/Q2B85C9Z	evidence_only
core	TRPV4	UP	BindingDB	BindingDB monomer 50521195				affinity_type=IC50;affinity=5;pmid=;doi=10.7270/Q2B85C9Z	evidence_only
core	TRPV4	UP	BindingDB	BindingDB monomer 539947				affinity_type=IC50;affinity=55;pmid=;doi=10.7270/Q2B85C9Z	evidence_only
core	TRPV4	UP	BindingDB	BindingDB monomer 539948				affinity_type=IC50;affinity=55;pmid=;doi=10.7270/Q2B85C9Z	evidence_only
core	TRPV4	UP	BindingDB	BindingDB monomer 539949				affinity_type=IC50;affinity=5;pmid=;doi=10.7270/Q2B85C9Z	evidence_only
core	TRPV4	UP	BindingDB	BindingDB monomer 539950				affinity_type=IC50;affinity=5;pmid=;doi=10.7270/Q2B85C9Z	evidence_only
core	TRPV4	UP	BindingDB	BindingDB monomer 539951				affinity_type=IC50;affinity=55;pmid=;doi=10.7270/Q2B85C9Z	evidence_only
core	TRPV4	UP	BindingDB	BindingDB monomer 539952				affinity_type=IC50;affinity=55;pmid=;doi=10.7270/Q2B85C9Z	evidence_only
core	TRPV4	UP	BindingDB	BindingDB monomer 539953				affinity_type=IC50;affinity=55;pmid=;doi=10.7270/Q2B85C9Z	evidence_only
core	TRPV4	UP	BindingDB	BindingDB monomer 539954				affinity_type=IC50;affinity=55;pmid=;doi=10.7270/Q2B85C9Z	evidence_only
core	TRPV4	UP	BindingDB	BindingDB monomer 539955				affinity_type=IC50;affinity=55;pmid=;doi=10.7270/Q2B85C9Z	evidence_only
core	TRPV4	UP	BindingDB	BindingDB monomer 539956				affinity_type=IC50;affinity=55;pmid=;doi=10.7270/Q2B85C9Z	evidence_only
core	TRPV4	UP	BindingDB	BindingDB monomer 539957				affinity_type=IC50;affinity=55;pmid=;doi=10.7270/Q2B85C9Z	evidence_only
core	TRPV4	UP	BindingDB	BindingDB monomer 539958				affinity_type=IC50;affinity=55;pmid=;doi=10.7270/Q2B85C9Z	evidence_only
core	TRPV4	UP	BindingDB	BindingDB monomer 539959				affinity_type=IC50;affinity=55;pmid=;doi=10.7270/Q2B85C9Z	evidence_only
core	TRPV4	UP	BindingDB	BindingDB monomer 539960				affinity_type=IC50;affinity=55;pmid=;doi=10.7270/Q2B85C9Z	evidence_only
core	TRPV4	UP	BindingDB	BindingDB monomer 539961				affinity_type=IC50;affinity=55;pmid=;doi=10.7270/Q2B85C9Z	evidence_only
core	TRPV4	UP	BindingDB	BindingDB monomer 539962				affinity_type=IC50;affinity=55;pmid=;doi=10.7270/Q2B85C9Z	evidence_only
core	TRPV4	UP	BindingDB	BindingDB monomer 539963				affinity_type=IC50;affinity=55;pmid=;doi=10.7270/Q2B85C9Z	evidence_only
core	TRPV4	UP	BindingDB	BindingDB monomer 539964				affinity_type=IC50;affinity=55;pmid=;doi=10.7270/Q2B85C9Z	evidence_only
core	TRPV4	UP	BindingDB	BindingDB monomer 539965				affinity_type=IC50;affinity=55;pmid=;doi=10.7270/Q2B85C9Z	evidence_only
core	TRPV4	UP	BindingDB	BindingDB monomer 539966				affinity_type=IC50;affinity=55;pmid=;doi=10.7270/Q2B85C9Z	evidence_only
core	TRPV4	UP	BindingDB	BindingDB monomer 539967				affinity_type=IC50;affinity=55;pmid=;doi=10.7270/Q2B85C9Z	evidence_only
core	TRPV4	UP	BindingDB	BindingDB monomer 539968				affinity_type=IC50;affinity=55;pmid=;doi=10.7270/Q2B85C9Z	evidence_only
core	TRPV4	UP	BindingDB	BindingDB monomer 539969				affinity_type=IC50;affinity=5;pmid=;doi=10.7270/Q2B85C9Z	evidence_only
core	TRPV4	UP	BindingDB	BindingDB monomer 539970				affinity_type=IC50;affinity=55;pmid=;doi=10.7270/Q2B85C9Z	evidence_only
core	TRPV4	UP	BindingDB	BindingDB monomer 539971				affinity_type=IC50;affinity=55;pmid=;doi=10.7270/Q2B85C9Z	evidence_only
core	TRPV4	UP	BindingDB	BindingDB monomer 539972				affinity_type=IC50;affinity=55;pmid=;doi=10.7270/Q2B85C9Z	evidence_only
core	TRPV4	UP	BindingDB	BindingDB monomer 539973				affinity_type=IC50;affinity=55;pmid=;doi=10.7270/Q2B85C9Z	evidence_only
core	TRPV4	UP	BindingDB	BindingDB monomer 539974				affinity_type=IC50;affinity=55;pmid=;doi=10.7270/Q2B85C9Z	evidence_only
core	TRPV4	UP	BindingDB	BindingDB monomer 539975				affinity_type=IC50;affinity=5;pmid=;doi=10.7270/Q2B85C9Z	evidence_only
core	TRPV4	UP	BindingDB	BindingDB monomer 539976				affinity_type=IC50;affinity=55;pmid=;doi=10.7270/Q2B85C9Z	evidence_only
core	TRPV4	UP	BindingDB	BindingDB monomer 539977				affinity_type=IC50;affinity=55;pmid=;doi=10.7270/Q2B85C9Z	evidence_only
core	TRPV4	UP	BindingDB	BindingDB monomer 539978				affinity_type=IC50;affinity=55;pmid=;doi=10.7270/Q2B85C9Z	evidence_only
core	TRPV4	UP	BindingDB	BindingDB monomer 539979				affinity_type=IC50;affinity=5;pmid=;doi=10.7270/Q2B85C9Z	evidence_only
core	TRPV4	UP	BindingDB	BindingDB monomer 539980				affinity_type=IC50;affinity=55;pmid=;doi=10.7270/Q2B85C9Z	evidence_only
core	TRPV4	UP	BindingDB	BindingDB monomer 539981				affinity_type=IC50;affinity=5;pmid=;doi=10.7270/Q2B85C9Z	evidence_only
core	TRPV4	UP	BindingDB	BindingDB monomer 539982				affinity_type=IC50;affinity=5;pmid=;doi=10.7270/Q2B85C9Z	evidence_only
core	TRPV4	UP	BindingDB	BindingDB monomer 50521192				affinity_type=IC50;affinity=5;pmid=;doi=10.7270/Q2B85C9Z	evidence_only
core	TRPV4	UP	BindingDB	BindingDB monomer 539984				affinity_type=IC50;affinity=5;pmid=;doi=10.7270/Q2B85C9Z	evidence_only
core	TRPV4	UP	BindingDB	BindingDB monomer 50521182				affinity_type=IC50;affinity=5;pmid=;doi=10.7270/Q2B85C9Z	evidence_only
core	TRPV4	UP	BindingDB	BindingDB monomer 539986				affinity_type=IC50;affinity=5;pmid=;doi=10.7270/Q2B85C9Z	evidence_only
core	TRPV4	UP	BindingDB	BindingDB monomer 50521183				affinity_type=IC50;affinity=5;pmid=;doi=10.7270/Q2B85C9Z	evidence_only
core	TRPV4	UP	BindingDB	BindingDB monomer 539988				affinity_type=IC50;affinity=55;pmid=;doi=10.7270/Q2B85C9Z	evidence_only
core	TRPV4	UP	BindingDB	BindingDB monomer 539989				affinity_type=IC50;affinity=55;pmid=;doi=10.7270/Q2B85C9Z	evidence_only
core	TRPV4	UP	BindingDB	BindingDB monomer 539990				affinity_type=IC50;affinity=55;pmid=;doi=10.7270/Q2B85C9Z	evidence_only
core	TRPV4	UP	BindingDB	BindingDB monomer 539991				affinity_type=IC50;affinity=55;pmid=;doi=10.7270/Q2B85C9Z	evidence_only
core	TRPV4	UP	BindingDB	BindingDB monomer 50426556				affinity_type=IC50;affinity=0.001000;pmid=24900649;doi=10.1021/ml400018h	evidence_only
core	TRPV4	UP	BindingDB	BindingDB monomer 50426557				affinity_type=IC50;affinity=0.001000;pmid=24900649;doi=10.1021/ml400018h	evidence_only
core	TRPV4	UP	BindingDB	BindingDB monomer 50426558				affinity_type=IC50;affinity=0.001000;pmid=24900649;doi=10.1021/ml400018h	evidence_only
core	TRPV4	UP	BindingDB	BindingDB monomer 50036517				affinity_type=IC50;affinity=>10000;pmid=25455182;doi=10.1016/j.bmcl.2014.10.074	evidence_only
core	TRPV4	UP	BindingDB	BindingDB monomer 50036517				affinity_type=IC50;affinity=>3000;pmid=25455182;doi=10.1016/j.bmcl.2014.10.074	evidence_only
core	TRPV4	UP	BindingDB	BindingDB monomer 50117636				affinity_type=IC50;affinity=570;pmid=26235950;doi=10.1016/j.bmcl.2015.06.098	evidence_only
core	TRPV4	UP	BindingDB	BindingDB monomer 50117637				affinity_type=IC50;affinity=930;pmid=26235950;doi=10.1016/j.bmcl.2015.06.098	evidence_only
core	TRPV4	UP	BindingDB	BindingDB monomer 50117636				affinity_type=IC50;affinity=420;pmid=26235950;doi=10.1016/j.bmcl.2015.06.098	evidence_only
core	TRPV4	UP	BindingDB	BindingDB monomer 50117638				affinity_type=IC50;affinity=540;pmid=26235950;doi=10.1016/j.bmcl.2015.06.098	evidence_only
core	TRPV4	UP	BindingDB	BindingDB monomer 50117639				affinity_type=IC50;affinity=380;pmid=26235950;doi=10.1016/j.bmcl.2015.06.098	evidence_only
core	TRPV4	UP	BindingDB	BindingDB monomer 50117640				affinity_type=IC50;affinity=260;pmid=26235950;doi=10.1016/j.bmcl.2015.06.098	evidence_only
core	TRPV4	UP	BindingDB	BindingDB monomer 50117650				affinity_type=IC50;affinity=800;pmid=26235950;doi=10.1016/j.bmcl.2015.06.098	evidence_only
core	TRPV4	UP	BindingDB	BindingDB monomer 50117651				affinity_type=IC50;affinity=1280;pmid=26235950;doi=10.1016/j.bmcl.2015.06.098	evidence_only
core	TRPV4	UP	BindingDB	BindingDB monomer 50117652				affinity_type=IC50;affinity=910;pmid=26235950;doi=10.1016/j.bmcl.2015.06.098	evidence_only
core	TRPV4	UP	BindingDB	BindingDB monomer 50117653				affinity_type=IC50;affinity=2110;pmid=26235950;doi=10.1016/j.bmcl.2015.06.098	evidence_only
core	TRPV4	UP	BindingDB	BindingDB monomer 50117654				affinity_type=IC50;affinity=1320;pmid=26235950;doi=10.1016/j.bmcl.2015.06.098	evidence_only
core	TRPV4	UP	BindingDB	BindingDB monomer 50117641				affinity_type=IC50;affinity=4220;pmid=26235950;doi=10.1016/j.bmcl.2015.06.098	evidence_only
core	TRPV4	UP	BindingDB	BindingDB monomer 50117642				affinity_type=IC50;affinity=>10000;pmid=26235950;doi=10.1016/j.bmcl.2015.06.098	evidence_only
core	TRPV4	UP	BindingDB	BindingDB monomer 50117643				affinity_type=IC50;affinity=>10000;pmid=26235950;doi=10.1016/j.bmcl.2015.06.098	evidence_only
core	TRPV4	UP	BindingDB	BindingDB monomer 50117644				affinity_type=IC50;affinity=2170;pmid=26235950;doi=10.1016/j.bmcl.2015.06.098	evidence_only
core	TRPV4	UP	BindingDB	BindingDB monomer 50117645				affinity_type=IC50;affinity=710;pmid=26235950;doi=10.1016/j.bmcl.2015.06.098	evidence_only
core	TRPV4	UP	BindingDB	BindingDB monomer 50117646				affinity_type=IC50;affinity=390;pmid=26235950;doi=10.1016/j.bmcl.2015.06.098	evidence_only
core	TRPV4	UP	BindingDB	BindingDB monomer 50117647				affinity_type=IC50;affinity=930;pmid=26235950;doi=10.1016/j.bmcl.2015.06.098	evidence_only
core	TRPV4	UP	BindingDB	BindingDB monomer 50117648				affinity_type=IC50;affinity=4930;pmid=26235950;doi=10.1016/j.bmcl.2015.06.098	evidence_only
core	TRPV4	UP	BindingDB	BindingDB monomer 50117649				affinity_type=IC50;affinity=8530;pmid=26235950;doi=10.1016/j.bmcl.2015.06.098	evidence_only
core	TRPV4	UP	BindingDB	BindingDB monomer 50192772				affinity_type=IC50;affinity=32;pmid=27634196;doi=10.1016/j.bmcl.2016.09.014	evidence_only
core	TRPV4	UP	BindingDB	BindingDB monomer 50192773				affinity_type=IC50;affinity=530;pmid=27634196;doi=10.1016/j.bmcl.2016.09.014	evidence_only
core	TRPV4	UP	BindingDB	BindingDB monomer 50192774				affinity_type=IC50;affinity=6.0;pmid=27634196;doi=10.1016/j.bmcl.2016.09.014	evidence_only
core	TRPV4	UP	BindingDB	BindingDB monomer 50192775				affinity_type=IC50;affinity=32;pmid=27634196;doi=10.1016/j.bmcl.2016.09.014	evidence_only
core	TRPV4	UP	BindingDB	BindingDB monomer 50192776				affinity_type=IC50;affinity=3.2;pmid=27634196;doi=10.1016/j.bmcl.2016.09.014	evidence_only
core	TRPV4	UP	BindingDB	BindingDB monomer 50192778				affinity_type=IC50;affinity=3.2;pmid=27634196;doi=10.1016/j.bmcl.2016.09.014	evidence_only
core	TRPV4	UP	BindingDB	BindingDB monomer 50192780				affinity_type=IC50;affinity=41;pmid=27634196;doi=10.1016/j.bmcl.2016.09.014	evidence_only
core	TRPV4	UP	BindingDB	BindingDB monomer 50192781				affinity_type=IC50;affinity=1.8;pmid=27634196;doi=10.1016/j.bmcl.2016.09.014	evidence_only
core	TRPV4	UP	BindingDB	BindingDB monomer 50192802				affinity_type=IC50;affinity=24;pmid=27634196;doi=10.1016/j.bmcl.2016.09.014	evidence_only
core	TRPV4	UP	BindingDB	BindingDB monomer 50192803				affinity_type=IC50;affinity=2.4;pmid=27634196;doi=10.1016/j.bmcl.2016.09.014	evidence_only
core	TRPV4	UP	BindingDB	BindingDB monomer 50192804				affinity_type=IC50;affinity=0.570000;pmid=27634196;doi=10.1016/j.bmcl.2016.09.014	evidence_only
core	TRPV4	UP	BindingDB	BindingDB monomer 50192805				affinity_type=IC50;affinity=620;pmid=27634196;doi=10.1016/j.bmcl.2016.09.014	evidence_only
core	TRPV4	UP	BindingDB	BindingDB monomer 50192807				affinity_type=IC50;affinity=0.360000;pmid=27634196;doi=10.1016/j.bmcl.2016.09.014	evidence_only
core	TRPV4	UP	BindingDB	BindingDB monomer 50192808				affinity_type=IC50;affinity=1.000000;pmid=27634196;doi=10.1016/j.bmcl.2016.09.014	evidence_only
core	TRPV4	UP	BindingDB	BindingDB monomer 50192809				affinity_type=IC50;affinity=0.220000;pmid=27634196;doi=10.1016/j.bmcl.2016.09.014	evidence_only
core	TRPV4	UP	BindingDB	BindingDB monomer 50192810				affinity_type=IC50;affinity=24;pmid=27634196;doi=10.1016/j.bmcl.2016.09.014	evidence_only
core	TRPV4	UP	BindingDB	BindingDB monomer 50192811				affinity_type=IC50;affinity=0.300000;pmid=27634196;doi=10.1016/j.bmcl.2016.09.014	evidence_only
core	TRPV4	UP	BindingDB	BindingDB monomer 50192812				affinity_type=IC50;affinity=650;pmid=27634196;doi=10.1016/j.bmcl.2016.09.014	evidence_only
core	TRPV4	UP	BindingDB	BindingDB monomer 50192777				affinity_type=IC50;affinity=6.7;pmid=27634196;doi=10.1016/j.bmcl.2016.09.014	evidence_only
core	TRPV4	UP	BindingDB	BindingDB monomer 50192813				affinity_type=IC50;affinity=6.2;pmid=27634196;doi=10.1016/j.bmcl.2016.09.014	evidence_only
core	TRPV4	UP	BindingDB	BindingDB monomer 50192814				affinity_type=IC50;affinity=80;pmid=27634196;doi=10.1016/j.bmcl.2016.09.014	evidence_only
core	TRPV4	UP	BindingDB	BindingDB monomer 50192815				affinity_type=IC50;affinity=19;pmid=27634196;doi=10.1016/j.bmcl.2016.09.014	evidence_only
core	TRPV4	UP	BindingDB	BindingDB monomer 50192779				affinity_type=IC50;affinity=1.1;pmid=27634196;doi=10.1016/j.bmcl.2016.09.014	evidence_only
core	TRPV4	UP	BindingDB	BindingDB monomer 50192816				affinity_type=IC50;affinity=4.4;pmid=27634196;doi=10.1016/j.bmcl.2016.09.014	evidence_only
core	TRPV4	UP	BindingDB	BindingDB monomer 50192817				affinity_type=IC50;affinity=1.7;pmid=27634196;doi=10.1016/j.bmcl.2016.09.014	evidence_only
core	TRPV4	UP	BindingDB	BindingDB monomer 50192818				affinity_type=IC50;affinity=770;pmid=27634196;doi=10.1016/j.bmcl.2016.09.014	evidence_only
core	TRPV4	UP	BindingDB	BindingDB monomer 50192819				affinity_type=IC50;affinity=2.8;pmid=27634196;doi=10.1016/j.bmcl.2016.09.014	evidence_only
core	TRPV4	UP	BindingDB	BindingDB monomer 50192820				affinity_type=IC50;affinity=0.900000;pmid=27634196;doi=10.1016/j.bmcl.2016.09.014	evidence_only
core	TRPV4	UP	BindingDB	BindingDB monomer 50192821				affinity_type=IC50;affinity=57;pmid=27634196;doi=10.1016/j.bmcl.2016.09.014	evidence_only
core	TRPV4	UP	BindingDB	BindingDB monomer 50192806				affinity_type=IC50;affinity=37;pmid=27634196;doi=10.1016/j.bmcl.2016.09.014	evidence_only
core	TRPV4	UP	BindingDB	BindingDB monomer 50192809				affinity_type=IC50;affinity=>10000;pmid=27634196;doi=10.1016/j.bmcl.2016.09.014	evidence_only
core	TRPV4	UP	BindingDB	BindingDB monomer 50192823				affinity_type=IC50;affinity=19;pmid=27634196;doi=10.1016/j.bmcl.2016.09.014	evidence_only
core	TRPV4	UP	BindingDB	BindingDB monomer 50192824				affinity_type=IC50;affinity=4.8;pmid=27634196;doi=10.1016/j.bmcl.2016.09.014	evidence_only
core	TRPV4	UP	BindingDB	BindingDB monomer 50192825				affinity_type=IC50;affinity=8.4;pmid=27634196;doi=10.1016/j.bmcl.2016.09.014	evidence_only
core	TRPV4	UP	BindingDB	BindingDB monomer 50192822				affinity_type=IC50;affinity=2.9;pmid=27634196;doi=10.1016/j.bmcl.2016.09.014	evidence_only
core	TRPV4	UP	BindingDB	BindingDB monomer 50192826				affinity_type=IC50;affinity=2.1;pmid=27634196;doi=10.1016/j.bmcl.2016.09.014	evidence_only
core	TRPV4	UP	BindingDB	BindingDB monomer 50192827				affinity_type=IC50;affinity=1.9;pmid=27634196;doi=10.1016/j.bmcl.2016.09.014	evidence_only
core	TRPV4	UP	BindingDB	BindingDB monomer 50192809				affinity_type=IC50;affinity=0.400000;pmid=27634196;doi=10.1016/j.bmcl.2016.09.014	evidence_only
core	TRPV4	UP	BindingDB	BindingDB monomer 50192828				affinity_type=IC50;affinity=4.5;pmid=27634196;doi=10.1016/j.bmcl.2016.09.014	evidence_only
core	TRPV4	UP	BindingDB	BindingDB monomer 50192823				affinity_type=IC50;affinity=3.1;pmid=27637151;doi=10.1016/j.bmcl.2016.09.013	evidence_only
core	TRPV4	UP	BindingDB	BindingDB monomer 50194946				affinity_type=IC50;affinity=46;pmid=27637151;doi=10.1016/j.bmcl.2016.09.013	evidence_only
core	TRPV4	UP	BindingDB	BindingDB monomer 50194947				affinity_type=IC50;affinity=290;pmid=27637151;doi=10.1016/j.bmcl.2016.09.013	evidence_only
core	TRPV4	UP	BindingDB	BindingDB monomer 50194948				affinity_type=IC50;affinity=100;pmid=27637151;doi=10.1016/j.bmcl.2016.09.013	evidence_only
core	TRPV4	UP	BindingDB	BindingDB monomer 65888				affinity_type=IC50;affinity=10;pmid=27637151;doi=10.1016/j.bmcl.2016.09.013	evidence_only
core	TRPV4	UP	BindingDB	BindingDB monomer 50194949				affinity_type=IC50;affinity=240;pmid=27637151;doi=10.1016/j.bmcl.2016.09.013	evidence_only
core	TRPV4	UP	BindingDB	BindingDB monomer 50195051				affinity_type=IC50;affinity=>10000;pmid=27637151;doi=10.1016/j.bmcl.2016.09.013	evidence_only
core	TRPV4	UP	BindingDB	BindingDB monomer 50195052				affinity_type=IC50;affinity=10000;pmid=27637151;doi=10.1016/j.bmcl.2016.09.013	evidence_only
core	TRPV4	UP	BindingDB	BindingDB monomer 50195053				affinity_type=IC50;affinity=620;pmid=27637151;doi=10.1016/j.bmcl.2016.09.013	evidence_only
core	TRPV4	UP	BindingDB	BindingDB monomer 50195054				affinity_type=IC50;affinity=490;pmid=27637151;doi=10.1016/j.bmcl.2016.09.013	evidence_only
core	TRPV4	UP	BindingDB	BindingDB monomer 50192821				affinity_type=IC50;affinity=57;pmid=27637151;doi=10.1016/j.bmcl.2016.09.013	evidence_only
core	TRPV4	UP	BindingDB	BindingDB monomer 50195055				affinity_type=IC50;affinity=6.3;pmid=27637151;doi=10.1016/j.bmcl.2016.09.013	evidence_only
core	TRPV4	UP	BindingDB	BindingDB monomer 50195056				affinity_type=IC50;affinity=29;pmid=27637151;doi=10.1016/j.bmcl.2016.09.013	evidence_only
core	TRPV4	UP	BindingDB	BindingDB monomer 50195057				affinity_type=IC50;affinity=200;pmid=27637151;doi=10.1016/j.bmcl.2016.09.013	evidence_only
core	TRPV4	UP	BindingDB	BindingDB monomer 50195058				affinity_type=IC50;affinity=9.5;pmid=27637151;doi=10.1016/j.bmcl.2016.09.013	evidence_only
core	TRPV4	UP	BindingDB	BindingDB monomer 50195059				affinity_type=IC50;affinity=11;pmid=27637151;doi=10.1016/j.bmcl.2016.09.013	evidence_only
core	TRPV4	UP	BindingDB	BindingDB monomer 50195060				affinity_type=IC50;affinity=4300;pmid=27637151;doi=10.1016/j.bmcl.2016.09.013	evidence_only
core	TRPV4	UP	BindingDB	BindingDB monomer 50195061				affinity_type=IC50;affinity=35;pmid=27637151;doi=10.1016/j.bmcl.2016.09.013	evidence_only
core	TRPV4	UP	BindingDB	BindingDB monomer 50195062				affinity_type=IC50;affinity=410;pmid=27637151;doi=10.1016/j.bmcl.2016.09.013	evidence_only
core	TRPV4	UP	BindingDB	BindingDB monomer 50195063				affinity_type=IC50;affinity=3300;pmid=27637151;doi=10.1016/j.bmcl.2016.09.013	evidence_only
core	TRPV4	UP	BindingDB	BindingDB monomer 50195064				affinity_type=IC50;affinity=>10000;pmid=27637151;doi=10.1016/j.bmcl.2016.09.013	evidence_only
core	TRPV4	UP	BindingDB	BindingDB monomer 50195092				affinity_type=IC50;affinity=31;pmid=27637151;doi=10.1016/j.bmcl.2016.09.013	evidence_only
core	TRPV4	UP	BindingDB	BindingDB monomer 50195136				affinity_type=IC50;affinity=>10000;pmid=27637151;doi=10.1016/j.bmcl.2016.09.013	evidence_only
core	TRPV4	UP	BindingDB	BindingDB monomer 50195137				affinity_type=IC50;affinity=50;pmid=27637151;doi=10.1016/j.bmcl.2016.09.013	evidence_only
core	TRPV4	UP	BindingDB	BindingDB monomer 50192802				affinity_type=IC50;affinity=24;pmid=27637151;doi=10.1016/j.bmcl.2016.09.013	evidence_only
core	TRPV4	UP	BindingDB	BindingDB monomer 50195139				affinity_type=IC50;affinity=37;pmid=27637151;doi=10.1016/j.bmcl.2016.09.013	evidence_only
core	TRPV4	UP	BindingDB	BindingDB monomer 50195140				affinity_type=IC50;affinity=>10000;pmid=27637151;doi=10.1016/j.bmcl.2016.09.013	evidence_only
core	TRPV4	UP	BindingDB	BindingDB monomer 50192823				affinity_type=IC50;affinity=19;pmid=27637151;doi=10.1016/j.bmcl.2016.09.013	evidence_only
core	TRPV4	UP	BindingDB	BindingDB monomer 50195141				affinity_type=IC50;affinity=22;pmid=27637151;doi=10.1016/j.bmcl.2016.09.013	evidence_only
core	TRPV4	UP	BindingDB	BindingDB monomer 50195142				affinity_type=IC50;affinity=23;pmid=27637151;doi=10.1016/j.bmcl.2016.09.013	evidence_only
core	TRPV4	UP	BindingDB	BindingDB monomer 50195220				affinity_type=IC50;affinity=34;pmid=27637151;doi=10.1016/j.bmcl.2016.09.013	evidence_only
core	TRPV4	UP	BindingDB	BindingDB monomer 50195221				affinity_type=IC50;affinity=240;pmid=27637151;doi=10.1016/j.bmcl.2016.09.013	evidence_only
core	TRPV4	UP	BindingDB	BindingDB monomer 50349984				affinity_type=IC50;affinity=>10000;pmid=21634377;doi=10.1021/jm200018k	evidence_only
core	TRPV4	UP	BindingDB	BindingDB monomer 50232796				affinity_type=IC50;affinity=250;pmid=28523109;doi=10.1021/acsmedchemlett.7b00094	evidence_only
core	TRPV4	UP	BindingDB	BindingDB monomer 50232797				affinity_type=IC50;affinity=40;pmid=28523109;doi=10.1021/acsmedchemlett.7b00094	evidence_only
core	TRPV4	UP	BindingDB	BindingDB monomer 50232798				affinity_type=IC50;affinity=50;pmid=28523109;doi=10.1021/acsmedchemlett.7b00094	evidence_only
core	TRPV4	UP	BindingDB	BindingDB monomer 50232799				affinity_type=IC50;affinity=60;pmid=28523109;doi=10.1021/acsmedchemlett.7b00094	evidence_only
core	TRPV4	UP	BindingDB	BindingDB monomer 50232800				affinity_type=IC50;affinity=60;pmid=28523109;doi=10.1021/acsmedchemlett.7b00094	evidence_only
core	TRPV4	UP	BindingDB	BindingDB monomer 50232801				affinity_type=IC50;affinity=1000;pmid=28523109;doi=10.1021/acsmedchemlett.7b00094	evidence_only
core	TRPV4	UP	BindingDB	BindingDB monomer 50232802				affinity_type=IC50;affinity=100;pmid=28523109;doi=10.1021/acsmedchemlett.7b00094	evidence_only
core	TRPV4	UP	BindingDB	BindingDB monomer 50232804				affinity_type=IC50;affinity=40;pmid=28523109;doi=10.1021/acsmedchemlett.7b00094	evidence_only
core	TRPV4	UP	BindingDB	BindingDB monomer 50232805				affinity_type=IC50;affinity=160;pmid=28523109;doi=10.1021/acsmedchemlett.7b00094	evidence_only
core	TRPV4	UP	BindingDB	BindingDB monomer 50232806				affinity_type=IC50;affinity=500;pmid=28523109;doi=10.1021/acsmedchemlett.7b00094	evidence_only
core	TRPV4	UP	BindingDB	BindingDB monomer 50232808				affinity_type=IC50;affinity=2510;pmid=28523109;doi=10.1021/acsmedchemlett.7b00094	evidence_only
core	TRPV4	UP	BindingDB	BindingDB monomer 50232809				affinity_type=IC50;affinity=50;pmid=28523109;doi=10.1021/acsmedchemlett.7b00094	evidence_only
core	TRPV4	UP	BindingDB	BindingDB monomer 50232810				affinity_type=IC50;affinity=2000;pmid=28523109;doi=10.1021/acsmedchemlett.7b00094	evidence_only
core	TRPV4	UP	BindingDB	BindingDB monomer 50232811				affinity_type=IC50;affinity=500;pmid=28523109;doi=10.1021/acsmedchemlett.7b00094	evidence_only
core	TRPV4	UP	BindingDB	BindingDB monomer 50232788				affinity_type=IC50;affinity=2000;pmid=28523109;doi=10.1021/acsmedchemlett.7b00094	evidence_only
core	TRPV4	UP	BindingDB	BindingDB monomer 50232790				affinity_type=IC50;affinity=80;pmid=28523109;doi=10.1021/acsmedchemlett.7b00094	evidence_only
core	TRPV4	UP	BindingDB	BindingDB monomer 50232792				affinity_type=IC50;affinity=5010;pmid=28523109;doi=10.1021/acsmedchemlett.7b00094	evidence_only
core	TRPV4	UP	BindingDB	BindingDB monomer 50232794				affinity_type=IC50;affinity=320;pmid=28523109;doi=10.1021/acsmedchemlett.7b00094	evidence_only
core	TRPV4	UP	BindingDB	BindingDB monomer 50232795				affinity_type=IC50;affinity=2000;pmid=28523109;doi=10.1021/acsmedchemlett.7b00094	evidence_only
core	TRPV4	UP	BindingDB	BindingDB monomer 50232812				affinity_type=IC50;affinity=1580;pmid=28523109;doi=10.1021/acsmedchemlett.7b00094	evidence_only
core	TRPV4	UP	BindingDB	BindingDB monomer 50192821				affinity_type=IC50;affinity=48;pmid=28523109;doi=10.1021/acsmedchemlett.7b00094	evidence_only
core	TRPV4	UP	BindingDB	BindingDB monomer 50426575				affinity_type=IC50;affinity=2300;pmid=28523109;doi=10.1021/acsmedchemlett.7b00094	evidence_only
core	TRPV4	UP	BindingDB	BindingDB monomer 50232815				affinity_type=IC50;affinity=80;pmid=28523109;doi=10.1021/acsmedchemlett.7b00094	evidence_only
core	TRPV4	UP	BindingDB	BindingDB monomer 50232803				affinity_type=IC50;affinity=10;pmid=28523109;doi=10.1021/acsmedchemlett.7b00094	evidence_only
core	TRPV4	UP	BindingDB	BindingDB monomer 50232813				affinity_type=IC50;affinity=50;pmid=28523109;doi=10.1021/acsmedchemlett.7b00094	evidence_only
core	TRPV4	UP	BindingDB	BindingDB monomer 50232816				affinity_type=IC50;affinity=130;pmid=28523109;doi=10.1021/acsmedchemlett.7b00094	evidence_only
core	TRPV4	UP	BindingDB	BindingDB monomer 50232820				affinity_type=IC50;affinity=3160;pmid=28523109;doi=10.1021/acsmedchemlett.7b00094	evidence_only
core	TRPV4	UP	BindingDB	BindingDB monomer 50232789				affinity_type=IC50;affinity=3980;pmid=28523109;doi=10.1021/acsmedchemlett.7b00094	evidence_only
core	TRPV4	UP	BindingDB	BindingDB monomer 50232793				affinity_type=IC50;affinity=400;pmid=28523109;doi=10.1021/acsmedchemlett.7b00094	evidence_only
core	TRPV4	UP	BindingDB	BindingDB monomer 50232791				affinity_type=IC50;affinity=200;pmid=28523109;doi=10.1021/acsmedchemlett.7b00094	evidence_only
core	TRPV4	UP	BindingDB	BindingDB monomer 50256208				affinity_type=IC50;affinity=23;pmid=28284871;doi=10.1016/j.bmc.2017.02.047	evidence_only
core	TRPV4	UP	BindingDB	BindingDB monomer 50192809				affinity_type=IC50;affinity=0.400000;pmid=28284871;doi=10.1016/j.bmc.2017.02.047	evidence_only
core	TRPV4	UP	BindingDB	BindingDB monomer 50192821				affinity_type=IC50;affinity=29;pmid=28284871;doi=10.1016/j.bmc.2017.02.047	evidence_only
core	TRPV4	UP	BindingDB	BindingDB monomer 50263438				affinity_type=IC50;affinity=3.9;pmid=28284871;doi=10.1016/j.bmc.2017.02.047	evidence_only
core	TRPV4	UP	BindingDB	BindingDB monomer 50263440				affinity_type=IC50;affinity=2.2;pmid=28284871;doi=10.1016/j.bmc.2017.02.047	evidence_only
core	TRPV4	UP	BindingDB	BindingDB monomer 50264844				affinity_type=IC50;affinity=2.2;pmid=28284871;doi=10.1016/j.bmc.2017.02.047	evidence_only
core	TRPV4	UP	BindingDB	BindingDB monomer 50256208				affinity_type=IC50;affinity=6.3;pmid=28284871;doi=10.1016/j.bmc.2017.02.047	evidence_only
core	TRPV4	UP	BindingDB	BindingDB monomer 50192809				affinity_type=IC50;affinity=0.220000;pmid=28284871;doi=10.1016/j.bmc.2017.02.047	evidence_only
core	TRPV4	UP	BindingDB	BindingDB monomer 50264845				affinity_type=IC50;affinity=0.500000;pmid=28284871;doi=10.1016/j.bmc.2017.02.047	evidence_only
core	TRPV4	UP	BindingDB	BindingDB monomer 50192811				affinity_type=IC50;affinity=0.300000;pmid=28284871;doi=10.1016/j.bmc.2017.02.047	evidence_only
core	TRPV4	UP	BindingDB	BindingDB monomer 50264846				affinity_type=IC50;affinity=0.210000;pmid=28284871;doi=10.1016/j.bmc.2017.02.047	evidence_only
core	TRPV4	UP	BindingDB	BindingDB monomer 50264847				affinity_type=IC50;affinity=0.180000;pmid=28284871;doi=10.1016/j.bmc.2017.02.047	evidence_only
core	TRPV4	UP	BindingDB	BindingDB monomer 50264848				affinity_type=IC50;affinity=0.650000;pmid=28284871;doi=10.1016/j.bmc.2017.02.047	evidence_only
core	TRPV4	UP	BindingDB	BindingDB monomer 50264849				affinity_type=IC50;affinity=170;pmid=28284871;doi=10.1016/j.bmc.2017.02.047	evidence_only
core	TRPV4	UP	BindingDB	BindingDB monomer 50264850				affinity_type=IC50;affinity=6.8;pmid=28284871;doi=10.1016/j.bmc.2017.02.047	evidence_only
core	TRPV4	UP	BindingDB	BindingDB monomer 50256212				affinity_type=IC50;affinity=0.620000;pmid=28284871;doi=10.1016/j.bmc.2017.02.047	evidence_only
core	TRPV4	UP	BindingDB	BindingDB monomer 50256213				affinity_type=IC50;affinity=2.4;pmid=28284871;doi=10.1016/j.bmc.2017.02.047	evidence_only
core	TRPV4	UP	BindingDB	BindingDB monomer 50264854				affinity_type=IC50;affinity=64;pmid=28284871;doi=10.1016/j.bmc.2017.02.047	evidence_only
core	TRPV4	UP	BindingDB	BindingDB monomer 50264855				affinity_type=IC50;affinity=0.990000;pmid=28284871;doi=10.1016/j.bmc.2017.02.047	evidence_only
core	TRPV4	UP	BindingDB	BindingDB monomer 50256230				affinity_type=IC50;affinity=0.970000;pmid=28284871;doi=10.1016/j.bmc.2017.02.047	evidence_only
core	TRPV4	UP	BindingDB	BindingDB monomer 50256209				affinity_type=IC50;affinity=0.190000;pmid=28284871;doi=10.1016/j.bmc.2017.02.047	evidence_only
core	TRPV4	UP	BindingDB	BindingDB monomer 50256210				affinity_type=IC50;affinity=1.3;pmid=28284871;doi=10.1016/j.bmc.2017.02.047	evidence_only
core	TRPV4	UP	BindingDB	BindingDB monomer 50264856				affinity_type=IC50;affinity=0.870000;pmid=28284871;doi=10.1016/j.bmc.2017.02.047	evidence_only
core	TRPV4	UP	BindingDB	BindingDB monomer 50256231				affinity_type=IC50;affinity=6.2;pmid=28284871;doi=10.1016/j.bmc.2017.02.047	evidence_only
core	TRPV4	UP	BindingDB	BindingDB monomer 50192821				affinity_type=IC50;affinity=57;pmid=28284871;doi=10.1016/j.bmc.2017.02.047	evidence_only
core	TRPV4	UP	BindingDB	BindingDB monomer 50263440				affinity_type=IC50;affinity=1.4;pmid=28284871;doi=10.1016/j.bmc.2017.02.047	evidence_only
core	TRPV4	UP	BindingDB	BindingDB monomer 50264844				affinity_type=IC50;affinity=1.3;pmid=28284871;doi=10.1016/j.bmc.2017.02.047	evidence_only
core	TRPV4	UP	BindingDB	BindingDB monomer 50264857				affinity_type=IC50;affinity=2.6;pmid=28284871;doi=10.1016/j.bmc.2017.02.047	evidence_only
core	TRPV4	UP	BindingDB	BindingDB monomer 50264858				affinity_type=IC50;affinity=0.310000;pmid=28284871;doi=10.1016/j.bmc.2017.02.047	evidence_only
core	TRPV4	UP	BindingDB	BindingDB monomer 50264859				affinity_type=IC50;affinity=0.390000;pmid=28284871;doi=10.1016/j.bmc.2017.02.047	evidence_only
core	TRPV4	UP	BindingDB	BindingDB monomer 50264860				affinity_type=IC50;affinity=4.2;pmid=28284871;doi=10.1016/j.bmc.2017.02.047	evidence_only
core	TRPV4	UP	BindingDB	BindingDB monomer 50256228				affinity_type=IC50;affinity=0.290000;pmid=28284871;doi=10.1016/j.bmc.2017.02.047	evidence_only
core	TRPV4	UP	BindingDB	BindingDB monomer 50256229				affinity_type=IC50;affinity=2.0;pmid=28284871;doi=10.1016/j.bmc.2017.02.047	evidence_only
core	TRPV4	UP	BindingDB	BindingDB monomer 50256211				affinity_type=IC50;affinity=1.8;pmid=28284871;doi=10.1016/j.bmc.2017.02.047	evidence_only
core	TRPV4	UP	BindingDB	BindingDB monomer 50264868				affinity_type=IC50;affinity=3.7;pmid=28284871;doi=10.1016/j.bmc.2017.02.047	evidence_only
core	TRPV4	UP	BindingDB	BindingDB monomer 50264857				affinity_type=IC50;affinity=0.710000;pmid=28284871;doi=10.1016/j.bmc.2017.02.047	evidence_only
core	TRPV4	UP	BindingDB	BindingDB monomer 50318463				affinity_type=IC50;affinity=>10000;pmid=20356305;doi=10.1021/jm100062h	evidence_only
core	TRPV4	UP	BindingDB	BindingDB monomer 50426532				affinity_type=IC50;affinity=3.2;pmid=24900661;doi=10.1021/ml300449k	evidence_only
core	TRPV4	UP	BindingDB	BindingDB monomer 50426531				affinity_type=IC50;affinity=32;pmid=24900661;doi=10.1021/ml300449k	evidence_only
core	TRPV4	UP	BindingDB	BindingDB monomer 50426533				affinity_type=IC50;affinity=>10000;pmid=24900661;doi=10.1021/ml300449k	evidence_only
core	TRPV4	UP	BindingDB	BindingDB monomer 50426534				affinity_type=IC50;affinity=16;pmid=24900661;doi=10.1021/ml300449k	evidence_only
core	TRPV4	UP	BindingDB	BindingDB monomer 50426535				affinity_type=IC50;affinity=13;pmid=24900661;doi=10.1021/ml300449k	evidence_only
core	TRPV4	UP	BindingDB	BindingDB monomer 50426536				affinity_type=IC50;affinity=32;pmid=24900661;doi=10.1021/ml300449k	evidence_only
core	TRPV4	UP	BindingDB	BindingDB monomer 50426537				affinity_type=IC50;affinity=50;pmid=24900661;doi=10.1021/ml300449k	evidence_only
core	TRPV4	UP	BindingDB	BindingDB monomer 50426538				affinity_type=IC50;affinity=126;pmid=24900661;doi=10.1021/ml300449k	evidence_only
core	TRPV4	UP	BindingDB	BindingDB monomer 50426539				affinity_type=IC50;affinity=126;pmid=24900661;doi=10.1021/ml300449k	evidence_only
core	TRPV4	UP	BindingDB	BindingDB monomer 50426540				affinity_type=IC50;affinity=1260;pmid=24900661;doi=10.1021/ml300449k	evidence_only
core	TRPV4	UP	BindingDB	BindingDB monomer 50426541				affinity_type=IC50;affinity=2510;pmid=24900661;doi=10.1021/ml300449k	evidence_only
core	TRPV4	UP	BindingDB	BindingDB monomer 50426542				affinity_type=IC50;affinity=200;pmid=24900661;doi=10.1021/ml300449k	evidence_only
core	TRPV4	UP	BindingDB	BindingDB monomer 50426543				affinity_type=IC50;affinity=5010;pmid=24900661;doi=10.1021/ml300449k	evidence_only
core	TRPV4	UP	BindingDB	BindingDB monomer 50426544				affinity_type=IC50;affinity=631;pmid=24900661;doi=10.1021/ml300449k	evidence_only
core	TRPV4	UP	BindingDB	BindingDB monomer 50426545				affinity_type=IC50;affinity=1000;pmid=24900661;doi=10.1021/ml300449k	evidence_only
core	TRPV4	UP	BindingDB	BindingDB monomer 50426546				affinity_type=IC50;affinity=3980;pmid=24900661;doi=10.1021/ml300449k	evidence_only
core	TRPV4	UP	BindingDB	BindingDB monomer 50426575				affinity_type=IC50;affinity=2300;pmid=23121096;doi=10.1021/jm3011433	evidence_only
core	TRPV4	UP	BindingDB	BindingDB monomer 50439221				affinity_type=IC50;affinity=6300;pmid=23886683;doi=10.1016/j.bmcl.2013.06.047	evidence_only
core	TRPV4	UP	BindingDB	BindingDB monomer 50450499				affinity_type=IC50;affinity=100;pmid=30335378;doi=10.1021/acs.jmedchem.8b01317	evidence_only
core	TRPV4	UP	BindingDB	BindingDB monomer 50450501				affinity_type=IC50;affinity=200;pmid=30335378;doi=10.1021/acs.jmedchem.8b01317	evidence_only
core	TRPV4	UP	BindingDB	BindingDB monomer 50450502				affinity_type=IC50;affinity=130;pmid=30335378;doi=10.1021/acs.jmedchem.8b01317	evidence_only
core	TRPV4	UP	BindingDB	BindingDB monomer 50450503				affinity_type=IC50;affinity=50;pmid=30335378;doi=10.1021/acs.jmedchem.8b01317	evidence_only
core	TRPV4	UP	BindingDB	BindingDB monomer 50450504				affinity_type=IC50;affinity=6300;pmid=30335378;doi=10.1021/acs.jmedchem.8b01317	evidence_only
core	TRPV4	UP	BindingDB	BindingDB monomer 50450500				affinity_type=IC50;affinity=2.5;pmid=30335378;doi=10.1021/acs.jmedchem.8b01317	evidence_only
core	TRPV4	UP	BindingDB	BindingDB monomer 50450505				affinity_type=IC50;affinity=150;pmid=30335378;doi=10.1021/acs.jmedchem.8b01317	evidence_only
core	TRPV4	UP	BindingDB	BindingDB monomer 50450506				affinity_type=IC50;affinity=1500;pmid=30335378;doi=10.1021/acs.jmedchem.8b01317	evidence_only
core	TRPV4	UP	BindingDB	BindingDB monomer 50450507				affinity_type=IC50;affinity=1000;pmid=30335378;doi=10.1021/acs.jmedchem.8b01317	evidence_only
core	TRPV4	UP	BindingDB	BindingDB monomer 50450508				affinity_type=IC50;affinity=150;pmid=30335378;doi=10.1021/acs.jmedchem.8b01317	evidence_only
core	TRPV4	UP	BindingDB	BindingDB monomer 50450509				affinity_type=IC50;affinity=100;pmid=30335378;doi=10.1021/acs.jmedchem.8b01317	evidence_only
core	TRPV4	UP	BindingDB	BindingDB monomer 50450510				affinity_type=IC50;affinity=320;pmid=30335378;doi=10.1021/acs.jmedchem.8b01317	evidence_only
core	TRPV4	UP	BindingDB	BindingDB monomer 50450511				affinity_type=IC50;affinity=50;pmid=30335378;doi=10.1021/acs.jmedchem.8b01317	evidence_only
core	TRPV4	UP	BindingDB	BindingDB monomer 50450512				affinity_type=IC50;affinity=40;pmid=30335378;doi=10.1021/acs.jmedchem.8b01317	evidence_only
core	TRPV4	UP	BindingDB	BindingDB monomer 50450500				affinity_type=IC50;affinity=2.50;pmid=30335378;doi=10.1021/acs.jmedchem.8b01317	evidence_only
core	TRPV4	UP	BindingDB	BindingDB monomer 50450513				affinity_type=IC50;affinity=1.000000;pmid=30335378;doi=10.1021/acs.jmedchem.8b01317	evidence_only
core	TRPV4	UP	BindingDB	BindingDB monomer 50502624				affinity_type=IC50;affinity=5200;pmid=31413810;doi=10.1021/acsmedchemlett.9b00274	evidence_only
core	TRPV4	UP	BindingDB	BindingDB monomer 50502625				affinity_type=IC50;affinity=340;pmid=31413810;doi=10.1021/acsmedchemlett.9b00274	evidence_only
core	TRPV4	UP	BindingDB	BindingDB monomer 50502626				affinity_type=IC50;affinity=1.5;pmid=31413810;doi=10.1021/acsmedchemlett.9b00274	evidence_only
core	TRPV4	UP	BindingDB	BindingDB monomer 50502628				affinity_type=IC50;affinity=0.500000;pmid=31413810;doi=10.1021/acsmedchemlett.9b00274	evidence_only
core	TRPV4	UP	BindingDB	BindingDB monomer 50502629				affinity_type=IC50;affinity=1900;pmid=31413810;doi=10.1021/acsmedchemlett.9b00274	evidence_only
core	TRPV4	UP	BindingDB	BindingDB monomer 50502630				affinity_type=IC50;affinity=140;pmid=31413810;doi=10.1021/acsmedchemlett.9b00274	evidence_only
core	TRPV4	UP	BindingDB	BindingDB monomer 50502631				affinity_type=IC50;affinity=74;pmid=31413810;doi=10.1021/acsmedchemlett.9b00274	evidence_only
core	TRPV4	UP	BindingDB	BindingDB monomer 50502632				affinity_type=IC50;affinity=63;pmid=31413810;doi=10.1021/acsmedchemlett.9b00274	evidence_only
core	TRPV4	UP	BindingDB	BindingDB monomer 50502633				affinity_type=IC50;affinity=540;pmid=31413810;doi=10.1021/acsmedchemlett.9b00274	evidence_only
core	TRPV4	UP	BindingDB	BindingDB monomer 50502634				affinity_type=IC50;affinity=310;pmid=31413810;doi=10.1021/acsmedchemlett.9b00274	evidence_only
core	TRPV4	UP	BindingDB	BindingDB monomer 50502635				affinity_type=IC50;affinity=1.2;pmid=31413810;doi=10.1021/acsmedchemlett.9b00274	evidence_only
core	TRPV4	UP	BindingDB	BindingDB monomer 50502636				affinity_type=IC50;affinity=3.1;pmid=31413810;doi=10.1021/acsmedchemlett.9b00274	evidence_only
core	TRPV4	UP	BindingDB	BindingDB monomer 50502637				affinity_type=IC50;affinity=4.2;pmid=31413810;doi=10.1021/acsmedchemlett.9b00274	evidence_only
core	TRPV4	UP	BindingDB	BindingDB monomer 50502638				affinity_type=IC50;affinity=14;pmid=31413810;doi=10.1021/acsmedchemlett.9b00274	evidence_only
core	TRPV4	UP	BindingDB	BindingDB monomer 50502639				affinity_type=IC50;affinity=60;pmid=31413810;doi=10.1021/acsmedchemlett.9b00274	evidence_only
core	TRPV4	UP	BindingDB	BindingDB monomer 50502640				affinity_type=IC50;affinity=1.8;pmid=31413810;doi=10.1021/acsmedchemlett.9b00274	evidence_only
core	TRPV4	UP	BindingDB	BindingDB monomer 50502641				affinity_type=IC50;affinity=49;pmid=31413810;doi=10.1021/acsmedchemlett.9b00274	evidence_only
core	TRPV4	UP	BindingDB	BindingDB monomer 50502642				affinity_type=IC50;affinity=5.2;pmid=31413810;doi=10.1021/acsmedchemlett.9b00274	evidence_only
core	TRPV4	UP	BindingDB	BindingDB monomer 50502643				affinity_type=IC50;affinity=1.7;pmid=31413810;doi=10.1021/acsmedchemlett.9b00274	evidence_only
core	TRPV4	UP	BindingDB	BindingDB monomer 50502644				affinity_type=IC50;affinity=820;pmid=31413810;doi=10.1021/acsmedchemlett.9b00274	evidence_only
core	TRPV4	UP	BindingDB	BindingDB monomer 50502645				affinity_type=IC50;affinity=240;pmid=31413810;doi=10.1021/acsmedchemlett.9b00274	evidence_only
core	TRPV4	UP	BindingDB	BindingDB monomer 50502646				affinity_type=IC50;affinity=5.2;pmid=31413810;doi=10.1021/acsmedchemlett.9b00274	evidence_only
core	TRPV4	UP	BindingDB	BindingDB monomer 50502647				affinity_type=IC50;affinity=60;pmid=31413810;doi=10.1021/acsmedchemlett.9b00274	evidence_only
core	TRPV4	UP	BindingDB	BindingDB monomer 50502648				affinity_type=IC50;affinity=1.2;pmid=31413810;doi=10.1021/acsmedchemlett.9b00274	evidence_only
core	TRPV4	UP	BindingDB	BindingDB monomer 50502649				affinity_type=IC50;affinity=1.6;pmid=31413810;doi=10.1021/acsmedchemlett.9b00274	evidence_only
core	TRPV4	UP	BindingDB	BindingDB monomer 50502650				affinity_type=IC50;affinity=16;pmid=31413810;doi=10.1021/acsmedchemlett.9b00274	evidence_only
core	TRPV4	UP	BindingDB	BindingDB monomer 50502651				affinity_type=IC50;affinity=96;pmid=31413810;doi=10.1021/acsmedchemlett.9b00274	evidence_only
core	TRPV4	UP	BindingDB	BindingDB monomer 50502652				affinity_type=IC50;affinity=48;pmid=31413810;doi=10.1021/acsmedchemlett.9b00274	evidence_only
core	TRPV4	UP	BindingDB	BindingDB monomer 50502653				affinity_type=IC50;affinity=2.5;pmid=31413810;doi=10.1021/acsmedchemlett.9b00274	evidence_only
core	TRPV4	UP	BindingDB	BindingDB monomer 50505543				affinity_type=IC50;affinity=3.8;pmid=31532662;doi=10.1021/acs.jmedchem.9b01247	evidence_only
core	TRPV4	UP	BindingDB	BindingDB monomer 50505545				affinity_type=IC50;affinity=53;pmid=31532662;doi=10.1021/acs.jmedchem.9b01247	evidence_only
core	TRPV4	UP	BindingDB	BindingDB monomer 50505546				affinity_type=IC50;affinity=8.0;pmid=31532662;doi=10.1021/acs.jmedchem.9b01247	evidence_only
core	TRPV4	UP	BindingDB	BindingDB monomer 50505547				affinity_type=IC50;affinity=100;pmid=31532662;doi=10.1021/acs.jmedchem.9b01247	evidence_only
core	TRPV4	UP	BindingDB	BindingDB monomer 50505548				affinity_type=IC50;affinity=34;pmid=31532662;doi=10.1021/acs.jmedchem.9b01247	evidence_only
core	TRPV4	UP	BindingDB	BindingDB monomer 50505549				affinity_type=IC50;affinity=3800;pmid=31532662;doi=10.1021/acs.jmedchem.9b01247	evidence_only
core	TRPV4	UP	BindingDB	BindingDB monomer 50505544				affinity_type=IC50;affinity=12;pmid=31532662;doi=10.1021/acs.jmedchem.9b01247	evidence_only
core	TRPV4	UP	BindingDB	BindingDB monomer 50232797				affinity_type=IC50;affinity=40;pmid=31532662;doi=10.1021/acs.jmedchem.9b01247	evidence_only
core	TRPV4	UP	BindingDB	BindingDB monomer 50505550				affinity_type=IC50;affinity=3.2;pmid=31532662;doi=10.1021/acs.jmedchem.9b01247	evidence_only
core	TRPV4	UP	BindingDB	BindingDB monomer 50426531				affinity_type=IC50;affinity=32;pmid=31532662;doi=10.1021/acs.jmedchem.9b01247	evidence_only
core	TRPV4	UP	BindingDB	BindingDB monomer 50502640				affinity_type=IC50;affinity=1.8;pmid=31532662;doi=10.1021/acs.jmedchem.9b01247	evidence_only
core	TRPV4	UP	BindingDB	BindingDB monomer 50505551				affinity_type=IC50;affinity=3.5;pmid=31532662;doi=10.1021/acs.jmedchem.9b01247	evidence_only
core	TRPV4	UP	BindingDB	BindingDB monomer 50505552				affinity_type=IC50;affinity=175;pmid=31532662;doi=10.1021/acs.jmedchem.9b01247	evidence_only
core	TRPV4	UP	BindingDB	BindingDB monomer 50505553				affinity_type=IC50;affinity=190;pmid=31532662;doi=10.1021/acs.jmedchem.9b01247	evidence_only
core	TRPV4	UP	BindingDB	BindingDB monomer 50450509				affinity_type=IC50;affinity=33;pmid=31532662;doi=10.1021/acs.jmedchem.9b01247	evidence_only
core	TRPV4	UP	BindingDB	BindingDB monomer 50521180				affinity_type=IC50;affinity=5.0;pmid=30500190;doi=10.1021/acs.jmedchem.8b01344	evidence_only
core	TRPV4	UP	BindingDB	BindingDB monomer 50232797				affinity_type=IC50;affinity=50;pmid=30500190;doi=10.1021/acs.jmedchem.8b01344	evidence_only
core	TRPV4	UP	BindingDB	BindingDB monomer 50521181				affinity_type=IC50;affinity=32;pmid=30500190;doi=10.1021/acs.jmedchem.8b01344	evidence_only
core	TRPV4	UP	BindingDB	BindingDB monomer 50521184				affinity_type=IC50;affinity=7.5;pmid=30500190;doi=10.1021/acs.jmedchem.8b01344	evidence_only
core	TRPV4	UP	BindingDB	BindingDB monomer 50521185				affinity_type=IC50;affinity=2.0;pmid=30500190;doi=10.1021/acs.jmedchem.8b01344	evidence_only
core	TRPV4	UP	BindingDB	BindingDB monomer 50521186				affinity_type=IC50;affinity=3.2;pmid=30500190;doi=10.1021/acs.jmedchem.8b01344	evidence_only
core	TRPV4	UP	BindingDB	BindingDB monomer 50521187				affinity_type=IC50;affinity=20;pmid=30500190;doi=10.1021/acs.jmedchem.8b01344	evidence_only
core	TRPV4	UP	BindingDB	BindingDB monomer 50521188				affinity_type=IC50;affinity=20;pmid=30500190;doi=10.1021/acs.jmedchem.8b01344	evidence_only
core	TRPV4	UP	BindingDB	BindingDB monomer 50521189				affinity_type=IC50;affinity=40;pmid=30500190;doi=10.1021/acs.jmedchem.8b01344	evidence_only
core	TRPV4	UP	BindingDB	BindingDB monomer 50521183				affinity_type=IC50;affinity=0.500000;pmid=30500190;doi=10.1021/acs.jmedchem.8b01344	evidence_only
core	TRPV4	UP	BindingDB	BindingDB monomer 50521190				affinity_type=IC50;affinity=1585;pmid=30500190;doi=10.1021/acs.jmedchem.8b01344	evidence_only
core	TRPV4	UP	BindingDB	BindingDB monomer 50521191				affinity_type=IC50;affinity=50;pmid=30500190;doi=10.1021/acs.jmedchem.8b01344	evidence_only
core	TRPV4	UP	BindingDB	BindingDB monomer 50521193				affinity_type=IC50;affinity=25;pmid=30500190;doi=10.1021/acs.jmedchem.8b01344	evidence_only
core	TRPV4	UP	BindingDB	BindingDB monomer 50521194				affinity_type=IC50;affinity=159;pmid=30500190;doi=10.1021/acs.jmedchem.8b01344	evidence_only
core	TRPV4	UP	BindingDB	BindingDB monomer 50521195				affinity_type=IC50;affinity=2.0;pmid=30500190;doi=10.1021/acs.jmedchem.8b01344	evidence_only
core	TRPV4	UP	BindingDB	BindingDB monomer 50521196				affinity_type=IC50;affinity=631;pmid=30500190;doi=10.1021/acs.jmedchem.8b01344	evidence_only
core	TRPV4	UP	BindingDB	BindingDB monomer 50521182				affinity_type=IC50;affinity=0.300000;pmid=30500190;doi=10.1021/acs.jmedchem.8b01344	evidence_only
core	TRPV4	UP	BindingDB	BindingDB monomer 50505550				affinity_type=IC50;affinity=3.2;pmid=30500190;doi=10.1021/acs.jmedchem.8b01344	evidence_only
core	TRPV4	UP	BindingDB	BindingDB monomer 50521192				affinity_type=IC50;affinity=0.500000;pmid=30500190;doi=10.1021/acs.jmedchem.8b01344	evidence_only
core	TRPV4	UP	BindingDB	BindingDB monomer 50505546				affinity_type=IC50;affinity=7.9;pmid=30500190;doi=10.1021/acs.jmedchem.8b01344	evidence_only
core	TRPV4	UP	BindingDB	BindingDB monomer 50521993				affinity_type=IC50;affinity=22;pmid=31327678;doi=10.1016/j.bmc.2019.05.041	evidence_only
core	TRPV4	UP	BindingDB	BindingDB monomer 50521994				affinity_type=IC50;affinity=11;pmid=31327678;doi=10.1016/j.bmc.2019.05.041	evidence_only
core	TRPV4	UP	BindingDB	BindingDB monomer 50521995				affinity_type=IC50;affinity=1.2;pmid=31327678;doi=10.1016/j.bmc.2019.05.041	evidence_only
core	TRPV4	UP	BindingDB	BindingDB monomer 50521996				affinity_type=IC50;affinity=0.850000;pmid=31327678;doi=10.1016/j.bmc.2019.05.041	evidence_only
core	TRPV4	UP	BindingDB	BindingDB monomer 50521997				affinity_type=IC50;affinity=310;pmid=31327678;doi=10.1016/j.bmc.2019.05.041	evidence_only
core	TRPV4	UP	BindingDB	BindingDB monomer 50521998				affinity_type=IC50;affinity=1700;pmid=31327678;doi=10.1016/j.bmc.2019.05.041	evidence_only
core	TRPV4	UP	BindingDB	BindingDB monomer 50521999				affinity_type=IC50;affinity=99;pmid=31327678;doi=10.1016/j.bmc.2019.05.041	evidence_only
core	TRPV4	UP	BindingDB	BindingDB monomer 50522000				affinity_type=IC50;affinity=86;pmid=31327678;doi=10.1016/j.bmc.2019.05.041	evidence_only
core	TRPV4	UP	BindingDB	BindingDB monomer 50522001				affinity_type=IC50;affinity=30;pmid=31327678;doi=10.1016/j.bmc.2019.05.041	evidence_only
core	TRPV4	UP	BindingDB	BindingDB monomer 50522002				affinity_type=IC50;affinity=15;pmid=31327678;doi=10.1016/j.bmc.2019.05.041	evidence_only
core	TRPV4	UP	BindingDB	BindingDB monomer 50522003				affinity_type=IC50;affinity=78;pmid=31327678;doi=10.1016/j.bmc.2019.05.041	evidence_only
core	TRPV4	UP	BindingDB	BindingDB monomer 50522004				affinity_type=IC50;affinity=81;pmid=31327678;doi=10.1016/j.bmc.2019.05.041	evidence_only
core	TRPV4	UP	BindingDB	BindingDB monomer 50522005				affinity_type=IC50;affinity=3600;pmid=31327678;doi=10.1016/j.bmc.2019.05.041	evidence_only
core	TRPV4	UP	BindingDB	BindingDB monomer 50522006				affinity_type=IC50;affinity=240;pmid=31327678;doi=10.1016/j.bmc.2019.05.041	evidence_only
core	TRPV4	UP	BindingDB	BindingDB monomer 50522007				affinity_type=IC50;affinity=84;pmid=31327678;doi=10.1016/j.bmc.2019.05.041	evidence_only
core	TRPV4	UP	BindingDB	BindingDB monomer 50522008				affinity_type=IC50;affinity=240;pmid=31327678;doi=10.1016/j.bmc.2019.05.041	evidence_only
core	TRPV4	UP	BindingDB	BindingDB monomer 50522009				affinity_type=IC50;affinity=1800;pmid=31327678;doi=10.1016/j.bmc.2019.05.041	evidence_only
core	TRPV4	UP	BindingDB	BindingDB monomer 50522010				affinity_type=IC50;affinity=144;pmid=31327678;doi=10.1016/j.bmc.2019.05.041	evidence_only
core	TRPV4	UP	BindingDB	BindingDB monomer 50522011				affinity_type=IC50;affinity=120;pmid=31327678;doi=10.1016/j.bmc.2019.05.041	evidence_only
core	TRPV4	UP	BindingDB	BindingDB monomer 50522012				affinity_type=IC50;affinity=11;pmid=31327678;doi=10.1016/j.bmc.2019.05.041	evidence_only
core	TRPV4	UP	BindingDB	BindingDB monomer 50522013				affinity_type=IC50;affinity=730;pmid=31327678;doi=10.1016/j.bmc.2019.05.041	evidence_only
core	TRPV4	UP	BindingDB	BindingDB monomer 50522014				affinity_type=IC50;affinity=1.9;pmid=31327678;doi=10.1016/j.bmc.2019.05.041	evidence_only
core	TRPV4	UP	BindingDB	BindingDB monomer 50522015				affinity_type=IC50;affinity=>10000;pmid=31327678;doi=10.1016/j.bmc.2019.05.041	evidence_only
core	TRPV4	UP	BindingDB	BindingDB monomer 50522016				affinity_type=IC50;affinity=51;pmid=31327678;doi=10.1016/j.bmc.2019.05.041	evidence_only
core	TRPV4	UP	BindingDB	BindingDB monomer 50522017				affinity_type=IC50;affinity=84;pmid=31327678;doi=10.1016/j.bmc.2019.05.041	evidence_only
core	TRPV4	UP	BindingDB	BindingDB monomer 50522018				affinity_type=IC50;affinity=880;pmid=31327678;doi=10.1016/j.bmc.2019.05.041	evidence_only
core	TRPV4	UP	BindingDB	BindingDB monomer 50522019				affinity_type=IC50;affinity=830;pmid=31327678;doi=10.1016/j.bmc.2019.05.041	evidence_only
core	TRPV4	UP	BindingDB	BindingDB monomer 50522020				affinity_type=IC50;affinity=290;pmid=31327678;doi=10.1016/j.bmc.2019.05.041	evidence_only
core	TRPV4	UP	BindingDB	BindingDB monomer 50522021				affinity_type=IC50;affinity=3.3;pmid=31327678;doi=10.1016/j.bmc.2019.05.041	evidence_only
core	TRPV4	UP	BindingDB	BindingDB monomer 50426575				affinity_type=IC50;affinity=2300;pmid=32063431;doi=10.1016/j.bmcl.2020.127022	evidence_only
core	TRPV4	UP	BindingDB	BindingDB monomer 50192821				affinity_type=IC50;affinity=48;pmid=32063431;doi=10.1016/j.bmcl.2020.127022	evidence_only
core	TRPV4	UP	BindingDB	BindingDB monomer 50232797				affinity_type=IC50;affinity=40;pmid=32063431;doi=10.1016/j.bmcl.2020.127022	evidence_only
core	TRPV4	UP	BindingDB	BindingDB monomer 50426531				affinity_type=IC50;affinity=32;pmid=32063431;doi=10.1016/j.bmcl.2020.127022	evidence_only
core	TRPV4	UP	BindingDB	BindingDB monomer 50450503				affinity_type=IC50;affinity=4.0;pmid=32063431;doi=10.1016/j.bmcl.2020.127022	evidence_only
core	TRPV4	UP	BindingDB	BindingDB monomer 50545037				affinity_type=IC50;affinity=51;pmid=32063431;doi=10.1016/j.bmcl.2020.127022	evidence_only
core	TRPV4	UP	BindingDB	BindingDB monomer 50450502				affinity_type=IC50;affinity=100;pmid=33201708;doi=10.1021/acs.jmedchem.0c01303	evidence_only
core	TRPV4	UP	BindingDB	BindingDB monomer 50554941				affinity_type=IC50;affinity=794;pmid=33201708;doi=10.1021/acs.jmedchem.0c01303	evidence_only
core	TRPV4	UP	BindingDB	BindingDB monomer 50554942				affinity_type=IC50;affinity=126;pmid=33201708;doi=10.1021/acs.jmedchem.0c01303	evidence_only
core	TRPV4	UP	BindingDB	BindingDB monomer 50554943				affinity_type=IC50;affinity=10000;pmid=33201708;doi=10.1021/acs.jmedchem.0c01303	evidence_only
core	TRPV4	UP	BindingDB	BindingDB monomer 50554944				affinity_type=IC50;affinity=2512;pmid=33201708;doi=10.1021/acs.jmedchem.0c01303	evidence_only
core	TRPV4	UP	BindingDB	BindingDB monomer 50554945				affinity_type=IC50;affinity=50;pmid=33201708;doi=10.1021/acs.jmedchem.0c01303	evidence_only
core	TRPV4	UP	BindingDB	BindingDB monomer 50554946				affinity_type=IC50;affinity=1000;pmid=33201708;doi=10.1021/acs.jmedchem.0c01303	evidence_only
core	TRPV4	UP	BindingDB	BindingDB monomer 50554948				affinity_type=IC50;affinity=1259;pmid=33201708;doi=10.1021/acs.jmedchem.0c01303	evidence_only
core	TRPV4	UP	BindingDB	BindingDB monomer 50554950				affinity_type=IC50;affinity=5012;pmid=33201708;doi=10.1021/acs.jmedchem.0c01303	evidence_only
core	TRPV4	UP	BindingDB	BindingDB monomer 50554951				affinity_type=IC50;affinity=631;pmid=33201708;doi=10.1021/acs.jmedchem.0c01303	evidence_only
core	TRPV4	UP	BindingDB	BindingDB monomer 50554952				affinity_type=IC50;affinity=794;pmid=33201708;doi=10.1021/acs.jmedchem.0c01303	evidence_only
core	TRPV4	UP	BindingDB	BindingDB monomer 50554953				affinity_type=IC50;affinity=7943;pmid=33201708;doi=10.1021/acs.jmedchem.0c01303	evidence_only
core	TRPV4	UP	BindingDB	BindingDB monomer 50554954				affinity_type=IC50;affinity=1000;pmid=33201708;doi=10.1021/acs.jmedchem.0c01303	evidence_only
core	TRPV4	UP	BindingDB	BindingDB monomer 50554955				affinity_type=IC50;affinity=1995;pmid=33201708;doi=10.1021/acs.jmedchem.0c01303	evidence_only
core	TRPV4	UP	BindingDB	BindingDB monomer 50554956				affinity_type=IC50;affinity=631;pmid=33201708;doi=10.1021/acs.jmedchem.0c01303	evidence_only
core	TRPV4	UP	BindingDB	BindingDB monomer 50554957				affinity_type=IC50;affinity=40;pmid=33201708;doi=10.1021/acs.jmedchem.0c01303	evidence_only
core	TRPV4	UP	BindingDB	BindingDB monomer 50554958				affinity_type=IC50;affinity=63;pmid=33201708;doi=10.1021/acs.jmedchem.0c01303	evidence_only
core	TRPV4	UP	BindingDB	BindingDB monomer 50554959				affinity_type=IC50;affinity=7.9;pmid=33201708;doi=10.1021/acs.jmedchem.0c01303	evidence_only
core	TRPV4	UP	BindingDB	BindingDB monomer 50554960				affinity_type=IC50;affinity=1.3;pmid=33201708;doi=10.1021/acs.jmedchem.0c01303	evidence_only
core	TRPV4	UP	BindingDB	BindingDB monomer 50554961				affinity_type=IC50;affinity=316;pmid=33201708;doi=10.1021/acs.jmedchem.0c01303	evidence_only
core	TRPV4	UP	BindingDB	BindingDB monomer 50554962				affinity_type=IC50;affinity=1585;pmid=33201708;doi=10.1021/acs.jmedchem.0c01303	evidence_only
core	TRPV4	UP	BindingDB	BindingDB monomer 50554963				affinity_type=IC50;affinity=200;pmid=33201708;doi=10.1021/acs.jmedchem.0c01303	evidence_only
core	TRPV4	UP	BindingDB	BindingDB monomer 50554964				affinity_type=IC50;affinity=63;pmid=33201708;doi=10.1021/acs.jmedchem.0c01303	evidence_only
core	TRPV4	UP	BindingDB	BindingDB monomer 50554965				affinity_type=IC50;affinity=2512;pmid=33201708;doi=10.1021/acs.jmedchem.0c01303	evidence_only
core	TRPV4	UP	BindingDB	BindingDB monomer 50554966				affinity_type=IC50;affinity=1000;pmid=33201708;doi=10.1021/acs.jmedchem.0c01303	evidence_only
core	TRPV4	UP	BindingDB	BindingDB monomer 50554969				affinity_type=IC50;affinity=6310;pmid=33201708;doi=10.1021/acs.jmedchem.0c01303	evidence_only
core	TRPV4	UP	BindingDB	BindingDB monomer 50554970				affinity_type=IC50;affinity=19;pmid=33201708;doi=10.1021/acs.jmedchem.0c01303	evidence_only
core	TRPV4	UP	BindingDB	BindingDB monomer 50554971				affinity_type=IC50;affinity=28;pmid=33201708;doi=10.1021/acs.jmedchem.0c01303	evidence_only
core	TRPV4	UP	BindingDB	BindingDB monomer 50554972				affinity_type=IC50;affinity=40;pmid=33201708;doi=10.1021/acs.jmedchem.0c01303	evidence_only
core	TRPV4	UP	BindingDB	BindingDB monomer 50554973				affinity_type=IC50;affinity=42;pmid=33201708;doi=10.1021/acs.jmedchem.0c01303	evidence_only
core	TRPV4	UP	BindingDB	BindingDB monomer 50554974				affinity_type=IC50;affinity=58;pmid=33201708;doi=10.1021/acs.jmedchem.0c01303	evidence_only
core	TRPV4	UP	BindingDB	BindingDB monomer 50192821				affinity_type=IC50;affinity=18;pmid=32690264;doi=10.1016/j.bmc.2020.115609	evidence_only
core	TRPV4	UP	BindingDB	BindingDB monomer 50426575				affinity_type=IC50;affinity=2300;pmid=32690264;doi=10.1016/j.bmc.2020.115609	evidence_only
core	TRPV4	UP	BindingDB	BindingDB monomer 50573263				affinity_type=IC50;affinity=56;pmid=34531959;doi=10.1021/acsmedchemlett.1c00406	evidence_only
core	TRPV4	UP	BindingDB	BindingDB monomer 50502640				affinity_type=IC50;affinity=2.0;pmid=34531959;doi=10.1021/acsmedchemlett.1c00406	evidence_only
core	TRPV4	UP	BindingDB	BindingDB monomer 50511105				affinity_type=IC50;affinity=3200;pmid=33356248;doi=10.7270/Q2057KWP	evidence_only
core	TRPV4	UP	BindingDB	BindingDB monomer 50532215				affinity_type=IC50;affinity=2900;pmid=33356248;doi=10.7270/Q2057KWP	evidence_only
core	TRPV4	UP	BindingDB	BindingDB monomer 50318487				affinity_type=IC50;affinity=1300;pmid=33356248;doi=10.7270/Q2057KWP	evidence_only
core	TRPV4	UP	BindingDB	BindingDB monomer 50061117				affinity_type=IC50;affinity=5400;pmid=33356248;doi=10.7270/Q2057KWP	evidence_only
core	TRPV4	UP	BindingDB	BindingDB monomer 50285610				affinity_type=IC50;affinity=4000;pmid=33356248;doi=10.7270/Q2057KWP	evidence_only
core	TRPV4	UP	BindingDB	BindingDB monomer 50318486				affinity_type=IC50;affinity=9900;pmid=33356248;doi=10.7270/Q2057KWP	evidence_only
core	TRPV4	UP	BindingDB	BindingDB monomer 50192821				affinity_type=IC50;affinity=203;pmid=36696767;doi=10.1016/j.ejmech.2023.115137	evidence_only
core	TRPV4	UP	BindingDB	BindingDB monomer 50623316				affinity_type=IC50;affinity=206;pmid=36696767;doi=10.1016/j.ejmech.2023.115137	evidence_only
core	TRPV4	UP	BindingDB	BindingDB monomer 50623317				affinity_type=IC50;affinity=182;pmid=36696767;doi=10.1016/j.ejmech.2023.115137	evidence_only
core	TRPV4	UP	BindingDB	BindingDB monomer 50623318				affinity_type=IC50;affinity=4700;pmid=36696767;doi=10.1016/j.ejmech.2023.115137	evidence_only
core	TRPV4	UP	BindingDB	BindingDB monomer 50623319				affinity_type=IC50;affinity=79;pmid=36696767;doi=10.1016/j.ejmech.2023.115137	evidence_only
core	TRPV4	UP	BindingDB	BindingDB monomer 50623320				affinity_type=IC50;affinity=23;pmid=36696767;doi=10.1016/j.ejmech.2023.115137	evidence_only
core	TRPV4	UP	BindingDB	BindingDB monomer 50623321				affinity_type=IC50;affinity=38;pmid=36696767;doi=10.1016/j.ejmech.2023.115137	evidence_only
core	TRPV4	UP	BindingDB	BindingDB monomer 50623322				affinity_type=IC50;affinity=4400;pmid=36696767;doi=10.1016/j.ejmech.2023.115137	evidence_only
core	TRPV4	UP	BindingDB	BindingDB monomer 50623323				affinity_type=IC50;affinity=879;pmid=36696767;doi=10.1016/j.ejmech.2023.115137	evidence_only
core	TRPV4	UP	BindingDB	BindingDB monomer 50623324				affinity_type=IC50;affinity=1400;pmid=36696767;doi=10.1016/j.ejmech.2023.115137	evidence_only
core	TRPV4	UP	BindingDB	BindingDB monomer 50623325				affinity_type=IC50;affinity=1300;pmid=36696767;doi=10.1016/j.ejmech.2023.115137	evidence_only
core	TRPV4	UP	BindingDB	BindingDB monomer 50192821				affinity_type=IC50;affinity=74;pmid=36696767;doi=10.1016/j.ejmech.2023.115137	evidence_only
core	TRPV4	UP	BindingDB	BindingDB monomer 50525957				affinity_type=IC50;affinity=122;pmid=36696767;doi=10.7270/Q21G0RNC	evidence_only
core	TRPV4	UP	BindingDB	BindingDB monomer 50232114				affinity_type=IC50;affinity=1.000000;pmid=36395649;doi=10.7270/Q2223076	evidence_only
core	TRPV4	UP	BindingDB	BindingDB monomer 50426574				affinity_type=EC50;affinity=770;pmid=23121096;doi=10.1021/jm3011433	evidence_only
core	TRPV4	UP	BindingDB	BindingDB monomer 50525942				affinity_type=EC50;affinity=663;pmid=30629441;doi=10.1021/acs.jmedchem.8b01615	evidence_only
core	TRPV4	UP	BindingDB	BindingDB monomer 50525943				affinity_type=EC50;affinity=4700;pmid=30629441;doi=10.1021/acs.jmedchem.8b01615	evidence_only
core	TRPV4	UP	BindingDB	BindingDB monomer 50525944				affinity_type=EC50;affinity=740;pmid=30629441;doi=10.1021/acs.jmedchem.8b01615	evidence_only
core	TRPV4	UP	BindingDB	BindingDB monomer 50525945				affinity_type=EC50;affinity=125;pmid=30629441;doi=10.1021/acs.jmedchem.8b01615	evidence_only
core	TRPV4	UP	BindingDB	BindingDB monomer 50525946				affinity_type=EC50;affinity=2060;pmid=30629441;doi=10.1021/acs.jmedchem.8b01615	evidence_only
core	TRPV4	UP	BindingDB	BindingDB monomer 50525947				affinity_type=EC50;affinity=280;pmid=30629441;doi=10.1021/acs.jmedchem.8b01615	evidence_only
core	TRPV4	UP	BindingDB	BindingDB monomer 50525948				affinity_type=EC50;affinity=910;pmid=30629441;doi=10.1021/acs.jmedchem.8b01615	evidence_only
core	TRPV4	UP	BindingDB	BindingDB monomer 50525949				affinity_type=EC50;affinity=10000;pmid=30629441;doi=10.1021/acs.jmedchem.8b01615	evidence_only
core	TRPV4	UP	BindingDB	BindingDB monomer 50525952				affinity_type=EC50;affinity=670;pmid=30629441;doi=10.1021/acs.jmedchem.8b01615	evidence_only
core	TRPV4	UP	BindingDB	BindingDB monomer 50525953				affinity_type=EC50;affinity=60;pmid=30629441;doi=10.1021/acs.jmedchem.8b01615	evidence_only
core	TRPV4	UP	BindingDB	BindingDB monomer 50525954				affinity_type=EC50;affinity=200;pmid=30629441;doi=10.1021/acs.jmedchem.8b01615	evidence_only
core	TRPV4	UP	BindingDB	BindingDB monomer 50525955				affinity_type=EC50;affinity=870;pmid=30629441;doi=10.1021/acs.jmedchem.8b01615	evidence_only
core	TRPV4	UP	BindingDB	BindingDB monomer 50525957				affinity_type=EC50;affinity=49;pmid=30629441;doi=10.1021/acs.jmedchem.8b01615	evidence_only
core	TRPV4	UP	BindingDB	BindingDB monomer 50525958				affinity_type=EC50;affinity=1180;pmid=30629441;doi=10.1021/acs.jmedchem.8b01615	evidence_only
core	TRPV4	UP	BindingDB	BindingDB monomer 50525959				affinity_type=EC50;affinity=1444;pmid=30629441;doi=10.1021/acs.jmedchem.8b01615	evidence_only
core	TRPV4	UP	BindingDB	BindingDB monomer 50525960				affinity_type=EC50;affinity=920;pmid=30629441;doi=10.1021/acs.jmedchem.8b01615	evidence_only
core	TRPV4	UP	BindingDB	BindingDB monomer 50511105				affinity_type=EC50;affinity=6400;pmid=33356248;doi=10.7270/Q2057KWP	evidence_only
core	TRPV4	UP	BindingDB	BindingDB monomer 50532215				affinity_type=EC50;affinity=900;pmid=33356248;doi=10.7270/Q2057KWP	evidence_only
core	TRPV4	UP	BindingDB	BindingDB monomer 50318487				affinity_type=EC50;affinity=5100;pmid=33356248;doi=10.7270/Q2057KWP	evidence_only
core	TRPV4	UP	BindingDB	BindingDB monomer 50285610				affinity_type=EC50;affinity=7300;pmid=33356248;doi=10.7270/Q2057KWP	evidence_only
core	TRPV4	UP	BindingDB	BindingDB monomer 50318486				affinity_type=EC50;affinity=600;pmid=33356248;doi=10.7270/Q2057KWP	evidence_only
core	TRPV4	UP	DGIdb	GSK2798745		inhibitor	False	conceptId=iuphar.ligand:12557;directionality=INHIBITORY	nominating
core	TRPV4	UP	DGIdb	RN1747		activator	False	conceptId=iuphar.ligand:4295;directionality=ACTIVATING	nominating
core	TRPV4	UP	DGIdb	HC067047		blocker	False	conceptId=iuphar.ligand:4213;directionality=INHIBITORY	nominating
core	TRPV4	UP	DGIdb	RN-9893		blocker	False	conceptId=iuphar.ligand:10304;directionality=INHIBITORY	nominating
core	TRPV4	UP	DGIdb	VILDAGLIPTIN		activator	True	conceptId=rxcui:596554;directionality=ACTIVATING	nominating
core	TRPV4	UP	DGIdb	LA3+		blocker	False	conceptId=iuphar.ligand:2434;directionality=INHIBITORY	nominating
core	TRPV4	UP	DGIdb	CIMIFUGIN		inhibitor	False	conceptId=iuphar.ligand:12555;directionality=INHIBITORY	nominating
core	TRPV4	UP	DGIdb	PROPOFOL		inhibitor	True	conceptId=rxcui:8782;directionality=INHIBITORY	nominating
core	TRPV4	UP	DGIdb	GD3+		blocker	False	conceptId=iuphar.ligand:2426;directionality=INHIBITORY	nominating
core	TRPV4	UP	DGIdb	PHORBOL 12-MYRISTATE 13-ACETATE		activator	False	conceptId=iuphar.ligand:2341;directionality=ACTIVATING	nominating
core	TRPV4	UP	DGIdb	BUTAMBEN PICRATE		inhibitor	True	conceptId=chembl:CHEMBL3142541;directionality=INHIBITORY	nominating
core	TRPV4	UP	DGIdb	ACETAMINOPHEN		inhibitor	True	conceptId=rxcui:161;directionality=INHIBITORY	nominating
core	TRPV4	UP	DGIdb	4&ALPHA;-PDD		activator	False	conceptId=iuphar.ligand:2500;directionality=ACTIVATING	nominating
core	TRPV4	UP	DGIdb	GSK-BZ DERIVATIVE 2B		inhibitor	False	conceptId=iuphar.ligand:12558;directionality=INHIBITORY	nominating
core	TRPV4	UP	DGIdb	GSK2193874		blocker	False	conceptId=iuphar.ligand:6465;directionality=INHIBITORY	nominating
core	TRPV4	UP	DGIdb	CHEMBL:CHEMBL120580			False	conceptId=chembl:CHEMBL120580;directionality=	nominating
core	TRPV4	UP	DGIdb	CURCUMIN		activator	False	conceptId=iuphar.ligand:7000;directionality=ACTIVATING	nominating
core	TRPV4	UP	DGIdb	GSK2798745			False	conceptId=drugbank:DB16033;directionality=	nominating
core	TRPV4	UP	DGIdb	NSC600684		blocker	False	conceptId=iuphar.ligand:11240;directionality=INHIBITORY	nominating
core	TRPV4	UP	DGIdb	QUINAZOLIN-4(3H) DERIVATIVE 36		activator	False	conceptId=iuphar.ligand:12554;directionality=ACTIVATING	nominating
core	TRPV4	UP	DGIdb	BUTAMBEN		inhibitor	True	conceptId=chembl:CHEMBL127516;directionality=INHIBITORY	nominating
core	TRPV4	UP	DGIdb	NSC151066		blocker	False	conceptId=iuphar.ligand:11238;directionality=INHIBITORY	nominating
core	TRPV4	UP	DGIdb	NSC212069		blocker	False	conceptId=iuphar.ligand:11239;directionality=INHIBITORY	nominating
core	TRPV4	UP	DGIdb	AM404		inhibitor	False	conceptId=iuphar.ligand:12556;directionality=INHIBITORY	nominating
core	TRPV4	UP	DGIdb	RN1734		blocker	False	conceptId=iuphar.ligand:4294;directionality=INHIBITORY	nominating
core	TRPV4	UP	DGIdb	PUERARIN		activator	False	conceptId=drugbank:DB12290;directionality=ACTIVATING	nominating
core	TRPV4	UP	DGIdb	GSK1016790A		activator	False	conceptId=iuphar.ligand:4205;directionality=ACTIVATING	nominating
core	ME1	UP	BindingDB	BindingDB monomer 50177175				affinity_type=IC50;affinity=450;pmid=16288866;doi=10.1016/j.bmcl.2005.10.065	evidence_only
core	ME1	UP	BindingDB	BindingDB monomer 50177177				affinity_type=IC50;affinity=3150;pmid=16288866;doi=10.1016/j.bmcl.2005.10.065	evidence_only
core	ME1	UP	BindingDB	BindingDB monomer 50177178				affinity_type=IC50;affinity=10000;pmid=16288866;doi=10.1016/j.bmcl.2005.10.065	evidence_only
core	ME1	UP	BindingDB	BindingDB monomer 50177180				affinity_type=IC50;affinity=150;pmid=16288866;doi=10.1016/j.bmcl.2005.10.065	evidence_only
core	ME1	UP	BindingDB	BindingDB monomer 50177179				affinity_type=IC50;affinity=10000;pmid=16288866;doi=10.1016/j.bmcl.2005.10.065	evidence_only
core	ME1	UP	BindingDB	BindingDB monomer 50177184				affinity_type=IC50;affinity=560;pmid=16288866;doi=10.1016/j.bmcl.2005.10.065	evidence_only
core	ME1	UP	BindingDB	BindingDB monomer 50177180				affinity_type=IC50;affinity=220;pmid=36655126;doi=10.7270/Q2377DW7	evidence_only
core	ME1	UP	BindingDB	BindingDB monomer 50405798				affinity_type=IC50;affinity=940;pmid=36655126;doi=10.7270/Q2377DW7	evidence_only
core	ME1	UP	BindingDB	BindingDB monomer 50405800				affinity_type=IC50;affinity=220;pmid=36655126;doi=10.7270/Q2377DW7	evidence_only
core	ME1	UP	BindingDB	BindingDB monomer 50405801				affinity_type=IC50;affinity=340;pmid=36655126;doi=10.7270/Q2377DW7	evidence_only
core	ME1	UP	BindingDB	BindingDB monomer 50405802				affinity_type=IC50;affinity=200;pmid=36655126;doi=10.7270/Q2377DW7	evidence_only
core	ME1	UP	BindingDB	BindingDB monomer 50405803				affinity_type=IC50;affinity=180;pmid=36655126;doi=10.7270/Q2377DW7	evidence_only
core	ME1	UP	BindingDB	BindingDB monomer 50405804				affinity_type=IC50;affinity=630;pmid=36655126;doi=10.7270/Q2377DW7	evidence_only
core	ME1	UP	BindingDB	BindingDB monomer 50405805				affinity_type=IC50;affinity=270;pmid=36655126;doi=10.7270/Q2377DW7	evidence_only
core	ME1	UP	BindingDB	BindingDB monomer 50405806				affinity_type=IC50;affinity=170;pmid=36655126;doi=10.7270/Q2377DW7	evidence_only
core	ME1	UP	BindingDB	BindingDB monomer 50405807				affinity_type=IC50;affinity=180;pmid=36655126;doi=10.7270/Q2377DW7	evidence_only
core	ME1	UP	BindingDB	BindingDB monomer 50405808				affinity_type=IC50;affinity=150;pmid=36655126;doi=10.7270/Q2377DW7	evidence_only
core	ME1	UP	BindingDB	BindingDB monomer 50405809				affinity_type=IC50;affinity=210;pmid=36655126;doi=10.7270/Q2377DW7	evidence_only
core	ME1	UP	BindingDB	BindingDB monomer 50405810				affinity_type=IC50;affinity=420;pmid=36655126;doi=10.7270/Q2377DW7	evidence_only
core	ME1	UP	BindingDB	BindingDB monomer 50405811				affinity_type=IC50;affinity=150;pmid=36655126;doi=10.7270/Q2377DW7	evidence_only
core	ME1	UP	BindingDB	BindingDB monomer 50405812				affinity_type=IC50;affinity=1500;pmid=36655126;doi=10.7270/Q2377DW7	evidence_only
core	ME1	UP	BindingDB	BindingDB monomer 50405815				affinity_type=IC50;affinity=1600;pmid=36655126;doi=10.7270/Q2377DW7	evidence_only
core	ME1	UP	BindingDB	BindingDB monomer 50405816				affinity_type=IC50;affinity=1310;pmid=36655126;doi=10.7270/Q2377DW7	evidence_only
core	ME1	UP	BindingDB	BindingDB monomer 50405817				affinity_type=IC50;affinity=2370;pmid=36655126;doi=10.7270/Q2377DW7	evidence_only
core	ME1	UP	BindingDB	BindingDB monomer 50405818				affinity_type=IC50;affinity=1020;pmid=36655126;doi=10.7270/Q2377DW7	evidence_only
core	ME1	UP	BindingDB	BindingDB monomer 50405819				affinity_type=IC50;affinity=1740;pmid=36655126;doi=10.7270/Q2377DW7	evidence_only
core	ME1	UP	BindingDB	BindingDB monomer 50405820				affinity_type=IC50;affinity=1900;pmid=36655126;doi=10.7270/Q2377DW7	evidence_only
core	ME1	UP	BindingDB	BindingDB monomer 50405821				affinity_type=IC50;affinity=3500;pmid=36655126;doi=10.7270/Q2377DW7	evidence_only
core	ME1	UP	BindingDB	BindingDB monomer 50405822				affinity_type=IC50;affinity=1300;pmid=36655126;doi=10.7270/Q2377DW7	evidence_only
core	ME1	UP	BindingDB	BindingDB monomer 50405823				affinity_type=IC50;affinity=1500;pmid=36655126;doi=10.7270/Q2377DW7	evidence_only
core	ME1	UP	BindingDB	BindingDB monomer 50405824				affinity_type=IC50;affinity=1320;pmid=36655126;doi=10.7270/Q2377DW7	evidence_only
core	ME1	UP	BindingDB	BindingDB monomer 50405825				affinity_type=IC50;affinity=1200;pmid=36655126;doi=10.7270/Q2377DW7	evidence_only
core	ME1	UP	BindingDB	BindingDB monomer 50405826				affinity_type=IC50;affinity=1800;pmid=36655126;doi=10.7270/Q2377DW7	evidence_only
core	IGFBP2	DOWN	BindingDB	BindingDB monomer 50106432				affinity_type=Ki;affinity=17;pmid=11689087;doi=10.1021/jm010304b	evidence_only
core	IGFBP2	DOWN	BindingDB	BindingDB monomer 50106431				affinity_type=Ki;affinity=2.1;pmid=11689087;doi=10.1021/jm010304b	evidence_only
core	IGFBP2	DOWN	DGIdb	PELAREOREP		inhibitor	False	conceptId=chembl:CHEMBL3545069;directionality=INHIBITORY	nominating
signature	OAT	DOWN	BindingDB	BindingDB monomer 50199989				affinity_type=Ki;affinity=4.2;pmid=26288681;doi=10.1021/acsmedchemlett.5b00153	evidence_only
signature	OAT	DOWN	BindingDB	BindingDB monomer 50121376				affinity_type=Ki;affinity=2.1;pmid=26288681;doi=10.1021/acsmedchemlett.5b00153	evidence_only
signature	OAT	DOWN	DGIdb	GABACULINE			False	conceptId=chembl:CHEMBL1232972;directionality=	nominating
signature	ERICH3	DOWN	DGIdb	ANTIDEPRESSANT AGENT			False	conceptId=ncit:C265;directionality=	nominating
signature	ERICH3	DOWN	DGIdb	CITALOPRAM			True	conceptId=rxcui:2556;directionality=	nominating
signature	ERICH3	DOWN	DGIdb	SEROTONIN			False	conceptId=rxcui:1311214;directionality=	nominating
signature	CXXC4	DOWN	BindingDB	BindingDB monomer 50594520				affinity_type=IC50;affinity=4000;pmid=35978680;doi=10.7270/Q2930Z58	evidence_only
signature	CXXC4	DOWN	BindingDB	BindingDB monomer 50594525				affinity_type=IC50;affinity=1200;pmid=35978680;doi=10.7270/Q2930Z58	evidence_only
signature	CXXC4	DOWN	BindingDB	BindingDB monomer 50594527				affinity_type=IC50;affinity=2400;pmid=35978680;doi=10.7270/Q2930Z58	evidence_only
signature	CXXC4	DOWN	BindingDB	BindingDB monomer 50594528				affinity_type=IC50;affinity=8300;pmid=35978680;doi=10.7270/Q2930Z58	evidence_only
signature	CXXC4	DOWN	BindingDB	BindingDB monomer 50594529				affinity_type=IC50;affinity=8900;pmid=35978680;doi=10.7270/Q2930Z58	evidence_only
signature	CXXC4	DOWN	BindingDB	BindingDB monomer 50594530				affinity_type=IC50;affinity=2200;pmid=35978680;doi=10.7270/Q2930Z58	evidence_only
signature	GPR88	DOWN	BindingDB	BindingDB monomer 50554975				affinity_type=Ki;affinity=224;pmid=36587872;doi=10.7270/Q28D01HC	evidence_only
signature	GPR88	DOWN	BindingDB	BindingDB monomer 50065915				affinity_type=Ki;affinity=277;pmid=36587872;doi=10.7270/Q28D01HC	evidence_only
signature	GPR88	DOWN	BindingDB	BindingDB monomer 50610306				affinity_type=Ki;affinity=487;pmid=36587872;doi=10.7270/Q28D01HC	evidence_only
signature	GPR88	DOWN	BindingDB	BindingDB monomer 50064751				affinity_type=Ki;affinity=219;pmid=36587872;doi=10.7270/Q28D01HC	evidence_only
signature	GPR88	DOWN	BindingDB	BindingDB monomer 50064645				affinity_type=Ki;affinity=612;pmid=36587872;doi=10.7270/Q28D01HC	evidence_only
signature	GPR88	DOWN	BindingDB	BindingDB monomer 50554975				affinity_type=Kd;affinity=85;pmid=36587872;doi=10.7270/Q28D01HC	evidence_only
signature	GPR88	DOWN	BindingDB	BindingDB monomer 50064641				affinity_type=EC50;affinity=6000;pmid=25690789;doi=10.1016/j.bmcl.2015.01.036	evidence_only
signature	GPR88	DOWN	BindingDB	BindingDB monomer 50064642				affinity_type=EC50;affinity=93;pmid=25690789;doi=10.1016/j.bmcl.2015.01.036	evidence_only
signature	GPR88	DOWN	BindingDB	BindingDB monomer 50064643				affinity_type=EC50;affinity=500;pmid=25690789;doi=10.1016/j.bmcl.2015.01.036	evidence_only
signature	GPR88	DOWN	BindingDB	BindingDB monomer 50064644				affinity_type=EC50;affinity=190;pmid=25690789;doi=10.1016/j.bmcl.2015.01.036	evidence_only
signature	GPR88	DOWN	BindingDB	BindingDB monomer 50064645				affinity_type=EC50;affinity=110;pmid=25690789;doi=10.1016/j.bmcl.2015.01.036	evidence_only
signature	GPR88	DOWN	BindingDB	BindingDB monomer 50064646				affinity_type=EC50;affinity=>10000;pmid=25690789;doi=10.1016/j.bmcl.2015.01.036	evidence_only
signature	GPR88	DOWN	BindingDB	BindingDB monomer 50064647				affinity_type=EC50;affinity=>10000;pmid=25690789;doi=10.1016/j.bmcl.2015.01.036	evidence_only
signature	GPR88	DOWN	BindingDB	BindingDB monomer 50064648				affinity_type=EC50;affinity=>10000;pmid=25690789;doi=10.1016/j.bmcl.2015.01.036	evidence_only
signature	GPR88	DOWN	BindingDB	BindingDB monomer 50064649				affinity_type=EC50;affinity=110;pmid=25690789;doi=10.1016/j.bmcl.2015.01.036	evidence_only
signature	GPR88	DOWN	BindingDB	BindingDB monomer 50064650				affinity_type=EC50;affinity=730;pmid=25690789;doi=10.1016/j.bmcl.2015.01.036	evidence_only
signature	GPR88	DOWN	BindingDB	BindingDB monomer 50064744				affinity_type=EC50;affinity=170;pmid=25690789;doi=10.1016/j.bmcl.2015.01.036	evidence_only
signature	GPR88	DOWN	BindingDB	BindingDB monomer 50064745				affinity_type=EC50;affinity=>10000;pmid=25690789;doi=10.1016/j.bmcl.2015.01.036	evidence_only
signature	GPR88	DOWN	BindingDB	BindingDB monomer 50064746				affinity_type=EC50;affinity=810;pmid=25690789;doi=10.1016/j.bmcl.2015.01.036	evidence_only
signature	GPR88	DOWN	BindingDB	BindingDB monomer 50064747				affinity_type=EC50;affinity=120;pmid=25690789;doi=10.1016/j.bmcl.2015.01.036	evidence_only
signature	GPR88	DOWN	BindingDB	BindingDB monomer 50064748				affinity_type=EC50;affinity=860;pmid=25690789;doi=10.1016/j.bmcl.2015.01.036	evidence_only
signature	GPR88	DOWN	BindingDB	BindingDB monomer 50064749				affinity_type=EC50;affinity=1500;pmid=25690789;doi=10.1016/j.bmcl.2015.01.036	evidence_only
signature	GPR88	DOWN	BindingDB	BindingDB monomer 50064750				affinity_type=EC50;affinity=270;pmid=25690789;doi=10.1016/j.bmcl.2015.01.036	evidence_only
signature	GPR88	DOWN	BindingDB	BindingDB monomer 50064751				affinity_type=EC50;affinity=110;pmid=25690789;doi=10.1016/j.bmcl.2015.01.036	evidence_only
signature	GPR88	DOWN	BindingDB	BindingDB monomer 50064752				affinity_type=EC50;affinity=29;pmid=25690789;doi=10.1016/j.bmcl.2015.01.036	evidence_only
signature	GPR88	DOWN	BindingDB	BindingDB monomer 50064753				affinity_type=EC50;affinity=90;pmid=25690789;doi=10.1016/j.bmcl.2015.01.036	evidence_only
signature	GPR88	DOWN	BindingDB	BindingDB monomer 50064754				affinity_type=EC50;affinity=91;pmid=25690789;doi=10.1016/j.bmcl.2015.01.036	evidence_only
signature	GPR88	DOWN	BindingDB	BindingDB monomer 50064755				affinity_type=EC50;affinity=570;pmid=25690789;doi=10.1016/j.bmcl.2015.01.036	evidence_only
signature	GPR88	DOWN	BindingDB	BindingDB monomer 50064756				affinity_type=EC50;affinity=160;pmid=25690789;doi=10.1016/j.bmcl.2015.01.036	evidence_only
signature	GPR88	DOWN	BindingDB	BindingDB monomer 50064757				affinity_type=EC50;affinity=460;pmid=25690789;doi=10.1016/j.bmcl.2015.01.036	evidence_only
signature	GPR88	DOWN	BindingDB	BindingDB monomer 50064758				affinity_type=EC50;affinity=190;pmid=25690789;doi=10.1016/j.bmcl.2015.01.036	evidence_only
signature	GPR88	DOWN	BindingDB	BindingDB monomer 50064759				affinity_type=EC50;affinity=170;pmid=25690789;doi=10.1016/j.bmcl.2015.01.036	evidence_only
signature	GPR88	DOWN	BindingDB	BindingDB monomer 50064760				affinity_type=EC50;affinity=260;pmid=25690789;doi=10.1016/j.bmcl.2015.01.036	evidence_only
signature	GPR88	DOWN	BindingDB	BindingDB monomer 50064761				affinity_type=EC50;affinity=410;pmid=25690789;doi=10.1016/j.bmcl.2015.01.036	evidence_only
signature	GPR88	DOWN	BindingDB	BindingDB monomer 50064762				affinity_type=EC50;affinity=690;pmid=25690789;doi=10.1016/j.bmcl.2015.01.036	evidence_only
signature	GPR88	DOWN	BindingDB	BindingDB monomer 50064763				affinity_type=EC50;affinity=>10000;pmid=25690789;doi=10.1016/j.bmcl.2015.01.036	evidence_only
signature	GPR88	DOWN	BindingDB	BindingDB monomer 50064764				affinity_type=EC50;affinity=>10000;pmid=25690789;doi=10.1016/j.bmcl.2015.01.036	evidence_only
signature	GPR88	DOWN	BindingDB	BindingDB monomer 50064768				affinity_type=EC50;affinity=2500;pmid=25690789;doi=10.1016/j.bmcl.2015.01.036	evidence_only
signature	GPR88	DOWN	BindingDB	BindingDB monomer 50064642				affinity_type=EC50;affinity=240;pmid=25690789;doi=10.1016/j.bmcl.2015.01.036	evidence_only
signature	GPR88	DOWN	BindingDB	BindingDB monomer 50065698				affinity_type=EC50;affinity=330;pmid=25754495;doi=10.1016/j.bmcl.2015.02.038	evidence_only
signature	GPR88	DOWN	BindingDB	BindingDB monomer 50065699				affinity_type=EC50;affinity=3400;pmid=25754495;doi=10.1016/j.bmcl.2015.02.038	evidence_only
signature	GPR88	DOWN	BindingDB	BindingDB monomer 50065700				affinity_type=EC50;affinity=1200;pmid=25754495;doi=10.1016/j.bmcl.2015.02.038	evidence_only
signature	GPR88	DOWN	BindingDB	BindingDB monomer 50065701				affinity_type=EC50;affinity=360;pmid=25754495;doi=10.1016/j.bmcl.2015.02.038	evidence_only
signature	GPR88	DOWN	BindingDB	BindingDB monomer 50065702				affinity_type=EC50;affinity=1200;pmid=25754495;doi=10.1016/j.bmcl.2015.02.038	evidence_only
signature	GPR88	DOWN	BindingDB	BindingDB monomer 50065703				affinity_type=EC50;affinity=2100;pmid=25754495;doi=10.1016/j.bmcl.2015.02.038	evidence_only
signature	GPR88	DOWN	BindingDB	BindingDB monomer 50065704				affinity_type=EC50;affinity=1200;pmid=25754495;doi=10.1016/j.bmcl.2015.02.038	evidence_only
signature	GPR88	DOWN	BindingDB	BindingDB monomer 50065705				affinity_type=EC50;affinity=2000;pmid=25754495;doi=10.1016/j.bmcl.2015.02.038	evidence_only
signature	GPR88	DOWN	BindingDB	BindingDB monomer 50065706				affinity_type=EC50;affinity=1500;pmid=25754495;doi=10.1016/j.bmcl.2015.02.038	evidence_only
signature	GPR88	DOWN	BindingDB	BindingDB monomer 50065707				affinity_type=EC50;affinity=1200;pmid=25754495;doi=10.1016/j.bmcl.2015.02.038	evidence_only
signature	GPR88	DOWN	BindingDB	BindingDB monomer 50065709				affinity_type=EC50;affinity=10000;pmid=25754495;doi=10.1016/j.bmcl.2015.02.038	evidence_only
signature	GPR88	DOWN	BindingDB	BindingDB monomer 50065710				affinity_type=EC50;affinity=6200;pmid=25754495;doi=10.1016/j.bmcl.2015.02.038	evidence_only
signature	GPR88	DOWN	BindingDB	BindingDB monomer 50065712				affinity_type=EC50;affinity=1500;pmid=25754495;doi=10.1016/j.bmcl.2015.02.038	evidence_only
signature	GPR88	DOWN	BindingDB	BindingDB monomer 50065713				affinity_type=EC50;affinity=3600;pmid=25754495;doi=10.1016/j.bmcl.2015.02.038	evidence_only
signature	GPR88	DOWN	BindingDB	BindingDB monomer 50065714				affinity_type=EC50;affinity=1300;pmid=25754495;doi=10.1016/j.bmcl.2015.02.038	evidence_only
signature	GPR88	DOWN	BindingDB	BindingDB monomer 50065715				affinity_type=EC50;affinity=730;pmid=25754495;doi=10.1016/j.bmcl.2015.02.038	evidence_only
signature	GPR88	DOWN	BindingDB	BindingDB monomer 50065716				affinity_type=EC50;affinity=580;pmid=25754495;doi=10.1016/j.bmcl.2015.02.038	evidence_only
signature	GPR88	DOWN	BindingDB	BindingDB monomer 50065717				affinity_type=EC50;affinity=450;pmid=25754495;doi=10.1016/j.bmcl.2015.02.038	evidence_only
signature	GPR88	DOWN	BindingDB	BindingDB monomer 50065718				affinity_type=EC50;affinity=360;pmid=25754495;doi=10.1016/j.bmcl.2015.02.038	evidence_only
signature	GPR88	DOWN	BindingDB	BindingDB monomer 50065719				affinity_type=EC50;affinity=210;pmid=25754495;doi=10.1016/j.bmcl.2015.02.038	evidence_only
signature	GPR88	DOWN	BindingDB	BindingDB monomer 50065721				affinity_type=EC50;affinity=130;pmid=25754495;doi=10.1016/j.bmcl.2015.02.038	evidence_only
signature	GPR88	DOWN	BindingDB	BindingDB monomer 50065722				affinity_type=EC50;affinity=1500;pmid=25754495;doi=10.1016/j.bmcl.2015.02.038	evidence_only
signature	GPR88	DOWN	BindingDB	BindingDB monomer 50065723				affinity_type=EC50;affinity=1500;pmid=25754495;doi=10.1016/j.bmcl.2015.02.038	evidence_only
signature	GPR88	DOWN	BindingDB	BindingDB monomer 50065724				affinity_type=EC50;affinity=130;pmid=25754495;doi=10.1016/j.bmcl.2015.02.038	evidence_only
signature	GPR88	DOWN	BindingDB	BindingDB monomer 50065726				affinity_type=EC50;affinity=1300;pmid=25754495;doi=10.1016/j.bmcl.2015.02.038	evidence_only
signature	GPR88	DOWN	BindingDB	BindingDB monomer 50065727				affinity_type=EC50;affinity=720;pmid=25754495;doi=10.1016/j.bmcl.2015.02.038	evidence_only
signature	GPR88	DOWN	BindingDB	BindingDB monomer 50065728				affinity_type=EC50;affinity=960;pmid=25754495;doi=10.1016/j.bmcl.2015.02.038	evidence_only
signature	GPR88	DOWN	BindingDB	BindingDB monomer 50065729				affinity_type=EC50;affinity=770;pmid=25754495;doi=10.1016/j.bmcl.2015.02.038	evidence_only
signature	GPR88	DOWN	BindingDB	BindingDB monomer 50065731				affinity_type=EC50;affinity=1600;pmid=25754495;doi=10.1016/j.bmcl.2015.02.038	evidence_only
signature	GPR88	DOWN	BindingDB	BindingDB monomer 50065734				affinity_type=EC50;affinity=1200;pmid=25754495;doi=10.1016/j.bmcl.2015.02.038	evidence_only
signature	GPR88	DOWN	BindingDB	BindingDB monomer 50065735				affinity_type=EC50;affinity=650;pmid=25754495;doi=10.1016/j.bmcl.2015.02.038	evidence_only
signature	GPR88	DOWN	BindingDB	BindingDB monomer 50065736				affinity_type=EC50;affinity=560;pmid=25754495;doi=10.1016/j.bmcl.2015.02.038	evidence_only
signature	GPR88	DOWN	BindingDB	BindingDB monomer 50065737				affinity_type=EC50;affinity=600;pmid=25754495;doi=10.1016/j.bmcl.2015.02.038	evidence_only
signature	GPR88	DOWN	BindingDB	BindingDB monomer 50065738				affinity_type=EC50;affinity=3000;pmid=25754495;doi=10.1016/j.bmcl.2015.02.038	evidence_only
signature	GPR88	DOWN	BindingDB	BindingDB monomer 50065741				affinity_type=EC50;affinity=2200;pmid=25754495;doi=10.1016/j.bmcl.2015.02.038	evidence_only
signature	GPR88	DOWN	BindingDB	BindingDB monomer 50065742				affinity_type=EC50;affinity=4300;pmid=25754495;doi=10.1016/j.bmcl.2015.02.038	evidence_only
signature	GPR88	DOWN	BindingDB	BindingDB monomer 50065743				affinity_type=EC50;affinity=2.5;pmid=25754495;doi=10.1016/j.bmcl.2015.02.038	evidence_only
signature	GPR88	DOWN	BindingDB	BindingDB monomer 50065744				affinity_type=EC50;affinity=6.6;pmid=25754495;doi=10.1016/j.bmcl.2015.02.038	evidence_only
signature	GPR88	DOWN	BindingDB	BindingDB monomer 50065745				affinity_type=EC50;affinity=4.7;pmid=25754495;doi=10.1016/j.bmcl.2015.02.038	evidence_only
signature	GPR88	DOWN	BindingDB	BindingDB monomer 50065746				affinity_type=EC50;affinity=5.1;pmid=25754495;doi=10.1016/j.bmcl.2015.02.038	evidence_only
signature	GPR88	DOWN	BindingDB	BindingDB monomer 50065747				affinity_type=EC50;affinity=2.0;pmid=25754495;doi=10.1016/j.bmcl.2015.02.038	evidence_only
signature	GPR88	DOWN	BindingDB	BindingDB monomer 50065748				affinity_type=EC50;affinity=3.0;pmid=25754495;doi=10.1016/j.bmcl.2015.02.038	evidence_only
signature	GPR88	DOWN	BindingDB	BindingDB monomer 50065749				affinity_type=EC50;affinity=10;pmid=25754495;doi=10.1016/j.bmcl.2015.02.038	evidence_only
signature	GPR88	DOWN	BindingDB	BindingDB monomer 50065750				affinity_type=EC50;affinity=11;pmid=25754495;doi=10.1016/j.bmcl.2015.02.038	evidence_only
signature	GPR88	DOWN	BindingDB	BindingDB monomer 50065751				affinity_type=EC50;affinity=1.4;pmid=25754495;doi=10.1016/j.bmcl.2015.02.038	evidence_only
signature	GPR88	DOWN	BindingDB	BindingDB monomer 50065752				affinity_type=EC50;affinity=0.570000;pmid=25754495;doi=10.1016/j.bmcl.2015.02.038	evidence_only
signature	GPR88	DOWN	BindingDB	BindingDB monomer 50065753				affinity_type=EC50;affinity=0.680000;pmid=25754495;doi=10.1016/j.bmcl.2015.02.038	evidence_only
signature	GPR88	DOWN	BindingDB	BindingDB monomer 50065754				affinity_type=EC50;affinity=1.1;pmid=25754495;doi=10.1016/j.bmcl.2015.02.038	evidence_only
signature	GPR88	DOWN	BindingDB	BindingDB monomer 50065762				affinity_type=EC50;affinity=4.7;pmid=25754495;doi=10.1016/j.bmcl.2015.02.038	evidence_only
signature	GPR88	DOWN	BindingDB	BindingDB monomer 50065770				affinity_type=EC50;affinity=0.660000;pmid=25754495;doi=10.1016/j.bmcl.2015.02.038	evidence_only
signature	GPR88	DOWN	BindingDB	BindingDB monomer 50065860				affinity_type=EC50;affinity=1.7;pmid=25754495;doi=10.1016/j.bmcl.2015.02.038	evidence_only
signature	GPR88	DOWN	BindingDB	BindingDB monomer 50065907				affinity_type=EC50;affinity=1.4;pmid=25754495;doi=10.1016/j.bmcl.2015.02.038	evidence_only
signature	GPR88	DOWN	BindingDB	BindingDB monomer 50065908				affinity_type=EC50;affinity=5.8;pmid=25754495;doi=10.1016/j.bmcl.2015.02.038	evidence_only
signature	GPR88	DOWN	BindingDB	BindingDB monomer 50065909				affinity_type=EC50;affinity=2.0;pmid=25754495;doi=10.1016/j.bmcl.2015.02.038	evidence_only
signature	GPR88	DOWN	BindingDB	BindingDB monomer 50065910				affinity_type=EC50;affinity=1.8;pmid=25754495;doi=10.1016/j.bmcl.2015.02.038	evidence_only
signature	GPR88	DOWN	BindingDB	BindingDB monomer 50065911				affinity_type=EC50;affinity=>100;pmid=25754495;doi=10.1016/j.bmcl.2015.02.038	evidence_only
signature	GPR88	DOWN	BindingDB	BindingDB monomer 50065912				affinity_type=EC50;affinity=1.2;pmid=25754495;doi=10.1016/j.bmcl.2015.02.038	evidence_only
signature	GPR88	DOWN	BindingDB	BindingDB monomer 50065913				affinity_type=EC50;affinity=230;pmid=25754495;doi=10.1016/j.bmcl.2015.02.038	evidence_only
signature	GPR88	DOWN	BindingDB	BindingDB monomer 50065914				affinity_type=EC50;affinity=880;pmid=25754495;doi=10.1016/j.bmcl.2015.02.038	evidence_only
signature	GPR88	DOWN	BindingDB	BindingDB monomer 50065915				affinity_type=EC50;affinity=3.1;pmid=25754495;doi=10.1016/j.bmcl.2015.02.038	evidence_only
signature	GPR88	DOWN	BindingDB	BindingDB monomer 50065916				affinity_type=EC50;affinity=3.5;pmid=25754495;doi=10.1016/j.bmcl.2015.02.038	evidence_only
signature	GPR88	DOWN	BindingDB	BindingDB monomer 50065917				affinity_type=EC50;affinity=15;pmid=25754495;doi=10.1016/j.bmcl.2015.02.038	evidence_only
signature	GPR88	DOWN	BindingDB	BindingDB monomer 50065918				affinity_type=EC50;affinity=1200;pmid=25754495;doi=10.1016/j.bmcl.2015.02.038	evidence_only
signature	GPR88	DOWN	BindingDB	BindingDB monomer 50065920				affinity_type=EC50;affinity=6400;pmid=25754495;doi=10.1016/j.bmcl.2015.02.038	evidence_only
signature	GPR88	DOWN	BindingDB	BindingDB monomer 50065921				affinity_type=EC50;affinity=460;pmid=25754495;doi=10.1016/j.bmcl.2015.02.038	evidence_only
signature	GPR88	DOWN	BindingDB	BindingDB monomer 50065922				affinity_type=EC50;affinity=5500;pmid=25754495;doi=10.1016/j.bmcl.2015.02.038	evidence_only
signature	GPR88	DOWN	BindingDB	BindingDB monomer 50065923				affinity_type=EC50;affinity=1200;pmid=25754495;doi=10.1016/j.bmcl.2015.02.038	evidence_only
signature	GPR88	DOWN	BindingDB	BindingDB monomer 50065924				affinity_type=EC50;affinity=320;pmid=25754495;doi=10.1016/j.bmcl.2015.02.038	evidence_only
signature	GPR88	DOWN	BindingDB	BindingDB monomer 50065925				affinity_type=EC50;affinity=980;pmid=25754495;doi=10.1016/j.bmcl.2015.02.038	evidence_only
signature	GPR88	DOWN	BindingDB	BindingDB monomer 50065937				affinity_type=EC50;affinity=260;pmid=25754495;doi=10.1016/j.bmcl.2015.02.038	evidence_only
signature	GPR88	DOWN	BindingDB	BindingDB monomer 50065938				affinity_type=EC50;affinity=110;pmid=25754495;doi=10.1016/j.bmcl.2015.02.038	evidence_only
signature	GPR88	DOWN	BindingDB	BindingDB monomer 50065939				affinity_type=EC50;affinity=66;pmid=25754495;doi=10.1016/j.bmcl.2015.02.038	evidence_only
signature	GPR88	DOWN	BindingDB	BindingDB monomer 50065940				affinity_type=EC50;affinity=1100;pmid=25754495;doi=10.1016/j.bmcl.2015.02.038	evidence_only
signature	GPR88	DOWN	BindingDB	BindingDB monomer 50065942				affinity_type=EC50;affinity=280;pmid=25754495;doi=10.1016/j.bmcl.2015.02.038	evidence_only
signature	GPR88	DOWN	BindingDB	BindingDB monomer 50065969				affinity_type=EC50;affinity=35;pmid=25754495;doi=10.1016/j.bmcl.2015.02.038	evidence_only
signature	GPR88	DOWN	BindingDB	BindingDB monomer 50065971				affinity_type=EC50;affinity=170;pmid=25754495;doi=10.1016/j.bmcl.2015.02.038	evidence_only
signature	GPR88	DOWN	BindingDB	BindingDB monomer 50065972				affinity_type=EC50;affinity=94;pmid=25754495;doi=10.1016/j.bmcl.2015.02.038	evidence_only
signature	GPR88	DOWN	BindingDB	BindingDB monomer 50065973				affinity_type=EC50;affinity=120;pmid=25754495;doi=10.1016/j.bmcl.2015.02.038	evidence_only
signature	GPR88	DOWN	BindingDB	BindingDB monomer 50065974				affinity_type=EC50;affinity=90;pmid=25754495;doi=10.1016/j.bmcl.2015.02.038	evidence_only
signature	GPR88	DOWN	BindingDB	BindingDB monomer 50065975				affinity_type=EC50;affinity=72;pmid=25754495;doi=10.1016/j.bmcl.2015.02.038	evidence_only
signature	GPR88	DOWN	BindingDB	BindingDB monomer 50065976				affinity_type=EC50;affinity=340;pmid=25754495;doi=10.1016/j.bmcl.2015.02.038	evidence_only
signature	GPR88	DOWN	BindingDB	BindingDB monomer 50065977				affinity_type=EC50;affinity=750;pmid=25754495;doi=10.1016/j.bmcl.2015.02.038	evidence_only
signature	GPR88	DOWN	BindingDB	BindingDB monomer 50065978				affinity_type=EC50;affinity=61;pmid=25754495;doi=10.1016/j.bmcl.2015.02.038	evidence_only
signature	GPR88	DOWN	BindingDB	BindingDB monomer 50065979				affinity_type=EC50;affinity=44;pmid=25754495;doi=10.1016/j.bmcl.2015.02.038	evidence_only
signature	GPR88	DOWN	BindingDB	BindingDB monomer 50065913				affinity_type=EC50;affinity=230;pmid=25754495;doi=10.1016/j.bmcl.2015.02.038	evidence_only
signature	GPR88	DOWN	BindingDB	BindingDB monomer 50065980				affinity_type=EC50;affinity=3800;pmid=25754495;doi=10.1016/j.bmcl.2015.02.038	evidence_only
signature	GPR88	DOWN	BindingDB	BindingDB monomer 50065981				affinity_type=EC50;affinity=640;pmid=25754495;doi=10.1016/j.bmcl.2015.02.038	evidence_only
signature	GPR88	DOWN	BindingDB	BindingDB monomer 50065982				affinity_type=EC50;affinity=4500;pmid=25754495;doi=10.1016/j.bmcl.2015.02.038	evidence_only
signature	GPR88	DOWN	BindingDB	BindingDB monomer 50065983				affinity_type=EC50;affinity=670;pmid=25754495;doi=10.1016/j.bmcl.2015.02.038	evidence_only
signature	GPR88	DOWN	BindingDB	BindingDB monomer 50065984				affinity_type=EC50;affinity=1600;pmid=25754495;doi=10.1016/j.bmcl.2015.02.038	evidence_only
signature	GPR88	DOWN	BindingDB	BindingDB monomer 50065985				affinity_type=EC50;affinity=2100;pmid=25754495;doi=10.1016/j.bmcl.2015.02.038	evidence_only
signature	GPR88	DOWN	BindingDB	BindingDB monomer 50065986				affinity_type=EC50;affinity=900;pmid=25754495;doi=10.1016/j.bmcl.2015.02.038	evidence_only
signature	GPR88	DOWN	BindingDB	BindingDB monomer 50065987				affinity_type=EC50;affinity=3200;pmid=25754495;doi=10.1016/j.bmcl.2015.02.038	evidence_only
signature	GPR88	DOWN	BindingDB	BindingDB monomer 50065989				affinity_type=EC50;affinity=1100;pmid=25754495;doi=10.1016/j.bmcl.2015.02.038	evidence_only
signature	GPR88	DOWN	BindingDB	BindingDB monomer 50209614				affinity_type=EC50;affinity=5860;pmid=27956039;doi=10.1016/j.bmc.2016.11.058	evidence_only
signature	GPR88	DOWN	BindingDB	BindingDB monomer 50064751				affinity_type=EC50;affinity=414;pmid=27956039;doi=10.1016/j.bmc.2016.11.058	evidence_only
signature	GPR88	DOWN	BindingDB	BindingDB monomer 50209615				affinity_type=EC50;affinity=145;pmid=27956039;doi=10.1016/j.bmc.2016.11.058	evidence_only
signature	GPR88	DOWN	BindingDB	BindingDB monomer 50209616				affinity_type=EC50;affinity=>10000;pmid=27956039;doi=10.1016/j.bmc.2016.11.058	evidence_only
signature	GPR88	DOWN	BindingDB	BindingDB monomer 50209617				affinity_type=EC50;affinity=1445;pmid=27956039;doi=10.1016/j.bmc.2016.11.058	evidence_only
signature	GPR88	DOWN	BindingDB	BindingDB monomer 50209618				affinity_type=EC50;affinity=>10000;pmid=27956039;doi=10.1016/j.bmc.2016.11.058	evidence_only
signature	GPR88	DOWN	BindingDB	BindingDB monomer 50209619				affinity_type=EC50;affinity=3890;pmid=27956039;doi=10.1016/j.bmc.2016.11.058	evidence_only
signature	GPR88	DOWN	BindingDB	BindingDB monomer 50209620				affinity_type=EC50;affinity=3715;pmid=27956039;doi=10.1016/j.bmc.2016.11.058	evidence_only
signature	GPR88	DOWN	BindingDB	BindingDB monomer 50209621				affinity_type=EC50;affinity=>10000;pmid=27956039;doi=10.1016/j.bmc.2016.11.058	evidence_only
signature	GPR88	DOWN	BindingDB	BindingDB monomer 50065915				affinity_type=EC50;affinity=50;pmid=27956039;doi=10.1016/j.bmc.2016.11.058	evidence_only
signature	GPR88	DOWN	BindingDB	BindingDB monomer 50209622				affinity_type=EC50;affinity=537;pmid=27956039;doi=10.1016/j.bmc.2016.11.058	evidence_only
signature	GPR88	DOWN	BindingDB	BindingDB monomer 50064745				affinity_type=EC50;affinity=490;pmid=27956039;doi=10.1016/j.bmc.2016.11.058	evidence_only
signature	GPR88	DOWN	BindingDB	BindingDB monomer 50209623				affinity_type=EC50;affinity=2630;pmid=27956039;doi=10.1016/j.bmc.2016.11.058	evidence_only
signature	GPR88	DOWN	BindingDB	BindingDB monomer 50209615				affinity_type=EC50;affinity=145;pmid=27956039;doi=10.1016/j.bmc.2016.11.058	evidence_only
signature	GPR88	DOWN	BindingDB	BindingDB monomer 50064751				affinity_type=EC50;affinity=417;pmid=27956039;doi=10.1016/j.bmc.2016.11.058	evidence_only
signature	GPR88	DOWN	BindingDB	BindingDB monomer 50064645				affinity_type=EC50;affinity=195;pmid=27956039;doi=10.1016/j.bmc.2016.11.058	evidence_only
signature	GPR88	DOWN	BindingDB	BindingDB monomer 50209624				affinity_type=EC50;affinity=616;pmid=27956039;doi=10.1016/j.bmc.2016.11.058	evidence_only
signature	GPR88	DOWN	BindingDB	BindingDB monomer 50064745				affinity_type=EC50;affinity=487;pmid=27956039;doi=10.1016/j.bmc.2016.11.058	evidence_only
signature	GPR88	DOWN	BindingDB	BindingDB monomer 50209617				affinity_type=EC50;affinity=1440;pmid=27956039;doi=10.1016/j.bmc.2016.11.058	evidence_only
signature	GPR88	DOWN	BindingDB	BindingDB monomer 50209623				affinity_type=EC50;affinity=2630;pmid=27956039;doi=10.1016/j.bmc.2016.11.058	evidence_only
signature	GPR88	DOWN	BindingDB	BindingDB monomer 50209619				affinity_type=EC50;affinity=3910;pmid=27956039;doi=10.1016/j.bmc.2016.11.058	evidence_only
signature	GPR88	DOWN	BindingDB	BindingDB monomer 50209620				affinity_type=EC50;affinity=3700;pmid=27956039;doi=10.1016/j.bmc.2016.11.058	evidence_only
signature	GPR88	DOWN	BindingDB	BindingDB monomer 50064751				affinity_type=EC50;affinity=414;pmid=27956039;doi=10.1016/j.bmc.2016.11.058	evidence_only
signature	GPR88	DOWN	BindingDB	BindingDB monomer 50064645				affinity_type=EC50;affinity=194;pmid=27956039;doi=10.1016/j.bmc.2016.11.058	evidence_only
signature	GPR88	DOWN	BindingDB	BindingDB monomer 50209625				affinity_type=EC50;affinity=134;pmid=27956039;doi=10.1016/j.bmc.2016.11.058	evidence_only
signature	GPR88	DOWN	BindingDB	BindingDB monomer 50209622				affinity_type=EC50;affinity=538;pmid=27956039;doi=10.1016/j.bmc.2016.11.058	evidence_only
signature	GPR88	DOWN	BindingDB	BindingDB monomer 50209626				affinity_type=EC50;affinity=589;pmid=27956039;doi=10.1016/j.bmc.2016.11.058	evidence_only
signature	GPR88	DOWN	BindingDB	BindingDB monomer 50209624				affinity_type=EC50;affinity=617;pmid=27956039;doi=10.1016/j.bmc.2016.11.058	evidence_only
signature	GPR88	DOWN	BindingDB	BindingDB monomer 50209627				affinity_type=EC50;affinity=7943;pmid=27956039;doi=10.1016/j.bmc.2016.11.058	evidence_only
signature	GPR88	DOWN	BindingDB	BindingDB monomer 50209628				affinity_type=EC50;affinity=9550;pmid=27956039;doi=10.1016/j.bmc.2016.11.058	evidence_only
signature	GPR88	DOWN	BindingDB	BindingDB monomer 50209629				affinity_type=EC50;affinity=345;pmid=27956039;doi=10.1016/j.bmc.2016.11.058	evidence_only
signature	GPR88	DOWN	BindingDB	BindingDB monomer 50209627				affinity_type=EC50;affinity=7870;pmid=27956039;doi=10.1016/j.bmc.2016.11.058	evidence_only
signature	GPR88	DOWN	BindingDB	BindingDB monomer 50209628				affinity_type=EC50;affinity=9570;pmid=27956039;doi=10.1016/j.bmc.2016.11.058	evidence_only
signature	GPR88	DOWN	BindingDB	BindingDB monomer 50209629				affinity_type=EC50;affinity=347;pmid=27956039;doi=10.1016/j.bmc.2016.11.058	evidence_only
signature	GPR88	DOWN	BindingDB	BindingDB monomer 50209626				affinity_type=EC50;affinity=583;pmid=27956039;doi=10.1016/j.bmc.2016.11.058	evidence_only
signature	GPR88	DOWN	BindingDB	BindingDB monomer 50209625				affinity_type=EC50;affinity=135;pmid=27956039;doi=10.1016/j.bmc.2016.11.058	evidence_only
signature	GPR88	DOWN	BindingDB	BindingDB monomer 50209614				affinity_type=EC50;affinity=5888;pmid=27956039;doi=10.1016/j.bmc.2016.11.058	evidence_only
signature	GPR88	DOWN	BindingDB	BindingDB monomer 50506609				affinity_type=EC50;affinity=63;pmid=30011199;doi=10.1021/acs.jmedchem.8b00566	evidence_only
signature	GPR88	DOWN	BindingDB	BindingDB monomer 50506610				affinity_type=EC50;affinity=126;pmid=30011199;doi=10.1021/acs.jmedchem.8b00566	evidence_only
signature	GPR88	DOWN	BindingDB	BindingDB monomer 50065915				affinity_type=EC50;affinity=126;pmid=30011199;doi=10.1021/acs.jmedchem.8b00566	evidence_only
signature	GPR88	DOWN	BindingDB	BindingDB monomer 50506611				affinity_type=EC50;affinity=501;pmid=30011199;doi=10.1021/acs.jmedchem.8b00566	evidence_only
signature	GPR88	DOWN	BindingDB	BindingDB monomer 50506612				affinity_type=EC50;affinity=398;pmid=30011199;doi=10.1021/acs.jmedchem.8b00566	evidence_only
signature	GPR88	DOWN	BindingDB	BindingDB monomer 50506613				affinity_type=EC50;affinity=316;pmid=30011199;doi=10.1021/acs.jmedchem.8b00566	evidence_only
signature	GPR88	DOWN	BindingDB	BindingDB monomer 50506614				affinity_type=EC50;affinity=126;pmid=30011199;doi=10.1021/acs.jmedchem.8b00566	evidence_only
signature	GPR88	DOWN	BindingDB	BindingDB monomer 50506610				affinity_type=EC50;affinity=126;pmid=30011199;doi=10.1021/acs.jmedchem.8b00566	evidence_only
signature	GPR88	DOWN	BindingDB	BindingDB monomer 50506615				affinity_type=EC50;affinity=100;pmid=30011199;doi=10.1021/acs.jmedchem.8b00566	evidence_only
signature	GPR88	DOWN	BindingDB	BindingDB monomer 50506613				affinity_type=EC50;affinity=316;pmid=30011199;doi=10.1021/acs.jmedchem.8b00566	evidence_only
signature	GPR88	DOWN	BindingDB	BindingDB monomer 50506616				affinity_type=EC50;affinity=158;pmid=30011199;doi=10.1021/acs.jmedchem.8b00566	evidence_only
signature	GPR88	DOWN	BindingDB	BindingDB monomer 50506614				affinity_type=EC50;affinity=126;pmid=30011199;doi=10.1021/acs.jmedchem.8b00566	evidence_only
signature	GPR88	DOWN	BindingDB	BindingDB monomer 50506615				affinity_type=EC50;affinity=100;pmid=30011199;doi=10.1021/acs.jmedchem.8b00566	evidence_only
signature	GPR88	DOWN	BindingDB	BindingDB monomer 50506615				affinity_type=EC50;affinity=100;pmid=30011199;doi=10.1021/acs.jmedchem.8b00566	evidence_only
signature	GPR88	DOWN	BindingDB	BindingDB monomer 50506617				affinity_type=EC50;affinity=501;pmid=30011199;doi=10.1021/acs.jmedchem.8b00566	evidence_only
signature	GPR88	DOWN	BindingDB	BindingDB monomer 50506609				affinity_type=EC50;affinity=63;pmid=30011199;doi=10.1021/acs.jmedchem.8b00566	evidence_only
signature	GPR88	DOWN	BindingDB	BindingDB monomer 50506617				affinity_type=EC50;affinity=501;pmid=30011199;doi=10.1021/acs.jmedchem.8b00566	evidence_only
signature	GPR88	DOWN	BindingDB	BindingDB monomer 50506618				affinity_type=EC50;affinity=1260;pmid=30011199;doi=10.1021/acs.jmedchem.8b00566	evidence_only
signature	GPR88	DOWN	BindingDB	BindingDB monomer 50506612				affinity_type=EC50;affinity=398;pmid=30011199;doi=10.1021/acs.jmedchem.8b00566	evidence_only
signature	GPR88	DOWN	BindingDB	BindingDB monomer 50065915				affinity_type=EC50;affinity=56;pmid=30011199;doi=10.1021/acs.jmedchem.8b00566	evidence_only
signature	GPR88	DOWN	BindingDB	BindingDB monomer 50506616				affinity_type=EC50;affinity=158;pmid=30011199;doi=10.1021/acs.jmedchem.8b00566	evidence_only
signature	GPR88	DOWN	BindingDB	BindingDB monomer 50506615				affinity_type=EC50;affinity=100;pmid=30011199;doi=10.1021/acs.jmedchem.8b00566	evidence_only
signature	GPR88	DOWN	BindingDB	BindingDB monomer 50065915				affinity_type=EC50;affinity=126;pmid=30011199;doi=10.1021/acs.jmedchem.8b00566	evidence_only
signature	GPR88	DOWN	BindingDB	BindingDB monomer 50506618				affinity_type=EC50;affinity=1259;pmid=30011199;doi=10.1021/acs.jmedchem.8b00566	evidence_only
signature	GPR88	DOWN	BindingDB	BindingDB monomer 50506619				affinity_type=EC50;affinity=96;pmid=30011199;doi=10.1021/acs.jmedchem.8b00566	evidence_only
signature	GPR88	DOWN	BindingDB	BindingDB monomer 50506611				affinity_type=EC50;affinity=501;pmid=30011199;doi=10.1021/acs.jmedchem.8b00566	evidence_only
signature	GPR88	DOWN	BindingDB	BindingDB monomer 50065915				affinity_type=EC50;affinity=72;pmid=33205975;doi=10.1021/acs.jmedchem.0c01581	evidence_only
signature	GPR88	DOWN	BindingDB	BindingDB monomer 50554975				affinity_type=EC50;affinity=47;pmid=33205975;doi=10.1021/acs.jmedchem.0c01581	evidence_only
signature	GPR88	DOWN	BindingDB	BindingDB monomer 50064645				affinity_type=EC50;affinity=195;pmid=33205975;doi=10.1021/acs.jmedchem.0c01581	evidence_only
signature	GPR88	DOWN	BindingDB	BindingDB monomer 50554976				affinity_type=EC50;affinity=380;pmid=33205975;doi=10.1021/acs.jmedchem.0c01581	evidence_only
signature	GPR88	DOWN	BindingDB	BindingDB monomer 50554977				affinity_type=EC50;affinity=282;pmid=33205975;doi=10.1021/acs.jmedchem.0c01581	evidence_only
signature	GPR88	DOWN	BindingDB	BindingDB monomer 50554978				affinity_type=EC50;affinity=295;pmid=33205975;doi=10.1021/acs.jmedchem.0c01581	evidence_only
signature	GPR88	DOWN	BindingDB	BindingDB monomer 50554979				affinity_type=EC50;affinity=251;pmid=33205975;doi=10.1021/acs.jmedchem.0c01581	evidence_only
signature	GPR88	DOWN	BindingDB	BindingDB monomer 50064644				affinity_type=EC50;affinity=174;pmid=33205975;doi=10.1021/acs.jmedchem.0c01581	evidence_only
signature	GPR88	DOWN	BindingDB	BindingDB monomer 50554980				affinity_type=EC50;affinity=257;pmid=33205975;doi=10.1021/acs.jmedchem.0c01581	evidence_only
signature	GPR88	DOWN	BindingDB	BindingDB monomer 50554981				affinity_type=EC50;affinity=380;pmid=33205975;doi=10.1021/acs.jmedchem.0c01581	evidence_only
signature	GPR88	DOWN	BindingDB	BindingDB monomer 50554982				affinity_type=EC50;affinity=234;pmid=33205975;doi=10.1021/acs.jmedchem.0c01581	evidence_only
signature	GPR88	DOWN	BindingDB	BindingDB monomer 50554983				affinity_type=EC50;affinity=562;pmid=33205975;doi=10.1021/acs.jmedchem.0c01581	evidence_only
signature	GPR88	DOWN	BindingDB	BindingDB monomer 50554984				affinity_type=EC50;affinity=631;pmid=33205975;doi=10.1021/acs.jmedchem.0c01581	evidence_only
signature	GPR88	DOWN	BindingDB	BindingDB monomer 50554985				affinity_type=EC50;affinity=4677;pmid=33205975;doi=10.1021/acs.jmedchem.0c01581	evidence_only
signature	GPR88	DOWN	BindingDB	BindingDB monomer 50554986				affinity_type=EC50;affinity=5888;pmid=33205975;doi=10.1021/acs.jmedchem.0c01581	evidence_only
signature	GPR88	DOWN	BindingDB	BindingDB monomer 50554987				affinity_type=EC50;affinity=<10000;pmid=33205975;doi=10.1021/acs.jmedchem.0c01581	evidence_only
signature	GPR88	DOWN	BindingDB	BindingDB monomer 50554988				affinity_type=EC50;affinity=309;pmid=33205975;doi=10.1021/acs.jmedchem.0c01581	evidence_only
signature	GPR88	DOWN	BindingDB	BindingDB monomer 50554989				affinity_type=EC50;affinity=<10000;pmid=33205975;doi=10.1021/acs.jmedchem.0c01581	evidence_only
signature	GPR88	DOWN	BindingDB	BindingDB monomer 50554990				affinity_type=EC50;affinity=<10000;pmid=33205975;doi=10.1021/acs.jmedchem.0c01581	evidence_only
signature	GPR88	DOWN	BindingDB	BindingDB monomer 50554991				affinity_type=EC50;affinity=1288;pmid=33205975;doi=10.1021/acs.jmedchem.0c01581	evidence_only
signature	GPR88	DOWN	BindingDB	BindingDB monomer 50209624				affinity_type=EC50;affinity=617;pmid=33205975;doi=10.1021/acs.jmedchem.0c01581	evidence_only
signature	GPR88	DOWN	BindingDB	BindingDB monomer 50554992				affinity_type=EC50;affinity=575;pmid=33205975;doi=10.1021/acs.jmedchem.0c01581	evidence_only
signature	GPR88	DOWN	BindingDB	BindingDB monomer 50554993				affinity_type=EC50;affinity=295;pmid=33205975;doi=10.1021/acs.jmedchem.0c01581	evidence_only
signature	GPR88	DOWN	BindingDB	BindingDB monomer 50554994				affinity_type=EC50;affinity=120;pmid=33205975;doi=10.1021/acs.jmedchem.0c01581	evidence_only
signature	GPR88	DOWN	BindingDB	BindingDB monomer 50554995				affinity_type=EC50;affinity=398;pmid=33205975;doi=10.1021/acs.jmedchem.0c01581	evidence_only
signature	GPR88	DOWN	BindingDB	BindingDB monomer 50554996				affinity_type=EC50;affinity=182;pmid=33205975;doi=10.1021/acs.jmedchem.0c01581	evidence_only
signature	GPR88	DOWN	BindingDB	BindingDB monomer 50554997				affinity_type=EC50;affinity=316;pmid=33205975;doi=10.1021/acs.jmedchem.0c01581	evidence_only
signature	GPR88	DOWN	BindingDB	BindingDB monomer 50554998				affinity_type=EC50;affinity=245;pmid=33205975;doi=10.1021/acs.jmedchem.0c01581	evidence_only
signature	GPR88	DOWN	BindingDB	BindingDB monomer 50554999				affinity_type=EC50;affinity=214;pmid=33205975;doi=10.1021/acs.jmedchem.0c01581	evidence_only
signature	GPR88	DOWN	BindingDB	BindingDB monomer 50555000				affinity_type=EC50;affinity=240;pmid=33205975;doi=10.1021/acs.jmedchem.0c01581	evidence_only
signature	GPR88	DOWN	BindingDB	BindingDB monomer 50555001				affinity_type=EC50;affinity=209;pmid=33205975;doi=10.1021/acs.jmedchem.0c01581	evidence_only
signature	GPR88	DOWN	BindingDB	BindingDB monomer 50555002				affinity_type=EC50;affinity=282;pmid=33205975;doi=10.1021/acs.jmedchem.0c01581	evidence_only
signature	GPR88	DOWN	BindingDB	BindingDB monomer 50555003				affinity_type=EC50;affinity=234;pmid=33205975;doi=10.1021/acs.jmedchem.0c01581	evidence_only
signature	GPR88	DOWN	BindingDB	BindingDB monomer 50555004				affinity_type=EC50;affinity=209;pmid=33205975;doi=10.1021/acs.jmedchem.0c01581	evidence_only
signature	GPR88	DOWN	BindingDB	BindingDB monomer 50555005				affinity_type=EC50;affinity=562;pmid=33205975;doi=10.1021/acs.jmedchem.0c01581	evidence_only
signature	GPR88	DOWN	BindingDB	BindingDB monomer 50555006				affinity_type=EC50;affinity=468;pmid=33205975;doi=10.1021/acs.jmedchem.0c01581	evidence_only
signature	GPR88	DOWN	BindingDB	BindingDB monomer 50555007				affinity_type=EC50;affinity=427;pmid=33205975;doi=10.1021/acs.jmedchem.0c01581	evidence_only
signature	GPR88	DOWN	BindingDB	BindingDB monomer 50555008				affinity_type=EC50;affinity=537;pmid=33205975;doi=10.1021/acs.jmedchem.0c01581	evidence_only
signature	GPR88	DOWN	BindingDB	BindingDB monomer 50555009				affinity_type=EC50;affinity=468;pmid=33205975;doi=10.1021/acs.jmedchem.0c01581	evidence_only
signature	GPR88	DOWN	BindingDB	BindingDB monomer 50555010				affinity_type=EC50;affinity=891;pmid=33205975;doi=10.1021/acs.jmedchem.0c01581	evidence_only
signature	GPR88	DOWN	BindingDB	BindingDB monomer 50555011				affinity_type=EC50;affinity=7943;pmid=33205975;doi=10.1021/acs.jmedchem.0c01581	evidence_only
signature	GPR88	DOWN	BindingDB	BindingDB monomer 50555012				affinity_type=EC50;affinity=513;pmid=33205975;doi=10.1021/acs.jmedchem.0c01581	evidence_only
signature	GPR88	DOWN	BindingDB	BindingDB monomer 50555013				affinity_type=EC50;affinity=5495;pmid=33205975;doi=10.1021/acs.jmedchem.0c01581	evidence_only
signature	GPR88	DOWN	BindingDB	BindingDB monomer 50555014				affinity_type=EC50;affinity=5495;pmid=33205975;doi=10.1021/acs.jmedchem.0c01581	evidence_only
signature	GPR88	DOWN	BindingDB	BindingDB monomer 50555015				affinity_type=EC50;affinity=3388;pmid=33205975;doi=10.1021/acs.jmedchem.0c01581	evidence_only
signature	GPR88	DOWN	BindingDB	BindingDB monomer 50555016				affinity_type=EC50;affinity=<10000;pmid=33205975;doi=10.1021/acs.jmedchem.0c01581	evidence_only
signature	GPR88	DOWN	BindingDB	BindingDB monomer 50555017				affinity_type=EC50;affinity=245;pmid=33205975;doi=10.1021/acs.jmedchem.0c01581	evidence_only
signature	GPR88	DOWN	BindingDB	BindingDB monomer 50555018				affinity_type=EC50;affinity=219;pmid=33205975;doi=10.1021/acs.jmedchem.0c01581	evidence_only
signature	GPR88	DOWN	BindingDB	BindingDB monomer 50555019				affinity_type=EC50;affinity=617;pmid=33205975;doi=10.1021/acs.jmedchem.0c01581	evidence_only
signature	GPR88	DOWN	BindingDB	BindingDB monomer 50555020				affinity_type=EC50;affinity=589;pmid=33205975;doi=10.1021/acs.jmedchem.0c01581	evidence_only
signature	GPR88	DOWN	BindingDB	BindingDB monomer 50555021				affinity_type=EC50;affinity=871;pmid=33205975;doi=10.1021/acs.jmedchem.0c01581	evidence_only
signature	GPR88	DOWN	BindingDB	BindingDB monomer 50555022				affinity_type=EC50;affinity=269;pmid=33205975;doi=10.1021/acs.jmedchem.0c01581	evidence_only
signature	GPR88	DOWN	BindingDB	BindingDB monomer 50555023				affinity_type=EC50;affinity=550;pmid=33205975;doi=10.1021/acs.jmedchem.0c01581	evidence_only
signature	GPR88	DOWN	BindingDB	BindingDB monomer 50555024				affinity_type=EC50;affinity=724;pmid=33205975;doi=10.1021/acs.jmedchem.0c01581	evidence_only
signature	GPR88	DOWN	BindingDB	BindingDB monomer 50555025				affinity_type=EC50;affinity=457;pmid=33205975;doi=10.1021/acs.jmedchem.0c01581	evidence_only
signature	GPR88	DOWN	BindingDB	BindingDB monomer 50555026				affinity_type=EC50;affinity=676;pmid=33205975;doi=10.1021/acs.jmedchem.0c01581	evidence_only
signature	GPR88	DOWN	BindingDB	BindingDB monomer 50555027				affinity_type=EC50;affinity=741;pmid=33205975;doi=10.1021/acs.jmedchem.0c01581	evidence_only
signature	GPR88	DOWN	BindingDB	BindingDB monomer 50555028				affinity_type=EC50;affinity=1000;pmid=33205975;doi=10.1021/acs.jmedchem.0c01581	evidence_only
signature	GPR88	DOWN	BindingDB	BindingDB monomer 50555029				affinity_type=EC50;affinity=3631;pmid=33205975;doi=10.1021/acs.jmedchem.0c01581	evidence_only
signature	GPR88	DOWN	BindingDB	BindingDB monomer 50555030				affinity_type=EC50;affinity=4898;pmid=33205975;doi=10.1021/acs.jmedchem.0c01581	evidence_only
signature	GPR88	DOWN	BindingDB	BindingDB monomer 50555031				affinity_type=EC50;affinity=5129;pmid=33205975;doi=10.1021/acs.jmedchem.0c01581	evidence_only
signature	GPR88	DOWN	BindingDB	BindingDB monomer 50555032				affinity_type=EC50;affinity=537;pmid=33205975;doi=10.1021/acs.jmedchem.0c01581	evidence_only
signature	GPR88	DOWN	BindingDB	BindingDB monomer 50555033				affinity_type=EC50;affinity=525;pmid=33205975;doi=10.1021/acs.jmedchem.0c01581	evidence_only
signature	GPR88	DOWN	BindingDB	BindingDB monomer 50555034				affinity_type=EC50;affinity=479;pmid=33205975;doi=10.1021/acs.jmedchem.0c01581	evidence_only
signature	GPR88	DOWN	BindingDB	BindingDB monomer 50555035				affinity_type=EC50;affinity=550;pmid=33205975;doi=10.1021/acs.jmedchem.0c01581	evidence_only
signature	GPR88	DOWN	BindingDB	BindingDB monomer 50555036				affinity_type=EC50;affinity=112;pmid=33205975;doi=10.1021/acs.jmedchem.0c01581	evidence_only
signature	GPR88	DOWN	BindingDB	BindingDB monomer 50555037				affinity_type=EC50;affinity=148;pmid=33205975;doi=10.1021/acs.jmedchem.0c01581	evidence_only
signature	GPR88	DOWN	BindingDB	BindingDB monomer 50555038				affinity_type=EC50;affinity=59;pmid=33205975;doi=10.1021/acs.jmedchem.0c01581	evidence_only
signature	GPR88	DOWN	BindingDB	BindingDB monomer 50555039				affinity_type=EC50;affinity=295;pmid=33205975;doi=10.1021/acs.jmedchem.0c01581	evidence_only
signature	GPR88	DOWN	BindingDB	BindingDB monomer 50555040				affinity_type=EC50;affinity=372;pmid=33205975;doi=10.1021/acs.jmedchem.0c01581	evidence_only
signature	GPR88	DOWN	BindingDB	BindingDB monomer 50555041				affinity_type=EC50;affinity=71;pmid=33205975;doi=10.1021/acs.jmedchem.0c01581	evidence_only
signature	GPR88	DOWN	BindingDB	BindingDB monomer 50555042				affinity_type=EC50;affinity=138;pmid=33205975;doi=10.1021/acs.jmedchem.0c01581	evidence_only
signature	GPR88	DOWN	BindingDB	BindingDB monomer 50555043				affinity_type=EC50;affinity=78;pmid=33205975;doi=10.1021/acs.jmedchem.0c01581	evidence_only
signature	GPR88	DOWN	BindingDB	BindingDB monomer 50555044				affinity_type=EC50;affinity=74;pmid=33205975;doi=10.1021/acs.jmedchem.0c01581	evidence_only
signature	GPR88	DOWN	BindingDB	BindingDB monomer 50555045				affinity_type=EC50;affinity=138;pmid=33205975;doi=10.1021/acs.jmedchem.0c01581	evidence_only
signature	GPR88	DOWN	BindingDB	BindingDB monomer 50065915				affinity_type=EC50;affinity=73;pmid=33205975;doi=10.1021/acs.jmedchem.0c01581	evidence_only
signature	GPR88	DOWN	BindingDB	BindingDB monomer 50554975				affinity_type=EC50;affinity=47;pmid=33205975;doi=10.1021/acs.jmedchem.0c01581	evidence_only
signature	GPR88	DOWN	BindingDB	BindingDB monomer 50064645				affinity_type=EC50;affinity=195;pmid=33205975;doi=10.1021/acs.jmedchem.0c01581	evidence_only
signature	GPR88	DOWN	BindingDB	BindingDB monomer 50554976				affinity_type=EC50;affinity=380;pmid=33205975;doi=10.1021/acs.jmedchem.0c01581	evidence_only
signature	GPR88	DOWN	BindingDB	BindingDB monomer 50554977				affinity_type=EC50;affinity=282;pmid=33205975;doi=10.1021/acs.jmedchem.0c01581	evidence_only
signature	GPR88	DOWN	BindingDB	BindingDB monomer 50554978				affinity_type=EC50;affinity=295;pmid=33205975;doi=10.1021/acs.jmedchem.0c01581	evidence_only
signature	GPR88	DOWN	BindingDB	BindingDB monomer 50554979				affinity_type=EC50;affinity=251;pmid=33205975;doi=10.1021/acs.jmedchem.0c01581	evidence_only
signature	GPR88	DOWN	BindingDB	BindingDB monomer 50064644				affinity_type=EC50;affinity=174;pmid=33205975;doi=10.1021/acs.jmedchem.0c01581	evidence_only
signature	GPR88	DOWN	BindingDB	BindingDB monomer 50554980				affinity_type=EC50;affinity=257;pmid=33205975;doi=10.1021/acs.jmedchem.0c01581	evidence_only
signature	GPR88	DOWN	BindingDB	BindingDB monomer 50554981				affinity_type=EC50;affinity=380;pmid=33205975;doi=10.1021/acs.jmedchem.0c01581	evidence_only
signature	GPR88	DOWN	BindingDB	BindingDB monomer 50554982				affinity_type=EC50;affinity=234;pmid=33205975;doi=10.1021/acs.jmedchem.0c01581	evidence_only
signature	GPR88	DOWN	BindingDB	BindingDB monomer 50554983				affinity_type=EC50;affinity=562;pmid=33205975;doi=10.1021/acs.jmedchem.0c01581	evidence_only
signature	GPR88	DOWN	BindingDB	BindingDB monomer 50554984				affinity_type=EC50;affinity=631;pmid=33205975;doi=10.1021/acs.jmedchem.0c01581	evidence_only
signature	GPR88	DOWN	BindingDB	BindingDB monomer 50554985				affinity_type=EC50;affinity=4677;pmid=33205975;doi=10.1021/acs.jmedchem.0c01581	evidence_only
signature	GPR88	DOWN	BindingDB	BindingDB monomer 50554986				affinity_type=EC50;affinity=5888;pmid=33205975;doi=10.1021/acs.jmedchem.0c01581	evidence_only
signature	GPR88	DOWN	BindingDB	BindingDB monomer 50554988				affinity_type=EC50;affinity=309;pmid=33205975;doi=10.1021/acs.jmedchem.0c01581	evidence_only
signature	GPR88	DOWN	BindingDB	BindingDB monomer 50554991				affinity_type=EC50;affinity=1288;pmid=33205975;doi=10.1021/acs.jmedchem.0c01581	evidence_only
signature	GPR88	DOWN	BindingDB	BindingDB monomer 50209624				affinity_type=EC50;affinity=616;pmid=33205975;doi=10.1021/acs.jmedchem.0c01581	evidence_only
signature	GPR88	DOWN	BindingDB	BindingDB monomer 50554992				affinity_type=EC50;affinity=575;pmid=33205975;doi=10.1021/acs.jmedchem.0c01581	evidence_only
signature	GPR88	DOWN	BindingDB	BindingDB monomer 50554993				affinity_type=EC50;affinity=295;pmid=33205975;doi=10.1021/acs.jmedchem.0c01581	evidence_only
signature	GPR88	DOWN	BindingDB	BindingDB monomer 50554994				affinity_type=EC50;affinity=120;pmid=33205975;doi=10.1021/acs.jmedchem.0c01581	evidence_only
signature	GPR88	DOWN	BindingDB	BindingDB monomer 50554995				affinity_type=EC50;affinity=398;pmid=33205975;doi=10.1021/acs.jmedchem.0c01581	evidence_only
signature	GPR88	DOWN	BindingDB	BindingDB monomer 50554996				affinity_type=EC50;affinity=182;pmid=33205975;doi=10.1021/acs.jmedchem.0c01581	evidence_only
signature	GPR88	DOWN	BindingDB	BindingDB monomer 50554997				affinity_type=EC50;affinity=316;pmid=33205975;doi=10.1021/acs.jmedchem.0c01581	evidence_only
signature	GPR88	DOWN	BindingDB	BindingDB monomer 50554998				affinity_type=EC50;affinity=245;pmid=33205975;doi=10.1021/acs.jmedchem.0c01581	evidence_only
signature	GPR88	DOWN	BindingDB	BindingDB monomer 50554999				affinity_type=EC50;affinity=214;pmid=33205975;doi=10.1021/acs.jmedchem.0c01581	evidence_only
signature	GPR88	DOWN	BindingDB	BindingDB monomer 50555000				affinity_type=EC50;affinity=240;pmid=33205975;doi=10.1021/acs.jmedchem.0c01581	evidence_only
signature	GPR88	DOWN	BindingDB	BindingDB monomer 50555001				affinity_type=EC50;affinity=209;pmid=33205975;doi=10.1021/acs.jmedchem.0c01581	evidence_only
signature	GPR88	DOWN	BindingDB	BindingDB monomer 50555002				affinity_type=EC50;affinity=282;pmid=33205975;doi=10.1021/acs.jmedchem.0c01581	evidence_only
signature	GPR88	DOWN	BindingDB	BindingDB monomer 50555003				affinity_type=EC50;affinity=234;pmid=33205975;doi=10.1021/acs.jmedchem.0c01581	evidence_only
signature	GPR88	DOWN	BindingDB	BindingDB monomer 50555004				affinity_type=EC50;affinity=209;pmid=33205975;doi=10.1021/acs.jmedchem.0c01581	evidence_only
signature	GPR88	DOWN	BindingDB	BindingDB monomer 50555005				affinity_type=EC50;affinity=562;pmid=33205975;doi=10.1021/acs.jmedchem.0c01581	evidence_only
signature	GPR88	DOWN	BindingDB	BindingDB monomer 50555006				affinity_type=EC50;affinity=468;pmid=33205975;doi=10.1021/acs.jmedchem.0c01581	evidence_only
signature	GPR88	DOWN	BindingDB	BindingDB monomer 50555007				affinity_type=EC50;affinity=427;pmid=33205975;doi=10.1021/acs.jmedchem.0c01581	evidence_only
signature	GPR88	DOWN	BindingDB	BindingDB monomer 50555008				affinity_type=EC50;affinity=537;pmid=33205975;doi=10.1021/acs.jmedchem.0c01581	evidence_only
signature	GPR88	DOWN	BindingDB	BindingDB monomer 50555009				affinity_type=EC50;affinity=468;pmid=33205975;doi=10.1021/acs.jmedchem.0c01581	evidence_only
signature	GPR88	DOWN	BindingDB	BindingDB monomer 50555010				affinity_type=EC50;affinity=891;pmid=33205975;doi=10.1021/acs.jmedchem.0c01581	evidence_only
signature	GPR88	DOWN	BindingDB	BindingDB monomer 50555011				affinity_type=EC50;affinity=7943;pmid=33205975;doi=10.1021/acs.jmedchem.0c01581	evidence_only
signature	GPR88	DOWN	BindingDB	BindingDB monomer 50555012				affinity_type=EC50;affinity=513;pmid=33205975;doi=10.1021/acs.jmedchem.0c01581	evidence_only
signature	GPR88	DOWN	BindingDB	BindingDB monomer 50555013				affinity_type=EC50;affinity=5495;pmid=33205975;doi=10.1021/acs.jmedchem.0c01581	evidence_only
signature	GPR88	DOWN	BindingDB	BindingDB monomer 50555014				affinity_type=EC50;affinity=5495;pmid=33205975;doi=10.1021/acs.jmedchem.0c01581	evidence_only
signature	GPR88	DOWN	BindingDB	BindingDB monomer 50555015				affinity_type=EC50;affinity=3388;pmid=33205975;doi=10.1021/acs.jmedchem.0c01581	evidence_only
signature	GPR88	DOWN	BindingDB	BindingDB monomer 50555017				affinity_type=EC50;affinity=245;pmid=33205975;doi=10.1021/acs.jmedchem.0c01581	evidence_only
signature	GPR88	DOWN	BindingDB	BindingDB monomer 50555018				affinity_type=EC50;affinity=219;pmid=33205975;doi=10.1021/acs.jmedchem.0c01581	evidence_only
signature	GPR88	DOWN	BindingDB	BindingDB monomer 50555019				affinity_type=EC50;affinity=617;pmid=33205975;doi=10.1021/acs.jmedchem.0c01581	evidence_only
signature	GPR88	DOWN	BindingDB	BindingDB monomer 50555020				affinity_type=EC50;affinity=589;pmid=33205975;doi=10.1021/acs.jmedchem.0c01581	evidence_only
signature	GPR88	DOWN	BindingDB	BindingDB monomer 50555021				affinity_type=EC50;affinity=871;pmid=33205975;doi=10.1021/acs.jmedchem.0c01581	evidence_only
signature	GPR88	DOWN	BindingDB	BindingDB monomer 50555022				affinity_type=EC50;affinity=269;pmid=33205975;doi=10.1021/acs.jmedchem.0c01581	evidence_only
signature	GPR88	DOWN	BindingDB	BindingDB monomer 50555023				affinity_type=EC50;affinity=550;pmid=33205975;doi=10.1021/acs.jmedchem.0c01581	evidence_only
signature	GPR88	DOWN	BindingDB	BindingDB monomer 50555024				affinity_type=EC50;affinity=724;pmid=33205975;doi=10.1021/acs.jmedchem.0c01581	evidence_only
signature	GPR88	DOWN	BindingDB	BindingDB monomer 50555025				affinity_type=EC50;affinity=457;pmid=33205975;doi=10.1021/acs.jmedchem.0c01581	evidence_only
signature	GPR88	DOWN	BindingDB	BindingDB monomer 50555026				affinity_type=EC50;affinity=676;pmid=33205975;doi=10.1021/acs.jmedchem.0c01581	evidence_only
signature	GPR88	DOWN	BindingDB	BindingDB monomer 50555027				affinity_type=EC50;affinity=741;pmid=33205975;doi=10.1021/acs.jmedchem.0c01581	evidence_only
signature	GPR88	DOWN	BindingDB	BindingDB monomer 50555028				affinity_type=EC50;affinity=1000;pmid=33205975;doi=10.1021/acs.jmedchem.0c01581	evidence_only
signature	GPR88	DOWN	BindingDB	BindingDB monomer 50555029				affinity_type=EC50;affinity=3631;pmid=33205975;doi=10.1021/acs.jmedchem.0c01581	evidence_only
signature	GPR88	DOWN	BindingDB	BindingDB monomer 50555030				affinity_type=EC50;affinity=4898;pmid=33205975;doi=10.1021/acs.jmedchem.0c01581	evidence_only
signature	GPR88	DOWN	BindingDB	BindingDB monomer 50555031				affinity_type=EC50;affinity=5129;pmid=33205975;doi=10.1021/acs.jmedchem.0c01581	evidence_only
signature	GPR88	DOWN	BindingDB	BindingDB monomer 50555032				affinity_type=EC50;affinity=537;pmid=33205975;doi=10.1021/acs.jmedchem.0c01581	evidence_only
signature	GPR88	DOWN	BindingDB	BindingDB monomer 50555033				affinity_type=EC50;affinity=525;pmid=33205975;doi=10.1021/acs.jmedchem.0c01581	evidence_only
signature	GPR88	DOWN	BindingDB	BindingDB monomer 50555034				affinity_type=EC50;affinity=479;pmid=33205975;doi=10.1021/acs.jmedchem.0c01581	evidence_only
signature	GPR88	DOWN	BindingDB	BindingDB monomer 50555035				affinity_type=EC50;affinity=550;pmid=33205975;doi=10.1021/acs.jmedchem.0c01581	evidence_only
signature	GPR88	DOWN	BindingDB	BindingDB monomer 50555036				affinity_type=EC50;affinity=112;pmid=33205975;doi=10.1021/acs.jmedchem.0c01581	evidence_only
signature	GPR88	DOWN	BindingDB	BindingDB monomer 50555037				affinity_type=EC50;affinity=148;pmid=33205975;doi=10.1021/acs.jmedchem.0c01581	evidence_only
signature	GPR88	DOWN	BindingDB	BindingDB monomer 50555038				affinity_type=EC50;affinity=59;pmid=33205975;doi=10.1021/acs.jmedchem.0c01581	evidence_only
signature	GPR88	DOWN	BindingDB	BindingDB monomer 50555039				affinity_type=EC50;affinity=295;pmid=33205975;doi=10.1021/acs.jmedchem.0c01581	evidence_only
signature	GPR88	DOWN	BindingDB	BindingDB monomer 50555040				affinity_type=EC50;affinity=372;pmid=33205975;doi=10.1021/acs.jmedchem.0c01581	evidence_only
signature	GPR88	DOWN	BindingDB	BindingDB monomer 50555041				affinity_type=EC50;affinity=71;pmid=33205975;doi=10.1021/acs.jmedchem.0c01581	evidence_only
signature	GPR88	DOWN	BindingDB	BindingDB monomer 50555042				affinity_type=EC50;affinity=138;pmid=33205975;doi=10.1021/acs.jmedchem.0c01581	evidence_only
signature	GPR88	DOWN	BindingDB	BindingDB monomer 50555043				affinity_type=EC50;affinity=78;pmid=33205975;doi=10.1021/acs.jmedchem.0c01581	evidence_only
signature	GPR88	DOWN	BindingDB	BindingDB monomer 50555044				affinity_type=EC50;affinity=74;pmid=33205975;doi=10.1021/acs.jmedchem.0c01581	evidence_only
signature	GPR88	DOWN	BindingDB	BindingDB monomer 50555045				affinity_type=EC50;affinity=138;pmid=33205975;doi=10.1021/acs.jmedchem.0c01581	evidence_only
signature	GPR88	DOWN	BindingDB	BindingDB monomer 50554975				affinity_type=EC50;affinity=45;pmid=34387471;doi=10.7270/Q2GX4GMN	evidence_only
signature	GPR88	DOWN	BindingDB	BindingDB monomer 50555037				affinity_type=EC50;affinity=148;pmid=34387471;doi=10.7270/Q2GX4GMN	evidence_only
signature	GPR88	DOWN	BindingDB	BindingDB monomer 50595961				affinity_type=EC50;affinity=132;pmid=34387471;doi=10.7270/Q2GX4GMN	evidence_only
signature	GPR88	DOWN	BindingDB	BindingDB monomer 50595962				affinity_type=EC50;affinity=324;pmid=34387471;doi=10.7270/Q2GX4GMN	evidence_only
signature	GPR88	DOWN	BindingDB	BindingDB monomer 50595963				affinity_type=EC50;affinity=501;pmid=34387471;doi=10.7270/Q2GX4GMN	evidence_only
signature	GPR88	DOWN	BindingDB	BindingDB monomer 50595964				affinity_type=EC50;affinity=355;pmid=34387471;doi=10.7270/Q2GX4GMN	evidence_only
signature	GPR88	DOWN	BindingDB	BindingDB monomer 50595965				affinity_type=EC50;affinity=372;pmid=34387471;doi=10.7270/Q2GX4GMN	evidence_only
signature	GPR88	DOWN	BindingDB	BindingDB monomer 50595966				affinity_type=EC50;affinity=178;pmid=34387471;doi=10.7270/Q2GX4GMN	evidence_only
signature	GPR88	DOWN	BindingDB	BindingDB monomer 50595967				affinity_type=EC50;affinity=95;pmid=34387471;doi=10.7270/Q2GX4GMN	evidence_only
signature	GPR88	DOWN	BindingDB	BindingDB monomer 50595968				affinity_type=EC50;affinity=60;pmid=34387471;doi=10.7270/Q2GX4GMN	evidence_only
signature	GPR88	DOWN	BindingDB	BindingDB monomer 50595969				affinity_type=EC50;affinity=89;pmid=34387471;doi=10.7270/Q2GX4GMN	evidence_only
signature	GPR88	DOWN	BindingDB	BindingDB monomer 50595970				affinity_type=EC50;affinity=457;pmid=34387471;doi=10.7270/Q2GX4GMN	evidence_only
signature	GPR88	DOWN	BindingDB	BindingDB monomer 50595971				affinity_type=EC50;affinity=263;pmid=34387471;doi=10.7270/Q2GX4GMN	evidence_only
signature	GPR88	DOWN	BindingDB	BindingDB monomer 50595972				affinity_type=EC50;affinity=182;pmid=34387471;doi=10.7270/Q2GX4GMN	evidence_only
signature	GPR88	DOWN	BindingDB	BindingDB monomer 50595973				affinity_type=EC50;affinity=363;pmid=34387471;doi=10.7270/Q2GX4GMN	evidence_only
signature	GPR88	DOWN	BindingDB	BindingDB monomer 50595974				affinity_type=EC50;affinity=603;pmid=34387471;doi=10.7270/Q2GX4GMN	evidence_only
signature	GPR88	DOWN	BindingDB	BindingDB monomer 50595975				affinity_type=EC50;affinity=912;pmid=34387471;doi=10.7270/Q2GX4GMN	evidence_only
signature	GPR88	DOWN	BindingDB	BindingDB monomer 50595976				affinity_type=EC50;affinity=245;pmid=34387471;doi=10.7270/Q2GX4GMN	evidence_only
signature	GPR88	DOWN	BindingDB	BindingDB monomer 50595977				affinity_type=EC50;affinity=339;pmid=34387471;doi=10.7270/Q2GX4GMN	evidence_only
signature	GPR88	DOWN	BindingDB	BindingDB monomer 50595978				affinity_type=EC50;affinity=182;pmid=34387471;doi=10.7270/Q2GX4GMN	evidence_only
signature	GPR88	DOWN	BindingDB	BindingDB monomer 50595979				affinity_type=EC50;affinity=91;pmid=34387471;doi=10.7270/Q2GX4GMN	evidence_only
signature	GPR88	DOWN	BindingDB	BindingDB monomer 50595980				affinity_type=EC50;affinity=282;pmid=34387471;doi=10.7270/Q2GX4GMN	evidence_only
signature	GPR88	DOWN	BindingDB	BindingDB monomer 50595981				affinity_type=EC50;affinity=166;pmid=34387471;doi=10.7270/Q2GX4GMN	evidence_only
signature	GPR88	DOWN	BindingDB	BindingDB monomer 50595982				affinity_type=EC50;affinity=1096;pmid=34387471;doi=10.7270/Q2GX4GMN	evidence_only
signature	GPR88	DOWN	BindingDB	BindingDB monomer 50595983				affinity_type=EC50;affinity=1995;pmid=34387471;doi=10.7270/Q2GX4GMN	evidence_only
signature	GPR88	DOWN	BindingDB	BindingDB monomer 50595984				affinity_type=EC50;affinity=708;pmid=34387471;doi=10.7270/Q2GX4GMN	evidence_only
signature	GPR88	DOWN	BindingDB	BindingDB monomer 50595985				affinity_type=EC50;affinity=407;pmid=34387471;doi=10.7270/Q2GX4GMN	evidence_only
signature	GPR88	DOWN	BindingDB	BindingDB monomer 50595986				affinity_type=EC50;affinity=74;pmid=34387471;doi=10.7270/Q2GX4GMN	evidence_only
signature	GPR88	DOWN	BindingDB	BindingDB monomer 50595987				affinity_type=EC50;affinity=115;pmid=34387471;doi=10.7270/Q2GX4GMN	evidence_only
signature	GPR88	DOWN	BindingDB	BindingDB monomer 50595988				affinity_type=EC50;affinity=166;pmid=34387471;doi=10.7270/Q2GX4GMN	evidence_only
signature	GPR88	DOWN	BindingDB	BindingDB monomer 50595989				affinity_type=EC50;affinity=91;pmid=34387471;doi=10.7270/Q2GX4GMN	evidence_only
signature	GPR88	DOWN	BindingDB	BindingDB monomer 50595990				affinity_type=EC50;affinity=40;pmid=34387471;doi=10.7270/Q2GX4GMN	evidence_only
signature	GPR88	DOWN	BindingDB	BindingDB monomer 50595991				affinity_type=EC50;affinity=389;pmid=34387471;doi=10.7270/Q2GX4GMN	evidence_only
signature	GPR88	DOWN	BindingDB	BindingDB monomer 50595992				affinity_type=EC50;affinity=77;pmid=34387471;doi=10.7270/Q2GX4GMN	evidence_only
signature	GPR88	DOWN	BindingDB	BindingDB monomer 50595993				affinity_type=EC50;affinity=14;pmid=34387471;doi=10.7270/Q2GX4GMN	evidence_only
signature	GPR88	DOWN	BindingDB	BindingDB monomer 50064751				affinity_type=EC50;affinity=414;pmid=34387471;doi=10.7270/Q2GX4GMN	evidence_only
signature	GPR88	DOWN	BindingDB	BindingDB monomer 50554993				affinity_type=EC50;affinity=295;pmid=34387471;doi=10.7270/Q2GX4GMN	evidence_only
signature	GPR88	DOWN	BindingDB	BindingDB monomer 50555033				affinity_type=EC50;affinity=525;pmid=34387471;doi=10.7270/Q2GX4GMN	evidence_only
signature	GPR88	DOWN	BindingDB	BindingDB monomer 50555046				affinity_type=EC50;affinity=59;pmid=34387471;doi=10.7270/Q2GX4GMN	evidence_only
signature	GPR88	DOWN	BindingDB	BindingDB monomer 50554975				affinity_type=EC50;affinity=45;pmid=34387471;doi=10.7270/Q2GX4GMN	evidence_only
signature	GPR88	DOWN	BindingDB	BindingDB monomer 50555037				affinity_type=EC50;affinity=148;pmid=34387471;doi=10.7270/Q2GX4GMN	evidence_only
signature	GPR88	DOWN	BindingDB	BindingDB monomer 50595961				affinity_type=EC50;affinity=132;pmid=34387471;doi=10.7270/Q2GX4GMN	evidence_only
signature	GPR88	DOWN	BindingDB	BindingDB monomer 50595962				affinity_type=EC50;affinity=324;pmid=34387471;doi=10.7270/Q2GX4GMN	evidence_only
signature	GPR88	DOWN	BindingDB	BindingDB monomer 50595963				affinity_type=EC50;affinity=501;pmid=34387471;doi=10.7270/Q2GX4GMN	evidence_only
signature	GPR88	DOWN	BindingDB	BindingDB monomer 50595964				affinity_type=EC50;affinity=355;pmid=34387471;doi=10.7270/Q2GX4GMN	evidence_only
signature	GPR88	DOWN	BindingDB	BindingDB monomer 50595965				affinity_type=EC50;affinity=372;pmid=34387471;doi=10.7270/Q2GX4GMN	evidence_only
signature	GPR88	DOWN	BindingDB	BindingDB monomer 50595966				affinity_type=EC50;affinity=178;pmid=34387471;doi=10.7270/Q2GX4GMN	evidence_only
signature	GPR88	DOWN	BindingDB	BindingDB monomer 50595967				affinity_type=EC50;affinity=95;pmid=34387471;doi=10.7270/Q2GX4GMN	evidence_only
signature	GPR88	DOWN	BindingDB	BindingDB monomer 50595968				affinity_type=EC50;affinity=60;pmid=34387471;doi=10.7270/Q2GX4GMN	evidence_only
signature	GPR88	DOWN	BindingDB	BindingDB monomer 50595969				affinity_type=EC50;affinity=89;pmid=34387471;doi=10.7270/Q2GX4GMN	evidence_only
signature	GPR88	DOWN	BindingDB	BindingDB monomer 50595970				affinity_type=EC50;affinity=457;pmid=34387471;doi=10.7270/Q2GX4GMN	evidence_only
signature	GPR88	DOWN	BindingDB	BindingDB monomer 50595971				affinity_type=EC50;affinity=263;pmid=34387471;doi=10.7270/Q2GX4GMN	evidence_only
signature	GPR88	DOWN	BindingDB	BindingDB monomer 50595972				affinity_type=EC50;affinity=182;pmid=34387471;doi=10.7270/Q2GX4GMN	evidence_only
signature	GPR88	DOWN	BindingDB	BindingDB monomer 50595973				affinity_type=EC50;affinity=363;pmid=34387471;doi=10.7270/Q2GX4GMN	evidence_only
signature	GPR88	DOWN	BindingDB	BindingDB monomer 50595974				affinity_type=EC50;affinity=603;pmid=34387471;doi=10.7270/Q2GX4GMN	evidence_only
signature	GPR88	DOWN	BindingDB	BindingDB monomer 50595975				affinity_type=EC50;affinity=912;pmid=34387471;doi=10.7270/Q2GX4GMN	evidence_only
signature	GPR88	DOWN	BindingDB	BindingDB monomer 50595976				affinity_type=EC50;affinity=245;pmid=34387471;doi=10.7270/Q2GX4GMN	evidence_only
signature	GPR88	DOWN	BindingDB	BindingDB monomer 50595977				affinity_type=EC50;affinity=339;pmid=34387471;doi=10.7270/Q2GX4GMN	evidence_only
signature	GPR88	DOWN	BindingDB	BindingDB monomer 50595978				affinity_type=EC50;affinity=182;pmid=34387471;doi=10.7270/Q2GX4GMN	evidence_only
signature	GPR88	DOWN	BindingDB	BindingDB monomer 50595979				affinity_type=EC50;affinity=91;pmid=34387471;doi=10.7270/Q2GX4GMN	evidence_only
signature	GPR88	DOWN	BindingDB	BindingDB monomer 50595980				affinity_type=EC50;affinity=282;pmid=34387471;doi=10.7270/Q2GX4GMN	evidence_only
signature	GPR88	DOWN	BindingDB	BindingDB monomer 50595981				affinity_type=EC50;affinity=166;pmid=34387471;doi=10.7270/Q2GX4GMN	evidence_only
signature	GPR88	DOWN	BindingDB	BindingDB monomer 50595982				affinity_type=EC50;affinity=1096;pmid=34387471;doi=10.7270/Q2GX4GMN	evidence_only
signature	GPR88	DOWN	BindingDB	BindingDB monomer 50595983				affinity_type=EC50;affinity=1995;pmid=34387471;doi=10.7270/Q2GX4GMN	evidence_only
signature	GPR88	DOWN	BindingDB	BindingDB monomer 50595984				affinity_type=EC50;affinity=708;pmid=34387471;doi=10.7270/Q2GX4GMN	evidence_only
signature	GPR88	DOWN	BindingDB	BindingDB monomer 50595985				affinity_type=EC50;affinity=407;pmid=34387471;doi=10.7270/Q2GX4GMN	evidence_only
signature	GPR88	DOWN	BindingDB	BindingDB monomer 50595986				affinity_type=EC50;affinity=74;pmid=34387471;doi=10.7270/Q2GX4GMN	evidence_only
signature	GPR88	DOWN	BindingDB	BindingDB monomer 50595987				affinity_type=EC50;affinity=115;pmid=34387471;doi=10.7270/Q2GX4GMN	evidence_only
signature	GPR88	DOWN	BindingDB	BindingDB monomer 50595988				affinity_type=EC50;affinity=166;pmid=34387471;doi=10.7270/Q2GX4GMN	evidence_only
signature	GPR88	DOWN	BindingDB	BindingDB monomer 50595989				affinity_type=EC50;affinity=91;pmid=34387471;doi=10.7270/Q2GX4GMN	evidence_only
signature	GPR88	DOWN	BindingDB	BindingDB monomer 50595990				affinity_type=EC50;affinity=40;pmid=34387471;doi=10.7270/Q2GX4GMN	evidence_only
signature	GPR88	DOWN	BindingDB	BindingDB monomer 50595991				affinity_type=EC50;affinity=389;pmid=34387471;doi=10.7270/Q2GX4GMN	evidence_only
signature	GPR88	DOWN	BindingDB	BindingDB monomer 50595992				affinity_type=EC50;affinity=77;pmid=34387471;doi=10.7270/Q2GX4GMN	evidence_only
signature	GPR88	DOWN	BindingDB	BindingDB monomer 50595993				affinity_type=EC50;affinity=14;pmid=34387471;doi=10.7270/Q2GX4GMN	evidence_only
signature	GPR88	DOWN	BindingDB	BindingDB monomer 50065915				affinity_type=EC50;affinity=73;pmid=34387471;doi=10.7270/Q2GX4GMN	evidence_only
signature	GPR88	DOWN	BindingDB	BindingDB monomer 50554975				affinity_type=EC50;affinity=45;pmid=36587872;doi=10.7270/Q28D01HC	evidence_only
signature	GPR88	DOWN	BindingDB	BindingDB monomer 50065915				affinity_type=EC50;affinity=74;pmid=36587872;doi=10.7270/Q28D01HC	evidence_only
signature	GPR88	DOWN	BindingDB	BindingDB monomer 50610306				affinity_type=EC50;affinity=1738;pmid=36587872;doi=10.7270/Q28D01HC	evidence_only
signature	GPR88	DOWN	BindingDB	BindingDB monomer 50064751				affinity_type=EC50;affinity=304;pmid=36587872;doi=10.7270/Q28D01HC	evidence_only
signature	GPR88	DOWN	BindingDB	BindingDB monomer 50064645				affinity_type=EC50;affinity=195;pmid=36587872;doi=10.7270/Q28D01HC	evidence_only
signature	GPR88	DOWN	BindingDB	BindingDB monomer 50554975				affinity_type=EC50;affinity=65;pmid=36749855;doi=10.7270/Q2P55SZH	evidence_only
signature	GPR88	DOWN	BindingDB	BindingDB monomer 50632256				affinity_type=EC50;affinity=10000;pmid=36749855;doi=10.7270/Q2P55SZH	evidence_only
signature	GPR88	DOWN	BindingDB	BindingDB monomer 50632257				affinity_type=EC50;affinity=12;pmid=36749855;doi=10.7270/Q2P55SZH	evidence_only
signature	GPR88	DOWN	BindingDB	BindingDB monomer 50632258				affinity_type=EC50;affinity=9841;pmid=36749855;doi=10.7270/Q2P55SZH	evidence_only
signature	GPR88	DOWN	DGIdb	RTI-122		agonist	False	conceptId=iuphar.ligand:12395;directionality=ACTIVATING	nominating
signature	GPR88	DOWN	DGIdb	RTI-13951-33		agonist	False	conceptId=iuphar.ligand:10031;directionality=ACTIVATING	nominating
signature	GPR88	DOWN	DGIdb	COMPOUND 2 [PMID: 24793972]		agonist	False	conceptId=iuphar.ligand:7798;directionality=ACTIVATING	nominating
signature	FAT1	UP	DGIdb	CAPECITABINE			True	conceptId=rxcui:194000;directionality=	nominating
signature	RNASE1	UP	DGIdb	CHEMBL:CHEMBL258728			False	conceptId=chembl:CHEMBL258728;directionality=	nominating
signature	CTNNA3	DOWN	DGIdb	ANTIDEPRESSANT AGENT			False	conceptId=ncit:C265;directionality=	nominating
signature	TREM2	UP	BindingDB	BindingDB monomer 50665996				affinity_type=EC50;affinity=3.0;pmid=40365414;doi=10.7270/Q2H41XC4	evidence_only
signature	TREM2	UP	BindingDB	BindingDB monomer 50665997				affinity_type=EC50;affinity=2.0;pmid=40365414;doi=10.7270/Q2H41XC4	evidence_only
signature	TREM2	UP	BindingDB	BindingDB monomer 50665998				affinity_type=EC50;affinity=1.000000;pmid=40365414;doi=10.7270/Q2H41XC4	evidence_only
signature	TREM2	UP	BindingDB	BindingDB monomer 50665999				affinity_type=EC50;affinity=5.0;pmid=40365414;doi=10.7270/Q2H41XC4	evidence_only
signature	TREM2	UP	BindingDB	BindingDB monomer 50666000				affinity_type=EC50;affinity=4.0;pmid=40365414;doi=10.7270/Q2H41XC4	evidence_only
signature	TREM2	UP	BindingDB	BindingDB monomer 50666001				affinity_type=EC50;affinity=2.0;pmid=40365414;doi=10.7270/Q2H41XC4	evidence_only
signature	TREM2	UP	DGIdb	TREM2 AGONIST 4I		agonist	False	conceptId=iuphar.ligand:14245;directionality=ACTIVATING	nominating
signature	TREM2	UP	DGIdb	TREM2 AGONIST C1		agonist	False	conceptId=iuphar.ligand:14243;directionality=ACTIVATING	nominating
signature	TREM2	UP	DGIdb	VG-3927		agonist	False	conceptId=iuphar.ligand:14242;directionality=ACTIVATING	nominating
signature	TREM2	UP	DGIdb	T2M-010		agonist	False	conceptId=iuphar.ligand:14244;directionality=ACTIVATING	nominating
signature	LOXL4	UP	Pharos	disulfiram	CHEMBL964		True	isdrug_flag=TCRD_not_FDA;activity_types=IC50	nominating
signature	LOXL4	UP	Pharos	thiram	CHEMBL120563		True	isdrug_flag=TCRD_not_FDA;activity_types=IC50	nominating
signature	LOXL4	UP	BindingDB	BindingDB monomer 633246				affinity_type=IC50;affinity=<300;pmid=;doi=10.7270/Q2NV9PD6	evidence_only
signature	LOXL4	UP	BindingDB	BindingDB monomer 50058655				affinity_type=IC50;affinity=59;pmid=30098867;doi=10.1016/j.bmcl.2018.07.001	evidence_only
signature	LOXL4	UP	BindingDB	BindingDB monomer 50463622				affinity_type=IC50;affinity=2100;pmid=30098867;doi=10.1016/j.bmcl.2018.07.001	evidence_only
signature	LOXL4	UP	BindingDB	BindingDB monomer 50463615				affinity_type=IC50;affinity=3300;pmid=30098867;doi=10.1016/j.bmcl.2018.07.001	evidence_only
signature	LOXL4	UP	BindingDB	BindingDB monomer 43362				affinity_type=IC50;affinity=180;pmid=30098867;doi=10.1016/j.bmcl.2018.07.001	evidence_only
signature	LOXL4	UP	BindingDB	BindingDB monomer 50505638				affinity_type=IC50;affinity=280;pmid=31580073;doi=10.1021/acs.jmedchem.9b01283	evidence_only
signature	DHRS9	UP	DGIdb	(+/-)-WIEDENDIOL B			False	conceptId=chembl:CHEMBL456619;directionality=	nominating
signature	DHRS9	UP	DGIdb	CHEMBL:CHEMBL456414			False	conceptId=chembl:CHEMBL456414;directionality=	nominating
signature	DHRS9	UP	DGIdb	CHEMBL:CHEMBL514876			False	conceptId=chembl:CHEMBL514876;directionality=	nominating
signature	DHRS9	UP	DGIdb	CHEMBL:CHEMBL461471			False	conceptId=chembl:CHEMBL461471;directionality=	nominating
signature	DHRS9	UP	DGIdb	CHEMBL:CHEMBL459574			False	conceptId=chembl:CHEMBL459574;directionality=	nominating
signature	DHRS9	UP	DGIdb	CHEMBL:CHEMBL517425			False	conceptId=chembl:CHEMBL517425;directionality=	nominating
signature	DHRS9	UP	DGIdb	PROTECTED SIPHONODICTYAL C			False	conceptId=chembl:CHEMBL456845;directionality=	nominating
signature	ACVR1C	DOWN	BindingDB	BindingDB monomer 50660663				affinity_type=IC50;affinity=6.8;pmid=40108955;doi=10.7270/Q25M6BMV	evidence_only
signature	ACVR1C	DOWN	DGIdb	SB-431542		inhibitor	False	conceptId=iuphar.ligand:8216;directionality=INHIBITORY	nominating
signature	SLCO1A2	DOWN	BindingDB	BindingDB monomer 50660325				affinity_type=IC50;affinity=1200;pmid=39892094;doi=10.7270/Q2NS10S4	evidence_only
signature	SLCO1A2	DOWN	BindingDB	BindingDB monomer 50660326				affinity_type=IC50;affinity=710;pmid=39892094;doi=10.7270/Q2NS10S4	evidence_only
signature	SLCO1A2	DOWN	BindingDB	BindingDB monomer 50660327				affinity_type=IC50;affinity=991;pmid=39892094;doi=10.7270/Q2NS10S4	evidence_only
signature	SLCO1A2	DOWN	BindingDB	BindingDB monomer 50660328				affinity_type=IC50;affinity=1010;pmid=39892094;doi=10.7270/Q2NS10S4	evidence_only
signature	SLCO1A2	DOWN	BindingDB	BindingDB monomer 50660329				affinity_type=IC50;affinity=7930;pmid=39892094;doi=10.7270/Q2NS10S4	evidence_only
signature	SLCO1A2	DOWN	BindingDB	BindingDB monomer 50660333				affinity_type=IC50;affinity=237;pmid=39892094;doi=10.7270/Q2NS10S4	evidence_only
signature	SLCO1A2	DOWN	BindingDB	BindingDB monomer 50660334				affinity_type=IC50;affinity=420;pmid=39892094;doi=10.7270/Q2NS10S4	evidence_only
signature	SLCO1A2	DOWN	BindingDB	BindingDB monomer 50660330				affinity_type=IC50;affinity=1320;pmid=39892094;doi=10.7270/Q2NS10S4	evidence_only
signature	SLCO1A2	DOWN	BindingDB	BindingDB monomer 50660331				affinity_type=IC50;affinity=422;pmid=39892094;doi=10.7270/Q2NS10S4	evidence_only
signature	SLCO1A2	DOWN	BindingDB	BindingDB monomer 50660332				affinity_type=IC50;affinity=2180;pmid=39892094;doi=10.7270/Q2NS10S4	evidence_only
signature	SLCO1A2	DOWN	DGIdb	THERAPEUTIC HORMONE			False	conceptId=ncit:C548;directionality=	nominating
signature	SLCO1A2	DOWN	DGIdb	IMATINIB			True	conceptId=rxcui:282388;directionality=	nominating
signature	SLCO1A2	DOWN	DGIdb	[3H]DPDPE			False	conceptId=iuphar.ligand:3819;directionality=	nominating
signature	SLCO1A2	DOWN	DGIdb	RIFAMPIN		inhibitor	True	conceptId=rxcui:9384;directionality=INHIBITORY	nominating
signature	SLCO1A2	DOWN	DGIdb	NADOLOL			True	conceptId=rxcui:7226;directionality=	nominating
signature	SLCO1A2	DOWN	DGIdb	NARINGIN		inhibitor	False	conceptId=iuphar.ligand:4738;directionality=INHIBITORY	nominating
signature	SLCO1A2	DOWN	DGIdb	CELIPROLOL			True	conceptId=rxcui:20498;directionality=	nominating
signature	SLCO1A2	DOWN	DGIdb	RIFAMYCIN SV		inhibitor	True	conceptId=rxcui:35616;directionality=INHIBITORY	nominating
signature	SLCO1A2	DOWN	DGIdb	TAMOXIFEN			True	conceptId=rxcui:10324;directionality=	nominating
signature	SLCO1A2	DOWN	DGIdb	ESTROPIPATE			False	conceptId=ncit:C47521;directionality=	nominating
signature	SLCO1A2	DOWN	DGIdb	[3H]BSP			False	conceptId=iuphar.ligand:4505;directionality=	nominating
signature	SLCO1A2	DOWN	DGIdb	TESTOSTERONE			True	conceptId=rxcui:10379;directionality=	nominating
signature	GALNT18	UP	DGIdb	TOCILIZUMAB			True	conceptId=rxcui:612865;directionality=	nominating
signature	GALNT18	UP	DGIdb	CISPLATIN			True	conceptId=rxcui:2555;directionality=	nominating
signature	MB	UP	BindingDB	BindingDB monomer 50437330				affinity_type=IC50;affinity=5300;pmid=24482730;doi=10.1021/ml4000904	evidence_only
signature	MB	UP	BindingDB	BindingDB monomer 50437331				affinity_type=IC50;affinity=2300;pmid=24482730;doi=10.1021/ml4000904	evidence_only
signature	MB	UP	BindingDB	BindingDB monomer 50437332				affinity_type=IC50;affinity=1200;pmid=24482730;doi=10.1021/ml4000904	evidence_only
signature	MB	UP	BindingDB	BindingDB monomer 26197				affinity_type=IC50;affinity=2300;pmid=24482730;doi=10.1021/ml4000904	evidence_only
signature	TSPAN5	DOWN	DGIdb	SEROTONIN			False	conceptId=rxcui:1311214;directionality=	nominating
signature	SULF2	UP	DGIdb	VINCRISTINE			True	conceptId=rxcui:11202;directionality=	nominating
signature	TRPV4	UP	OpenTargets	BUTAMBEN	CHEMBL127516	INHIBITOR	True	row.maxClinicalStage=WITHDRAWAL;drug.maximumClinicalStage=APPROVAL	nominating
signature	TRPV4	UP	OpenTargets	BUTAMBEN PICRATE	CHEMBL3142541	INHIBITOR	True	row.maxClinicalStage=WITHDRAWAL;drug.maximumClinicalStage=APPROVAL	nominating
signature	TRPV4	UP	OpenTargets	GSK2798745	CHEMBL4470585	ANTAGONIST	False	row.maxClinicalStage=PHASE_2;drug.maximumClinicalStage=PHASE_2	nominating
signature	TRPV4	UP	ChEMBL	GSK2798745	CHEMBL4470585	ANTAGONIST	False	mechanism_of_action=Transient receptor potential cation channel subfamily V member 4 antagonist;refs=Other:http://www.gsk.com/media/1017505/product-pipeline-march-2016.pdf	nominating
signature	TRPV4	UP	ChEMBL	BUTAMBEN	CHEMBL127516	INHIBITOR	True	mechanism_of_action=Transient receptor potential cation channel subfamily V member 4 inhibitor;refs=PubMed:12538804;PubMed:15920194;PubMed:15923341;PubMed:16368819;PubMed:18877037;PubMed:20377544;PubMed:22041064;PubMed:22133806;PubMed:7793660;PubMed:8592284	nominating
signature	TRPV4	UP	ChEMBL	BUTAMBEN PICRATE	CHEMBL3142541	INHIBITOR	True	mechanism_of_action=Transient receptor potential cation channel subfamily V member 4 inhibitor;refs=PubMed:12538804;PubMed:15920194;PubMed:15923341;PubMed:16368819;PubMed:18877037;PubMed:20377544;PubMed:22041064;PubMed:22133806;PubMed:7793660;PubMed:8592284	nominating
signature	TRPV4	UP	BindingDB	BindingDB monomer 230228				affinity_type=Ki;affinity=21;pmid=;doi=10.7270/Q2319TR3	evidence_only
signature	TRPV4	UP	BindingDB	BindingDB monomer 230229				affinity_type=Ki;affinity=160;pmid=;doi=10.7270/Q2319TR3	evidence_only
signature	TRPV4	UP	BindingDB	BindingDB monomer 230230				affinity_type=Ki;affinity=780;pmid=;doi=10.7270/Q2319TR3	evidence_only
signature	TRPV4	UP	BindingDB	BindingDB monomer 230231				affinity_type=Ki;affinity=130;pmid=;doi=10.7270/Q2319TR3	evidence_only
signature	TRPV4	UP	BindingDB	BindingDB monomer 230232				affinity_type=Ki;affinity=4700;pmid=;doi=10.7270/Q2319TR3	evidence_only
signature	TRPV4	UP	BindingDB	BindingDB monomer 230233				affinity_type=Ki;affinity=2000;pmid=;doi=10.7270/Q2319TR3	evidence_only
signature	TRPV4	UP	BindingDB	BindingDB monomer 230234				affinity_type=Ki;affinity=2100;pmid=;doi=10.7270/Q2319TR3	evidence_only
signature	TRPV4	UP	BindingDB	BindingDB monomer 230235				affinity_type=Ki;affinity=3200;pmid=;doi=10.7270/Q2319TR3	evidence_only
signature	TRPV4	UP	BindingDB	BindingDB monomer 230241				affinity_type=Ki;affinity=590;pmid=;doi=10.7270/Q2319TR3	evidence_only
signature	TRPV4	UP	BindingDB	BindingDB monomer 230242				affinity_type=Ki;affinity=1600;pmid=;doi=10.7270/Q2319TR3	evidence_only
signature	TRPV4	UP	BindingDB	BindingDB monomer 230243				affinity_type=Ki;affinity=320;pmid=;doi=10.7270/Q2319TR3	evidence_only
signature	TRPV4	UP	BindingDB	BindingDB monomer 230244				affinity_type=Ki;affinity=2800;pmid=;doi=10.7270/Q2319TR3	evidence_only
signature	TRPV4	UP	BindingDB	BindingDB monomer 230245				affinity_type=Ki;affinity=3900;pmid=;doi=10.7270/Q2319TR3	evidence_only
signature	TRPV4	UP	BindingDB	BindingDB monomer 230246				affinity_type=Ki;affinity=380;pmid=;doi=10.7270/Q2319TR3	evidence_only
signature	TRPV4	UP	BindingDB	BindingDB monomer 230247				affinity_type=Ki;affinity=560;pmid=;doi=10.7270/Q2319TR3	evidence_only
signature	TRPV4	UP	BindingDB	BindingDB monomer 230248				affinity_type=Ki;affinity=2400;pmid=;doi=10.7270/Q2319TR3	evidence_only
signature	TRPV4	UP	BindingDB	BindingDB monomer 230249				affinity_type=Ki;affinity=530;pmid=;doi=10.7270/Q2319TR3	evidence_only
signature	TRPV4	UP	BindingDB	BindingDB monomer 230250				affinity_type=Ki;affinity=2200;pmid=;doi=10.7270/Q2319TR3	evidence_only
signature	TRPV4	UP	BindingDB	BindingDB monomer 230251				affinity_type=Ki;affinity=380;pmid=;doi=10.7270/Q2319TR3	evidence_only
signature	TRPV4	UP	BindingDB	BindingDB monomer 230252				affinity_type=Ki;affinity=130;pmid=;doi=10.7270/Q2319TR3	evidence_only
signature	TRPV4	UP	BindingDB	BindingDB monomer 230253				affinity_type=Ki;affinity=130;pmid=;doi=10.7270/Q2319TR3	evidence_only
signature	TRPV4	UP	BindingDB	BindingDB monomer 230254				affinity_type=Ki;affinity=590;pmid=;doi=10.7270/Q2319TR3	evidence_only
signature	TRPV4	UP	BindingDB	BindingDB monomer 230255				affinity_type=Ki;affinity=2100;pmid=;doi=10.7270/Q2319TR3	evidence_only
signature	TRPV4	UP	BindingDB	BindingDB monomer 230256				affinity_type=Ki;affinity=290;pmid=;doi=10.7270/Q2319TR3	evidence_only
signature	TRPV4	UP	BindingDB	BindingDB monomer 230257				affinity_type=Ki;affinity=2600;pmid=;doi=10.7270/Q2319TR3	evidence_only
signature	TRPV4	UP	BindingDB	BindingDB monomer 230258				affinity_type=Ki;affinity=1500;pmid=;doi=10.7270/Q2319TR3	evidence_only
signature	TRPV4	UP	BindingDB	BindingDB monomer 230259				affinity_type=Ki;affinity=2400;pmid=;doi=10.7270/Q2319TR3	evidence_only
signature	TRPV4	UP	BindingDB	BindingDB monomer 230260				affinity_type=Ki;affinity=2700;pmid=;doi=10.7270/Q2319TR3	evidence_only
signature	TRPV4	UP	BindingDB	BindingDB monomer 230261				affinity_type=Ki;affinity=3100;pmid=;doi=10.7270/Q2319TR3	evidence_only
signature	TRPV4	UP	BindingDB	BindingDB monomer 230262				affinity_type=Ki;affinity=1200;pmid=;doi=10.7270/Q2319TR3	evidence_only
signature	TRPV4	UP	BindingDB	BindingDB monomer 230263				affinity_type=Ki;affinity=2100;pmid=;doi=10.7270/Q2319TR3	evidence_only
signature	TRPV4	UP	BindingDB	BindingDB monomer 230264				affinity_type=Ki;affinity=170;pmid=;doi=10.7270/Q2319TR3	evidence_only
signature	TRPV4	UP	BindingDB	BindingDB monomer 230265				affinity_type=Ki;affinity=2300;pmid=;doi=10.7270/Q2319TR3	evidence_only
signature	TRPV4	UP	BindingDB	BindingDB monomer 230266				affinity_type=Ki;affinity=2400;pmid=;doi=10.7270/Q2319TR3	evidence_only
signature	TRPV4	UP	BindingDB	BindingDB monomer 230267				affinity_type=Ki;affinity=1500;pmid=;doi=10.7270/Q2319TR3	evidence_only
signature	TRPV4	UP	BindingDB	BindingDB monomer 230268				affinity_type=Ki;affinity=1500;pmid=;doi=10.7270/Q2319TR3	evidence_only
signature	TRPV4	UP	BindingDB	BindingDB monomer 230269				affinity_type=Ki;affinity=1500;pmid=;doi=10.7270/Q2319TR3	evidence_only
signature	TRPV4	UP	BindingDB	BindingDB monomer 230270				affinity_type=Ki;affinity=2300;pmid=;doi=10.7270/Q2319TR3	evidence_only
signature	TRPV4	UP	BindingDB	BindingDB monomer 230271				affinity_type=Ki;affinity=1600;pmid=;doi=10.7270/Q2319TR3	evidence_only
signature	TRPV4	UP	BindingDB	BindingDB monomer 230272				affinity_type=Ki;affinity=1500;pmid=;doi=10.7270/Q2319TR3	evidence_only
signature	TRPV4	UP	BindingDB	BindingDB monomer 230273				affinity_type=Ki;affinity=2500;pmid=;doi=10.7270/Q2319TR3	evidence_only
signature	TRPV4	UP	BindingDB	BindingDB monomer 230274				affinity_type=Ki;affinity=2500;pmid=;doi=10.7270/Q2319TR3	evidence_only
signature	TRPV4	UP	BindingDB	BindingDB monomer 230275				affinity_type=Ki;affinity=1800;pmid=;doi=10.7270/Q2319TR3	evidence_only
signature	TRPV4	UP	BindingDB	BindingDB monomer 230276				affinity_type=Ki;affinity=1100;pmid=;doi=10.7270/Q2319TR3	evidence_only
signature	TRPV4	UP	BindingDB	BindingDB monomer 230277				affinity_type=Ki;affinity=450;pmid=;doi=10.7270/Q2319TR3	evidence_only
signature	TRPV4	UP	BindingDB	BindingDB monomer 230278				affinity_type=Ki;affinity=240;pmid=;doi=10.7270/Q2319TR3	evidence_only
signature	TRPV4	UP	BindingDB	BindingDB monomer 230279				affinity_type=Ki;affinity=450;pmid=;doi=10.7270/Q2319TR3	evidence_only
signature	TRPV4	UP	BindingDB	BindingDB monomer 230157				affinity_type=Ki;affinity=3955;pmid=;doi=10.7270/Q2319TR3	evidence_only
signature	TRPV4	UP	BindingDB	BindingDB monomer 230158				affinity_type=Ki;affinity=197;pmid=;doi=10.7270/Q2319TR3	evidence_only
signature	TRPV4	UP	BindingDB	BindingDB monomer 230159				affinity_type=Ki;affinity=3066;pmid=;doi=10.7270/Q2319TR3	evidence_only
signature	TRPV4	UP	BindingDB	BindingDB monomer 230160				affinity_type=Ki;affinity=1569;pmid=;doi=10.7270/Q2319TR3	evidence_only
signature	TRPV4	UP	BindingDB	BindingDB monomer 230161				affinity_type=Ki;affinity=1700;pmid=;doi=10.7270/Q2319TR3	evidence_only
signature	TRPV4	UP	BindingDB	BindingDB monomer 230162				affinity_type=Ki;affinity=1059;pmid=;doi=10.7270/Q2319TR3	evidence_only
signature	TRPV4	UP	BindingDB	BindingDB monomer 230163				affinity_type=Ki;affinity=1454;pmid=;doi=10.7270/Q2319TR3	evidence_only
signature	TRPV4	UP	BindingDB	BindingDB monomer 230164				affinity_type=Ki;affinity=327;pmid=;doi=10.7270/Q2319TR3	evidence_only
signature	TRPV4	UP	BindingDB	BindingDB monomer 230165				affinity_type=Ki;affinity=678;pmid=;doi=10.7270/Q2319TR3	evidence_only
signature	TRPV4	UP	BindingDB	BindingDB monomer 230166				affinity_type=Ki;affinity=714;pmid=;doi=10.7270/Q2319TR3	evidence_only
signature	TRPV4	UP	BindingDB	BindingDB monomer 230167				affinity_type=Ki;affinity=1696;pmid=;doi=10.7270/Q2319TR3	evidence_only
signature	TRPV4	UP	BindingDB	BindingDB monomer 230168				affinity_type=Ki;affinity=1143;pmid=;doi=10.7270/Q2319TR3	evidence_only
signature	TRPV4	UP	BindingDB	BindingDB monomer 230169				affinity_type=Ki;affinity=453;pmid=;doi=10.7270/Q2319TR3	evidence_only
signature	TRPV4	UP	BindingDB	BindingDB monomer 230170				affinity_type=Ki;affinity=355;pmid=;doi=10.7270/Q2319TR3	evidence_only
signature	TRPV4	UP	BindingDB	BindingDB monomer 230171				affinity_type=Ki;affinity=1436;pmid=;doi=10.7270/Q2319TR3	evidence_only
signature	TRPV4	UP	BindingDB	BindingDB monomer 230172				affinity_type=Ki;affinity=191;pmid=;doi=10.7270/Q2319TR3	evidence_only
signature	TRPV4	UP	BindingDB	BindingDB monomer 230173				affinity_type=Ki;affinity=1557;pmid=;doi=10.7270/Q2319TR3	evidence_only
signature	TRPV4	UP	BindingDB	BindingDB monomer 230174				affinity_type=Ki;affinity=169;pmid=;doi=10.7270/Q2319TR3	evidence_only
signature	TRPV4	UP	BindingDB	BindingDB monomer 230175				affinity_type=Ki;affinity=1495;pmid=;doi=10.7270/Q2319TR3	evidence_only
signature	TRPV4	UP	BindingDB	BindingDB monomer 230176				affinity_type=Ki;affinity=992;pmid=;doi=10.7270/Q2319TR3	evidence_only
signature	TRPV4	UP	BindingDB	BindingDB monomer 230177				affinity_type=Ki;affinity=379;pmid=;doi=10.7270/Q2319TR3	evidence_only
signature	TRPV4	UP	BindingDB	BindingDB monomer 230178				affinity_type=Ki;affinity=2484;pmid=;doi=10.7270/Q2319TR3	evidence_only
signature	TRPV4	UP	BindingDB	BindingDB monomer 230179				affinity_type=Ki;affinity=605;pmid=;doi=10.7270/Q2319TR3	evidence_only
signature	TRPV4	UP	BindingDB	BindingDB monomer 230180				affinity_type=Ki;affinity=755;pmid=;doi=10.7270/Q2319TR3	evidence_only
signature	TRPV4	UP	BindingDB	BindingDB monomer 230181				affinity_type=Ki;affinity=1134;pmid=;doi=10.7270/Q2319TR3	evidence_only
signature	TRPV4	UP	BindingDB	BindingDB monomer 230182				affinity_type=Ki;affinity=427;pmid=;doi=10.7270/Q2319TR3	evidence_only
signature	TRPV4	UP	BindingDB	BindingDB monomer 230183				affinity_type=Ki;affinity=936;pmid=;doi=10.7270/Q2319TR3	evidence_only
signature	TRPV4	UP	BindingDB	BindingDB monomer 230184				affinity_type=Ki;affinity=1707;pmid=;doi=10.7270/Q2319TR3	evidence_only
signature	TRPV4	UP	BindingDB	BindingDB monomer 230185				affinity_type=Ki;affinity=519;pmid=;doi=10.7270/Q2319TR3	evidence_only
signature	TRPV4	UP	BindingDB	BindingDB monomer 230186				affinity_type=Ki;affinity=701;pmid=;doi=10.7270/Q2319TR3	evidence_only
signature	TRPV4	UP	BindingDB	BindingDB monomer 230187				affinity_type=Ki;affinity=160;pmid=;doi=10.7270/Q2319TR3	evidence_only
signature	TRPV4	UP	BindingDB	BindingDB monomer 230188				affinity_type=Ki;affinity=1612;pmid=;doi=10.7270/Q2319TR3	evidence_only
signature	TRPV4	UP	BindingDB	BindingDB monomer 230189				affinity_type=Ki;affinity=655;pmid=;doi=10.7270/Q2319TR3	evidence_only
signature	TRPV4	UP	BindingDB	BindingDB monomer 230190				affinity_type=Ki;affinity=2619;pmid=;doi=10.7270/Q2319TR3	evidence_only
signature	TRPV4	UP	BindingDB	BindingDB monomer 230191				affinity_type=Ki;affinity=771;pmid=;doi=10.7270/Q2319TR3	evidence_only
signature	TRPV4	UP	BindingDB	BindingDB monomer 230192				affinity_type=Ki;affinity=1003;pmid=;doi=10.7270/Q2319TR3	evidence_only
signature	TRPV4	UP	BindingDB	BindingDB monomer 230193				affinity_type=Ki;affinity=1802;pmid=;doi=10.7270/Q2319TR3	evidence_only
signature	TRPV4	UP	BindingDB	BindingDB monomer 230194				affinity_type=Ki;affinity=352;pmid=;doi=10.7270/Q2319TR3	evidence_only
signature	TRPV4	UP	BindingDB	BindingDB monomer 230195				affinity_type=Ki;affinity=282;pmid=;doi=10.7270/Q2319TR3	evidence_only
signature	TRPV4	UP	BindingDB	BindingDB monomer 230196				affinity_type=Ki;affinity=1137;pmid=;doi=10.7270/Q2319TR3	evidence_only
signature	TRPV4	UP	BindingDB	BindingDB monomer 230197				affinity_type=Ki;affinity=988;pmid=;doi=10.7270/Q2319TR3	evidence_only
signature	TRPV4	UP	BindingDB	BindingDB monomer 230198				affinity_type=Ki;affinity=1118;pmid=;doi=10.7270/Q2319TR3	evidence_only
signature	TRPV4	UP	BindingDB	BindingDB monomer 230199				affinity_type=Ki;affinity=1375;pmid=;doi=10.7270/Q2319TR3	evidence_only
signature	TRPV4	UP	BindingDB	BindingDB monomer 230200				affinity_type=Ki;affinity=844;pmid=;doi=10.7270/Q2319TR3	evidence_only
signature	TRPV4	UP	BindingDB	BindingDB monomer 230201				affinity_type=Ki;affinity=1722;pmid=;doi=10.7270/Q2319TR3	evidence_only
signature	TRPV4	UP	BindingDB	BindingDB monomer 230202				affinity_type=Ki;affinity=1676;pmid=;doi=10.7270/Q2319TR3	evidence_only
signature	TRPV4	UP	BindingDB	BindingDB monomer 230203				affinity_type=Ki;affinity=320;pmid=;doi=10.7270/Q2319TR3	evidence_only
signature	TRPV4	UP	BindingDB	BindingDB monomer 230204				affinity_type=Ki;affinity=1312;pmid=;doi=10.7270/Q2319TR3	evidence_only
signature	TRPV4	UP	BindingDB	BindingDB monomer 230205				affinity_type=Ki;affinity=418;pmid=;doi=10.7270/Q2319TR3	evidence_only
signature	TRPV4	UP	BindingDB	BindingDB monomer 230206				affinity_type=Ki;affinity=1140;pmid=;doi=10.7270/Q2319TR3	evidence_only
signature	TRPV4	UP	BindingDB	BindingDB monomer 230207				affinity_type=Ki;affinity=590;pmid=;doi=10.7270/Q2319TR3	evidence_only
signature	TRPV4	UP	BindingDB	BindingDB monomer 230208				affinity_type=Ki;affinity=707;pmid=;doi=10.7270/Q2319TR3	evidence_only
signature	TRPV4	UP	BindingDB	BindingDB monomer 230209				affinity_type=Ki;affinity=978;pmid=;doi=10.7270/Q2319TR3	evidence_only
signature	TRPV4	UP	BindingDB	BindingDB monomer 230210				affinity_type=Ki;affinity=1165;pmid=;doi=10.7270/Q2319TR3	evidence_only
signature	TRPV4	UP	BindingDB	BindingDB monomer 230211				affinity_type=Ki;affinity=984;pmid=;doi=10.7270/Q2319TR3	evidence_only
signature	TRPV4	UP	BindingDB	BindingDB monomer 230212				affinity_type=Ki;affinity=560;pmid=;doi=10.7270/Q2319TR3	evidence_only
signature	TRPV4	UP	BindingDB	BindingDB monomer 230213				affinity_type=Ki;affinity=1793;pmid=;doi=10.7270/Q2319TR3	evidence_only
signature	TRPV4	UP	BindingDB	BindingDB monomer 230214				affinity_type=Ki;affinity=1648;pmid=;doi=10.7270/Q2319TR3	evidence_only
signature	TRPV4	UP	BindingDB	BindingDB monomer 230215				affinity_type=Ki;affinity=472;pmid=;doi=10.7270/Q2319TR3	evidence_only
signature	TRPV4	UP	BindingDB	BindingDB monomer 230216				affinity_type=Ki;affinity=1352;pmid=;doi=10.7270/Q2319TR3	evidence_only
signature	TRPV4	UP	BindingDB	BindingDB monomer 230217				affinity_type=Ki;affinity=1699;pmid=;doi=10.7270/Q2319TR3	evidence_only
signature	TRPV4	UP	BindingDB	BindingDB monomer 230218				affinity_type=Ki;affinity=1392;pmid=;doi=10.7270/Q2319TR3	evidence_only
signature	TRPV4	UP	BindingDB	BindingDB monomer 230219				affinity_type=Ki;affinity=251;pmid=;doi=10.7270/Q2319TR3	evidence_only
signature	TRPV4	UP	BindingDB	BindingDB monomer 230220				affinity_type=Ki;affinity=713;pmid=;doi=10.7270/Q2319TR3	evidence_only
signature	TRPV4	UP	BindingDB	BindingDB monomer 230221				affinity_type=Ki;affinity=850;pmid=;doi=10.7270/Q2319TR3	evidence_only
signature	TRPV4	UP	BindingDB	BindingDB monomer 230222				affinity_type=Ki;affinity=662;pmid=;doi=10.7270/Q2319TR3	evidence_only
signature	TRPV4	UP	BindingDB	BindingDB monomer 230223				affinity_type=Ki;affinity=2366;pmid=;doi=10.7270/Q2319TR3	evidence_only
signature	TRPV4	UP	BindingDB	BindingDB monomer 230224				affinity_type=Ki;affinity=1013;pmid=;doi=10.7270/Q2319TR3	evidence_only
signature	TRPV4	UP	BindingDB	BindingDB monomer 230225				affinity_type=Ki;affinity=816;pmid=;doi=10.7270/Q2319TR3	evidence_only
signature	TRPV4	UP	BindingDB	BindingDB monomer 230226				affinity_type=Ki;affinity=1682;pmid=;doi=10.7270/Q2319TR3	evidence_only
signature	TRPV4	UP	BindingDB	BindingDB monomer 230227				affinity_type=Ki;affinity=196;pmid=;doi=10.7270/Q2319TR3	evidence_only
signature	TRPV4	UP	BindingDB	BindingDB monomer 230236				affinity_type=Ki;affinity=1801;pmid=;doi=10.7270/Q2319TR3	evidence_only
signature	TRPV4	UP	BindingDB	BindingDB monomer 230237				affinity_type=Ki;affinity=1611;pmid=;doi=10.7270/Q2319TR3	evidence_only
signature	TRPV4	UP	BindingDB	BindingDB monomer 230238				affinity_type=Ki;affinity=1437;pmid=;doi=10.7270/Q2319TR3	evidence_only
signature	TRPV4	UP	BindingDB	BindingDB monomer 230239				affinity_type=Ki;affinity=443;pmid=;doi=10.7270/Q2319TR3	evidence_only
signature	TRPV4	UP	BindingDB	BindingDB monomer 191642				affinity_type=IC50;affinity=>10000;pmid=;doi=10.7270/Q2TX3D5Q	evidence_only
signature	TRPV4	UP	BindingDB	BindingDB monomer 191667				affinity_type=IC50;affinity=3840;pmid=;doi=10.7270/Q2TX3D5Q	evidence_only
signature	TRPV4	UP	BindingDB	BindingDB monomer 191668				affinity_type=IC50;affinity=969;pmid=;doi=10.7270/Q2TX3D5Q	evidence_only
signature	TRPV4	UP	BindingDB	BindingDB monomer 191669				affinity_type=IC50;affinity=>1000;pmid=;doi=10.7270/Q2TX3D5Q	evidence_only
signature	TRPV4	UP	BindingDB	BindingDB monomer 191643				affinity_type=IC50;affinity=>1000;pmid=;doi=10.7270/Q2TX3D5Q	evidence_only
signature	TRPV4	UP	BindingDB	BindingDB monomer 191670				affinity_type=IC50;affinity=>1000;pmid=;doi=10.7270/Q2TX3D5Q	evidence_only
signature	TRPV4	UP	BindingDB	BindingDB monomer 191671				affinity_type=IC50;affinity=1870;pmid=;doi=10.7270/Q2TX3D5Q	evidence_only
signature	TRPV4	UP	BindingDB	BindingDB monomer 191672				affinity_type=IC50;affinity=>1000;pmid=;doi=10.7270/Q2TX3D5Q	evidence_only
signature	TRPV4	UP	BindingDB	BindingDB monomer 191673				affinity_type=IC50;affinity=>1000;pmid=;doi=10.7270/Q2TX3D5Q	evidence_only
signature	TRPV4	UP	BindingDB	BindingDB monomer 191644				affinity_type=IC50;affinity=>10000;pmid=;doi=10.7270/Q2TX3D5Q	evidence_only
signature	TRPV4	UP	BindingDB	BindingDB monomer 191674				affinity_type=IC50;affinity=1500;pmid=;doi=10.7270/Q2TX3D5Q	evidence_only
signature	TRPV4	UP	BindingDB	BindingDB monomer 191675				affinity_type=IC50;affinity=>1000;pmid=;doi=10.7270/Q2TX3D5Q	evidence_only
signature	TRPV4	UP	BindingDB	BindingDB monomer 191676				affinity_type=IC50;affinity=2800;pmid=;doi=10.7270/Q2TX3D5Q	evidence_only
signature	TRPV4	UP	BindingDB	BindingDB monomer 191677				affinity_type=IC50;affinity=>1000;pmid=;doi=10.7270/Q2TX3D5Q	evidence_only
signature	TRPV4	UP	BindingDB	BindingDB monomer 191678				affinity_type=IC50;affinity=>1000;pmid=;doi=10.7270/Q2TX3D5Q	evidence_only
signature	TRPV4	UP	BindingDB	BindingDB monomer 60873				affinity_type=IC50;affinity=>10000;pmid=;doi=10.7270/Q2TX3D5Q	evidence_only
signature	TRPV4	UP	BindingDB	BindingDB monomer 191680				affinity_type=IC50;affinity=>1000;pmid=;doi=10.7270/Q2TX3D5Q	evidence_only
signature	TRPV4	UP	BindingDB	BindingDB monomer 191645				affinity_type=IC50;affinity=1320;pmid=;doi=10.7270/Q2TX3D5Q	evidence_only
signature	TRPV4	UP	BindingDB	BindingDB monomer 191681				affinity_type=IC50;affinity=1630;pmid=;doi=10.7270/Q2TX3D5Q	evidence_only
signature	TRPV4	UP	BindingDB	BindingDB monomer 191682				affinity_type=IC50;affinity=1670;pmid=;doi=10.7270/Q2TX3D5Q	evidence_only
signature	TRPV4	UP	BindingDB	BindingDB monomer 191646				affinity_type=IC50;affinity=520;pmid=;doi=10.7270/Q2TX3D5Q	evidence_only
signature	TRPV4	UP	BindingDB	BindingDB monomer 191683				affinity_type=IC50;affinity=>1000;pmid=;doi=10.7270/Q2TX3D5Q	evidence_only
signature	TRPV4	UP	BindingDB	BindingDB monomer 191684				affinity_type=IC50;affinity=>1000;pmid=;doi=10.7270/Q2TX3D5Q	evidence_only
signature	TRPV4	UP	BindingDB	BindingDB monomer 191685				affinity_type=IC50;affinity=>10000;pmid=;doi=10.7270/Q2TX3D5Q	evidence_only
signature	TRPV4	UP	BindingDB	BindingDB monomer 191686				affinity_type=IC50;affinity=>1000;pmid=;doi=10.7270/Q2TX3D5Q	evidence_only
signature	TRPV4	UP	BindingDB	BindingDB monomer 191687				affinity_type=IC50;affinity=>1000;pmid=;doi=10.7270/Q2TX3D5Q	evidence_only
signature	TRPV4	UP	BindingDB	BindingDB monomer 191688				affinity_type=IC50;affinity=>10000;pmid=;doi=10.7270/Q2TX3D5Q	evidence_only
signature	TRPV4	UP	BindingDB	BindingDB monomer 191689				affinity_type=IC50;affinity=903;pmid=;doi=10.7270/Q2TX3D5Q	evidence_only
signature	TRPV4	UP	BindingDB	BindingDB monomer 191690				affinity_type=IC50;affinity=>10000;pmid=;doi=10.7270/Q2TX3D5Q	evidence_only
signature	TRPV4	UP	BindingDB	BindingDB monomer 191691				affinity_type=IC50;affinity=>10000;pmid=;doi=10.7270/Q2TX3D5Q	evidence_only
signature	TRPV4	UP	BindingDB	BindingDB monomer 191692				affinity_type=IC50;affinity=>10000;pmid=;doi=10.7270/Q2TX3D5Q	evidence_only
signature	TRPV4	UP	BindingDB	BindingDB monomer 191647				affinity_type=IC50;affinity=>1000;pmid=;doi=10.7270/Q2TX3D5Q	evidence_only
signature	TRPV4	UP	BindingDB	BindingDB monomer 191648				affinity_type=IC50;affinity=<1000;pmid=;doi=10.7270/Q2TX3D5Q	evidence_only
signature	TRPV4	UP	BindingDB	BindingDB monomer 191693				affinity_type=IC50;affinity=>10000;pmid=;doi=10.7270/Q2TX3D5Q	evidence_only
signature	TRPV4	UP	BindingDB	BindingDB monomer 191649				affinity_type=IC50;affinity=>10000;pmid=;doi=10.7270/Q2TX3D5Q	evidence_only
signature	TRPV4	UP	BindingDB	BindingDB monomer 191694				affinity_type=IC50;affinity=>10000;pmid=;doi=10.7270/Q2TX3D5Q	evidence_only
signature	TRPV4	UP	BindingDB	BindingDB monomer 191650				affinity_type=IC50;affinity=>10000;pmid=;doi=10.7270/Q2TX3D5Q	evidence_only
signature	TRPV4	UP	BindingDB	BindingDB monomer 191651				affinity_type=IC50;affinity=>1000;pmid=;doi=10.7270/Q2TX3D5Q	evidence_only
signature	TRPV4	UP	BindingDB	BindingDB monomer 191695				affinity_type=IC50;affinity=>1000;pmid=;doi=10.7270/Q2TX3D5Q	evidence_only
signature	TRPV4	UP	BindingDB	BindingDB monomer 191696				affinity_type=IC50;affinity=>10000;pmid=;doi=10.7270/Q2TX3D5Q	evidence_only
signature	TRPV4	UP	BindingDB	BindingDB monomer 191697				affinity_type=IC50;affinity=>1000;pmid=;doi=10.7270/Q2TX3D5Q	evidence_only
signature	TRPV4	UP	BindingDB	BindingDB monomer 191698				affinity_type=IC50;affinity=>10000;pmid=;doi=10.7270/Q2TX3D5Q	evidence_only
signature	TRPV4	UP	BindingDB	BindingDB monomer 191699				affinity_type=IC50;affinity=>1000;pmid=;doi=10.7270/Q2TX3D5Q	evidence_only
signature	TRPV4	UP	BindingDB	BindingDB monomer 191650				affinity_type=IC50;affinity=>10000;pmid=;doi=10.7270/Q2TX3D5Q	evidence_only
signature	TRPV4	UP	BindingDB	BindingDB monomer 191701				affinity_type=IC50;affinity=>1000;pmid=;doi=10.7270/Q2TX3D5Q	evidence_only
signature	TRPV4	UP	BindingDB	BindingDB monomer 191702				affinity_type=IC50;affinity=>10000;pmid=;doi=10.7270/Q2TX3D5Q	evidence_only
signature	TRPV4	UP	BindingDB	BindingDB monomer 191703				affinity_type=IC50;affinity=>1000;pmid=;doi=10.7270/Q2TX3D5Q	evidence_only
signature	TRPV4	UP	BindingDB	BindingDB monomer 191704				affinity_type=IC50;affinity=>10000;pmid=;doi=10.7270/Q2TX3D5Q	evidence_only
signature	TRPV4	UP	BindingDB	BindingDB monomer 191705				affinity_type=IC50;affinity=>10000;pmid=;doi=10.7270/Q2TX3D5Q	evidence_only
signature	TRPV4	UP	BindingDB	BindingDB monomer 191706				affinity_type=IC50;affinity=8890;pmid=;doi=10.7270/Q2TX3D5Q	evidence_only
signature	TRPV4	UP	BindingDB	BindingDB monomer 191652				affinity_type=IC50;affinity=4570;pmid=;doi=10.7270/Q2TX3D5Q	evidence_only
signature	TRPV4	UP	BindingDB	BindingDB monomer 191652				affinity_type=IC50;affinity=3040;pmid=;doi=10.7270/Q2TX3D5Q	evidence_only
signature	TRPV4	UP	BindingDB	BindingDB monomer 191707				affinity_type=IC50;affinity=>1000;pmid=;doi=10.7270/Q2TX3D5Q	evidence_only
signature	TRPV4	UP	BindingDB	BindingDB monomer 191708				affinity_type=IC50;affinity=>1000;pmid=;doi=10.7270/Q2TX3D5Q	evidence_only
signature	TRPV4	UP	BindingDB	BindingDB monomer 191709				affinity_type=IC50;affinity=>1000;pmid=;doi=10.7270/Q2TX3D5Q	evidence_only
signature	TRPV4	UP	BindingDB	BindingDB monomer 191710				affinity_type=IC50;affinity=>1000;pmid=;doi=10.7270/Q2TX3D5Q	evidence_only
signature	TRPV4	UP	BindingDB	BindingDB monomer 191653				affinity_type=IC50;affinity=>1000;pmid=;doi=10.7270/Q2TX3D5Q	evidence_only
signature	TRPV4	UP	BindingDB	BindingDB monomer 191711				affinity_type=IC50;affinity=>1000;pmid=;doi=10.7270/Q2TX3D5Q	evidence_only
signature	TRPV4	UP	BindingDB	BindingDB monomer 191712				affinity_type=IC50;affinity=2830;pmid=;doi=10.7270/Q2TX3D5Q	evidence_only
signature	TRPV4	UP	BindingDB	BindingDB monomer 191654				affinity_type=IC50;affinity=>1000;pmid=;doi=10.7270/Q2TX3D5Q	evidence_only
signature	TRPV4	UP	BindingDB	BindingDB monomer 191713				affinity_type=IC50;affinity=>10000;pmid=;doi=10.7270/Q2TX3D5Q	evidence_only
signature	TRPV4	UP	BindingDB	BindingDB monomer 60874				affinity_type=IC50;affinity=>1000;pmid=;doi=10.7270/Q2TX3D5Q	evidence_only
signature	TRPV4	UP	BindingDB	BindingDB monomer 191714				affinity_type=IC50;affinity=>10000;pmid=;doi=10.7270/Q2TX3D5Q	evidence_only
signature	TRPV4	UP	BindingDB	BindingDB monomer 191715				affinity_type=IC50;affinity=>10000;pmid=;doi=10.7270/Q2TX3D5Q	evidence_only
signature	TRPV4	UP	BindingDB	BindingDB monomer 191716				affinity_type=IC50;affinity=>1000;pmid=;doi=10.7270/Q2TX3D5Q	evidence_only
signature	TRPV4	UP	BindingDB	BindingDB monomer 191655				affinity_type=IC50;affinity=>10000;pmid=;doi=10.7270/Q2TX3D5Q	evidence_only
signature	TRPV4	UP	BindingDB	BindingDB monomer 191718				affinity_type=IC50;affinity=>10000;pmid=;doi=10.7270/Q2TX3D5Q	evidence_only
signature	TRPV4	UP	BindingDB	BindingDB monomer 191719				affinity_type=IC50;affinity=>10000;pmid=;doi=10.7270/Q2TX3D5Q	evidence_only
signature	TRPV4	UP	BindingDB	BindingDB monomer 191720				affinity_type=IC50;affinity=>1000;pmid=;doi=10.7270/Q2TX3D5Q	evidence_only
signature	TRPV4	UP	BindingDB	BindingDB monomer 191721				affinity_type=IC50;affinity=>1000;pmid=;doi=10.7270/Q2TX3D5Q	evidence_only
signature	TRPV4	UP	BindingDB	BindingDB monomer 191722				affinity_type=IC50;affinity=>10000;pmid=;doi=10.7270/Q2TX3D5Q	evidence_only
signature	TRPV4	UP	BindingDB	BindingDB monomer 191723				affinity_type=IC50;affinity=>1000;pmid=;doi=10.7270/Q2TX3D5Q	evidence_only
signature	TRPV4	UP	BindingDB	BindingDB monomer 191665				affinity_type=IC50;affinity=5740;pmid=;doi=10.7270/Q2TX3D5Q	evidence_only
signature	TRPV4	UP	BindingDB	BindingDB monomer 191724				affinity_type=IC50;affinity=>10000;pmid=;doi=10.7270/Q2TX3D5Q	evidence_only
signature	TRPV4	UP	BindingDB	BindingDB monomer 191656				affinity_type=IC50;affinity=>10000;pmid=;doi=10.7270/Q2TX3D5Q	evidence_only
signature	TRPV4	UP	BindingDB	BindingDB monomer 191725				affinity_type=IC50;affinity=8920;pmid=;doi=10.7270/Q2TX3D5Q	evidence_only
signature	TRPV4	UP	BindingDB	BindingDB monomer 191726				affinity_type=IC50;affinity=553;pmid=;doi=10.7270/Q2TX3D5Q	evidence_only
signature	TRPV4	UP	BindingDB	BindingDB monomer 191727				affinity_type=IC50;affinity=153;pmid=;doi=10.7270/Q2TX3D5Q	evidence_only
signature	TRPV4	UP	BindingDB	BindingDB monomer 191728				affinity_type=IC50;affinity=826;pmid=;doi=10.7270/Q2TX3D5Q	evidence_only
signature	TRPV4	UP	BindingDB	BindingDB monomer 191657				affinity_type=IC50;affinity=279;pmid=;doi=10.7270/Q2TX3D5Q	evidence_only
signature	TRPV4	UP	BindingDB	BindingDB monomer 191729				affinity_type=IC50;affinity=162;pmid=;doi=10.7270/Q2TX3D5Q	evidence_only
signature	TRPV4	UP	BindingDB	BindingDB monomer 191730				affinity_type=IC50;affinity=172;pmid=;doi=10.7270/Q2TX3D5Q	evidence_only
signature	TRPV4	UP	BindingDB	BindingDB monomer 191731				affinity_type=IC50;affinity=236;pmid=;doi=10.7270/Q2TX3D5Q	evidence_only
signature	TRPV4	UP	BindingDB	BindingDB monomer 191666				affinity_type=IC50;affinity=132;pmid=;doi=10.7270/Q2TX3D5Q	evidence_only
signature	TRPV4	UP	BindingDB	BindingDB monomer 191732				affinity_type=IC50;affinity=620;pmid=;doi=10.7270/Q2TX3D5Q	evidence_only
signature	TRPV4	UP	BindingDB	BindingDB monomer 191658				affinity_type=IC50;affinity=>1000;pmid=;doi=10.7270/Q2TX3D5Q	evidence_only
signature	TRPV4	UP	BindingDB	BindingDB monomer 191733				affinity_type=IC50;affinity=2010;pmid=;doi=10.7270/Q2TX3D5Q	evidence_only
signature	TRPV4	UP	BindingDB	BindingDB monomer 191734				affinity_type=IC50;affinity=158;pmid=;doi=10.7270/Q2TX3D5Q	evidence_only
signature	TRPV4	UP	BindingDB	BindingDB monomer 161012				affinity_type=IC50;affinity=>10000;pmid=;doi=10.7270/Q2TX3D5Q	evidence_only
signature	TRPV4	UP	BindingDB	BindingDB monomer 50046740				affinity_type=IC50;affinity=>10000;pmid=;doi=10.7270/Q2TX3D5Q	evidence_only
signature	TRPV4	UP	BindingDB	BindingDB monomer 191659				affinity_type=IC50;affinity=>10000;pmid=;doi=10.7270/Q2TX3D5Q	evidence_only
signature	TRPV4	UP	BindingDB	BindingDB monomer 191660				affinity_type=IC50;affinity=>1000;pmid=;doi=10.7270/Q2TX3D5Q	evidence_only
signature	TRPV4	UP	BindingDB	BindingDB monomer 191735				affinity_type=IC50;affinity=>10000;pmid=;doi=10.7270/Q2TX3D5Q	evidence_only
signature	TRPV4	UP	BindingDB	BindingDB monomer 191736				affinity_type=IC50;affinity=>10000;pmid=;doi=10.7270/Q2TX3D5Q	evidence_only
signature	TRPV4	UP	BindingDB	BindingDB monomer 191661				affinity_type=IC50;affinity=2350;pmid=;doi=10.7270/Q2TX3D5Q	evidence_only
signature	TRPV4	UP	BindingDB	BindingDB monomer 191740				affinity_type=IC50;affinity=1470;pmid=;doi=10.7270/Q2TX3D5Q	evidence_only
signature	TRPV4	UP	BindingDB	BindingDB monomer 191741				affinity_type=IC50;affinity=>10000;pmid=;doi=10.7270/Q2TX3D5Q	evidence_only
signature	TRPV4	UP	BindingDB	BindingDB monomer 191662				affinity_type=IC50;affinity=>1000;pmid=;doi=10.7270/Q2TX3D5Q	evidence_only
signature	TRPV4	UP	BindingDB	BindingDB monomer 191742				affinity_type=IC50;affinity=1350;pmid=;doi=10.7270/Q2TX3D5Q	evidence_only
signature	TRPV4	UP	BindingDB	BindingDB monomer 191743				affinity_type=IC50;affinity=4020;pmid=;doi=10.7270/Q2TX3D5Q	evidence_only
signature	TRPV4	UP	BindingDB	BindingDB monomer 191663				affinity_type=IC50;affinity=1810;pmid=;doi=10.7270/Q2TX3D5Q	evidence_only
signature	TRPV4	UP	BindingDB	BindingDB monomer 230158				affinity_type=IC50;affinity=360;pmid=;doi=10.7270/Q2319TR3	evidence_only
signature	TRPV4	UP	BindingDB	BindingDB monomer 230162				affinity_type=IC50;affinity=2300;pmid=;doi=10.7270/Q2319TR3	evidence_only
signature	TRPV4	UP	BindingDB	BindingDB monomer 230163				affinity_type=IC50;affinity=8900;pmid=;doi=10.7270/Q2319TR3	evidence_only
signature	TRPV4	UP	BindingDB	BindingDB monomer 230164				affinity_type=IC50;affinity=82;pmid=;doi=10.7270/Q2319TR3	evidence_only
signature	TRPV4	UP	BindingDB	BindingDB monomer 230165				affinity_type=IC50;affinity=1500;pmid=;doi=10.7270/Q2319TR3	evidence_only
signature	TRPV4	UP	BindingDB	BindingDB monomer 230166				affinity_type=IC50;affinity=800;pmid=;doi=10.7270/Q2319TR3	evidence_only
signature	TRPV4	UP	BindingDB	BindingDB monomer 230171				affinity_type=IC50;affinity=2600;pmid=;doi=10.7270/Q2319TR3	evidence_only
signature	TRPV4	UP	BindingDB	BindingDB monomer 230172				affinity_type=IC50;affinity=130;pmid=;doi=10.7270/Q2319TR3	evidence_only
signature	TRPV4	UP	BindingDB	BindingDB monomer 230174				affinity_type=IC50;affinity=330;pmid=;doi=10.7270/Q2319TR3	evidence_only
signature	TRPV4	UP	BindingDB	BindingDB monomer 230177				affinity_type=IC50;affinity=610;pmid=;doi=10.7270/Q2319TR3	evidence_only
signature	TRPV4	UP	BindingDB	BindingDB monomer 230178				affinity_type=IC50;affinity=2400;pmid=;doi=10.7270/Q2319TR3	evidence_only
signature	TRPV4	UP	BindingDB	BindingDB monomer 230180				affinity_type=IC50;affinity=340;pmid=;doi=10.7270/Q2319TR3	evidence_only
signature	TRPV4	UP	BindingDB	BindingDB monomer 230181				affinity_type=IC50;affinity=3200;pmid=;doi=10.7270/Q2319TR3	evidence_only
signature	TRPV4	UP	BindingDB	BindingDB monomer 230182				affinity_type=IC50;affinity=860;pmid=;doi=10.7270/Q2319TR3	evidence_only
signature	TRPV4	UP	BindingDB	BindingDB monomer 230183				affinity_type=IC50;affinity=1800;pmid=;doi=10.7270/Q2319TR3	evidence_only
signature	TRPV4	UP	BindingDB	BindingDB monomer 230184				affinity_type=IC50;affinity=3800;pmid=;doi=10.7270/Q2319TR3	evidence_only
signature	TRPV4	UP	BindingDB	BindingDB monomer 230188				affinity_type=IC50;affinity=640;pmid=;doi=10.7270/Q2319TR3	evidence_only
signature	TRPV4	UP	BindingDB	BindingDB monomer 230205				affinity_type=IC50;affinity=240;pmid=;doi=10.7270/Q2319TR3	evidence_only
signature	TRPV4	UP	BindingDB	BindingDB monomer 230219				affinity_type=IC50;affinity=510;pmid=;doi=10.7270/Q2319TR3	evidence_only
signature	TRPV4	UP	BindingDB	BindingDB monomer 230226				affinity_type=IC50;affinity=590;pmid=;doi=10.7270/Q2319TR3	evidence_only
signature	TRPV4	UP	BindingDB	BindingDB monomer 230227				affinity_type=IC50;affinity=260;pmid=;doi=10.7270/Q2319TR3	evidence_only
signature	TRPV4	UP	BindingDB	BindingDB monomer 230236				affinity_type=IC50;affinity=7400;pmid=;doi=10.7270/Q2319TR3	evidence_only
signature	TRPV4	UP	BindingDB	BindingDB monomer 230237				affinity_type=IC50;affinity=3900;pmid=;doi=10.7270/Q2319TR3	evidence_only
signature	TRPV4	UP	BindingDB	BindingDB monomer 230239				affinity_type=IC50;affinity=400;pmid=;doi=10.7270/Q2319TR3	evidence_only
signature	TRPV4	UP	BindingDB	BindingDB monomer 230240				affinity_type=IC50;affinity=1200;pmid=;doi=10.7270/Q2319TR3	evidence_only
signature	TRPV4	UP	BindingDB	BindingDB monomer 230280				affinity_type=IC50;affinity=260;pmid=;doi=10.7270/Q2319TR3	evidence_only
signature	TRPV4	UP	BindingDB	BindingDB monomer 230281				affinity_type=IC50;affinity=1500;pmid=;doi=10.7270/Q2319TR3	evidence_only
signature	TRPV4	UP	BindingDB	BindingDB monomer 230282				affinity_type=IC50;affinity=4500;pmid=;doi=10.7270/Q2319TR3	evidence_only
signature	TRPV4	UP	BindingDB	BindingDB monomer 230283				affinity_type=IC50;affinity=3100;pmid=;doi=10.7270/Q2319TR3	evidence_only
signature	TRPV4	UP	BindingDB	BindingDB monomer 230284				affinity_type=IC50;affinity=5400;pmid=;doi=10.7270/Q2319TR3	evidence_only
signature	TRPV4	UP	BindingDB	BindingDB monomer 230285				affinity_type=IC50;affinity=6400;pmid=;doi=10.7270/Q2319TR3	evidence_only
signature	TRPV4	UP	BindingDB	BindingDB monomer 230240				affinity_type=IC50;affinity=1600;pmid=;doi=10.7270/Q2319TR3	evidence_only
signature	TRPV4	UP	BindingDB	BindingDB monomer 436099				affinity_type=IC50;affinity=5.0;pmid=;doi=10.7270/Q2XK8JJP	evidence_only
signature	TRPV4	UP	BindingDB	BindingDB monomer 436100				affinity_type=IC50;affinity=55;pmid=;doi=10.7270/Q2XK8JJP	evidence_only
signature	TRPV4	UP	BindingDB	BindingDB monomer 436101				affinity_type=IC50;affinity=55;pmid=;doi=10.7270/Q2XK8JJP	evidence_only
signature	TRPV4	UP	BindingDB	BindingDB monomer 436103				affinity_type=IC50;affinity=55;pmid=;doi=10.7270/Q2XK8JJP	evidence_only
signature	TRPV4	UP	BindingDB	BindingDB monomer 436104				affinity_type=IC50;affinity=5.0;pmid=;doi=10.7270/Q2XK8JJP	evidence_only
signature	TRPV4	UP	BindingDB	BindingDB monomer 436105				affinity_type=IC50;affinity=5.0;pmid=;doi=10.7270/Q2XK8JJP	evidence_only
signature	TRPV4	UP	BindingDB	BindingDB monomer 436106				affinity_type=IC50;affinity=5.0;pmid=;doi=10.7270/Q2XK8JJP	evidence_only
signature	TRPV4	UP	BindingDB	BindingDB monomer 50521180				affinity_type=IC50;affinity=5;pmid=;doi=10.7270/Q2B85C9Z	evidence_only
signature	TRPV4	UP	BindingDB	BindingDB monomer 50505550				affinity_type=IC50;affinity=5;pmid=;doi=10.7270/Q2B85C9Z	evidence_only
signature	TRPV4	UP	BindingDB	BindingDB monomer 539865				affinity_type=IC50;affinity=5;pmid=;doi=10.7270/Q2B85C9Z	evidence_only
signature	TRPV4	UP	BindingDB	BindingDB monomer 539866				affinity_type=IC50;affinity=55;pmid=;doi=10.7270/Q2B85C9Z	evidence_only
signature	TRPV4	UP	BindingDB	BindingDB monomer 539867				affinity_type=IC50;affinity=55;pmid=;doi=10.7270/Q2B85C9Z	evidence_only
signature	TRPV4	UP	BindingDB	BindingDB monomer 539868				affinity_type=IC50;affinity=55;pmid=;doi=10.7270/Q2B85C9Z	evidence_only
signature	TRPV4	UP	BindingDB	BindingDB monomer 539869				affinity_type=IC50;affinity=55;pmid=;doi=10.7270/Q2B85C9Z	evidence_only
signature	TRPV4	UP	BindingDB	BindingDB monomer 539870				affinity_type=IC50;affinity=55;pmid=;doi=10.7270/Q2B85C9Z	evidence_only
signature	TRPV4	UP	BindingDB	BindingDB monomer 539871				affinity_type=IC50;affinity=55;pmid=;doi=10.7270/Q2B85C9Z	evidence_only
signature	TRPV4	UP	BindingDB	BindingDB monomer 539872				affinity_type=IC50;affinity=5;pmid=;doi=10.7270/Q2B85C9Z	evidence_only
signature	TRPV4	UP	BindingDB	BindingDB monomer 539873				affinity_type=IC50;affinity=55;pmid=;doi=10.7270/Q2B85C9Z	evidence_only
signature	TRPV4	UP	BindingDB	BindingDB monomer 539874				affinity_type=IC50;affinity=5;pmid=;doi=10.7270/Q2B85C9Z	evidence_only
signature	TRPV4	UP	BindingDB	BindingDB monomer 539875				affinity_type=IC50;affinity=5;pmid=;doi=10.7270/Q2B85C9Z	evidence_only
signature	TRPV4	UP	BindingDB	BindingDB monomer 539876				affinity_type=IC50;affinity=5;pmid=;doi=10.7270/Q2B85C9Z	evidence_only
signature	TRPV4	UP	BindingDB	BindingDB monomer 539877				affinity_type=IC50;affinity=55;pmid=;doi=10.7270/Q2B85C9Z	evidence_only
signature	TRPV4	UP	BindingDB	BindingDB monomer 539878				affinity_type=IC50;affinity=5;pmid=;doi=10.7270/Q2B85C9Z	evidence_only
signature	TRPV4	UP	BindingDB	BindingDB monomer 539879				affinity_type=IC50;affinity=5;pmid=;doi=10.7270/Q2B85C9Z	evidence_only
signature	TRPV4	UP	BindingDB	BindingDB monomer 539880				affinity_type=IC50;affinity=55;pmid=;doi=10.7270/Q2B85C9Z	evidence_only
signature	TRPV4	UP	BindingDB	BindingDB monomer 539881				affinity_type=IC50;affinity=5;pmid=;doi=10.7270/Q2B85C9Z	evidence_only
signature	TRPV4	UP	BindingDB	BindingDB monomer 539882				affinity_type=IC50;affinity=55;pmid=;doi=10.7270/Q2B85C9Z	evidence_only
signature	TRPV4	UP	BindingDB	BindingDB monomer 539883				affinity_type=IC50;affinity=55;pmid=;doi=10.7270/Q2B85C9Z	evidence_only
signature	TRPV4	UP	BindingDB	BindingDB monomer 539876				affinity_type=IC50;affinity=55;pmid=;doi=10.7270/Q2B85C9Z	evidence_only
signature	TRPV4	UP	BindingDB	BindingDB monomer 539885				affinity_type=IC50;affinity=55;pmid=;doi=10.7270/Q2B85C9Z	evidence_only
signature	TRPV4	UP	BindingDB	BindingDB monomer 539886				affinity_type=IC50;affinity=55;pmid=;doi=10.7270/Q2B85C9Z	evidence_only
signature	TRPV4	UP	BindingDB	BindingDB monomer 539887				affinity_type=IC50;affinity=5;pmid=;doi=10.7270/Q2B85C9Z	evidence_only
signature	TRPV4	UP	BindingDB	BindingDB monomer 539888				affinity_type=IC50;affinity=55;pmid=;doi=10.7270/Q2B85C9Z	evidence_only
signature	TRPV4	UP	BindingDB	BindingDB monomer 539889				affinity_type=IC50;affinity=55;pmid=;doi=10.7270/Q2B85C9Z	evidence_only
signature	TRPV4	UP	BindingDB	BindingDB monomer 539890				affinity_type=IC50;affinity=55;pmid=;doi=10.7270/Q2B85C9Z	evidence_only
signature	TRPV4	UP	BindingDB	BindingDB monomer 539891				affinity_type=IC50;affinity=5;pmid=;doi=10.7270/Q2B85C9Z	evidence_only
signature	TRPV4	UP	BindingDB	BindingDB monomer 539892				affinity_type=IC50;affinity=5;pmid=;doi=10.7270/Q2B85C9Z	evidence_only
signature	TRPV4	UP	BindingDB	BindingDB monomer 539893				affinity_type=IC50;affinity=55;pmid=;doi=10.7270/Q2B85C9Z	evidence_only
signature	TRPV4	UP	BindingDB	BindingDB monomer 539894				affinity_type=IC50;affinity=55;pmid=;doi=10.7270/Q2B85C9Z	evidence_only
signature	TRPV4	UP	BindingDB	BindingDB monomer 539895				affinity_type=IC50;affinity=55;pmid=;doi=10.7270/Q2B85C9Z	evidence_only
signature	TRPV4	UP	BindingDB	BindingDB monomer 539896				affinity_type=IC50;affinity=5;pmid=;doi=10.7270/Q2B85C9Z	evidence_only
signature	TRPV4	UP	BindingDB	BindingDB monomer 539897				affinity_type=IC50;affinity=5;pmid=;doi=10.7270/Q2B85C9Z	evidence_only
signature	TRPV4	UP	BindingDB	BindingDB monomer 539898				affinity_type=IC50;affinity=55;pmid=;doi=10.7270/Q2B85C9Z	evidence_only
signature	TRPV4	UP	BindingDB	BindingDB monomer 539899				affinity_type=IC50;affinity=55;pmid=;doi=10.7270/Q2B85C9Z	evidence_only
signature	TRPV4	UP	BindingDB	BindingDB monomer 539900				affinity_type=IC50;affinity=5;pmid=;doi=10.7270/Q2B85C9Z	evidence_only
signature	TRPV4	UP	BindingDB	BindingDB monomer 539901				affinity_type=IC50;affinity=55;pmid=;doi=10.7270/Q2B85C9Z	evidence_only
signature	TRPV4	UP	BindingDB	BindingDB monomer 539902				affinity_type=IC50;affinity=55;pmid=;doi=10.7270/Q2B85C9Z	evidence_only
signature	TRPV4	UP	BindingDB	BindingDB monomer 539903				affinity_type=IC50;affinity=55;pmid=;doi=10.7270/Q2B85C9Z	evidence_only
signature	TRPV4	UP	BindingDB	BindingDB monomer 539904				affinity_type=IC50;affinity=55;pmid=;doi=10.7270/Q2B85C9Z	evidence_only
signature	TRPV4	UP	BindingDB	BindingDB monomer 539899				affinity_type=IC50;affinity=55;pmid=;doi=10.7270/Q2B85C9Z	evidence_only
signature	TRPV4	UP	BindingDB	BindingDB monomer 539906				affinity_type=IC50;affinity=55;pmid=;doi=10.7270/Q2B85C9Z	evidence_only
signature	TRPV4	UP	BindingDB	BindingDB monomer 50521186				affinity_type=IC50;affinity=5;pmid=;doi=10.7270/Q2B85C9Z	evidence_only
signature	TRPV4	UP	BindingDB	BindingDB monomer 539908				affinity_type=IC50;affinity=55;pmid=;doi=10.7270/Q2B85C9Z	evidence_only
signature	TRPV4	UP	BindingDB	BindingDB monomer 539909				affinity_type=IC50;affinity=55;pmid=;doi=10.7270/Q2B85C9Z	evidence_only
signature	TRPV4	UP	BindingDB	BindingDB monomer 539910				affinity_type=IC50;affinity=5;pmid=;doi=10.7270/Q2B85C9Z	evidence_only
signature	TRPV4	UP	BindingDB	BindingDB monomer 539911				affinity_type=IC50;affinity=55;pmid=;doi=10.7270/Q2B85C9Z	evidence_only
signature	TRPV4	UP	BindingDB	BindingDB monomer 539912				affinity_type=IC50;affinity=55;pmid=;doi=10.7270/Q2B85C9Z	evidence_only
signature	TRPV4	UP	BindingDB	BindingDB monomer 539913				affinity_type=IC50;affinity=55;pmid=;doi=10.7270/Q2B85C9Z	evidence_only
signature	TRPV4	UP	BindingDB	BindingDB monomer 539914				affinity_type=IC50;affinity=55;pmid=;doi=10.7270/Q2B85C9Z	evidence_only
signature	TRPV4	UP	BindingDB	BindingDB monomer 539915				affinity_type=IC50;affinity=55;pmid=;doi=10.7270/Q2B85C9Z	evidence_only
signature	TRPV4	UP	BindingDB	BindingDB monomer 539916				affinity_type=IC50;affinity=5;pmid=;doi=10.7270/Q2B85C9Z	evidence_only
signature	TRPV4	UP	BindingDB	BindingDB monomer 539917				affinity_type=IC50;affinity=5;pmid=;doi=10.7270/Q2B85C9Z	evidence_only
signature	TRPV4	UP	BindingDB	BindingDB monomer 539918				affinity_type=IC50;affinity=55;pmid=;doi=10.7270/Q2B85C9Z	evidence_only
signature	TRPV4	UP	BindingDB	BindingDB monomer 539919				affinity_type=IC50;affinity=55;pmid=;doi=10.7270/Q2B85C9Z	evidence_only
signature	TRPV4	UP	BindingDB	BindingDB monomer 539906				affinity_type=IC50;affinity=55;pmid=;doi=10.7270/Q2B85C9Z	evidence_only
signature	TRPV4	UP	BindingDB	BindingDB monomer 539921				affinity_type=IC50;affinity=5;pmid=;doi=10.7270/Q2B85C9Z	evidence_only
signature	TRPV4	UP	BindingDB	BindingDB monomer 539922				affinity_type=IC50;affinity=55;pmid=;doi=10.7270/Q2B85C9Z	evidence_only
signature	TRPV4	UP	BindingDB	BindingDB monomer 539923				affinity_type=IC50;affinity=55;pmid=;doi=10.7270/Q2B85C9Z	evidence_only
signature	TRPV4	UP	BindingDB	BindingDB monomer 539924				affinity_type=IC50;affinity=55;pmid=;doi=10.7270/Q2B85C9Z	evidence_only
signature	TRPV4	UP	BindingDB	BindingDB monomer 539925				affinity_type=IC50;affinity=55;pmid=;doi=10.7270/Q2B85C9Z	evidence_only
signature	TRPV4	UP	BindingDB	BindingDB monomer 539926				affinity_type=IC50;affinity=55;pmid=;doi=10.7270/Q2B85C9Z	evidence_only
signature	TRPV4	UP	BindingDB	BindingDB monomer 539927				affinity_type=IC50;affinity=55;pmid=;doi=10.7270/Q2B85C9Z	evidence_only
signature	TRPV4	UP	BindingDB	BindingDB monomer 539928				affinity_type=IC50;affinity=55;pmid=;doi=10.7270/Q2B85C9Z	evidence_only
signature	TRPV4	UP	BindingDB	BindingDB monomer 539929				affinity_type=IC50;affinity=55;pmid=;doi=10.7270/Q2B85C9Z	evidence_only
signature	TRPV4	UP	BindingDB	BindingDB monomer 539930				affinity_type=IC50;affinity=55;pmid=;doi=10.7270/Q2B85C9Z	evidence_only
signature	TRPV4	UP	BindingDB	BindingDB monomer 539931				affinity_type=IC50;affinity=55;pmid=;doi=10.7270/Q2B85C9Z	evidence_only
signature	TRPV4	UP	BindingDB	BindingDB monomer 539932				affinity_type=IC50;affinity=5;pmid=;doi=10.7270/Q2B85C9Z	evidence_only
signature	TRPV4	UP	BindingDB	BindingDB monomer 539933				affinity_type=IC50;affinity=55;pmid=;doi=10.7270/Q2B85C9Z	evidence_only
signature	TRPV4	UP	BindingDB	BindingDB monomer 539934				affinity_type=IC50;affinity=55;pmid=;doi=10.7270/Q2B85C9Z	evidence_only
signature	TRPV4	UP	BindingDB	BindingDB monomer 539935				affinity_type=IC50;affinity=55;pmid=;doi=10.7270/Q2B85C9Z	evidence_only
signature	TRPV4	UP	BindingDB	BindingDB monomer 539936				affinity_type=IC50;affinity=5;pmid=;doi=10.7270/Q2B85C9Z	evidence_only
signature	TRPV4	UP	BindingDB	BindingDB monomer 539937				affinity_type=IC50;affinity=5;pmid=;doi=10.7270/Q2B85C9Z	evidence_only
signature	TRPV4	UP	BindingDB	BindingDB monomer 539938				affinity_type=IC50;affinity=55;pmid=;doi=10.7270/Q2B85C9Z	evidence_only
signature	TRPV4	UP	BindingDB	BindingDB monomer 539939				affinity_type=IC50;affinity=55;pmid=;doi=10.7270/Q2B85C9Z	evidence_only
signature	TRPV4	UP	BindingDB	BindingDB monomer 539940				affinity_type=IC50;affinity=55;pmid=;doi=10.7270/Q2B85C9Z	evidence_only
signature	TRPV4	UP	BindingDB	BindingDB monomer 539941				affinity_type=IC50;affinity=55;pmid=;doi=10.7270/Q2B85C9Z	evidence_only
signature	TRPV4	UP	BindingDB	BindingDB monomer 539942				affinity_type=IC50;affinity=55;pmid=;doi=10.7270/Q2B85C9Z	evidence_only
signature	TRPV4	UP	BindingDB	BindingDB monomer 539943				affinity_type=IC50;affinity=55;pmid=;doi=10.7270/Q2B85C9Z	evidence_only
signature	TRPV4	UP	BindingDB	BindingDB monomer 50505546				affinity_type=IC50;affinity=5;pmid=;doi=10.7270/Q2B85C9Z	evidence_only
signature	TRPV4	UP	BindingDB	BindingDB monomer 50521185				affinity_type=IC50;affinity=5;pmid=;doi=10.7270/Q2B85C9Z	evidence_only
signature	TRPV4	UP	BindingDB	BindingDB monomer 50521195				affinity_type=IC50;affinity=5;pmid=;doi=10.7270/Q2B85C9Z	evidence_only
signature	TRPV4	UP	BindingDB	BindingDB monomer 539947				affinity_type=IC50;affinity=55;pmid=;doi=10.7270/Q2B85C9Z	evidence_only
signature	TRPV4	UP	BindingDB	BindingDB monomer 539948				affinity_type=IC50;affinity=55;pmid=;doi=10.7270/Q2B85C9Z	evidence_only
signature	TRPV4	UP	BindingDB	BindingDB monomer 539949				affinity_type=IC50;affinity=5;pmid=;doi=10.7270/Q2B85C9Z	evidence_only
signature	TRPV4	UP	BindingDB	BindingDB monomer 539950				affinity_type=IC50;affinity=5;pmid=;doi=10.7270/Q2B85C9Z	evidence_only
signature	TRPV4	UP	BindingDB	BindingDB monomer 539951				affinity_type=IC50;affinity=55;pmid=;doi=10.7270/Q2B85C9Z	evidence_only
signature	TRPV4	UP	BindingDB	BindingDB monomer 539952				affinity_type=IC50;affinity=55;pmid=;doi=10.7270/Q2B85C9Z	evidence_only
signature	TRPV4	UP	BindingDB	BindingDB monomer 539953				affinity_type=IC50;affinity=55;pmid=;doi=10.7270/Q2B85C9Z	evidence_only
signature	TRPV4	UP	BindingDB	BindingDB monomer 539954				affinity_type=IC50;affinity=55;pmid=;doi=10.7270/Q2B85C9Z	evidence_only
signature	TRPV4	UP	BindingDB	BindingDB monomer 539955				affinity_type=IC50;affinity=55;pmid=;doi=10.7270/Q2B85C9Z	evidence_only
signature	TRPV4	UP	BindingDB	BindingDB monomer 539956				affinity_type=IC50;affinity=55;pmid=;doi=10.7270/Q2B85C9Z	evidence_only
signature	TRPV4	UP	BindingDB	BindingDB monomer 539957				affinity_type=IC50;affinity=55;pmid=;doi=10.7270/Q2B85C9Z	evidence_only
signature	TRPV4	UP	BindingDB	BindingDB monomer 539958				affinity_type=IC50;affinity=55;pmid=;doi=10.7270/Q2B85C9Z	evidence_only
signature	TRPV4	UP	BindingDB	BindingDB monomer 539959				affinity_type=IC50;affinity=55;pmid=;doi=10.7270/Q2B85C9Z	evidence_only
signature	TRPV4	UP	BindingDB	BindingDB monomer 539960				affinity_type=IC50;affinity=55;pmid=;doi=10.7270/Q2B85C9Z	evidence_only
signature	TRPV4	UP	BindingDB	BindingDB monomer 539961				affinity_type=IC50;affinity=55;pmid=;doi=10.7270/Q2B85C9Z	evidence_only
signature	TRPV4	UP	BindingDB	BindingDB monomer 539962				affinity_type=IC50;affinity=55;pmid=;doi=10.7270/Q2B85C9Z	evidence_only
signature	TRPV4	UP	BindingDB	BindingDB monomer 539963				affinity_type=IC50;affinity=55;pmid=;doi=10.7270/Q2B85C9Z	evidence_only
signature	TRPV4	UP	BindingDB	BindingDB monomer 539964				affinity_type=IC50;affinity=55;pmid=;doi=10.7270/Q2B85C9Z	evidence_only
signature	TRPV4	UP	BindingDB	BindingDB monomer 539965				affinity_type=IC50;affinity=55;pmid=;doi=10.7270/Q2B85C9Z	evidence_only
signature	TRPV4	UP	BindingDB	BindingDB monomer 539966				affinity_type=IC50;affinity=55;pmid=;doi=10.7270/Q2B85C9Z	evidence_only
signature	TRPV4	UP	BindingDB	BindingDB monomer 539967				affinity_type=IC50;affinity=55;pmid=;doi=10.7270/Q2B85C9Z	evidence_only
signature	TRPV4	UP	BindingDB	BindingDB monomer 539968				affinity_type=IC50;affinity=55;pmid=;doi=10.7270/Q2B85C9Z	evidence_only
signature	TRPV4	UP	BindingDB	BindingDB monomer 539969				affinity_type=IC50;affinity=5;pmid=;doi=10.7270/Q2B85C9Z	evidence_only
signature	TRPV4	UP	BindingDB	BindingDB monomer 539970				affinity_type=IC50;affinity=55;pmid=;doi=10.7270/Q2B85C9Z	evidence_only
signature	TRPV4	UP	BindingDB	BindingDB monomer 539971				affinity_type=IC50;affinity=55;pmid=;doi=10.7270/Q2B85C9Z	evidence_only
signature	TRPV4	UP	BindingDB	BindingDB monomer 539972				affinity_type=IC50;affinity=55;pmid=;doi=10.7270/Q2B85C9Z	evidence_only
signature	TRPV4	UP	BindingDB	BindingDB monomer 539973				affinity_type=IC50;affinity=55;pmid=;doi=10.7270/Q2B85C9Z	evidence_only
signature	TRPV4	UP	BindingDB	BindingDB monomer 539974				affinity_type=IC50;affinity=55;pmid=;doi=10.7270/Q2B85C9Z	evidence_only
signature	TRPV4	UP	BindingDB	BindingDB monomer 539975				affinity_type=IC50;affinity=5;pmid=;doi=10.7270/Q2B85C9Z	evidence_only
signature	TRPV4	UP	BindingDB	BindingDB monomer 539976				affinity_type=IC50;affinity=55;pmid=;doi=10.7270/Q2B85C9Z	evidence_only
signature	TRPV4	UP	BindingDB	BindingDB monomer 539977				affinity_type=IC50;affinity=55;pmid=;doi=10.7270/Q2B85C9Z	evidence_only
signature	TRPV4	UP	BindingDB	BindingDB monomer 539978				affinity_type=IC50;affinity=55;pmid=;doi=10.7270/Q2B85C9Z	evidence_only
signature	TRPV4	UP	BindingDB	BindingDB monomer 539979				affinity_type=IC50;affinity=5;pmid=;doi=10.7270/Q2B85C9Z	evidence_only
signature	TRPV4	UP	BindingDB	BindingDB monomer 539980				affinity_type=IC50;affinity=55;pmid=;doi=10.7270/Q2B85C9Z	evidence_only
signature	TRPV4	UP	BindingDB	BindingDB monomer 539981				affinity_type=IC50;affinity=5;pmid=;doi=10.7270/Q2B85C9Z	evidence_only
signature	TRPV4	UP	BindingDB	BindingDB monomer 539982				affinity_type=IC50;affinity=5;pmid=;doi=10.7270/Q2B85C9Z	evidence_only
signature	TRPV4	UP	BindingDB	BindingDB monomer 50521192				affinity_type=IC50;affinity=5;pmid=;doi=10.7270/Q2B85C9Z	evidence_only
signature	TRPV4	UP	BindingDB	BindingDB monomer 539984				affinity_type=IC50;affinity=5;pmid=;doi=10.7270/Q2B85C9Z	evidence_only
signature	TRPV4	UP	BindingDB	BindingDB monomer 50521182				affinity_type=IC50;affinity=5;pmid=;doi=10.7270/Q2B85C9Z	evidence_only
signature	TRPV4	UP	BindingDB	BindingDB monomer 539986				affinity_type=IC50;affinity=5;pmid=;doi=10.7270/Q2B85C9Z	evidence_only
signature	TRPV4	UP	BindingDB	BindingDB monomer 50521183				affinity_type=IC50;affinity=5;pmid=;doi=10.7270/Q2B85C9Z	evidence_only
signature	TRPV4	UP	BindingDB	BindingDB monomer 539988				affinity_type=IC50;affinity=55;pmid=;doi=10.7270/Q2B85C9Z	evidence_only
signature	TRPV4	UP	BindingDB	BindingDB monomer 539989				affinity_type=IC50;affinity=55;pmid=;doi=10.7270/Q2B85C9Z	evidence_only
signature	TRPV4	UP	BindingDB	BindingDB monomer 539990				affinity_type=IC50;affinity=55;pmid=;doi=10.7270/Q2B85C9Z	evidence_only
signature	TRPV4	UP	BindingDB	BindingDB monomer 539991				affinity_type=IC50;affinity=55;pmid=;doi=10.7270/Q2B85C9Z	evidence_only
signature	TRPV4	UP	BindingDB	BindingDB monomer 50426556				affinity_type=IC50;affinity=0.001000;pmid=24900649;doi=10.1021/ml400018h	evidence_only
signature	TRPV4	UP	BindingDB	BindingDB monomer 50426557				affinity_type=IC50;affinity=0.001000;pmid=24900649;doi=10.1021/ml400018h	evidence_only
signature	TRPV4	UP	BindingDB	BindingDB monomer 50426558				affinity_type=IC50;affinity=0.001000;pmid=24900649;doi=10.1021/ml400018h	evidence_only
signature	TRPV4	UP	BindingDB	BindingDB monomer 50036517				affinity_type=IC50;affinity=>10000;pmid=25455182;doi=10.1016/j.bmcl.2014.10.074	evidence_only
signature	TRPV4	UP	BindingDB	BindingDB monomer 50036517				affinity_type=IC50;affinity=>3000;pmid=25455182;doi=10.1016/j.bmcl.2014.10.074	evidence_only
signature	TRPV4	UP	BindingDB	BindingDB monomer 50117636				affinity_type=IC50;affinity=570;pmid=26235950;doi=10.1016/j.bmcl.2015.06.098	evidence_only
signature	TRPV4	UP	BindingDB	BindingDB monomer 50117637				affinity_type=IC50;affinity=930;pmid=26235950;doi=10.1016/j.bmcl.2015.06.098	evidence_only
signature	TRPV4	UP	BindingDB	BindingDB monomer 50117636				affinity_type=IC50;affinity=420;pmid=26235950;doi=10.1016/j.bmcl.2015.06.098	evidence_only
signature	TRPV4	UP	BindingDB	BindingDB monomer 50117638				affinity_type=IC50;affinity=540;pmid=26235950;doi=10.1016/j.bmcl.2015.06.098	evidence_only
signature	TRPV4	UP	BindingDB	BindingDB monomer 50117639				affinity_type=IC50;affinity=380;pmid=26235950;doi=10.1016/j.bmcl.2015.06.098	evidence_only
signature	TRPV4	UP	BindingDB	BindingDB monomer 50117640				affinity_type=IC50;affinity=260;pmid=26235950;doi=10.1016/j.bmcl.2015.06.098	evidence_only
signature	TRPV4	UP	BindingDB	BindingDB monomer 50117650				affinity_type=IC50;affinity=800;pmid=26235950;doi=10.1016/j.bmcl.2015.06.098	evidence_only
signature	TRPV4	UP	BindingDB	BindingDB monomer 50117651				affinity_type=IC50;affinity=1280;pmid=26235950;doi=10.1016/j.bmcl.2015.06.098	evidence_only
signature	TRPV4	UP	BindingDB	BindingDB monomer 50117652				affinity_type=IC50;affinity=910;pmid=26235950;doi=10.1016/j.bmcl.2015.06.098	evidence_only
signature	TRPV4	UP	BindingDB	BindingDB monomer 50117653				affinity_type=IC50;affinity=2110;pmid=26235950;doi=10.1016/j.bmcl.2015.06.098	evidence_only
signature	TRPV4	UP	BindingDB	BindingDB monomer 50117654				affinity_type=IC50;affinity=1320;pmid=26235950;doi=10.1016/j.bmcl.2015.06.098	evidence_only
signature	TRPV4	UP	BindingDB	BindingDB monomer 50117641				affinity_type=IC50;affinity=4220;pmid=26235950;doi=10.1016/j.bmcl.2015.06.098	evidence_only
signature	TRPV4	UP	BindingDB	BindingDB monomer 50117642				affinity_type=IC50;affinity=>10000;pmid=26235950;doi=10.1016/j.bmcl.2015.06.098	evidence_only
signature	TRPV4	UP	BindingDB	BindingDB monomer 50117643				affinity_type=IC50;affinity=>10000;pmid=26235950;doi=10.1016/j.bmcl.2015.06.098	evidence_only
signature	TRPV4	UP	BindingDB	BindingDB monomer 50117644				affinity_type=IC50;affinity=2170;pmid=26235950;doi=10.1016/j.bmcl.2015.06.098	evidence_only
signature	TRPV4	UP	BindingDB	BindingDB monomer 50117645				affinity_type=IC50;affinity=710;pmid=26235950;doi=10.1016/j.bmcl.2015.06.098	evidence_only
signature	TRPV4	UP	BindingDB	BindingDB monomer 50117646				affinity_type=IC50;affinity=390;pmid=26235950;doi=10.1016/j.bmcl.2015.06.098	evidence_only
signature	TRPV4	UP	BindingDB	BindingDB monomer 50117647				affinity_type=IC50;affinity=930;pmid=26235950;doi=10.1016/j.bmcl.2015.06.098	evidence_only
signature	TRPV4	UP	BindingDB	BindingDB monomer 50117648				affinity_type=IC50;affinity=4930;pmid=26235950;doi=10.1016/j.bmcl.2015.06.098	evidence_only
signature	TRPV4	UP	BindingDB	BindingDB monomer 50117649				affinity_type=IC50;affinity=8530;pmid=26235950;doi=10.1016/j.bmcl.2015.06.098	evidence_only
signature	TRPV4	UP	BindingDB	BindingDB monomer 50192772				affinity_type=IC50;affinity=32;pmid=27634196;doi=10.1016/j.bmcl.2016.09.014	evidence_only
signature	TRPV4	UP	BindingDB	BindingDB monomer 50192773				affinity_type=IC50;affinity=530;pmid=27634196;doi=10.1016/j.bmcl.2016.09.014	evidence_only
signature	TRPV4	UP	BindingDB	BindingDB monomer 50192774				affinity_type=IC50;affinity=6.0;pmid=27634196;doi=10.1016/j.bmcl.2016.09.014	evidence_only
signature	TRPV4	UP	BindingDB	BindingDB monomer 50192775				affinity_type=IC50;affinity=32;pmid=27634196;doi=10.1016/j.bmcl.2016.09.014	evidence_only
signature	TRPV4	UP	BindingDB	BindingDB monomer 50192776				affinity_type=IC50;affinity=3.2;pmid=27634196;doi=10.1016/j.bmcl.2016.09.014	evidence_only
signature	TRPV4	UP	BindingDB	BindingDB monomer 50192778				affinity_type=IC50;affinity=3.2;pmid=27634196;doi=10.1016/j.bmcl.2016.09.014	evidence_only
signature	TRPV4	UP	BindingDB	BindingDB monomer 50192780				affinity_type=IC50;affinity=41;pmid=27634196;doi=10.1016/j.bmcl.2016.09.014	evidence_only
signature	TRPV4	UP	BindingDB	BindingDB monomer 50192781				affinity_type=IC50;affinity=1.8;pmid=27634196;doi=10.1016/j.bmcl.2016.09.014	evidence_only
signature	TRPV4	UP	BindingDB	BindingDB monomer 50192802				affinity_type=IC50;affinity=24;pmid=27634196;doi=10.1016/j.bmcl.2016.09.014	evidence_only
signature	TRPV4	UP	BindingDB	BindingDB monomer 50192803				affinity_type=IC50;affinity=2.4;pmid=27634196;doi=10.1016/j.bmcl.2016.09.014	evidence_only
signature	TRPV4	UP	BindingDB	BindingDB monomer 50192804				affinity_type=IC50;affinity=0.570000;pmid=27634196;doi=10.1016/j.bmcl.2016.09.014	evidence_only
signature	TRPV4	UP	BindingDB	BindingDB monomer 50192805				affinity_type=IC50;affinity=620;pmid=27634196;doi=10.1016/j.bmcl.2016.09.014	evidence_only
signature	TRPV4	UP	BindingDB	BindingDB monomer 50192807				affinity_type=IC50;affinity=0.360000;pmid=27634196;doi=10.1016/j.bmcl.2016.09.014	evidence_only
signature	TRPV4	UP	BindingDB	BindingDB monomer 50192808				affinity_type=IC50;affinity=1.000000;pmid=27634196;doi=10.1016/j.bmcl.2016.09.014	evidence_only
signature	TRPV4	UP	BindingDB	BindingDB monomer 50192809				affinity_type=IC50;affinity=0.220000;pmid=27634196;doi=10.1016/j.bmcl.2016.09.014	evidence_only
signature	TRPV4	UP	BindingDB	BindingDB monomer 50192810				affinity_type=IC50;affinity=24;pmid=27634196;doi=10.1016/j.bmcl.2016.09.014	evidence_only
signature	TRPV4	UP	BindingDB	BindingDB monomer 50192811				affinity_type=IC50;affinity=0.300000;pmid=27634196;doi=10.1016/j.bmcl.2016.09.014	evidence_only
signature	TRPV4	UP	BindingDB	BindingDB monomer 50192812				affinity_type=IC50;affinity=650;pmid=27634196;doi=10.1016/j.bmcl.2016.09.014	evidence_only
signature	TRPV4	UP	BindingDB	BindingDB monomer 50192777				affinity_type=IC50;affinity=6.7;pmid=27634196;doi=10.1016/j.bmcl.2016.09.014	evidence_only
signature	TRPV4	UP	BindingDB	BindingDB monomer 50192813				affinity_type=IC50;affinity=6.2;pmid=27634196;doi=10.1016/j.bmcl.2016.09.014	evidence_only
signature	TRPV4	UP	BindingDB	BindingDB monomer 50192814				affinity_type=IC50;affinity=80;pmid=27634196;doi=10.1016/j.bmcl.2016.09.014	evidence_only
signature	TRPV4	UP	BindingDB	BindingDB monomer 50192815				affinity_type=IC50;affinity=19;pmid=27634196;doi=10.1016/j.bmcl.2016.09.014	evidence_only
signature	TRPV4	UP	BindingDB	BindingDB monomer 50192779				affinity_type=IC50;affinity=1.1;pmid=27634196;doi=10.1016/j.bmcl.2016.09.014	evidence_only
signature	TRPV4	UP	BindingDB	BindingDB monomer 50192816				affinity_type=IC50;affinity=4.4;pmid=27634196;doi=10.1016/j.bmcl.2016.09.014	evidence_only
signature	TRPV4	UP	BindingDB	BindingDB monomer 50192817				affinity_type=IC50;affinity=1.7;pmid=27634196;doi=10.1016/j.bmcl.2016.09.014	evidence_only
signature	TRPV4	UP	BindingDB	BindingDB monomer 50192818				affinity_type=IC50;affinity=770;pmid=27634196;doi=10.1016/j.bmcl.2016.09.014	evidence_only
signature	TRPV4	UP	BindingDB	BindingDB monomer 50192819				affinity_type=IC50;affinity=2.8;pmid=27634196;doi=10.1016/j.bmcl.2016.09.014	evidence_only
signature	TRPV4	UP	BindingDB	BindingDB monomer 50192820				affinity_type=IC50;affinity=0.900000;pmid=27634196;doi=10.1016/j.bmcl.2016.09.014	evidence_only
signature	TRPV4	UP	BindingDB	BindingDB monomer 50192821				affinity_type=IC50;affinity=57;pmid=27634196;doi=10.1016/j.bmcl.2016.09.014	evidence_only
signature	TRPV4	UP	BindingDB	BindingDB monomer 50192806				affinity_type=IC50;affinity=37;pmid=27634196;doi=10.1016/j.bmcl.2016.09.014	evidence_only
signature	TRPV4	UP	BindingDB	BindingDB monomer 50192809				affinity_type=IC50;affinity=>10000;pmid=27634196;doi=10.1016/j.bmcl.2016.09.014	evidence_only
signature	TRPV4	UP	BindingDB	BindingDB monomer 50192823				affinity_type=IC50;affinity=19;pmid=27634196;doi=10.1016/j.bmcl.2016.09.014	evidence_only
signature	TRPV4	UP	BindingDB	BindingDB monomer 50192824				affinity_type=IC50;affinity=4.8;pmid=27634196;doi=10.1016/j.bmcl.2016.09.014	evidence_only
signature	TRPV4	UP	BindingDB	BindingDB monomer 50192825				affinity_type=IC50;affinity=8.4;pmid=27634196;doi=10.1016/j.bmcl.2016.09.014	evidence_only
signature	TRPV4	UP	BindingDB	BindingDB monomer 50192822				affinity_type=IC50;affinity=2.9;pmid=27634196;doi=10.1016/j.bmcl.2016.09.014	evidence_only
signature	TRPV4	UP	BindingDB	BindingDB monomer 50192826				affinity_type=IC50;affinity=2.1;pmid=27634196;doi=10.1016/j.bmcl.2016.09.014	evidence_only
signature	TRPV4	UP	BindingDB	BindingDB monomer 50192827				affinity_type=IC50;affinity=1.9;pmid=27634196;doi=10.1016/j.bmcl.2016.09.014	evidence_only
signature	TRPV4	UP	BindingDB	BindingDB monomer 50192809				affinity_type=IC50;affinity=0.400000;pmid=27634196;doi=10.1016/j.bmcl.2016.09.014	evidence_only
signature	TRPV4	UP	BindingDB	BindingDB monomer 50192828				affinity_type=IC50;affinity=4.5;pmid=27634196;doi=10.1016/j.bmcl.2016.09.014	evidence_only
signature	TRPV4	UP	BindingDB	BindingDB monomer 50192823				affinity_type=IC50;affinity=3.1;pmid=27637151;doi=10.1016/j.bmcl.2016.09.013	evidence_only
signature	TRPV4	UP	BindingDB	BindingDB monomer 50194946				affinity_type=IC50;affinity=46;pmid=27637151;doi=10.1016/j.bmcl.2016.09.013	evidence_only
signature	TRPV4	UP	BindingDB	BindingDB monomer 50194947				affinity_type=IC50;affinity=290;pmid=27637151;doi=10.1016/j.bmcl.2016.09.013	evidence_only
signature	TRPV4	UP	BindingDB	BindingDB monomer 50194948				affinity_type=IC50;affinity=100;pmid=27637151;doi=10.1016/j.bmcl.2016.09.013	evidence_only
signature	TRPV4	UP	BindingDB	BindingDB monomer 65888				affinity_type=IC50;affinity=10;pmid=27637151;doi=10.1016/j.bmcl.2016.09.013	evidence_only
signature	TRPV4	UP	BindingDB	BindingDB monomer 50194949				affinity_type=IC50;affinity=240;pmid=27637151;doi=10.1016/j.bmcl.2016.09.013	evidence_only
signature	TRPV4	UP	BindingDB	BindingDB monomer 50195051				affinity_type=IC50;affinity=>10000;pmid=27637151;doi=10.1016/j.bmcl.2016.09.013	evidence_only
signature	TRPV4	UP	BindingDB	BindingDB monomer 50195052				affinity_type=IC50;affinity=10000;pmid=27637151;doi=10.1016/j.bmcl.2016.09.013	evidence_only
signature	TRPV4	UP	BindingDB	BindingDB monomer 50195053				affinity_type=IC50;affinity=620;pmid=27637151;doi=10.1016/j.bmcl.2016.09.013	evidence_only
signature	TRPV4	UP	BindingDB	BindingDB monomer 50195054				affinity_type=IC50;affinity=490;pmid=27637151;doi=10.1016/j.bmcl.2016.09.013	evidence_only
signature	TRPV4	UP	BindingDB	BindingDB monomer 50192821				affinity_type=IC50;affinity=57;pmid=27637151;doi=10.1016/j.bmcl.2016.09.013	evidence_only
signature	TRPV4	UP	BindingDB	BindingDB monomer 50195055				affinity_type=IC50;affinity=6.3;pmid=27637151;doi=10.1016/j.bmcl.2016.09.013	evidence_only
signature	TRPV4	UP	BindingDB	BindingDB monomer 50195056				affinity_type=IC50;affinity=29;pmid=27637151;doi=10.1016/j.bmcl.2016.09.013	evidence_only
signature	TRPV4	UP	BindingDB	BindingDB monomer 50195057				affinity_type=IC50;affinity=200;pmid=27637151;doi=10.1016/j.bmcl.2016.09.013	evidence_only
signature	TRPV4	UP	BindingDB	BindingDB monomer 50195058				affinity_type=IC50;affinity=9.5;pmid=27637151;doi=10.1016/j.bmcl.2016.09.013	evidence_only
signature	TRPV4	UP	BindingDB	BindingDB monomer 50195059				affinity_type=IC50;affinity=11;pmid=27637151;doi=10.1016/j.bmcl.2016.09.013	evidence_only
signature	TRPV4	UP	BindingDB	BindingDB monomer 50195060				affinity_type=IC50;affinity=4300;pmid=27637151;doi=10.1016/j.bmcl.2016.09.013	evidence_only
signature	TRPV4	UP	BindingDB	BindingDB monomer 50195061				affinity_type=IC50;affinity=35;pmid=27637151;doi=10.1016/j.bmcl.2016.09.013	evidence_only
signature	TRPV4	UP	BindingDB	BindingDB monomer 50195062				affinity_type=IC50;affinity=410;pmid=27637151;doi=10.1016/j.bmcl.2016.09.013	evidence_only
signature	TRPV4	UP	BindingDB	BindingDB monomer 50195063				affinity_type=IC50;affinity=3300;pmid=27637151;doi=10.1016/j.bmcl.2016.09.013	evidence_only
signature	TRPV4	UP	BindingDB	BindingDB monomer 50195064				affinity_type=IC50;affinity=>10000;pmid=27637151;doi=10.1016/j.bmcl.2016.09.013	evidence_only
signature	TRPV4	UP	BindingDB	BindingDB monomer 50195092				affinity_type=IC50;affinity=31;pmid=27637151;doi=10.1016/j.bmcl.2016.09.013	evidence_only
signature	TRPV4	UP	BindingDB	BindingDB monomer 50195136				affinity_type=IC50;affinity=>10000;pmid=27637151;doi=10.1016/j.bmcl.2016.09.013	evidence_only
signature	TRPV4	UP	BindingDB	BindingDB monomer 50195137				affinity_type=IC50;affinity=50;pmid=27637151;doi=10.1016/j.bmcl.2016.09.013	evidence_only
signature	TRPV4	UP	BindingDB	BindingDB monomer 50192802				affinity_type=IC50;affinity=24;pmid=27637151;doi=10.1016/j.bmcl.2016.09.013	evidence_only
signature	TRPV4	UP	BindingDB	BindingDB monomer 50195139				affinity_type=IC50;affinity=37;pmid=27637151;doi=10.1016/j.bmcl.2016.09.013	evidence_only
signature	TRPV4	UP	BindingDB	BindingDB monomer 50195140				affinity_type=IC50;affinity=>10000;pmid=27637151;doi=10.1016/j.bmcl.2016.09.013	evidence_only
signature	TRPV4	UP	BindingDB	BindingDB monomer 50192823				affinity_type=IC50;affinity=19;pmid=27637151;doi=10.1016/j.bmcl.2016.09.013	evidence_only
signature	TRPV4	UP	BindingDB	BindingDB monomer 50195141				affinity_type=IC50;affinity=22;pmid=27637151;doi=10.1016/j.bmcl.2016.09.013	evidence_only
signature	TRPV4	UP	BindingDB	BindingDB monomer 50195142				affinity_type=IC50;affinity=23;pmid=27637151;doi=10.1016/j.bmcl.2016.09.013	evidence_only
signature	TRPV4	UP	BindingDB	BindingDB monomer 50195220				affinity_type=IC50;affinity=34;pmid=27637151;doi=10.1016/j.bmcl.2016.09.013	evidence_only
signature	TRPV4	UP	BindingDB	BindingDB monomer 50195221				affinity_type=IC50;affinity=240;pmid=27637151;doi=10.1016/j.bmcl.2016.09.013	evidence_only
signature	TRPV4	UP	BindingDB	BindingDB monomer 50349984				affinity_type=IC50;affinity=>10000;pmid=21634377;doi=10.1021/jm200018k	evidence_only
signature	TRPV4	UP	BindingDB	BindingDB monomer 50232796				affinity_type=IC50;affinity=250;pmid=28523109;doi=10.1021/acsmedchemlett.7b00094	evidence_only
signature	TRPV4	UP	BindingDB	BindingDB monomer 50232797				affinity_type=IC50;affinity=40;pmid=28523109;doi=10.1021/acsmedchemlett.7b00094	evidence_only
signature	TRPV4	UP	BindingDB	BindingDB monomer 50232798				affinity_type=IC50;affinity=50;pmid=28523109;doi=10.1021/acsmedchemlett.7b00094	evidence_only
signature	TRPV4	UP	BindingDB	BindingDB monomer 50232799				affinity_type=IC50;affinity=60;pmid=28523109;doi=10.1021/acsmedchemlett.7b00094	evidence_only
signature	TRPV4	UP	BindingDB	BindingDB monomer 50232800				affinity_type=IC50;affinity=60;pmid=28523109;doi=10.1021/acsmedchemlett.7b00094	evidence_only
signature	TRPV4	UP	BindingDB	BindingDB monomer 50232801				affinity_type=IC50;affinity=1000;pmid=28523109;doi=10.1021/acsmedchemlett.7b00094	evidence_only
signature	TRPV4	UP	BindingDB	BindingDB monomer 50232802				affinity_type=IC50;affinity=100;pmid=28523109;doi=10.1021/acsmedchemlett.7b00094	evidence_only
signature	TRPV4	UP	BindingDB	BindingDB monomer 50232804				affinity_type=IC50;affinity=40;pmid=28523109;doi=10.1021/acsmedchemlett.7b00094	evidence_only
signature	TRPV4	UP	BindingDB	BindingDB monomer 50232805				affinity_type=IC50;affinity=160;pmid=28523109;doi=10.1021/acsmedchemlett.7b00094	evidence_only
signature	TRPV4	UP	BindingDB	BindingDB monomer 50232806				affinity_type=IC50;affinity=500;pmid=28523109;doi=10.1021/acsmedchemlett.7b00094	evidence_only
signature	TRPV4	UP	BindingDB	BindingDB monomer 50232808				affinity_type=IC50;affinity=2510;pmid=28523109;doi=10.1021/acsmedchemlett.7b00094	evidence_only
signature	TRPV4	UP	BindingDB	BindingDB monomer 50232809				affinity_type=IC50;affinity=50;pmid=28523109;doi=10.1021/acsmedchemlett.7b00094	evidence_only
signature	TRPV4	UP	BindingDB	BindingDB monomer 50232810				affinity_type=IC50;affinity=2000;pmid=28523109;doi=10.1021/acsmedchemlett.7b00094	evidence_only
signature	TRPV4	UP	BindingDB	BindingDB monomer 50232811				affinity_type=IC50;affinity=500;pmid=28523109;doi=10.1021/acsmedchemlett.7b00094	evidence_only
signature	TRPV4	UP	BindingDB	BindingDB monomer 50232788				affinity_type=IC50;affinity=2000;pmid=28523109;doi=10.1021/acsmedchemlett.7b00094	evidence_only
signature	TRPV4	UP	BindingDB	BindingDB monomer 50232790				affinity_type=IC50;affinity=80;pmid=28523109;doi=10.1021/acsmedchemlett.7b00094	evidence_only
signature	TRPV4	UP	BindingDB	BindingDB monomer 50232792				affinity_type=IC50;affinity=5010;pmid=28523109;doi=10.1021/acsmedchemlett.7b00094	evidence_only
signature	TRPV4	UP	BindingDB	BindingDB monomer 50232794				affinity_type=IC50;affinity=320;pmid=28523109;doi=10.1021/acsmedchemlett.7b00094	evidence_only
signature	TRPV4	UP	BindingDB	BindingDB monomer 50232795				affinity_type=IC50;affinity=2000;pmid=28523109;doi=10.1021/acsmedchemlett.7b00094	evidence_only
signature	TRPV4	UP	BindingDB	BindingDB monomer 50232812				affinity_type=IC50;affinity=1580;pmid=28523109;doi=10.1021/acsmedchemlett.7b00094	evidence_only
signature	TRPV4	UP	BindingDB	BindingDB monomer 50192821				affinity_type=IC50;affinity=48;pmid=28523109;doi=10.1021/acsmedchemlett.7b00094	evidence_only
signature	TRPV4	UP	BindingDB	BindingDB monomer 50426575				affinity_type=IC50;affinity=2300;pmid=28523109;doi=10.1021/acsmedchemlett.7b00094	evidence_only
signature	TRPV4	UP	BindingDB	BindingDB monomer 50232815				affinity_type=IC50;affinity=80;pmid=28523109;doi=10.1021/acsmedchemlett.7b00094	evidence_only
signature	TRPV4	UP	BindingDB	BindingDB monomer 50232803				affinity_type=IC50;affinity=10;pmid=28523109;doi=10.1021/acsmedchemlett.7b00094	evidence_only
signature	TRPV4	UP	BindingDB	BindingDB monomer 50232813				affinity_type=IC50;affinity=50;pmid=28523109;doi=10.1021/acsmedchemlett.7b00094	evidence_only
signature	TRPV4	UP	BindingDB	BindingDB monomer 50232816				affinity_type=IC50;affinity=130;pmid=28523109;doi=10.1021/acsmedchemlett.7b00094	evidence_only
signature	TRPV4	UP	BindingDB	BindingDB monomer 50232820				affinity_type=IC50;affinity=3160;pmid=28523109;doi=10.1021/acsmedchemlett.7b00094	evidence_only
signature	TRPV4	UP	BindingDB	BindingDB monomer 50232789				affinity_type=IC50;affinity=3980;pmid=28523109;doi=10.1021/acsmedchemlett.7b00094	evidence_only
signature	TRPV4	UP	BindingDB	BindingDB monomer 50232793				affinity_type=IC50;affinity=400;pmid=28523109;doi=10.1021/acsmedchemlett.7b00094	evidence_only
signature	TRPV4	UP	BindingDB	BindingDB monomer 50232791				affinity_type=IC50;affinity=200;pmid=28523109;doi=10.1021/acsmedchemlett.7b00094	evidence_only
signature	TRPV4	UP	BindingDB	BindingDB monomer 50256208				affinity_type=IC50;affinity=23;pmid=28284871;doi=10.1016/j.bmc.2017.02.047	evidence_only
signature	TRPV4	UP	BindingDB	BindingDB monomer 50192809				affinity_type=IC50;affinity=0.400000;pmid=28284871;doi=10.1016/j.bmc.2017.02.047	evidence_only
signature	TRPV4	UP	BindingDB	BindingDB monomer 50192821				affinity_type=IC50;affinity=29;pmid=28284871;doi=10.1016/j.bmc.2017.02.047	evidence_only
signature	TRPV4	UP	BindingDB	BindingDB monomer 50263438				affinity_type=IC50;affinity=3.9;pmid=28284871;doi=10.1016/j.bmc.2017.02.047	evidence_only
signature	TRPV4	UP	BindingDB	BindingDB monomer 50263440				affinity_type=IC50;affinity=2.2;pmid=28284871;doi=10.1016/j.bmc.2017.02.047	evidence_only
signature	TRPV4	UP	BindingDB	BindingDB monomer 50264844				affinity_type=IC50;affinity=2.2;pmid=28284871;doi=10.1016/j.bmc.2017.02.047	evidence_only
signature	TRPV4	UP	BindingDB	BindingDB monomer 50256208				affinity_type=IC50;affinity=6.3;pmid=28284871;doi=10.1016/j.bmc.2017.02.047	evidence_only
signature	TRPV4	UP	BindingDB	BindingDB monomer 50192809				affinity_type=IC50;affinity=0.220000;pmid=28284871;doi=10.1016/j.bmc.2017.02.047	evidence_only
signature	TRPV4	UP	BindingDB	BindingDB monomer 50264845				affinity_type=IC50;affinity=0.500000;pmid=28284871;doi=10.1016/j.bmc.2017.02.047	evidence_only
signature	TRPV4	UP	BindingDB	BindingDB monomer 50192811				affinity_type=IC50;affinity=0.300000;pmid=28284871;doi=10.1016/j.bmc.2017.02.047	evidence_only
signature	TRPV4	UP	BindingDB	BindingDB monomer 50264846				affinity_type=IC50;affinity=0.210000;pmid=28284871;doi=10.1016/j.bmc.2017.02.047	evidence_only
signature	TRPV4	UP	BindingDB	BindingDB monomer 50264847				affinity_type=IC50;affinity=0.180000;pmid=28284871;doi=10.1016/j.bmc.2017.02.047	evidence_only
signature	TRPV4	UP	BindingDB	BindingDB monomer 50264848				affinity_type=IC50;affinity=0.650000;pmid=28284871;doi=10.1016/j.bmc.2017.02.047	evidence_only
signature	TRPV4	UP	BindingDB	BindingDB monomer 50264849				affinity_type=IC50;affinity=170;pmid=28284871;doi=10.1016/j.bmc.2017.02.047	evidence_only
signature	TRPV4	UP	BindingDB	BindingDB monomer 50264850				affinity_type=IC50;affinity=6.8;pmid=28284871;doi=10.1016/j.bmc.2017.02.047	evidence_only
signature	TRPV4	UP	BindingDB	BindingDB monomer 50256212				affinity_type=IC50;affinity=0.620000;pmid=28284871;doi=10.1016/j.bmc.2017.02.047	evidence_only
signature	TRPV4	UP	BindingDB	BindingDB monomer 50256213				affinity_type=IC50;affinity=2.4;pmid=28284871;doi=10.1016/j.bmc.2017.02.047	evidence_only
signature	TRPV4	UP	BindingDB	BindingDB monomer 50264854				affinity_type=IC50;affinity=64;pmid=28284871;doi=10.1016/j.bmc.2017.02.047	evidence_only
signature	TRPV4	UP	BindingDB	BindingDB monomer 50264855				affinity_type=IC50;affinity=0.990000;pmid=28284871;doi=10.1016/j.bmc.2017.02.047	evidence_only
signature	TRPV4	UP	BindingDB	BindingDB monomer 50256230				affinity_type=IC50;affinity=0.970000;pmid=28284871;doi=10.1016/j.bmc.2017.02.047	evidence_only
signature	TRPV4	UP	BindingDB	BindingDB monomer 50256209				affinity_type=IC50;affinity=0.190000;pmid=28284871;doi=10.1016/j.bmc.2017.02.047	evidence_only
signature	TRPV4	UP	BindingDB	BindingDB monomer 50256210				affinity_type=IC50;affinity=1.3;pmid=28284871;doi=10.1016/j.bmc.2017.02.047	evidence_only
signature	TRPV4	UP	BindingDB	BindingDB monomer 50264856				affinity_type=IC50;affinity=0.870000;pmid=28284871;doi=10.1016/j.bmc.2017.02.047	evidence_only
signature	TRPV4	UP	BindingDB	BindingDB monomer 50256231				affinity_type=IC50;affinity=6.2;pmid=28284871;doi=10.1016/j.bmc.2017.02.047	evidence_only
signature	TRPV4	UP	BindingDB	BindingDB monomer 50192821				affinity_type=IC50;affinity=57;pmid=28284871;doi=10.1016/j.bmc.2017.02.047	evidence_only
signature	TRPV4	UP	BindingDB	BindingDB monomer 50263440				affinity_type=IC50;affinity=1.4;pmid=28284871;doi=10.1016/j.bmc.2017.02.047	evidence_only
signature	TRPV4	UP	BindingDB	BindingDB monomer 50264844				affinity_type=IC50;affinity=1.3;pmid=28284871;doi=10.1016/j.bmc.2017.02.047	evidence_only
signature	TRPV4	UP	BindingDB	BindingDB monomer 50264857				affinity_type=IC50;affinity=2.6;pmid=28284871;doi=10.1016/j.bmc.2017.02.047	evidence_only
signature	TRPV4	UP	BindingDB	BindingDB monomer 50264858				affinity_type=IC50;affinity=0.310000;pmid=28284871;doi=10.1016/j.bmc.2017.02.047	evidence_only
signature	TRPV4	UP	BindingDB	BindingDB monomer 50264859				affinity_type=IC50;affinity=0.390000;pmid=28284871;doi=10.1016/j.bmc.2017.02.047	evidence_only
signature	TRPV4	UP	BindingDB	BindingDB monomer 50264860				affinity_type=IC50;affinity=4.2;pmid=28284871;doi=10.1016/j.bmc.2017.02.047	evidence_only
signature	TRPV4	UP	BindingDB	BindingDB monomer 50256228				affinity_type=IC50;affinity=0.290000;pmid=28284871;doi=10.1016/j.bmc.2017.02.047	evidence_only
signature	TRPV4	UP	BindingDB	BindingDB monomer 50256229				affinity_type=IC50;affinity=2.0;pmid=28284871;doi=10.1016/j.bmc.2017.02.047	evidence_only
signature	TRPV4	UP	BindingDB	BindingDB monomer 50256211				affinity_type=IC50;affinity=1.8;pmid=28284871;doi=10.1016/j.bmc.2017.02.047	evidence_only
signature	TRPV4	UP	BindingDB	BindingDB monomer 50264868				affinity_type=IC50;affinity=3.7;pmid=28284871;doi=10.1016/j.bmc.2017.02.047	evidence_only
signature	TRPV4	UP	BindingDB	BindingDB monomer 50264857				affinity_type=IC50;affinity=0.710000;pmid=28284871;doi=10.1016/j.bmc.2017.02.047	evidence_only
signature	TRPV4	UP	BindingDB	BindingDB monomer 50318463				affinity_type=IC50;affinity=>10000;pmid=20356305;doi=10.1021/jm100062h	evidence_only
signature	TRPV4	UP	BindingDB	BindingDB monomer 50426532				affinity_type=IC50;affinity=3.2;pmid=24900661;doi=10.1021/ml300449k	evidence_only
signature	TRPV4	UP	BindingDB	BindingDB monomer 50426531				affinity_type=IC50;affinity=32;pmid=24900661;doi=10.1021/ml300449k	evidence_only
signature	TRPV4	UP	BindingDB	BindingDB monomer 50426533				affinity_type=IC50;affinity=>10000;pmid=24900661;doi=10.1021/ml300449k	evidence_only
signature	TRPV4	UP	BindingDB	BindingDB monomer 50426534				affinity_type=IC50;affinity=16;pmid=24900661;doi=10.1021/ml300449k	evidence_only
signature	TRPV4	UP	BindingDB	BindingDB monomer 50426535				affinity_type=IC50;affinity=13;pmid=24900661;doi=10.1021/ml300449k	evidence_only
signature	TRPV4	UP	BindingDB	BindingDB monomer 50426536				affinity_type=IC50;affinity=32;pmid=24900661;doi=10.1021/ml300449k	evidence_only
signature	TRPV4	UP	BindingDB	BindingDB monomer 50426537				affinity_type=IC50;affinity=50;pmid=24900661;doi=10.1021/ml300449k	evidence_only
signature	TRPV4	UP	BindingDB	BindingDB monomer 50426538				affinity_type=IC50;affinity=126;pmid=24900661;doi=10.1021/ml300449k	evidence_only
signature	TRPV4	UP	BindingDB	BindingDB monomer 50426539				affinity_type=IC50;affinity=126;pmid=24900661;doi=10.1021/ml300449k	evidence_only
signature	TRPV4	UP	BindingDB	BindingDB monomer 50426540				affinity_type=IC50;affinity=1260;pmid=24900661;doi=10.1021/ml300449k	evidence_only
signature	TRPV4	UP	BindingDB	BindingDB monomer 50426541				affinity_type=IC50;affinity=2510;pmid=24900661;doi=10.1021/ml300449k	evidence_only
signature	TRPV4	UP	BindingDB	BindingDB monomer 50426542				affinity_type=IC50;affinity=200;pmid=24900661;doi=10.1021/ml300449k	evidence_only
signature	TRPV4	UP	BindingDB	BindingDB monomer 50426543				affinity_type=IC50;affinity=5010;pmid=24900661;doi=10.1021/ml300449k	evidence_only
signature	TRPV4	UP	BindingDB	BindingDB monomer 50426544				affinity_type=IC50;affinity=631;pmid=24900661;doi=10.1021/ml300449k	evidence_only
signature	TRPV4	UP	BindingDB	BindingDB monomer 50426545				affinity_type=IC50;affinity=1000;pmid=24900661;doi=10.1021/ml300449k	evidence_only
signature	TRPV4	UP	BindingDB	BindingDB monomer 50426546				affinity_type=IC50;affinity=3980;pmid=24900661;doi=10.1021/ml300449k	evidence_only
signature	TRPV4	UP	BindingDB	BindingDB monomer 50426575				affinity_type=IC50;affinity=2300;pmid=23121096;doi=10.1021/jm3011433	evidence_only
signature	TRPV4	UP	BindingDB	BindingDB monomer 50439221				affinity_type=IC50;affinity=6300;pmid=23886683;doi=10.1016/j.bmcl.2013.06.047	evidence_only
signature	TRPV4	UP	BindingDB	BindingDB monomer 50450499				affinity_type=IC50;affinity=100;pmid=30335378;doi=10.1021/acs.jmedchem.8b01317	evidence_only
signature	TRPV4	UP	BindingDB	BindingDB monomer 50450501				affinity_type=IC50;affinity=200;pmid=30335378;doi=10.1021/acs.jmedchem.8b01317	evidence_only
signature	TRPV4	UP	BindingDB	BindingDB monomer 50450502				affinity_type=IC50;affinity=130;pmid=30335378;doi=10.1021/acs.jmedchem.8b01317	evidence_only
signature	TRPV4	UP	BindingDB	BindingDB monomer 50450503				affinity_type=IC50;affinity=50;pmid=30335378;doi=10.1021/acs.jmedchem.8b01317	evidence_only
signature	TRPV4	UP	BindingDB	BindingDB monomer 50450504				affinity_type=IC50;affinity=6300;pmid=30335378;doi=10.1021/acs.jmedchem.8b01317	evidence_only
signature	TRPV4	UP	BindingDB	BindingDB monomer 50450500				affinity_type=IC50;affinity=2.5;pmid=30335378;doi=10.1021/acs.jmedchem.8b01317	evidence_only
signature	TRPV4	UP	BindingDB	BindingDB monomer 50450505				affinity_type=IC50;affinity=150;pmid=30335378;doi=10.1021/acs.jmedchem.8b01317	evidence_only
signature	TRPV4	UP	BindingDB	BindingDB monomer 50450506				affinity_type=IC50;affinity=1500;pmid=30335378;doi=10.1021/acs.jmedchem.8b01317	evidence_only
signature	TRPV4	UP	BindingDB	BindingDB monomer 50450507				affinity_type=IC50;affinity=1000;pmid=30335378;doi=10.1021/acs.jmedchem.8b01317	evidence_only
signature	TRPV4	UP	BindingDB	BindingDB monomer 50450508				affinity_type=IC50;affinity=150;pmid=30335378;doi=10.1021/acs.jmedchem.8b01317	evidence_only
signature	TRPV4	UP	BindingDB	BindingDB monomer 50450509				affinity_type=IC50;affinity=100;pmid=30335378;doi=10.1021/acs.jmedchem.8b01317	evidence_only
signature	TRPV4	UP	BindingDB	BindingDB monomer 50450510				affinity_type=IC50;affinity=320;pmid=30335378;doi=10.1021/acs.jmedchem.8b01317	evidence_only
signature	TRPV4	UP	BindingDB	BindingDB monomer 50450511				affinity_type=IC50;affinity=50;pmid=30335378;doi=10.1021/acs.jmedchem.8b01317	evidence_only
signature	TRPV4	UP	BindingDB	BindingDB monomer 50450512				affinity_type=IC50;affinity=40;pmid=30335378;doi=10.1021/acs.jmedchem.8b01317	evidence_only
signature	TRPV4	UP	BindingDB	BindingDB monomer 50450500				affinity_type=IC50;affinity=2.50;pmid=30335378;doi=10.1021/acs.jmedchem.8b01317	evidence_only
signature	TRPV4	UP	BindingDB	BindingDB monomer 50450513				affinity_type=IC50;affinity=1.000000;pmid=30335378;doi=10.1021/acs.jmedchem.8b01317	evidence_only
signature	TRPV4	UP	BindingDB	BindingDB monomer 50502624				affinity_type=IC50;affinity=5200;pmid=31413810;doi=10.1021/acsmedchemlett.9b00274	evidence_only
signature	TRPV4	UP	BindingDB	BindingDB monomer 50502625				affinity_type=IC50;affinity=340;pmid=31413810;doi=10.1021/acsmedchemlett.9b00274	evidence_only
signature	TRPV4	UP	BindingDB	BindingDB monomer 50502626				affinity_type=IC50;affinity=1.5;pmid=31413810;doi=10.1021/acsmedchemlett.9b00274	evidence_only
signature	TRPV4	UP	BindingDB	BindingDB monomer 50502628				affinity_type=IC50;affinity=0.500000;pmid=31413810;doi=10.1021/acsmedchemlett.9b00274	evidence_only
signature	TRPV4	UP	BindingDB	BindingDB monomer 50502629				affinity_type=IC50;affinity=1900;pmid=31413810;doi=10.1021/acsmedchemlett.9b00274	evidence_only
signature	TRPV4	UP	BindingDB	BindingDB monomer 50502630				affinity_type=IC50;affinity=140;pmid=31413810;doi=10.1021/acsmedchemlett.9b00274	evidence_only
signature	TRPV4	UP	BindingDB	BindingDB monomer 50502631				affinity_type=IC50;affinity=74;pmid=31413810;doi=10.1021/acsmedchemlett.9b00274	evidence_only
signature	TRPV4	UP	BindingDB	BindingDB monomer 50502632				affinity_type=IC50;affinity=63;pmid=31413810;doi=10.1021/acsmedchemlett.9b00274	evidence_only
signature	TRPV4	UP	BindingDB	BindingDB monomer 50502633				affinity_type=IC50;affinity=540;pmid=31413810;doi=10.1021/acsmedchemlett.9b00274	evidence_only
signature	TRPV4	UP	BindingDB	BindingDB monomer 50502634				affinity_type=IC50;affinity=310;pmid=31413810;doi=10.1021/acsmedchemlett.9b00274	evidence_only
signature	TRPV4	UP	BindingDB	BindingDB monomer 50502635				affinity_type=IC50;affinity=1.2;pmid=31413810;doi=10.1021/acsmedchemlett.9b00274	evidence_only
signature	TRPV4	UP	BindingDB	BindingDB monomer 50502636				affinity_type=IC50;affinity=3.1;pmid=31413810;doi=10.1021/acsmedchemlett.9b00274	evidence_only
signature	TRPV4	UP	BindingDB	BindingDB monomer 50502637				affinity_type=IC50;affinity=4.2;pmid=31413810;doi=10.1021/acsmedchemlett.9b00274	evidence_only
signature	TRPV4	UP	BindingDB	BindingDB monomer 50502638				affinity_type=IC50;affinity=14;pmid=31413810;doi=10.1021/acsmedchemlett.9b00274	evidence_only
signature	TRPV4	UP	BindingDB	BindingDB monomer 50502639				affinity_type=IC50;affinity=60;pmid=31413810;doi=10.1021/acsmedchemlett.9b00274	evidence_only
signature	TRPV4	UP	BindingDB	BindingDB monomer 50502640				affinity_type=IC50;affinity=1.8;pmid=31413810;doi=10.1021/acsmedchemlett.9b00274	evidence_only
signature	TRPV4	UP	BindingDB	BindingDB monomer 50502641				affinity_type=IC50;affinity=49;pmid=31413810;doi=10.1021/acsmedchemlett.9b00274	evidence_only
signature	TRPV4	UP	BindingDB	BindingDB monomer 50502642				affinity_type=IC50;affinity=5.2;pmid=31413810;doi=10.1021/acsmedchemlett.9b00274	evidence_only
signature	TRPV4	UP	BindingDB	BindingDB monomer 50502643				affinity_type=IC50;affinity=1.7;pmid=31413810;doi=10.1021/acsmedchemlett.9b00274	evidence_only
signature	TRPV4	UP	BindingDB	BindingDB monomer 50502644				affinity_type=IC50;affinity=820;pmid=31413810;doi=10.1021/acsmedchemlett.9b00274	evidence_only
signature	TRPV4	UP	BindingDB	BindingDB monomer 50502645				affinity_type=IC50;affinity=240;pmid=31413810;doi=10.1021/acsmedchemlett.9b00274	evidence_only
signature	TRPV4	UP	BindingDB	BindingDB monomer 50502646				affinity_type=IC50;affinity=5.2;pmid=31413810;doi=10.1021/acsmedchemlett.9b00274	evidence_only
signature	TRPV4	UP	BindingDB	BindingDB monomer 50502647				affinity_type=IC50;affinity=60;pmid=31413810;doi=10.1021/acsmedchemlett.9b00274	evidence_only
signature	TRPV4	UP	BindingDB	BindingDB monomer 50502648				affinity_type=IC50;affinity=1.2;pmid=31413810;doi=10.1021/acsmedchemlett.9b00274	evidence_only
signature	TRPV4	UP	BindingDB	BindingDB monomer 50502649				affinity_type=IC50;affinity=1.6;pmid=31413810;doi=10.1021/acsmedchemlett.9b00274	evidence_only
signature	TRPV4	UP	BindingDB	BindingDB monomer 50502650				affinity_type=IC50;affinity=16;pmid=31413810;doi=10.1021/acsmedchemlett.9b00274	evidence_only
signature	TRPV4	UP	BindingDB	BindingDB monomer 50502651				affinity_type=IC50;affinity=96;pmid=31413810;doi=10.1021/acsmedchemlett.9b00274	evidence_only
signature	TRPV4	UP	BindingDB	BindingDB monomer 50502652				affinity_type=IC50;affinity=48;pmid=31413810;doi=10.1021/acsmedchemlett.9b00274	evidence_only
signature	TRPV4	UP	BindingDB	BindingDB monomer 50502653				affinity_type=IC50;affinity=2.5;pmid=31413810;doi=10.1021/acsmedchemlett.9b00274	evidence_only
signature	TRPV4	UP	BindingDB	BindingDB monomer 50505543				affinity_type=IC50;affinity=3.8;pmid=31532662;doi=10.1021/acs.jmedchem.9b01247	evidence_only
signature	TRPV4	UP	BindingDB	BindingDB monomer 50505545				affinity_type=IC50;affinity=53;pmid=31532662;doi=10.1021/acs.jmedchem.9b01247	evidence_only
signature	TRPV4	UP	BindingDB	BindingDB monomer 50505546				affinity_type=IC50;affinity=8.0;pmid=31532662;doi=10.1021/acs.jmedchem.9b01247	evidence_only
signature	TRPV4	UP	BindingDB	BindingDB monomer 50505547				affinity_type=IC50;affinity=100;pmid=31532662;doi=10.1021/acs.jmedchem.9b01247	evidence_only
signature	TRPV4	UP	BindingDB	BindingDB monomer 50505548				affinity_type=IC50;affinity=34;pmid=31532662;doi=10.1021/acs.jmedchem.9b01247	evidence_only
signature	TRPV4	UP	BindingDB	BindingDB monomer 50505549				affinity_type=IC50;affinity=3800;pmid=31532662;doi=10.1021/acs.jmedchem.9b01247	evidence_only
signature	TRPV4	UP	BindingDB	BindingDB monomer 50505544				affinity_type=IC50;affinity=12;pmid=31532662;doi=10.1021/acs.jmedchem.9b01247	evidence_only
signature	TRPV4	UP	BindingDB	BindingDB monomer 50232797				affinity_type=IC50;affinity=40;pmid=31532662;doi=10.1021/acs.jmedchem.9b01247	evidence_only
signature	TRPV4	UP	BindingDB	BindingDB monomer 50505550				affinity_type=IC50;affinity=3.2;pmid=31532662;doi=10.1021/acs.jmedchem.9b01247	evidence_only
signature	TRPV4	UP	BindingDB	BindingDB monomer 50426531				affinity_type=IC50;affinity=32;pmid=31532662;doi=10.1021/acs.jmedchem.9b01247	evidence_only
signature	TRPV4	UP	BindingDB	BindingDB monomer 50502640				affinity_type=IC50;affinity=1.8;pmid=31532662;doi=10.1021/acs.jmedchem.9b01247	evidence_only
signature	TRPV4	UP	BindingDB	BindingDB monomer 50505551				affinity_type=IC50;affinity=3.5;pmid=31532662;doi=10.1021/acs.jmedchem.9b01247	evidence_only
signature	TRPV4	UP	BindingDB	BindingDB monomer 50505552				affinity_type=IC50;affinity=175;pmid=31532662;doi=10.1021/acs.jmedchem.9b01247	evidence_only
signature	TRPV4	UP	BindingDB	BindingDB monomer 50505553				affinity_type=IC50;affinity=190;pmid=31532662;doi=10.1021/acs.jmedchem.9b01247	evidence_only
signature	TRPV4	UP	BindingDB	BindingDB monomer 50450509				affinity_type=IC50;affinity=33;pmid=31532662;doi=10.1021/acs.jmedchem.9b01247	evidence_only
signature	TRPV4	UP	BindingDB	BindingDB monomer 50521180				affinity_type=IC50;affinity=5.0;pmid=30500190;doi=10.1021/acs.jmedchem.8b01344	evidence_only
signature	TRPV4	UP	BindingDB	BindingDB monomer 50232797				affinity_type=IC50;affinity=50;pmid=30500190;doi=10.1021/acs.jmedchem.8b01344	evidence_only
signature	TRPV4	UP	BindingDB	BindingDB monomer 50521181				affinity_type=IC50;affinity=32;pmid=30500190;doi=10.1021/acs.jmedchem.8b01344	evidence_only
signature	TRPV4	UP	BindingDB	BindingDB monomer 50521184				affinity_type=IC50;affinity=7.5;pmid=30500190;doi=10.1021/acs.jmedchem.8b01344	evidence_only
signature	TRPV4	UP	BindingDB	BindingDB monomer 50521185				affinity_type=IC50;affinity=2.0;pmid=30500190;doi=10.1021/acs.jmedchem.8b01344	evidence_only
signature	TRPV4	UP	BindingDB	BindingDB monomer 50521186				affinity_type=IC50;affinity=3.2;pmid=30500190;doi=10.1021/acs.jmedchem.8b01344	evidence_only
signature	TRPV4	UP	BindingDB	BindingDB monomer 50521187				affinity_type=IC50;affinity=20;pmid=30500190;doi=10.1021/acs.jmedchem.8b01344	evidence_only
signature	TRPV4	UP	BindingDB	BindingDB monomer 50521188				affinity_type=IC50;affinity=20;pmid=30500190;doi=10.1021/acs.jmedchem.8b01344	evidence_only
signature	TRPV4	UP	BindingDB	BindingDB monomer 50521189				affinity_type=IC50;affinity=40;pmid=30500190;doi=10.1021/acs.jmedchem.8b01344	evidence_only
signature	TRPV4	UP	BindingDB	BindingDB monomer 50521183				affinity_type=IC50;affinity=0.500000;pmid=30500190;doi=10.1021/acs.jmedchem.8b01344	evidence_only
signature	TRPV4	UP	BindingDB	BindingDB monomer 50521190				affinity_type=IC50;affinity=1585;pmid=30500190;doi=10.1021/acs.jmedchem.8b01344	evidence_only
signature	TRPV4	UP	BindingDB	BindingDB monomer 50521191				affinity_type=IC50;affinity=50;pmid=30500190;doi=10.1021/acs.jmedchem.8b01344	evidence_only
signature	TRPV4	UP	BindingDB	BindingDB monomer 50521193				affinity_type=IC50;affinity=25;pmid=30500190;doi=10.1021/acs.jmedchem.8b01344	evidence_only
signature	TRPV4	UP	BindingDB	BindingDB monomer 50521194				affinity_type=IC50;affinity=159;pmid=30500190;doi=10.1021/acs.jmedchem.8b01344	evidence_only
signature	TRPV4	UP	BindingDB	BindingDB monomer 50521195				affinity_type=IC50;affinity=2.0;pmid=30500190;doi=10.1021/acs.jmedchem.8b01344	evidence_only
signature	TRPV4	UP	BindingDB	BindingDB monomer 50521196				affinity_type=IC50;affinity=631;pmid=30500190;doi=10.1021/acs.jmedchem.8b01344	evidence_only
signature	TRPV4	UP	BindingDB	BindingDB monomer 50521182				affinity_type=IC50;affinity=0.300000;pmid=30500190;doi=10.1021/acs.jmedchem.8b01344	evidence_only
signature	TRPV4	UP	BindingDB	BindingDB monomer 50505550				affinity_type=IC50;affinity=3.2;pmid=30500190;doi=10.1021/acs.jmedchem.8b01344	evidence_only
signature	TRPV4	UP	BindingDB	BindingDB monomer 50521192				affinity_type=IC50;affinity=0.500000;pmid=30500190;doi=10.1021/acs.jmedchem.8b01344	evidence_only
signature	TRPV4	UP	BindingDB	BindingDB monomer 50505546				affinity_type=IC50;affinity=7.9;pmid=30500190;doi=10.1021/acs.jmedchem.8b01344	evidence_only
signature	TRPV4	UP	BindingDB	BindingDB monomer 50521993				affinity_type=IC50;affinity=22;pmid=31327678;doi=10.1016/j.bmc.2019.05.041	evidence_only
signature	TRPV4	UP	BindingDB	BindingDB monomer 50521994				affinity_type=IC50;affinity=11;pmid=31327678;doi=10.1016/j.bmc.2019.05.041	evidence_only
signature	TRPV4	UP	BindingDB	BindingDB monomer 50521995				affinity_type=IC50;affinity=1.2;pmid=31327678;doi=10.1016/j.bmc.2019.05.041	evidence_only
signature	TRPV4	UP	BindingDB	BindingDB monomer 50521996				affinity_type=IC50;affinity=0.850000;pmid=31327678;doi=10.1016/j.bmc.2019.05.041	evidence_only
signature	TRPV4	UP	BindingDB	BindingDB monomer 50521997				affinity_type=IC50;affinity=310;pmid=31327678;doi=10.1016/j.bmc.2019.05.041	evidence_only
signature	TRPV4	UP	BindingDB	BindingDB monomer 50521998				affinity_type=IC50;affinity=1700;pmid=31327678;doi=10.1016/j.bmc.2019.05.041	evidence_only
signature	TRPV4	UP	BindingDB	BindingDB monomer 50521999				affinity_type=IC50;affinity=99;pmid=31327678;doi=10.1016/j.bmc.2019.05.041	evidence_only
signature	TRPV4	UP	BindingDB	BindingDB monomer 50522000				affinity_type=IC50;affinity=86;pmid=31327678;doi=10.1016/j.bmc.2019.05.041	evidence_only
signature	TRPV4	UP	BindingDB	BindingDB monomer 50522001				affinity_type=IC50;affinity=30;pmid=31327678;doi=10.1016/j.bmc.2019.05.041	evidence_only
signature	TRPV4	UP	BindingDB	BindingDB monomer 50522002				affinity_type=IC50;affinity=15;pmid=31327678;doi=10.1016/j.bmc.2019.05.041	evidence_only
signature	TRPV4	UP	BindingDB	BindingDB monomer 50522003				affinity_type=IC50;affinity=78;pmid=31327678;doi=10.1016/j.bmc.2019.05.041	evidence_only
signature	TRPV4	UP	BindingDB	BindingDB monomer 50522004				affinity_type=IC50;affinity=81;pmid=31327678;doi=10.1016/j.bmc.2019.05.041	evidence_only
signature	TRPV4	UP	BindingDB	BindingDB monomer 50522005				affinity_type=IC50;affinity=3600;pmid=31327678;doi=10.1016/j.bmc.2019.05.041	evidence_only
signature	TRPV4	UP	BindingDB	BindingDB monomer 50522006				affinity_type=IC50;affinity=240;pmid=31327678;doi=10.1016/j.bmc.2019.05.041	evidence_only
signature	TRPV4	UP	BindingDB	BindingDB monomer 50522007				affinity_type=IC50;affinity=84;pmid=31327678;doi=10.1016/j.bmc.2019.05.041	evidence_only
signature	TRPV4	UP	BindingDB	BindingDB monomer 50522008				affinity_type=IC50;affinity=240;pmid=31327678;doi=10.1016/j.bmc.2019.05.041	evidence_only
signature	TRPV4	UP	BindingDB	BindingDB monomer 50522009				affinity_type=IC50;affinity=1800;pmid=31327678;doi=10.1016/j.bmc.2019.05.041	evidence_only
signature	TRPV4	UP	BindingDB	BindingDB monomer 50522010				affinity_type=IC50;affinity=144;pmid=31327678;doi=10.1016/j.bmc.2019.05.041	evidence_only
signature	TRPV4	UP	BindingDB	BindingDB monomer 50522011				affinity_type=IC50;affinity=120;pmid=31327678;doi=10.1016/j.bmc.2019.05.041	evidence_only
signature	TRPV4	UP	BindingDB	BindingDB monomer 50522012				affinity_type=IC50;affinity=11;pmid=31327678;doi=10.1016/j.bmc.2019.05.041	evidence_only
signature	TRPV4	UP	BindingDB	BindingDB monomer 50522013				affinity_type=IC50;affinity=730;pmid=31327678;doi=10.1016/j.bmc.2019.05.041	evidence_only
signature	TRPV4	UP	BindingDB	BindingDB monomer 50522014				affinity_type=IC50;affinity=1.9;pmid=31327678;doi=10.1016/j.bmc.2019.05.041	evidence_only
signature	TRPV4	UP	BindingDB	BindingDB monomer 50522015				affinity_type=IC50;affinity=>10000;pmid=31327678;doi=10.1016/j.bmc.2019.05.041	evidence_only
signature	TRPV4	UP	BindingDB	BindingDB monomer 50522016				affinity_type=IC50;affinity=51;pmid=31327678;doi=10.1016/j.bmc.2019.05.041	evidence_only
signature	TRPV4	UP	BindingDB	BindingDB monomer 50522017				affinity_type=IC50;affinity=84;pmid=31327678;doi=10.1016/j.bmc.2019.05.041	evidence_only
signature	TRPV4	UP	BindingDB	BindingDB monomer 50522018				affinity_type=IC50;affinity=880;pmid=31327678;doi=10.1016/j.bmc.2019.05.041	evidence_only
signature	TRPV4	UP	BindingDB	BindingDB monomer 50522019				affinity_type=IC50;affinity=830;pmid=31327678;doi=10.1016/j.bmc.2019.05.041	evidence_only
signature	TRPV4	UP	BindingDB	BindingDB monomer 50522020				affinity_type=IC50;affinity=290;pmid=31327678;doi=10.1016/j.bmc.2019.05.041	evidence_only
signature	TRPV4	UP	BindingDB	BindingDB monomer 50522021				affinity_type=IC50;affinity=3.3;pmid=31327678;doi=10.1016/j.bmc.2019.05.041	evidence_only
signature	TRPV4	UP	BindingDB	BindingDB monomer 50426575				affinity_type=IC50;affinity=2300;pmid=32063431;doi=10.1016/j.bmcl.2020.127022	evidence_only
signature	TRPV4	UP	BindingDB	BindingDB monomer 50192821				affinity_type=IC50;affinity=48;pmid=32063431;doi=10.1016/j.bmcl.2020.127022	evidence_only
signature	TRPV4	UP	BindingDB	BindingDB monomer 50232797				affinity_type=IC50;affinity=40;pmid=32063431;doi=10.1016/j.bmcl.2020.127022	evidence_only
signature	TRPV4	UP	BindingDB	BindingDB monomer 50426531				affinity_type=IC50;affinity=32;pmid=32063431;doi=10.1016/j.bmcl.2020.127022	evidence_only
signature	TRPV4	UP	BindingDB	BindingDB monomer 50450503				affinity_type=IC50;affinity=4.0;pmid=32063431;doi=10.1016/j.bmcl.2020.127022	evidence_only
signature	TRPV4	UP	BindingDB	BindingDB monomer 50545037				affinity_type=IC50;affinity=51;pmid=32063431;doi=10.1016/j.bmcl.2020.127022	evidence_only
signature	TRPV4	UP	BindingDB	BindingDB monomer 50450502				affinity_type=IC50;affinity=100;pmid=33201708;doi=10.1021/acs.jmedchem.0c01303	evidence_only
signature	TRPV4	UP	BindingDB	BindingDB monomer 50554941				affinity_type=IC50;affinity=794;pmid=33201708;doi=10.1021/acs.jmedchem.0c01303	evidence_only
signature	TRPV4	UP	BindingDB	BindingDB monomer 50554942				affinity_type=IC50;affinity=126;pmid=33201708;doi=10.1021/acs.jmedchem.0c01303	evidence_only
signature	TRPV4	UP	BindingDB	BindingDB monomer 50554943				affinity_type=IC50;affinity=10000;pmid=33201708;doi=10.1021/acs.jmedchem.0c01303	evidence_only
signature	TRPV4	UP	BindingDB	BindingDB monomer 50554944				affinity_type=IC50;affinity=2512;pmid=33201708;doi=10.1021/acs.jmedchem.0c01303	evidence_only
signature	TRPV4	UP	BindingDB	BindingDB monomer 50554945				affinity_type=IC50;affinity=50;pmid=33201708;doi=10.1021/acs.jmedchem.0c01303	evidence_only
signature	TRPV4	UP	BindingDB	BindingDB monomer 50554946				affinity_type=IC50;affinity=1000;pmid=33201708;doi=10.1021/acs.jmedchem.0c01303	evidence_only
signature	TRPV4	UP	BindingDB	BindingDB monomer 50554948				affinity_type=IC50;affinity=1259;pmid=33201708;doi=10.1021/acs.jmedchem.0c01303	evidence_only
signature	TRPV4	UP	BindingDB	BindingDB monomer 50554950				affinity_type=IC50;affinity=5012;pmid=33201708;doi=10.1021/acs.jmedchem.0c01303	evidence_only
signature	TRPV4	UP	BindingDB	BindingDB monomer 50554951				affinity_type=IC50;affinity=631;pmid=33201708;doi=10.1021/acs.jmedchem.0c01303	evidence_only
signature	TRPV4	UP	BindingDB	BindingDB monomer 50554952				affinity_type=IC50;affinity=794;pmid=33201708;doi=10.1021/acs.jmedchem.0c01303	evidence_only
signature	TRPV4	UP	BindingDB	BindingDB monomer 50554953				affinity_type=IC50;affinity=7943;pmid=33201708;doi=10.1021/acs.jmedchem.0c01303	evidence_only
signature	TRPV4	UP	BindingDB	BindingDB monomer 50554954				affinity_type=IC50;affinity=1000;pmid=33201708;doi=10.1021/acs.jmedchem.0c01303	evidence_only
signature	TRPV4	UP	BindingDB	BindingDB monomer 50554955				affinity_type=IC50;affinity=1995;pmid=33201708;doi=10.1021/acs.jmedchem.0c01303	evidence_only
signature	TRPV4	UP	BindingDB	BindingDB monomer 50554956				affinity_type=IC50;affinity=631;pmid=33201708;doi=10.1021/acs.jmedchem.0c01303	evidence_only
signature	TRPV4	UP	BindingDB	BindingDB monomer 50554957				affinity_type=IC50;affinity=40;pmid=33201708;doi=10.1021/acs.jmedchem.0c01303	evidence_only
signature	TRPV4	UP	BindingDB	BindingDB monomer 50554958				affinity_type=IC50;affinity=63;pmid=33201708;doi=10.1021/acs.jmedchem.0c01303	evidence_only
signature	TRPV4	UP	BindingDB	BindingDB monomer 50554959				affinity_type=IC50;affinity=7.9;pmid=33201708;doi=10.1021/acs.jmedchem.0c01303	evidence_only
signature	TRPV4	UP	BindingDB	BindingDB monomer 50554960				affinity_type=IC50;affinity=1.3;pmid=33201708;doi=10.1021/acs.jmedchem.0c01303	evidence_only
signature	TRPV4	UP	BindingDB	BindingDB monomer 50554961				affinity_type=IC50;affinity=316;pmid=33201708;doi=10.1021/acs.jmedchem.0c01303	evidence_only
signature	TRPV4	UP	BindingDB	BindingDB monomer 50554962				affinity_type=IC50;affinity=1585;pmid=33201708;doi=10.1021/acs.jmedchem.0c01303	evidence_only
signature	TRPV4	UP	BindingDB	BindingDB monomer 50554963				affinity_type=IC50;affinity=200;pmid=33201708;doi=10.1021/acs.jmedchem.0c01303	evidence_only
signature	TRPV4	UP	BindingDB	BindingDB monomer 50554964				affinity_type=IC50;affinity=63;pmid=33201708;doi=10.1021/acs.jmedchem.0c01303	evidence_only
signature	TRPV4	UP	BindingDB	BindingDB monomer 50554965				affinity_type=IC50;affinity=2512;pmid=33201708;doi=10.1021/acs.jmedchem.0c01303	evidence_only
signature	TRPV4	UP	BindingDB	BindingDB monomer 50554966				affinity_type=IC50;affinity=1000;pmid=33201708;doi=10.1021/acs.jmedchem.0c01303	evidence_only
signature	TRPV4	UP	BindingDB	BindingDB monomer 50554969				affinity_type=IC50;affinity=6310;pmid=33201708;doi=10.1021/acs.jmedchem.0c01303	evidence_only
signature	TRPV4	UP	BindingDB	BindingDB monomer 50554970				affinity_type=IC50;affinity=19;pmid=33201708;doi=10.1021/acs.jmedchem.0c01303	evidence_only
signature	TRPV4	UP	BindingDB	BindingDB monomer 50554971				affinity_type=IC50;affinity=28;pmid=33201708;doi=10.1021/acs.jmedchem.0c01303	evidence_only
signature	TRPV4	UP	BindingDB	BindingDB monomer 50554972				affinity_type=IC50;affinity=40;pmid=33201708;doi=10.1021/acs.jmedchem.0c01303	evidence_only
signature	TRPV4	UP	BindingDB	BindingDB monomer 50554973				affinity_type=IC50;affinity=42;pmid=33201708;doi=10.1021/acs.jmedchem.0c01303	evidence_only
signature	TRPV4	UP	BindingDB	BindingDB monomer 50554974				affinity_type=IC50;affinity=58;pmid=33201708;doi=10.1021/acs.jmedchem.0c01303	evidence_only
signature	TRPV4	UP	BindingDB	BindingDB monomer 50192821				affinity_type=IC50;affinity=18;pmid=32690264;doi=10.1016/j.bmc.2020.115609	evidence_only
signature	TRPV4	UP	BindingDB	BindingDB monomer 50426575				affinity_type=IC50;affinity=2300;pmid=32690264;doi=10.1016/j.bmc.2020.115609	evidence_only
signature	TRPV4	UP	BindingDB	BindingDB monomer 50573263				affinity_type=IC50;affinity=56;pmid=34531959;doi=10.1021/acsmedchemlett.1c00406	evidence_only
signature	TRPV4	UP	BindingDB	BindingDB monomer 50502640				affinity_type=IC50;affinity=2.0;pmid=34531959;doi=10.1021/acsmedchemlett.1c00406	evidence_only
signature	TRPV4	UP	BindingDB	BindingDB monomer 50511105				affinity_type=IC50;affinity=3200;pmid=33356248;doi=10.7270/Q2057KWP	evidence_only
signature	TRPV4	UP	BindingDB	BindingDB monomer 50532215				affinity_type=IC50;affinity=2900;pmid=33356248;doi=10.7270/Q2057KWP	evidence_only
signature	TRPV4	UP	BindingDB	BindingDB monomer 50318487				affinity_type=IC50;affinity=1300;pmid=33356248;doi=10.7270/Q2057KWP	evidence_only
signature	TRPV4	UP	BindingDB	BindingDB monomer 50061117				affinity_type=IC50;affinity=5400;pmid=33356248;doi=10.7270/Q2057KWP	evidence_only
signature	TRPV4	UP	BindingDB	BindingDB monomer 50285610				affinity_type=IC50;affinity=4000;pmid=33356248;doi=10.7270/Q2057KWP	evidence_only
signature	TRPV4	UP	BindingDB	BindingDB monomer 50318486				affinity_type=IC50;affinity=9900;pmid=33356248;doi=10.7270/Q2057KWP	evidence_only
signature	TRPV4	UP	BindingDB	BindingDB monomer 50192821				affinity_type=IC50;affinity=203;pmid=36696767;doi=10.1016/j.ejmech.2023.115137	evidence_only
signature	TRPV4	UP	BindingDB	BindingDB monomer 50623316				affinity_type=IC50;affinity=206;pmid=36696767;doi=10.1016/j.ejmech.2023.115137	evidence_only
signature	TRPV4	UP	BindingDB	BindingDB monomer 50623317				affinity_type=IC50;affinity=182;pmid=36696767;doi=10.1016/j.ejmech.2023.115137	evidence_only
signature	TRPV4	UP	BindingDB	BindingDB monomer 50623318				affinity_type=IC50;affinity=4700;pmid=36696767;doi=10.1016/j.ejmech.2023.115137	evidence_only
signature	TRPV4	UP	BindingDB	BindingDB monomer 50623319				affinity_type=IC50;affinity=79;pmid=36696767;doi=10.1016/j.ejmech.2023.115137	evidence_only
signature	TRPV4	UP	BindingDB	BindingDB monomer 50623320				affinity_type=IC50;affinity=23;pmid=36696767;doi=10.1016/j.ejmech.2023.115137	evidence_only
signature	TRPV4	UP	BindingDB	BindingDB monomer 50623321				affinity_type=IC50;affinity=38;pmid=36696767;doi=10.1016/j.ejmech.2023.115137	evidence_only
signature	TRPV4	UP	BindingDB	BindingDB monomer 50623322				affinity_type=IC50;affinity=4400;pmid=36696767;doi=10.1016/j.ejmech.2023.115137	evidence_only
signature	TRPV4	UP	BindingDB	BindingDB monomer 50623323				affinity_type=IC50;affinity=879;pmid=36696767;doi=10.1016/j.ejmech.2023.115137	evidence_only
signature	TRPV4	UP	BindingDB	BindingDB monomer 50623324				affinity_type=IC50;affinity=1400;pmid=36696767;doi=10.1016/j.ejmech.2023.115137	evidence_only
signature	TRPV4	UP	BindingDB	BindingDB monomer 50623325				affinity_type=IC50;affinity=1300;pmid=36696767;doi=10.1016/j.ejmech.2023.115137	evidence_only
signature	TRPV4	UP	BindingDB	BindingDB monomer 50192821				affinity_type=IC50;affinity=74;pmid=36696767;doi=10.1016/j.ejmech.2023.115137	evidence_only
signature	TRPV4	UP	BindingDB	BindingDB monomer 50525957				affinity_type=IC50;affinity=122;pmid=36696767;doi=10.7270/Q21G0RNC	evidence_only
signature	TRPV4	UP	BindingDB	BindingDB monomer 50232114				affinity_type=IC50;affinity=1.000000;pmid=36395649;doi=10.7270/Q2223076	evidence_only
signature	TRPV4	UP	BindingDB	BindingDB monomer 50426574				affinity_type=EC50;affinity=770;pmid=23121096;doi=10.1021/jm3011433	evidence_only
signature	TRPV4	UP	BindingDB	BindingDB monomer 50525942				affinity_type=EC50;affinity=663;pmid=30629441;doi=10.1021/acs.jmedchem.8b01615	evidence_only
signature	TRPV4	UP	BindingDB	BindingDB monomer 50525943				affinity_type=EC50;affinity=4700;pmid=30629441;doi=10.1021/acs.jmedchem.8b01615	evidence_only
signature	TRPV4	UP	BindingDB	BindingDB monomer 50525944				affinity_type=EC50;affinity=740;pmid=30629441;doi=10.1021/acs.jmedchem.8b01615	evidence_only
signature	TRPV4	UP	BindingDB	BindingDB monomer 50525945				affinity_type=EC50;affinity=125;pmid=30629441;doi=10.1021/acs.jmedchem.8b01615	evidence_only
signature	TRPV4	UP	BindingDB	BindingDB monomer 50525946				affinity_type=EC50;affinity=2060;pmid=30629441;doi=10.1021/acs.jmedchem.8b01615	evidence_only
signature	TRPV4	UP	BindingDB	BindingDB monomer 50525947				affinity_type=EC50;affinity=280;pmid=30629441;doi=10.1021/acs.jmedchem.8b01615	evidence_only
signature	TRPV4	UP	BindingDB	BindingDB monomer 50525948				affinity_type=EC50;affinity=910;pmid=30629441;doi=10.1021/acs.jmedchem.8b01615	evidence_only
signature	TRPV4	UP	BindingDB	BindingDB monomer 50525949				affinity_type=EC50;affinity=10000;pmid=30629441;doi=10.1021/acs.jmedchem.8b01615	evidence_only
signature	TRPV4	UP	BindingDB	BindingDB monomer 50525952				affinity_type=EC50;affinity=670;pmid=30629441;doi=10.1021/acs.jmedchem.8b01615	evidence_only
signature	TRPV4	UP	BindingDB	BindingDB monomer 50525953				affinity_type=EC50;affinity=60;pmid=30629441;doi=10.1021/acs.jmedchem.8b01615	evidence_only
signature	TRPV4	UP	BindingDB	BindingDB monomer 50525954				affinity_type=EC50;affinity=200;pmid=30629441;doi=10.1021/acs.jmedchem.8b01615	evidence_only
signature	TRPV4	UP	BindingDB	BindingDB monomer 50525955				affinity_type=EC50;affinity=870;pmid=30629441;doi=10.1021/acs.jmedchem.8b01615	evidence_only
signature	TRPV4	UP	BindingDB	BindingDB monomer 50525957				affinity_type=EC50;affinity=49;pmid=30629441;doi=10.1021/acs.jmedchem.8b01615	evidence_only
signature	TRPV4	UP	BindingDB	BindingDB monomer 50525958				affinity_type=EC50;affinity=1180;pmid=30629441;doi=10.1021/acs.jmedchem.8b01615	evidence_only
signature	TRPV4	UP	BindingDB	BindingDB monomer 50525959				affinity_type=EC50;affinity=1444;pmid=30629441;doi=10.1021/acs.jmedchem.8b01615	evidence_only
signature	TRPV4	UP	BindingDB	BindingDB monomer 50525960				affinity_type=EC50;affinity=920;pmid=30629441;doi=10.1021/acs.jmedchem.8b01615	evidence_only
signature	TRPV4	UP	BindingDB	BindingDB monomer 50511105				affinity_type=EC50;affinity=6400;pmid=33356248;doi=10.7270/Q2057KWP	evidence_only
signature	TRPV4	UP	BindingDB	BindingDB monomer 50532215				affinity_type=EC50;affinity=900;pmid=33356248;doi=10.7270/Q2057KWP	evidence_only
signature	TRPV4	UP	BindingDB	BindingDB monomer 50318487				affinity_type=EC50;affinity=5100;pmid=33356248;doi=10.7270/Q2057KWP	evidence_only
signature	TRPV4	UP	BindingDB	BindingDB monomer 50285610				affinity_type=EC50;affinity=7300;pmid=33356248;doi=10.7270/Q2057KWP	evidence_only
signature	TRPV4	UP	BindingDB	BindingDB monomer 50318486				affinity_type=EC50;affinity=600;pmid=33356248;doi=10.7270/Q2057KWP	evidence_only
signature	TRPV4	UP	DGIdb	GSK2798745		inhibitor	False	conceptId=iuphar.ligand:12557;directionality=INHIBITORY	nominating
signature	TRPV4	UP	DGIdb	RN1747		activator	False	conceptId=iuphar.ligand:4295;directionality=ACTIVATING	nominating
signature	TRPV4	UP	DGIdb	HC067047		blocker	False	conceptId=iuphar.ligand:4213;directionality=INHIBITORY	nominating
signature	TRPV4	UP	DGIdb	RN-9893		blocker	False	conceptId=iuphar.ligand:10304;directionality=INHIBITORY	nominating
signature	TRPV4	UP	DGIdb	VILDAGLIPTIN		activator	True	conceptId=rxcui:596554;directionality=ACTIVATING	nominating
signature	TRPV4	UP	DGIdb	LA3+		blocker	False	conceptId=iuphar.ligand:2434;directionality=INHIBITORY	nominating
signature	TRPV4	UP	DGIdb	CIMIFUGIN		inhibitor	False	conceptId=iuphar.ligand:12555;directionality=INHIBITORY	nominating
signature	TRPV4	UP	DGIdb	PROPOFOL		inhibitor	True	conceptId=rxcui:8782;directionality=INHIBITORY	nominating
signature	TRPV4	UP	DGIdb	GD3+		blocker	False	conceptId=iuphar.ligand:2426;directionality=INHIBITORY	nominating
signature	TRPV4	UP	DGIdb	PHORBOL 12-MYRISTATE 13-ACETATE		activator	False	conceptId=iuphar.ligand:2341;directionality=ACTIVATING	nominating
signature	TRPV4	UP	DGIdb	BUTAMBEN PICRATE		inhibitor	True	conceptId=chembl:CHEMBL3142541;directionality=INHIBITORY	nominating
signature	TRPV4	UP	DGIdb	ACETAMINOPHEN		inhibitor	True	conceptId=rxcui:161;directionality=INHIBITORY	nominating
signature	TRPV4	UP	DGIdb	4&ALPHA;-PDD		activator	False	conceptId=iuphar.ligand:2500;directionality=ACTIVATING	nominating
signature	TRPV4	UP	DGIdb	GSK-BZ DERIVATIVE 2B		inhibitor	False	conceptId=iuphar.ligand:12558;directionality=INHIBITORY	nominating
signature	TRPV4	UP	DGIdb	GSK2193874		blocker	False	conceptId=iuphar.ligand:6465;directionality=INHIBITORY	nominating
signature	TRPV4	UP	DGIdb	CHEMBL:CHEMBL120580			False	conceptId=chembl:CHEMBL120580;directionality=	nominating
signature	TRPV4	UP	DGIdb	CURCUMIN		activator	False	conceptId=iuphar.ligand:7000;directionality=ACTIVATING	nominating
signature	TRPV4	UP	DGIdb	GSK2798745			False	conceptId=drugbank:DB16033;directionality=	nominating
signature	TRPV4	UP	DGIdb	NSC600684		blocker	False	conceptId=iuphar.ligand:11240;directionality=INHIBITORY	nominating
signature	TRPV4	UP	DGIdb	QUINAZOLIN-4(3H) DERIVATIVE 36		activator	False	conceptId=iuphar.ligand:12554;directionality=ACTIVATING	nominating
signature	TRPV4	UP	DGIdb	BUTAMBEN		inhibitor	True	conceptId=chembl:CHEMBL127516;directionality=INHIBITORY	nominating
signature	TRPV4	UP	DGIdb	NSC151066		blocker	False	conceptId=iuphar.ligand:11238;directionality=INHIBITORY	nominating
signature	TRPV4	UP	DGIdb	NSC212069		blocker	False	conceptId=iuphar.ligand:11239;directionality=INHIBITORY	nominating
signature	TRPV4	UP	DGIdb	AM404		inhibitor	False	conceptId=iuphar.ligand:12556;directionality=INHIBITORY	nominating
signature	TRPV4	UP	DGIdb	RN1734		blocker	False	conceptId=iuphar.ligand:4294;directionality=INHIBITORY	nominating
signature	TRPV4	UP	DGIdb	PUERARIN		activator	False	conceptId=drugbank:DB12290;directionality=ACTIVATING	nominating
signature	TRPV4	UP	DGIdb	GSK1016790A		activator	False	conceptId=iuphar.ligand:4205;directionality=ACTIVATING	nominating
signature	PCSK2	DOWN	BindingDB	BindingDB monomer 50303776				affinity_type=Ki;affinity=55;pmid=20038105;doi=10.1021/jm9012455	evidence_only
signature	PCSK2	DOWN	BindingDB	BindingDB monomer 50303774				affinity_type=Ki;affinity=312;pmid=20038105;doi=10.1021/jm9012455	evidence_only
signature	PCSK2	DOWN	BindingDB	BindingDB monomer 50303775				affinity_type=Ki;affinity=1388;pmid=20038105;doi=10.1021/jm9012455	evidence_only
signature	PCSK2	DOWN	BindingDB	BindingDB monomer 50303777				affinity_type=Ki;affinity=>10000;pmid=20038105;doi=10.1021/jm9012455	evidence_only
signature	PCSK2	DOWN	BindingDB	BindingDB monomer 50303778				affinity_type=Ki;affinity=>10000;pmid=20038105;doi=10.1021/jm9012455	evidence_only
signature	PCSK2	DOWN	BindingDB	BindingDB monomer 50446944				affinity_type=Ki;affinity=0.240000;pmid=24350995;doi=10.1021/jm401457n	evidence_only
signature	PCSK2	DOWN	BindingDB	BindingDB monomer 50446945				affinity_type=Ki;affinity=1.7;pmid=24350995;doi=10.1021/jm401457n	evidence_only
signature	PCSK2	DOWN	BindingDB	BindingDB monomer 50533413				affinity_type=Ki;affinity=0.360000;pmid=27045975;doi=10.1021/acs.jmedchem.5b01516	evidence_only
signature	PCSK2	DOWN	DGIdb	PEPTIDE 18 [PMID: 24350995]		inhibitor	False	conceptId=iuphar.ligand:8658;directionality=INHIBITORY	nominating
signature	NRXN1	DOWN	DGIdb	NICOTINE POLACRILEX			True	conceptId=rxcui:31765;directionality=	nominating
signature	NRXN1	DOWN	DGIdb	DULOXETINE HYDROCHLORIDE			True	conceptId=rxcui:476250;directionality=	nominating
signature	ME1	UP	BindingDB	BindingDB monomer 50177175				affinity_type=IC50;affinity=450;pmid=16288866;doi=10.1016/j.bmcl.2005.10.065	evidence_only
signature	ME1	UP	BindingDB	BindingDB monomer 50177177				affinity_type=IC50;affinity=3150;pmid=16288866;doi=10.1016/j.bmcl.2005.10.065	evidence_only
signature	ME1	UP	BindingDB	BindingDB monomer 50177178				affinity_type=IC50;affinity=10000;pmid=16288866;doi=10.1016/j.bmcl.2005.10.065	evidence_only
signature	ME1	UP	BindingDB	BindingDB monomer 50177180				affinity_type=IC50;affinity=150;pmid=16288866;doi=10.1016/j.bmcl.2005.10.065	evidence_only
signature	ME1	UP	BindingDB	BindingDB monomer 50177179				affinity_type=IC50;affinity=10000;pmid=16288866;doi=10.1016/j.bmcl.2005.10.065	evidence_only
signature	ME1	UP	BindingDB	BindingDB monomer 50177184				affinity_type=IC50;affinity=560;pmid=16288866;doi=10.1016/j.bmcl.2005.10.065	evidence_only
signature	ME1	UP	BindingDB	BindingDB monomer 50177180				affinity_type=IC50;affinity=220;pmid=36655126;doi=10.7270/Q2377DW7	evidence_only
signature	ME1	UP	BindingDB	BindingDB monomer 50405798				affinity_type=IC50;affinity=940;pmid=36655126;doi=10.7270/Q2377DW7	evidence_only
signature	ME1	UP	BindingDB	BindingDB monomer 50405800				affinity_type=IC50;affinity=220;pmid=36655126;doi=10.7270/Q2377DW7	evidence_only
signature	ME1	UP	BindingDB	BindingDB monomer 50405801				affinity_type=IC50;affinity=340;pmid=36655126;doi=10.7270/Q2377DW7	evidence_only
signature	ME1	UP	BindingDB	BindingDB monomer 50405802				affinity_type=IC50;affinity=200;pmid=36655126;doi=10.7270/Q2377DW7	evidence_only
signature	ME1	UP	BindingDB	BindingDB monomer 50405803				affinity_type=IC50;affinity=180;pmid=36655126;doi=10.7270/Q2377DW7	evidence_only
signature	ME1	UP	BindingDB	BindingDB monomer 50405804				affinity_type=IC50;affinity=630;pmid=36655126;doi=10.7270/Q2377DW7	evidence_only
signature	ME1	UP	BindingDB	BindingDB monomer 50405805				affinity_type=IC50;affinity=270;pmid=36655126;doi=10.7270/Q2377DW7	evidence_only
signature	ME1	UP	BindingDB	BindingDB monomer 50405806				affinity_type=IC50;affinity=170;pmid=36655126;doi=10.7270/Q2377DW7	evidence_only
signature	ME1	UP	BindingDB	BindingDB monomer 50405807				affinity_type=IC50;affinity=180;pmid=36655126;doi=10.7270/Q2377DW7	evidence_only
signature	ME1	UP	BindingDB	BindingDB monomer 50405808				affinity_type=IC50;affinity=150;pmid=36655126;doi=10.7270/Q2377DW7	evidence_only
signature	ME1	UP	BindingDB	BindingDB monomer 50405809				affinity_type=IC50;affinity=210;pmid=36655126;doi=10.7270/Q2377DW7	evidence_only
signature	ME1	UP	BindingDB	BindingDB monomer 50405810				affinity_type=IC50;affinity=420;pmid=36655126;doi=10.7270/Q2377DW7	evidence_only
signature	ME1	UP	BindingDB	BindingDB monomer 50405811				affinity_type=IC50;affinity=150;pmid=36655126;doi=10.7270/Q2377DW7	evidence_only
signature	ME1	UP	BindingDB	BindingDB monomer 50405812				affinity_type=IC50;affinity=1500;pmid=36655126;doi=10.7270/Q2377DW7	evidence_only
signature	ME1	UP	BindingDB	BindingDB monomer 50405815				affinity_type=IC50;affinity=1600;pmid=36655126;doi=10.7270/Q2377DW7	evidence_only
signature	ME1	UP	BindingDB	BindingDB monomer 50405816				affinity_type=IC50;affinity=1310;pmid=36655126;doi=10.7270/Q2377DW7	evidence_only
signature	ME1	UP	BindingDB	BindingDB monomer 50405817				affinity_type=IC50;affinity=2370;pmid=36655126;doi=10.7270/Q2377DW7	evidence_only
signature	ME1	UP	BindingDB	BindingDB monomer 50405818				affinity_type=IC50;affinity=1020;pmid=36655126;doi=10.7270/Q2377DW7	evidence_only
signature	ME1	UP	BindingDB	BindingDB monomer 50405819				affinity_type=IC50;affinity=1740;pmid=36655126;doi=10.7270/Q2377DW7	evidence_only
signature	ME1	UP	BindingDB	BindingDB monomer 50405820				affinity_type=IC50;affinity=1900;pmid=36655126;doi=10.7270/Q2377DW7	evidence_only
signature	ME1	UP	BindingDB	BindingDB monomer 50405821				affinity_type=IC50;affinity=3500;pmid=36655126;doi=10.7270/Q2377DW7	evidence_only
signature	ME1	UP	BindingDB	BindingDB monomer 50405822				affinity_type=IC50;affinity=1300;pmid=36655126;doi=10.7270/Q2377DW7	evidence_only
signature	ME1	UP	BindingDB	BindingDB monomer 50405823				affinity_type=IC50;affinity=1500;pmid=36655126;doi=10.7270/Q2377DW7	evidence_only
signature	ME1	UP	BindingDB	BindingDB monomer 50405824				affinity_type=IC50;affinity=1320;pmid=36655126;doi=10.7270/Q2377DW7	evidence_only
signature	ME1	UP	BindingDB	BindingDB monomer 50405825				affinity_type=IC50;affinity=1200;pmid=36655126;doi=10.7270/Q2377DW7	evidence_only
signature	ME1	UP	BindingDB	BindingDB monomer 50405826				affinity_type=IC50;affinity=1800;pmid=36655126;doi=10.7270/Q2377DW7	evidence_only
signature	IGFBP2	DOWN	BindingDB	BindingDB monomer 50106432				affinity_type=Ki;affinity=17;pmid=11689087;doi=10.1021/jm010304b	evidence_only
signature	IGFBP2	DOWN	BindingDB	BindingDB monomer 50106431				affinity_type=Ki;affinity=2.1;pmid=11689087;doi=10.1021/jm010304b	evidence_only
signature	IGFBP2	DOWN	DGIdb	PELAREOREP		inhibitor	False	conceptId=chembl:CHEMBL3545069;directionality=INHIBITORY	nominating
panel	OAT	DOWN	BindingDB	BindingDB monomer 50199989				affinity_type=Ki;affinity=4.2;pmid=26288681;doi=10.1021/acsmedchemlett.5b00153	evidence_only
panel	OAT	DOWN	BindingDB	BindingDB monomer 50121376				affinity_type=Ki;affinity=2.1;pmid=26288681;doi=10.1021/acsmedchemlett.5b00153	evidence_only
panel	OAT	DOWN	DGIdb	GABACULINE			False	conceptId=chembl:CHEMBL1232972;directionality=	nominating
panel	CTNNA3	DOWN	DGIdb	ANTIDEPRESSANT AGENT			False	conceptId=ncit:C265;directionality=	nominating
early	TREM2	UP	BindingDB	BindingDB monomer 50665996				affinity_type=EC50;affinity=3.0;pmid=40365414;doi=10.7270/Q2H41XC4	evidence_only
early	TREM2	UP	BindingDB	BindingDB monomer 50665997				affinity_type=EC50;affinity=2.0;pmid=40365414;doi=10.7270/Q2H41XC4	evidence_only
early	TREM2	UP	BindingDB	BindingDB monomer 50665998				affinity_type=EC50;affinity=1.000000;pmid=40365414;doi=10.7270/Q2H41XC4	evidence_only
early	TREM2	UP	BindingDB	BindingDB monomer 50665999				affinity_type=EC50;affinity=5.0;pmid=40365414;doi=10.7270/Q2H41XC4	evidence_only
early	TREM2	UP	BindingDB	BindingDB monomer 50666000				affinity_type=EC50;affinity=4.0;pmid=40365414;doi=10.7270/Q2H41XC4	evidence_only
early	TREM2	UP	BindingDB	BindingDB monomer 50666001				affinity_type=EC50;affinity=2.0;pmid=40365414;doi=10.7270/Q2H41XC4	evidence_only
early	TREM2	UP	DGIdb	TREM2 AGONIST 4I		agonist	False	conceptId=iuphar.ligand:14245;directionality=ACTIVATING	nominating
early	TREM2	UP	DGIdb	TREM2 AGONIST C1		agonist	False	conceptId=iuphar.ligand:14243;directionality=ACTIVATING	nominating
early	TREM2	UP	DGIdb	VG-3927		agonist	False	conceptId=iuphar.ligand:14242;directionality=ACTIVATING	nominating
early	TREM2	UP	DGIdb	T2M-010		agonist	False	conceptId=iuphar.ligand:14244;directionality=ACTIVATING	nominating
early	TTBK1	UP	BindingDB	BindingDB monomer 50602903				affinity_type=IC50;affinity=390;pmid=;doi=10.7270/Q29S1WK3	evidence_only
early	TTBK1	UP	BindingDB	BindingDB monomer 50602904				affinity_type=IC50;affinity=240;pmid=;doi=10.7270/Q29S1WK3	evidence_only
early	TTBK1	UP	BindingDB	BindingDB monomer 50602905				affinity_type=IC50;affinity=770;pmid=;doi=10.7270/Q29S1WK3	evidence_only
early	TTBK1	UP	BindingDB	BindingDB monomer 50602906				affinity_type=IC50;affinity=440;pmid=;doi=10.7270/Q29S1WK3	evidence_only
early	TTBK1	UP	BindingDB	BindingDB monomer 50602907				affinity_type=IC50;affinity=540;pmid=;doi=10.7270/Q29S1WK3	evidence_only
early	TTBK1	UP	BindingDB	BindingDB monomer 50602908				affinity_type=IC50;affinity=5030;pmid=;doi=10.7270/Q29S1WK3	evidence_only
early	TTBK1	UP	BindingDB	BindingDB monomer 50602909				affinity_type=IC50;affinity=750;pmid=;doi=10.7270/Q29S1WK3	evidence_only
early	TTBK1	UP	BindingDB	BindingDB monomer 50602910				affinity_type=IC50;affinity=420;pmid=;doi=10.7270/Q29S1WK3	evidence_only
early	TTBK1	UP	BindingDB	BindingDB monomer 50602911				affinity_type=IC50;affinity=520;pmid=;doi=10.7270/Q29S1WK3	evidence_only
early	TTBK1	UP	BindingDB	BindingDB monomer 50602912				affinity_type=IC50;affinity=1020;pmid=;doi=10.7270/Q29S1WK3	evidence_only
early	TTBK1	UP	BindingDB	BindingDB monomer 50602913				affinity_type=IC50;affinity=2200;pmid=;doi=10.7270/Q29S1WK3	evidence_only
early	TTBK1	UP	BindingDB	BindingDB monomer 50602914				affinity_type=IC50;affinity=1550;pmid=;doi=10.7270/Q29S1WK3	evidence_only
early	TTBK1	UP	BindingDB	BindingDB monomer 50602915				affinity_type=IC50;affinity=5610;pmid=;doi=10.7270/Q29S1WK3	evidence_only
early	TTBK1	UP	BindingDB	BindingDB monomer 50602917				affinity_type=IC50;affinity=530;pmid=;doi=10.7270/Q29S1WK3	evidence_only
early	TTBK1	UP	BindingDB	BindingDB monomer 50602918				affinity_type=IC50;affinity=3560;pmid=;doi=10.7270/Q29S1WK3	evidence_only
early	TTBK1	UP	BindingDB	BindingDB monomer 720563				affinity_type=IC50;affinity=2300;pmid=;doi=10.7270/Q29S1WK3	evidence_only
early	TTBK1	UP	BindingDB	BindingDB monomer 50602916				affinity_type=IC50;affinity=840;pmid=;doi=10.7270/Q29S1WK3	evidence_only
early	TTBK1	UP	BindingDB	BindingDB monomer 50602921				affinity_type=IC50;affinity=580;pmid=;doi=10.7270/Q29S1WK3	evidence_only
early	TTBK1	UP	BindingDB	BindingDB monomer 50602923				affinity_type=IC50;affinity=1320;pmid=;doi=10.7270/Q29S1WK3	evidence_only
early	TTBK1	UP	BindingDB	BindingDB monomer 50602920				affinity_type=IC50;affinity=450;pmid=;doi=10.7270/Q29S1WK3	evidence_only
early	TTBK1	UP	BindingDB	BindingDB monomer 50602922				affinity_type=IC50;affinity=370;pmid=;doi=10.7270/Q29S1WK3	evidence_only
early	TTBK1	UP	BindingDB	BindingDB monomer 50602924				affinity_type=IC50;affinity=2720;pmid=;doi=10.7270/Q29S1WK3	evidence_only
early	TTBK1	UP	BindingDB	BindingDB monomer 50602925				affinity_type=IC50;affinity=650;pmid=;doi=10.7270/Q29S1WK3	evidence_only
early	TTBK1	UP	BindingDB	BindingDB monomer 50602926				affinity_type=IC50;affinity=750;pmid=;doi=10.7270/Q29S1WK3	evidence_only
early	TTBK1	UP	BindingDB	BindingDB monomer 50602927				affinity_type=IC50;affinity=1710;pmid=;doi=10.7270/Q29S1WK3	evidence_only
early	TTBK1	UP	BindingDB	BindingDB monomer 50602928				affinity_type=IC50;affinity=1500;pmid=;doi=10.7270/Q29S1WK3	evidence_only
early	TTBK1	UP	BindingDB	BindingDB monomer 50135286				affinity_type=IC50;affinity=>10000;pmid=26762835;doi=10.1016/j.bmc.2015.11.045	evidence_only
early	TTBK1	UP	BindingDB	BindingDB monomer 50506660				affinity_type=IC50;affinity=120;pmid=30342424;doi=10.1016/j.ejmech.2018.10.030	evidence_only
early	TTBK1	UP	BindingDB	BindingDB monomer 50519662				affinity_type=IC50;affinity=>10000;pmid=31693351;doi=10.1021/acs.jmedchem.9b01143	evidence_only
early	TTBK1	UP	BindingDB	BindingDB monomer 50602885				affinity_type=IC50;affinity=120;pmid=34978799;doi=10.7270/Q2R215GV	evidence_only
early	TTBK1	UP	BindingDB	BindingDB monomer 50602886				affinity_type=IC50;affinity=1.6;pmid=34978799;doi=10.7270/Q2R215GV	evidence_only
early	TTBK1	UP	BindingDB	BindingDB monomer 50602887				affinity_type=IC50;affinity=9150;pmid=34978799;doi=10.7270/Q2R215GV	evidence_only
early	TTBK1	UP	BindingDB	BindingDB monomer 50602888				affinity_type=IC50;affinity=6100;pmid=34978799;doi=10.7270/Q2R215GV	evidence_only
early	TTBK1	UP	BindingDB	BindingDB monomer 50602889				affinity_type=IC50;affinity=3000;pmid=34978799;doi=10.7270/Q2R215GV	evidence_only
early	TTBK1	UP	BindingDB	BindingDB monomer 50602890				affinity_type=IC50;affinity=4900;pmid=34978799;doi=10.7270/Q2R215GV	evidence_only
early	TTBK1	UP	BindingDB	BindingDB monomer 50602891				affinity_type=IC50;affinity=3200;pmid=34978799;doi=10.7270/Q2R215GV	evidence_only
early	TTBK1	UP	BindingDB	BindingDB monomer 50602896				affinity_type=IC50;affinity=1580;pmid=34978799;doi=10.7270/Q2R215GV	evidence_only
early	TTBK1	UP	BindingDB	BindingDB monomer 50602897				affinity_type=IC50;affinity=4300;pmid=34978799;doi=10.7270/Q2R215GV	evidence_only
early	TTBK1	UP	BindingDB	BindingDB monomer 50602898				affinity_type=IC50;affinity=4700;pmid=34978799;doi=10.7270/Q2R215GV	evidence_only
early	TTBK1	UP	BindingDB	BindingDB monomer 50602899				affinity_type=IC50;affinity=790;pmid=34978799;doi=10.7270/Q2R215GV	evidence_only
early	TTBK1	UP	BindingDB	BindingDB monomer 50602900				affinity_type=IC50;affinity=520;pmid=34978799;doi=10.7270/Q2R215GV	evidence_only
early	TTBK1	UP	BindingDB	BindingDB monomer 50328192				affinity_type=IC50;affinity=1000;pmid=34978799;doi=10.7270/Q2R215GV	evidence_only
early	TTBK1	UP	BindingDB	BindingDB monomer 50602901				affinity_type=IC50;affinity=1500;pmid=34978799;doi=10.7270/Q2R215GV	evidence_only
early	TTBK1	UP	BindingDB	BindingDB monomer 50602902				affinity_type=IC50;affinity=2300;pmid=34978799;doi=10.7270/Q2R215GV	evidence_only
early	TTBK1	UP	BindingDB	BindingDB monomer 50602903				affinity_type=IC50;affinity=390;pmid=34978799;doi=10.7270/Q2R215GV	evidence_only
early	TTBK1	UP	BindingDB	BindingDB monomer 50602904				affinity_type=IC50;affinity=240;pmid=34978799;doi=10.7270/Q2R215GV	evidence_only
early	TTBK1	UP	BindingDB	BindingDB monomer 50602905				affinity_type=IC50;affinity=770;pmid=34978799;doi=10.7270/Q2R215GV	evidence_only
early	TTBK1	UP	BindingDB	BindingDB monomer 50602906				affinity_type=IC50;affinity=440;pmid=34978799;doi=10.7270/Q2R215GV	evidence_only
early	TTBK1	UP	BindingDB	BindingDB monomer 50602907				affinity_type=IC50;affinity=340;pmid=34978799;doi=10.7270/Q2R215GV	evidence_only
early	TTBK1	UP	BindingDB	BindingDB monomer 50602908				affinity_type=IC50;affinity=5030;pmid=34978799;doi=10.7270/Q2R215GV	evidence_only
early	TTBK1	UP	BindingDB	BindingDB monomer 50602909				affinity_type=IC50;affinity=750;pmid=34978799;doi=10.7270/Q2R215GV	evidence_only
early	TTBK1	UP	BindingDB	BindingDB monomer 50602910				affinity_type=IC50;affinity=420;pmid=34978799;doi=10.7270/Q2R215GV	evidence_only
early	TTBK1	UP	BindingDB	BindingDB monomer 50602911				affinity_type=IC50;affinity=520;pmid=34978799;doi=10.7270/Q2R215GV	evidence_only
early	TTBK1	UP	BindingDB	BindingDB monomer 50602912				affinity_type=IC50;affinity=1020;pmid=34978799;doi=10.7270/Q2R215GV	evidence_only
early	TTBK1	UP	BindingDB	BindingDB monomer 50602913				affinity_type=IC50;affinity=2200;pmid=34978799;doi=10.7270/Q2R215GV	evidence_only
early	TTBK1	UP	BindingDB	BindingDB monomer 50602914				affinity_type=IC50;affinity=1550;pmid=34978799;doi=10.7270/Q2R215GV	evidence_only
early	TTBK1	UP	BindingDB	BindingDB monomer 50602915				affinity_type=IC50;affinity=5610;pmid=34978799;doi=10.7270/Q2R215GV	evidence_only
early	TTBK1	UP	BindingDB	BindingDB monomer 50602916				affinity_type=IC50;affinity=840;pmid=34978799;doi=10.7270/Q2R215GV	evidence_only
early	TTBK1	UP	BindingDB	BindingDB monomer 50602917				affinity_type=IC50;affinity=330;pmid=34978799;doi=10.7270/Q2R215GV	evidence_only
early	TTBK1	UP	BindingDB	BindingDB monomer 50602918				affinity_type=IC50;affinity=3560;pmid=34978799;doi=10.7270/Q2R215GV	evidence_only
early	TTBK1	UP	BindingDB	BindingDB monomer 50602919				affinity_type=IC50;affinity=2300;pmid=34978799;doi=10.7270/Q2R215GV	evidence_only
early	TTBK1	UP	BindingDB	BindingDB monomer 50602920				affinity_type=IC50;affinity=450;pmid=34978799;doi=10.7270/Q2R215GV	evidence_only
early	TTBK1	UP	BindingDB	BindingDB monomer 50602921				affinity_type=IC50;affinity=380;pmid=34978799;doi=10.7270/Q2R215GV	evidence_only
early	TTBK1	UP	BindingDB	BindingDB monomer 50602922				affinity_type=IC50;affinity=370;pmid=34978799;doi=10.7270/Q2R215GV	evidence_only
early	TTBK1	UP	BindingDB	BindingDB monomer 50602923				affinity_type=IC50;affinity=1320;pmid=34978799;doi=10.7270/Q2R215GV	evidence_only
early	TTBK1	UP	BindingDB	BindingDB monomer 50602924				affinity_type=IC50;affinity=2720;pmid=34978799;doi=10.7270/Q2R215GV	evidence_only
early	TTBK1	UP	BindingDB	BindingDB monomer 50602925				affinity_type=IC50;affinity=650;pmid=34978799;doi=10.7270/Q2R215GV	evidence_only
early	TTBK1	UP	BindingDB	BindingDB monomer 50602926				affinity_type=IC50;affinity=750;pmid=34978799;doi=10.7270/Q2R215GV	evidence_only
early	TTBK1	UP	BindingDB	BindingDB monomer 50602927				affinity_type=IC50;affinity=1710;pmid=34978799;doi=10.7270/Q2R215GV	evidence_only
early	TTBK1	UP	BindingDB	BindingDB monomer 50602928				affinity_type=IC50;affinity=1500;pmid=34978799;doi=10.7270/Q2R215GV	evidence_only
early	TTBK1	UP	BindingDB	BindingDB monomer 50602929				affinity_type=IC50;affinity=610;pmid=34978799;doi=10.7270/Q2R215GV	evidence_only
early	TTBK1	UP	BindingDB	BindingDB monomer 50602930				affinity_type=IC50;affinity=360;pmid=34978799;doi=10.7270/Q2R215GV	evidence_only
early	TTBK1	UP	BindingDB	BindingDB monomer 50602931				affinity_type=IC50;affinity=480;pmid=34978799;doi=10.7270/Q2R215GV	evidence_only
early	TTBK1	UP	BindingDB	BindingDB monomer 50602932				affinity_type=IC50;affinity=390;pmid=34978799;doi=10.7270/Q2R215GV	evidence_only
early	TTBK1	UP	BindingDB	BindingDB monomer 50602933				affinity_type=IC50;affinity=990;pmid=34978799;doi=10.7270/Q2R215GV	evidence_only
early	TTBK1	UP	BindingDB	BindingDB monomer 50506661				affinity_type=IC50;affinity=2200;pmid=34978799;doi=10.7270/Q2R215GV	evidence_only
early	TTBK1	UP	BindingDB	BindingDB monomer 50602934				affinity_type=IC50;affinity=750;pmid=34978799;doi=10.7270/Q2R215GV	evidence_only
early	TTBK1	UP	BindingDB	BindingDB monomer 50609136				affinity_type=IC50;affinity=60;pmid=33944571;doi=10.7270/Q2XG9WCX	evidence_only
early	TTBK1	UP	BindingDB	BindingDB monomer 50609137				affinity_type=IC50;affinity=9.8;pmid=33944571;doi=10.7270/Q2XG9WCX	evidence_only
early	TTBK1	UP	BindingDB	BindingDB monomer 50609138				affinity_type=IC50;affinity=2.8;pmid=33944571;doi=10.7270/Q2XG9WCX	evidence_only
early	TTBK1	UP	BindingDB	BindingDB monomer 50609139				affinity_type=IC50;affinity=39;pmid=33944571;doi=10.7270/Q2XG9WCX	evidence_only
early	TTBK1	UP	BindingDB	BindingDB monomer 50609140				affinity_type=IC50;affinity=86;pmid=33944571;doi=10.7270/Q2XG9WCX	evidence_only
early	TTBK1	UP	BindingDB	BindingDB monomer 50609141				affinity_type=IC50;affinity=57;pmid=33944571;doi=10.7270/Q2XG9WCX	evidence_only
early	TTBK1	UP	BindingDB	BindingDB monomer 50609142				affinity_type=IC50;affinity=32;pmid=33944571;doi=10.7270/Q2XG9WCX	evidence_only
early	TTBK1	UP	BindingDB	BindingDB monomer 50609143				affinity_type=IC50;affinity=2.3;pmid=33944571;doi=10.7270/Q2XG9WCX	evidence_only
early	TTBK1	UP	BindingDB	BindingDB monomer 50609144				affinity_type=IC50;affinity=7.8;pmid=33944571;doi=10.7270/Q2XG9WCX	evidence_only
early	TTBK1	UP	BindingDB	BindingDB monomer 50609145				affinity_type=IC50;affinity=18;pmid=33944571;doi=10.7270/Q2XG9WCX	evidence_only
early	TTBK1	UP	BindingDB	BindingDB monomer 50609146				affinity_type=IC50;affinity=18;pmid=33944571;doi=10.7270/Q2XG9WCX	evidence_only
early	TTBK1	UP	BindingDB	BindingDB monomer 50609147				affinity_type=IC50;affinity=1942;pmid=33944571;doi=10.7270/Q2XG9WCX	evidence_only
early	TTBK1	UP	BindingDB	BindingDB monomer 50609151				affinity_type=IC50;affinity=2.3;pmid=33944571;doi=10.7270/Q2XG9WCX	evidence_only
early	TTBK1	UP	BindingDB	BindingDB monomer 50609152				affinity_type=IC50;affinity=414;pmid=33944571;doi=10.7270/Q2XG9WCX	evidence_only
early	TTBK1	UP	BindingDB	BindingDB monomer 50609156				affinity_type=IC50;affinity=352;pmid=33944571;doi=10.7270/Q2XG9WCX	evidence_only
early	TTBK1	UP	BindingDB	BindingDB monomer 50609156				affinity_type=IC50;affinity=124;pmid=33944571;doi=10.7270/Q2XG9WCX	evidence_only
early	TTBK1	UP	BindingDB	BindingDB monomer 50609157				affinity_type=IC50;affinity=37;pmid=33944571;doi=10.7270/Q2XG9WCX	evidence_only
early	TTBK1	UP	BindingDB	BindingDB monomer 50609158				affinity_type=IC50;affinity=20;pmid=33944571;doi=10.7270/Q2XG9WCX	evidence_only
early	TTBK1	UP	BindingDB	BindingDB monomer 50609159				affinity_type=IC50;affinity=2.7;pmid=33944571;doi=10.7270/Q2XG9WCX	evidence_only
early	TTBK1	UP	BindingDB	BindingDB monomer 50609160				affinity_type=IC50;affinity=10;pmid=33944571;doi=10.7270/Q2XG9WCX	evidence_only
early	TTBK1	UP	BindingDB	BindingDB monomer 4622				affinity_type=IC50;affinity=4610;pmid=33944571;doi=10.7270/Q2XG9WCX	evidence_only
early	TTBK1	UP	BindingDB	BindingDB monomer 50602885				affinity_type=IC50;affinity=2510;pmid=33944571;doi=10.7270/Q2XG9WCX	evidence_only
early	TTBK1	UP	BindingDB	BindingDB monomer 50429615				affinity_type=IC50;affinity=199;pmid=33944571;doi=10.7270/Q2XG9WCX	evidence_only
early	TTBK1	UP	BindingDB	BindingDB monomer 50590931				affinity_type=IC50;affinity=1022;pmid=33944571;doi=10.7270/Q2XG9WCX	evidence_only
early	TTBK1	UP	BindingDB	BindingDB monomer 50609161				affinity_type=IC50;affinity=185;pmid=33944571;doi=10.7270/Q2XG9WCX	evidence_only
early	TTBK1	UP	BindingDB	BindingDB monomer 50609162				affinity_type=IC50;affinity=352;pmid=33944571;doi=10.7270/Q2XG9WCX	evidence_only
early	TTBK1	UP	BindingDB	BindingDB monomer 50609136				affinity_type=IC50;affinity=571;pmid=33944571;doi=10.7270/Q2XG9WCX	evidence_only
early	TTBK1	UP	BindingDB	BindingDB monomer 50609137				affinity_type=IC50;affinity=114;pmid=33944571;doi=10.7270/Q2XG9WCX	evidence_only
early	TTBK1	UP	BindingDB	BindingDB monomer 50609138				affinity_type=IC50;affinity=177;pmid=33944571;doi=10.7270/Q2XG9WCX	evidence_only
early	TTBK1	UP	BindingDB	BindingDB monomer 50609139				affinity_type=IC50;affinity=2500;pmid=33944571;doi=10.7270/Q2XG9WCX	evidence_only
early	TTBK1	UP	BindingDB	BindingDB monomer 50609140				affinity_type=IC50;affinity=1852;pmid=33944571;doi=10.7270/Q2XG9WCX	evidence_only
early	TTBK1	UP	BindingDB	BindingDB monomer 50609141				affinity_type=IC50;affinity=742;pmid=33944571;doi=10.7270/Q2XG9WCX	evidence_only
early	TTBK1	UP	BindingDB	BindingDB monomer 50609142				affinity_type=IC50;affinity=580;pmid=33944571;doi=10.7270/Q2XG9WCX	evidence_only
early	TTBK1	UP	BindingDB	BindingDB monomer 50609143				affinity_type=IC50;affinity=98;pmid=33944571;doi=10.7270/Q2XG9WCX	evidence_only
early	TTBK1	UP	BindingDB	BindingDB monomer 50609144				affinity_type=IC50;affinity=164;pmid=33944571;doi=10.7270/Q2XG9WCX	evidence_only
early	TTBK1	UP	BindingDB	BindingDB monomer 50609145				affinity_type=IC50;affinity=737;pmid=33944571;doi=10.7270/Q2XG9WCX	evidence_only
early	TTBK1	UP	BindingDB	BindingDB monomer 50609146				affinity_type=IC50;affinity=259;pmid=33944571;doi=10.7270/Q2XG9WCX	evidence_only
early	TTBK1	UP	BindingDB	BindingDB monomer 50609151				affinity_type=IC50;affinity=42;pmid=33944571;doi=10.7270/Q2XG9WCX	evidence_only
early	TTBK1	UP	BindingDB	BindingDB monomer 50609152				affinity_type=IC50;affinity=8482;pmid=33944571;doi=10.7270/Q2XG9WCX	evidence_only
early	TTBK1	UP	BindingDB	BindingDB monomer 50609153				affinity_type=IC50;affinity=>10000;pmid=33944571;doi=10.7270/Q2XG9WCX	evidence_only
early	TTBK1	UP	BindingDB	BindingDB monomer 50609156				affinity_type=IC50;affinity=1415;pmid=33944571;doi=10.7270/Q2XG9WCX	evidence_only
early	TTBK1	UP	BindingDB	BindingDB monomer 50609156				affinity_type=IC50;affinity=3603;pmid=33944571;doi=10.7270/Q2XG9WCX	evidence_only
early	TTBK1	UP	BindingDB	BindingDB monomer 50609157				affinity_type=IC50;affinity=1646;pmid=33944571;doi=10.7270/Q2XG9WCX	evidence_only
early	TTBK1	UP	BindingDB	BindingDB monomer 50609158				affinity_type=IC50;affinity=224;pmid=33944571;doi=10.7270/Q2XG9WCX	evidence_only
early	TTBK1	UP	BindingDB	BindingDB monomer 50609159				affinity_type=IC50;affinity=315;pmid=33944571;doi=10.7270/Q2XG9WCX	evidence_only
early	TTBK1	UP	BindingDB	BindingDB monomer 50609160				affinity_type=IC50;affinity=239;pmid=33944571;doi=10.7270/Q2XG9WCX	evidence_only
early	TTBK1	UP	BindingDB	BindingDB monomer 50429615				affinity_type=IC50;affinity=1850;pmid=33944571;doi=10.7270/Q2XG9WCX	evidence_only
early	TTBK1	UP	BindingDB	BindingDB monomer 50590931				affinity_type=IC50;affinity=>10000;pmid=33944571;doi=10.7270/Q2XG9WCX	evidence_only
early	TTBK1	UP	BindingDB	BindingDB monomer 50609161				affinity_type=IC50;affinity=3540;pmid=33944571;doi=10.7270/Q2XG9WCX	evidence_only
early	TTBK1	UP	BindingDB	BindingDB monomer 50609162				affinity_type=IC50;affinity=377;pmid=33944571;doi=10.7270/Q2XG9WCX	evidence_only
early	TTBK1	UP	BindingDB	BindingDB monomer 50602885				affinity_type=IC50;affinity=2.7;pmid=38759454;doi=10.7270/Q21G0RXZ	evidence_only
early	TTBK1	UP	BindingDB	BindingDB monomer 4622				affinity_type=Kd;affinity=240;pmid=30342424;doi=10.1016/j.ejmech.2018.10.030	evidence_only
early	TTBK1	UP	BindingDB	BindingDB monomer 50506661				affinity_type=Kd;affinity=4100;pmid=30342424;doi=10.1016/j.ejmech.2018.10.030	evidence_only
early	TTBK1	UP	BindingDB	BindingDB monomer 4622				affinity_type=Kd;affinity=240;pmid=34978799;doi=10.7270/Q2R215GV	evidence_only
early	TTBK1	UP	BindingDB	BindingDB monomer 50506661				affinity_type=Kd;affinity=4100;pmid=34978799;doi=10.7270/Q2R215GV	evidence_only
early	TTBK1	UP	DGIdb	AMG28		inhibitor	False	conceptId=iuphar.ligand:12186;directionality=INHIBITORY	nominating
early	HLA-DQB2	UP	ChEMBL	LYM-1	CHEMBL2109447	OTHER	False	mechanism_of_action=HLA class II histocompatibility antigen, DRB1-15 beta chain other;refs=PubMed:15650447;PubMed:2334902	nominating
early	HLA-DQB2	UP	ChEMBL	PLOVAMER ACETATE	CHEMBL2108712	MODULATOR	False	mechanism_of_action=HLA class II histocompatibility antigen, DRB1-15 beta chain modulator;refs=PubMed:12070311;PubMed:20940336	nominating
early	RNASE1	UP	DGIdb	CHEMBL:CHEMBL258728			False	conceptId=chembl:CHEMBL258728;directionality=	nominating
early	HBB	UP	OpenTargets	VOXELOTOR	CHEMBL4101807	POSITIVE MODULATOR	True	row.maxClinicalStage=WITHDRAWAL;drug.maximumClinicalStage=APPROVAL	nominating
early	HBB	UP	OpenTargets	BETIBEGLOGENE AUTOTEMCEL	CHEMBL4594311	EXOGENOUS GENE	True	row.maxClinicalStage=WITHDRAWAL;drug.maximumClinicalStage=APPROVAL	nominating
early	HBB	UP	OpenTargets	EFAPROXIRAL	CHEMBL18901	NEGATIVE MODULATOR	True	row.maxClinicalStage=APPROVAL;drug.maximumClinicalStage=APPROVAL	nominating
early	HBB	UP	OpenTargets	LOVOTIBEGLOGENE AUTOTEMCEL	CHEMBL4650269	EXOGENOUS GENE	True	row.maxClinicalStage=APPROVAL;drug.maximumClinicalStage=APPROVAL	nominating
early	HBB	UP	ChEMBL	BETIBEGLOGENE AUTOTEMCEL	CHEMBL4594311	EXOGENOUS GENE	True	mechanism_of_action=Hemoglobin beta chain exogenous gene;refs=EMA:https://www.ema.europa.eu/en/documents/overview/zynteglo-epar-medicine-overview_en.pdf	nominating
early	HBB	UP	ChEMBL	LOVOTIBEGLOGENE AUTOTEMCEL	CHEMBL4650269	EXOGENOUS GENE	True	mechanism_of_action=Hemoglobin beta chain exogenous gene;refs=FDA:https://www.fda.gov/media/174610/download	nominating
early	HBB	UP	BindingDB	BindingDB monomer 50365463				affinity_type=IC50;affinity=16;pmid=21964340;doi=10.7270/Q2PV6R35	evidence_only
early	HBB	UP	DGIdb	MERCAPTOPURINE			True	conceptId=rxcui:103;directionality=	nominating
early	HBB	UP	DGIdb	THIOGUANINE			True	conceptId=rxcui:10485;directionality=	nominating
early	HBB	UP	DGIdb	5-FLUOROURIDINE			False	conceptId=iuphar.ligand:4614;directionality=	nominating
early	HBB	UP	DGIdb	CAMPTOTHECIN			False	conceptId=chembl:CHEMBL65;directionality=	nominating
early	HBB	UP	DGIdb	HYDROXYCAMPTOTHECIN			False	conceptId=chembl:CHEMBL273862;directionality=	nominating
early	HBB	UP	DGIdb	VOXELOTOR		positive modulator	True	conceptId=rxcui:2265678;directionality=ACTIVATING	nominating
early	HBB	UP	DGIdb	LOVOTIBEGLOGENE AUTOTEMCEL			True	conceptId=chembl:CHEMBL4650269;directionality=	nominating
early	HBB	UP	DGIdb	TOPOTECAN HYDROCHLORIDE			True	conceptId=chembl:CHEMBL1607;directionality=	nominating
early	HBB	UP	DGIdb	PHENYLMERCURIC ACETATE			False	conceptId=chembl:CHEMBL1333953;directionality=	nominating
early	HBB	UP	DGIdb	8-AZAGUANINE			False	conceptId=chembl:CHEMBL374107;directionality=	nominating
early	HBB	UP	DGIdb	CRIZANLIZUMAB			True	conceptId=rxcui:2262279;directionality=	nominating
early	HBB	UP	DGIdb	THIOINOSINE			False	conceptId=chembl:CHEMBL448290;directionality=	nominating
early	HBB	UP	DGIdb	AZATHIOPRINE			True	conceptId=rxcui:1256;directionality=	nominating
early	HBB	UP	DGIdb	CHEMBL:CHEMBL374632			False	conceptId=chembl:CHEMBL374632;directionality=	nominating
early	HBB	UP	DGIdb	AES-103			False	conceptId=chembl:CHEMBL185885;directionality=	nominating
early	HBB	UP	DGIdb	NEBULARINE			False	conceptId=chembl:CHEMBL1399702;directionality=	nominating
early	HBB	UP	DGIdb	FLUOROURACIL			True	conceptId=rxcui:4492;directionality=	nominating
early	HBB	UP	DGIdb	MERCURIC CHLORIDE			False	conceptId=chembl:CHEMBL1374360;directionality=	nominating
early	HBB	UP	DGIdb	LUSPATERCEPT			True	conceptId=rxcui:2262544;directionality=	nominating
early	HBB	UP	DGIdb	PHENAZOPYRIDINE HYDROCHLORIDE			True	conceptId=chembl:CHEMBL1201022;directionality=	nominating
early	HBB	UP	DGIdb	CHEMBL:CHEMBL458765			False	conceptId=chembl:CHEMBL458765;directionality=	nominating
early	HBB	UP	DGIdb	EFAPROXIRAL		negative modulator	False	conceptId=ncit:C1435;directionality=INHIBITORY	nominating
early	HBB	UP	DGIdb	BETIBEGLOGENE AUTOTEMCEL			True	conceptId=chembl:CHEMBL4594311;directionality=	nominating
early	HBB	UP	DGIdb	(3Z)-N,N-DIMETHYL-2-OXO-3-(4,5,6,7-TETRAHYDRO-1H-INDOL-2-YLMETHYLIDENE)-2,3-DIHYDRO-1H-INDOLE-5-SULFONAMIDE			False	conceptId=drugbank:DB08039;directionality=	nominating
early	HBB	UP	DGIdb	CHEMBL:CHEMBL515505			False	conceptId=chembl:CHEMBL515505;directionality=	nominating
early	HBB	UP	DGIdb	QUINACRINE DIHYDROCHLORIDE			False	conceptId=chembl:CHEMBL554190;directionality=	nominating
early	HBB	UP	DGIdb	AZACITIDINE			True	conceptId=rxcui:1251;directionality=	nominating
early	HBB	UP	DGIdb	VITAMIN K3			True	conceptId=rxcui:6728;directionality=	nominating
early	HBB	UP	DGIdb	ELLAGIC ACID			False	conceptId=iuphar.ligand:13035;directionality=	nominating
early	HBB	UP	DGIdb	ELLIPTECINE			False	conceptId=chembl:CHEMBL123;directionality=	nominating
early	CYP3A7	DOWN	OpenTargets	COBICISTAT	CHEMBL2095208	INHIBITOR	True	row.maxClinicalStage=PHASE_4;drug.maximumClinicalStage=APPROVAL	nominating
early	CYP3A7	DOWN	OpenTargets	RITONAVIR	CHEMBL163	INHIBITOR	True	row.maxClinicalStage=WITHDRAWAL;drug.maximumClinicalStage=APPROVAL	nominating
early	CYP3A7	DOWN	ChEMBL	COBICISTAT	CHEMBL2095208	INHIBITOR	True	mechanism_of_action=Cytochrome P450 3A inhibitor;refs=DailyMed:setid=74ae2a93-b267-444c-8f0f-a2a6522260ee;DOI:10.1021/ml1000257	nominating
early	CYP3A7	DOWN	ChEMBL	RITONAVIR	CHEMBL163	INHIBITOR	True	mechanism_of_action=Cytochrome P450 3A inhibitor;refs=FDA:label/2000/21226lbl.pdf	nominating
early	CYP3A7	DOWN	Pharos	cobicistat	CHEMBL2095208	INHIBITOR	True	isdrug_flag=TCRD_not_FDA;activity_types=Ki	nominating
early	CYP3A7	DOWN	BindingDB	BindingDB monomer 50508661				affinity_type=IC50;affinity=>10000;pmid=30638874;doi=10.1016/j.bmcl.2018.12.013	evidence_only
early	CYP3A7	DOWN	DGIdb	ANHYDROUS TACROLIMUS			True	conceptId=rxcui:235991;directionality=	nominating
early	CYP3A7	DOWN	DGIdb	CORTISONE ACETATE			True	conceptId=rxcui:21655;directionality=	nominating
early	CYP3A7	DOWN	DGIdb	TESMILIFENE			False	conceptId=ncit:C75196;directionality=	nominating
early	CYP3A7	DOWN	DGIdb	QUININE			True	conceptId=rxcui:9071;directionality=	nominating
early	CYP3A7	DOWN	DGIdb	ATORVASTATIN			True	conceptId=rxcui:83367;directionality=	nominating
early	CYP3A7	DOWN	DGIdb	RITONAVIR		inhibitor	True	conceptId=rxcui:85762;directionality=INHIBITORY	nominating
early	CYP3A7	DOWN	DGIdb	MICONAZOLE NITRATE			True	conceptId=rxcui:42790;directionality=	nominating
early	CYP3A7	DOWN	DGIdb	THERAPEUTIC HORMONE			False	conceptId=ncit:C548;directionality=	nominating
early	CYP3A7	DOWN	DGIdb	COBICISTAT		inhibitor	True	conceptId=rxcui:1306284;directionality=INHIBITORY	nominating
early	CYP3A7	DOWN	DGIdb	THERAPEUTIC MELATONIN			False	conceptId=ncit:C632;directionality=	nominating
early	CYP3A7	DOWN	DGIdb	ETONOGESTREL			True	conceptId=rxcui:14584;directionality=	nominating
early	CYP3A7	DOWN	DGIdb	WARFARIN			True	conceptId=rxcui:11289;directionality=	nominating
early	CYP3A7	DOWN	DGIdb	CYCLOSPORINE			True	conceptId=rxcui:3008;directionality=	nominating
early	CYP3A7	DOWN	DGIdb	QUINIDINE			True	conceptId=rxcui:9068;directionality=	nominating
early	NLRX1	UP	DGIdb	AMELENODOR		activator	False	conceptId=iuphar.ligand:13384;directionality=ACTIVATING	nominating
early	PCSK6	UP	BindingDB	BindingDB monomer 50303774				affinity_type=Ki;affinity=0.600000;pmid=20038105;doi=10.1021/jm9012455	evidence_only
early	PCSK6	UP	BindingDB	BindingDB monomer 50303775				affinity_type=Ki;affinity=2.4;pmid=20038105;doi=10.1021/jm9012455	evidence_only
early	PCSK6	UP	BindingDB	BindingDB monomer 50303776				affinity_type=Ki;affinity=3;pmid=20038105;doi=10.1021/jm9012455	evidence_only
early	PCSK6	UP	BindingDB	BindingDB monomer 50303777				affinity_type=Ki;affinity=42;pmid=20038105;doi=10.1021/jm9012455	evidence_only
early	PCSK6	UP	BindingDB	BindingDB monomer 50303778				affinity_type=Ki;affinity=67;pmid=20038105;doi=10.1021/jm9012455	evidence_only
early	PCSK6	UP	BindingDB	BindingDB monomer 50264891				affinity_type=Ki;affinity=5.0;pmid=28287731;doi=10.1021/acs.jmedchem.6b01499	evidence_only
early	PCSK6	UP	BindingDB	BindingDB monomer 50264892				affinity_type=Ki;affinity=0.300000;pmid=28287731;doi=10.1021/acs.jmedchem.6b01499	evidence_only
early	PCSK6	UP	BindingDB	BindingDB monomer 50264893				affinity_type=Ki;affinity=6.0;pmid=28287731;doi=10.1021/acs.jmedchem.6b01499	evidence_only
early	PCSK6	UP	BindingDB	BindingDB monomer 50264894				affinity_type=Ki;affinity=4.0;pmid=28287731;doi=10.1021/acs.jmedchem.6b01499	evidence_only
early	PCSK6	UP	BindingDB	BindingDB monomer 50264928				affinity_type=Ki;affinity=400;pmid=28287731;doi=10.1021/acs.jmedchem.6b01499	evidence_only
early	PCSK6	UP	BindingDB	BindingDB monomer 50264929				affinity_type=Ki;affinity=46;pmid=28287731;doi=10.1021/acs.jmedchem.6b01499	evidence_only
early	PCSK6	UP	BindingDB	BindingDB monomer 50264930				affinity_type=Ki;affinity=4.0;pmid=28287731;doi=10.1021/acs.jmedchem.6b01499	evidence_only
early	PCSK6	UP	BindingDB	BindingDB monomer 50264931				affinity_type=Ki;affinity=0.400000;pmid=28287731;doi=10.1021/acs.jmedchem.6b01499	evidence_only
early	PCSK6	UP	BindingDB	BindingDB monomer 50264940				affinity_type=Ki;affinity=8.0;pmid=28287731;doi=10.1021/acs.jmedchem.6b01499	evidence_only
early	PCSK6	UP	BindingDB	BindingDB monomer 50264941				affinity_type=Ki;affinity=2.0;pmid=28287731;doi=10.1021/acs.jmedchem.6b01499	evidence_only
early	PCSK6	UP	BindingDB	BindingDB monomer 50264955				affinity_type=Ki;affinity=1.7;pmid=28287731;doi=10.1021/acs.jmedchem.6b01499	evidence_only
early	PCSK6	UP	BindingDB	BindingDB monomer 50264959				affinity_type=Ki;affinity=6.0;pmid=28287731;doi=10.1021/acs.jmedchem.6b01499	evidence_only
early	PCSK6	UP	BindingDB	BindingDB monomer 50264960				affinity_type=Ki;affinity=0.200000;pmid=28287731;doi=10.1021/acs.jmedchem.6b01499	evidence_only
early	PCSK6	UP	BindingDB	BindingDB monomer 50264969				affinity_type=Ki;affinity=2.0;pmid=28287731;doi=10.1021/acs.jmedchem.6b01499	evidence_only
early	PCSK6	UP	BindingDB	BindingDB monomer 50264970				affinity_type=Ki;affinity=2.8;pmid=28287731;doi=10.1021/acs.jmedchem.6b01499	evidence_only
early	PCSK6	UP	BindingDB	BindingDB monomer 50264971				affinity_type=Ki;affinity=3.0;pmid=28287731;doi=10.1021/acs.jmedchem.6b01499	evidence_only
early	PCSK6	UP	BindingDB	BindingDB monomer 50264972				affinity_type=Ki;affinity=3.0;pmid=28287731;doi=10.1021/acs.jmedchem.6b01499	evidence_only
early	PCSK6	UP	BindingDB	BindingDB monomer 50264973				affinity_type=Ki;affinity=6.0;pmid=28287731;doi=10.1021/acs.jmedchem.6b01499	evidence_only
early	PCSK6	UP	BindingDB	BindingDB monomer 50264994				affinity_type=Ki;affinity=4.0;pmid=28287731;doi=10.1021/acs.jmedchem.6b01499	evidence_only
early	PCSK6	UP	BindingDB	BindingDB monomer 50264995				affinity_type=Ki;affinity=5.0;pmid=28287731;doi=10.1021/acs.jmedchem.6b01499	evidence_only
early	PCSK6	UP	BindingDB	BindingDB monomer 50264996				affinity_type=Ki;affinity=6.2;pmid=28287731;doi=10.1021/acs.jmedchem.6b01499	evidence_only
early	PCSK6	UP	BindingDB	BindingDB monomer 50264997				affinity_type=Ki;affinity=9.8;pmid=28287731;doi=10.1021/acs.jmedchem.6b01499	evidence_only
early	PCSK6	UP	BindingDB	BindingDB monomer 50264998				affinity_type=Ki;affinity=4.9;pmid=28287731;doi=10.1021/acs.jmedchem.6b01499	evidence_only
early	PCSK6	UP	BindingDB	BindingDB monomer 50264999				affinity_type=Ki;affinity=2.8;pmid=28287731;doi=10.1021/acs.jmedchem.6b01499	evidence_only
early	PCSK6	UP	BindingDB	BindingDB monomer 50265000				affinity_type=Ki;affinity=2.0;pmid=28287731;doi=10.1021/acs.jmedchem.6b01499	evidence_only
early	PCSK6	UP	BindingDB	BindingDB monomer 50265008				affinity_type=Ki;affinity=30;pmid=28287731;doi=10.1021/acs.jmedchem.6b01499	evidence_only
early	PCSK6	UP	BindingDB	BindingDB monomer 50265009				affinity_type=Ki;affinity=140;pmid=28287731;doi=10.1021/acs.jmedchem.6b01499	evidence_only
early	PCSK6	UP	BindingDB	BindingDB monomer 50265010				affinity_type=Ki;affinity=60;pmid=28287731;doi=10.1021/acs.jmedchem.6b01499	evidence_only
early	PCSK6	UP	BindingDB	BindingDB monomer 50265011				affinity_type=Ki;affinity=16;pmid=28287731;doi=10.1021/acs.jmedchem.6b01499	evidence_only
early	PCSK6	UP	BindingDB	BindingDB monomer 50265036				affinity_type=Ki;affinity=21;pmid=28287731;doi=10.1021/acs.jmedchem.6b01499	evidence_only
early	PCSK6	UP	BindingDB	BindingDB monomer 50265045				affinity_type=Ki;affinity=1.8;pmid=28287731;doi=10.1021/acs.jmedchem.6b01499	evidence_only
early	PCSK6	UP	BindingDB	BindingDB monomer 50265046				affinity_type=Ki;affinity=10;pmid=28287731;doi=10.1021/acs.jmedchem.6b01499	evidence_only
early	PCSK6	UP	BindingDB	BindingDB monomer 50265047				affinity_type=Ki;affinity=2.2;pmid=28287731;doi=10.1021/acs.jmedchem.6b01499	evidence_only
early	PCSK6	UP	BindingDB	BindingDB monomer 50265048				affinity_type=Ki;affinity=2.5;pmid=28287731;doi=10.1021/acs.jmedchem.6b01499	evidence_only
early	PCSK6	UP	BindingDB	BindingDB monomer 50265083				affinity_type=Ki;affinity=0.500000;pmid=28287731;doi=10.1021/acs.jmedchem.6b01499	evidence_only
early	PCSK6	UP	BindingDB	BindingDB monomer 50265089				affinity_type=Ki;affinity=5.0;pmid=28287731;doi=10.1021/acs.jmedchem.6b01499	evidence_only
early	PCSK6	UP	BindingDB	BindingDB monomer 50265090				affinity_type=Ki;affinity=4.0;pmid=28287731;doi=10.1021/acs.jmedchem.6b01499	evidence_only
early	PCSK6	UP	BindingDB	BindingDB monomer 50265091				affinity_type=Ki;affinity=1.000000;pmid=28287731;doi=10.1021/acs.jmedchem.6b01499	evidence_only
early	PCSK6	UP	BindingDB	BindingDB monomer 50265092				affinity_type=Ki;affinity=3.0;pmid=28287731;doi=10.1021/acs.jmedchem.6b01499	evidence_only
early	PCSK6	UP	BindingDB	BindingDB monomer 50265119				affinity_type=Ki;affinity=0.400000;pmid=28287731;doi=10.1021/acs.jmedchem.6b01499	evidence_only
early	PCSK6	UP	BindingDB	BindingDB monomer 50265129				affinity_type=Ki;affinity=2.0;pmid=28287731;doi=10.1021/acs.jmedchem.6b01499	evidence_only
early	PCSK6	UP	BindingDB	BindingDB monomer 50265130				affinity_type=Ki;affinity=1.000000;pmid=28287731;doi=10.1021/acs.jmedchem.6b01499	evidence_only
early	PCSK6	UP	BindingDB	BindingDB monomer 50265131				affinity_type=Ki;affinity=2.0;pmid=28287731;doi=10.1021/acs.jmedchem.6b01499	evidence_only
early	PCSK6	UP	BindingDB	BindingDB monomer 50265132				affinity_type=Ki;affinity=8.0;pmid=28287731;doi=10.1021/acs.jmedchem.6b01499	evidence_only
early	PCSK6	UP	BindingDB	BindingDB monomer 50265140				affinity_type=Ki;affinity=4.0;pmid=28287731;doi=10.1021/acs.jmedchem.6b01499	evidence_only
early	PCSK6	UP	BindingDB	BindingDB monomer 50265141				affinity_type=Ki;affinity=1.5;pmid=28287731;doi=10.1021/acs.jmedchem.6b01499	evidence_only
early	PCSK6	UP	BindingDB	BindingDB monomer 50265142				affinity_type=Ki;affinity=12;pmid=28287731;doi=10.1021/acs.jmedchem.6b01499	evidence_only
early	PCSK6	UP	BindingDB	BindingDB monomer 50265143				affinity_type=Ki;affinity=8.0;pmid=28287731;doi=10.1021/acs.jmedchem.6b01499	evidence_only
early	PCSK6	UP	BindingDB	BindingDB monomer 50265144				affinity_type=Ki;affinity=3.0;pmid=28287731;doi=10.1021/acs.jmedchem.6b01499	evidence_only
early	PCSK6	UP	BindingDB	BindingDB monomer 50265145				affinity_type=Ki;affinity=1.3;pmid=28287731;doi=10.1021/acs.jmedchem.6b01499	evidence_only
early	PCSK6	UP	BindingDB	BindingDB monomer 50265184				affinity_type=Ki;affinity=18;pmid=28287731;doi=10.1021/acs.jmedchem.6b01499	evidence_only
early	PCSK6	UP	BindingDB	BindingDB monomer 50265185				affinity_type=Ki;affinity=4.0;pmid=28287731;doi=10.1021/acs.jmedchem.6b01499	evidence_only
early	PCSK6	UP	BindingDB	BindingDB monomer 50265186				affinity_type=Ki;affinity=4.1;pmid=28287731;doi=10.1021/acs.jmedchem.6b01499	evidence_only
early	PCSK6	UP	BindingDB	BindingDB monomer 50265385				affinity_type=Ki;affinity=44;pmid=28287731;doi=10.1021/acs.jmedchem.6b01499	evidence_only
early	PCSK6	UP	BindingDB	BindingDB monomer 50265170				affinity_type=Ki;affinity=2.1;pmid=28287731;doi=10.1021/acs.jmedchem.6b01499	evidence_only
early	PCSK6	UP	BindingDB	BindingDB monomer 50265261				affinity_type=Ki;affinity=39;pmid=28287731;doi=10.1021/acs.jmedchem.6b01499	evidence_only
early	PCSK6	UP	BindingDB	BindingDB monomer 50265331				affinity_type=Ki;affinity=2;pmid=28287731;doi=10.1021/acs.jmedchem.6b01499	evidence_only
early	PCSK6	UP	BindingDB	BindingDB monomer 50265384				affinity_type=Ki;affinity=0.600000;pmid=28287731;doi=10.1021/acs.jmedchem.6b01499	evidence_only
early	PCSK6	UP	BindingDB	BindingDB monomer 50265187				affinity_type=Ki;affinity=36;pmid=28287731;doi=10.1021/acs.jmedchem.6b01499	evidence_only
early	PCSK6	UP	BindingDB	BindingDB monomer 50265383				affinity_type=Ki;affinity=28;pmid=28287731;doi=10.1021/acs.jmedchem.6b01499	evidence_only
early	PCSK6	UP	BindingDB	BindingDB monomer 50265343				affinity_type=Ki;affinity=9;pmid=28287731;doi=10.1021/acs.jmedchem.6b01499	evidence_only
early	PCSK6	UP	BindingDB	BindingDB monomer 50265382				affinity_type=Ki;affinity=14;pmid=28287731;doi=10.1021/acs.jmedchem.6b01499	evidence_only
early	PCSK6	UP	BindingDB	BindingDB monomer 50265328				affinity_type=Ki;affinity=2;pmid=28287731;doi=10.1021/acs.jmedchem.6b01499	evidence_only
early	PCSK6	UP	BindingDB	BindingDB monomer 50265162				affinity_type=Ki;affinity=3.7;pmid=28287731;doi=10.1021/acs.jmedchem.6b01499	evidence_only
early	PCSK6	UP	BindingDB	BindingDB monomer 50265341				affinity_type=Ki;affinity=6;pmid=28287731;doi=10.1021/acs.jmedchem.6b01499	evidence_only
early	PCSK6	UP	BindingDB	BindingDB monomer 50265146				affinity_type=Ki;affinity=18;pmid=28287731;doi=10.1021/acs.jmedchem.6b01499	evidence_only
early	PCSK6	UP	BindingDB	BindingDB monomer 50265302				affinity_type=Ki;affinity=4;pmid=28287731;doi=10.1021/acs.jmedchem.6b01499	evidence_only
early	PCSK6	UP	BindingDB	BindingDB monomer 50265330				affinity_type=Ki;affinity=8;pmid=28287731;doi=10.1021/acs.jmedchem.6b01499	evidence_only
early	PCSK6	UP	BindingDB	BindingDB monomer 50265303				affinity_type=Ki;affinity=4.8;pmid=28287731;doi=10.1021/acs.jmedchem.6b01499	evidence_only
early	PCSK6	UP	BindingDB	BindingDB monomer 50265344				affinity_type=Ki;affinity=0.900000;pmid=28287731;doi=10.1021/acs.jmedchem.6b01499	evidence_only
early	PCSK6	UP	BindingDB	BindingDB monomer 50265163				affinity_type=Ki;affinity=5;pmid=28287731;doi=10.1021/acs.jmedchem.6b01499	evidence_only
early	PCSK6	UP	BindingDB	BindingDB monomer 50265329				affinity_type=Ki;affinity=51;pmid=28287731;doi=10.1021/acs.jmedchem.6b01499	evidence_only
early	PCSK6	UP	BindingDB	BindingDB monomer 50265332				affinity_type=Ki;affinity=3;pmid=28287731;doi=10.1021/acs.jmedchem.6b01499	evidence_only
early	PCSK6	UP	BindingDB	BindingDB monomer 50265386				affinity_type=Ki;affinity=80;pmid=28287731;doi=10.1021/acs.jmedchem.6b01499	evidence_only
early	PCSK6	UP	BindingDB	BindingDB monomer 50265342				affinity_type=Ki;affinity=9;pmid=28287731;doi=10.1021/acs.jmedchem.6b01499	evidence_only
early	PCSK6	UP	BindingDB	BindingDB monomer 50399746				affinity_type=Ki;affinity=22;pmid=23126600;doi=10.1021/jm3011178	evidence_only
early	PCSK6	UP	BindingDB	BindingDB monomer 50399747				affinity_type=Ki;affinity=19;pmid=23126600;doi=10.1021/jm3011178	evidence_only
early	PCSK6	UP	BindingDB	BindingDB monomer 50399748				affinity_type=Ki;affinity=18;pmid=23126600;doi=10.1021/jm3011178	evidence_only
early	PCSK6	UP	BindingDB	BindingDB monomer 50399750				affinity_type=Ki;affinity=7;pmid=23126600;doi=10.1021/jm3011178	evidence_only
early	PCSK6	UP	BindingDB	BindingDB monomer 50399751				affinity_type=Ki;affinity=2;pmid=23126600;doi=10.1021/jm3011178	evidence_only
early	PCSK6	UP	BindingDB	BindingDB monomer 50399752				affinity_type=Ki;affinity=1.3;pmid=23126600;doi=10.1021/jm3011178	evidence_only
early	PCSK6	UP	BindingDB	BindingDB monomer 50399754				affinity_type=Ki;affinity=1.1;pmid=23126600;doi=10.1021/jm3011178	evidence_only
early	PCSK6	UP	BindingDB	BindingDB monomer 50399753				affinity_type=Ki;affinity=0.4;pmid=23126600;doi=10.1021/jm3011178	evidence_only
early	PCSK6	UP	BindingDB	BindingDB monomer 50399749				affinity_type=Ki;affinity=0.34;pmid=23126600;doi=10.1021/jm3011178	evidence_only
early	PCSK6	UP	BindingDB	BindingDB monomer 50399755				affinity_type=Ki;affinity=1380;pmid=23126600;doi=10.1021/jm3011178	evidence_only
early	PCSK6	UP	BindingDB	BindingDB monomer 50399757				affinity_type=Ki;affinity=1600;pmid=23126600;doi=10.1021/jm3011178	evidence_only
early	PCSK6	UP	BindingDB	BindingDB monomer 50399758				affinity_type=Ki;affinity=1600;pmid=23126600;doi=10.1021/jm3011178	evidence_only
early	PCSK6	UP	BindingDB	BindingDB monomer 50399760				affinity_type=Ki;affinity=>1000;pmid=23126600;doi=10.1021/jm3011178	evidence_only
early	PCSK6	UP	BindingDB	BindingDB monomer 50399756				affinity_type=Ki;affinity=300;pmid=23126600;doi=10.1021/jm3011178	evidence_only
early	PCSK6	UP	BindingDB	BindingDB monomer 50387003				affinity_type=Ki;affinity=240;pmid=23126600;doi=10.1021/jm3011178	evidence_only
early	PCSK6	UP	BindingDB	BindingDB monomer 50399759				affinity_type=Ki;affinity=70;pmid=23126600;doi=10.1021/jm3011178	evidence_only
early	PCSK6	UP	BindingDB	BindingDB monomer 50399761				affinity_type=Ki;affinity=23;pmid=23126600;doi=10.1021/jm3011178	evidence_only
early	PCSK6	UP	BindingDB	BindingDB monomer 50446934				affinity_type=Ki;affinity=6260;pmid=24350995;doi=10.1021/jm401457n	evidence_only
early	PCSK6	UP	BindingDB	BindingDB monomer 50446935				affinity_type=Ki;affinity=700;pmid=24350995;doi=10.1021/jm401457n	evidence_only
early	PCSK6	UP	BindingDB	BindingDB monomer 50446936				affinity_type=Ki;affinity=24;pmid=24350995;doi=10.1021/jm401457n	evidence_only
early	PCSK6	UP	BindingDB	BindingDB monomer 50446937				affinity_type=Ki;affinity=14;pmid=24350995;doi=10.1021/jm401457n	evidence_only
early	PCSK6	UP	BindingDB	BindingDB monomer 50446938				affinity_type=Ki;affinity=350;pmid=24350995;doi=10.1021/jm401457n	evidence_only
early	PCSK6	UP	BindingDB	BindingDB monomer 50446939				affinity_type=Ki;affinity=170;pmid=24350995;doi=10.1021/jm401457n	evidence_only
early	PCSK6	UP	BindingDB	BindingDB monomer 50446940				affinity_type=Ki;affinity=60;pmid=24350995;doi=10.1021/jm401457n	evidence_only
early	PCSK6	UP	BindingDB	BindingDB monomer 50446941				affinity_type=Ki;affinity=57;pmid=24350995;doi=10.1021/jm401457n	evidence_only
early	PCSK6	UP	BindingDB	BindingDB monomer 50446942				affinity_type=Ki;affinity=500;pmid=24350995;doi=10.1021/jm401457n	evidence_only
early	PCSK6	UP	BindingDB	BindingDB monomer 50446943				affinity_type=Ki;affinity=27;pmid=24350995;doi=10.1021/jm401457n	evidence_only
early	PCSK6	UP	BindingDB	BindingDB monomer 50446946				affinity_type=Ki;affinity=400;pmid=24350995;doi=10.1021/jm401457n	evidence_only
early	PCSK6	UP	BindingDB	BindingDB monomer 50446947				affinity_type=Ki;affinity=960;pmid=24350995;doi=10.1021/jm401457n	evidence_only
early	PCSK6	UP	BindingDB	BindingDB monomer 50446944				affinity_type=Ki;affinity=3.1;pmid=24350995;doi=10.1021/jm401457n	evidence_only
early	PCSK6	UP	BindingDB	BindingDB monomer 50446945				affinity_type=Ki;affinity=5.3;pmid=24350995;doi=10.1021/jm401457n	evidence_only
early	PCSK6	UP	BindingDB	BindingDB monomer 50446948				affinity_type=Ki;affinity=25;pmid=24350995;doi=10.1021/jm401457n	evidence_only
early	PCSK6	UP	BindingDB	BindingDB monomer 50446949				affinity_type=Ki;affinity=385;pmid=24350995;doi=10.1021/jm401457n	evidence_only
early	PCSK6	UP	BindingDB	BindingDB monomer 50446950				affinity_type=Ki;affinity=39;pmid=24350995;doi=10.1021/jm401457n	evidence_only
early	PCSK6	UP	BindingDB	BindingDB monomer 50446951				affinity_type=Ki;affinity=21;pmid=24350995;doi=10.1021/jm401457n	evidence_only
early	PCSK6	UP	BindingDB	BindingDB monomer 50399746				affinity_type=Ki;affinity=20;pmid=24350995;doi=10.1021/jm401457n	evidence_only
early	PCSK6	UP	BindingDB	BindingDB monomer 50463994				affinity_type=Ki;affinity=170;pmid=30180568;doi=10.1021/acs.jmedchem.8b01144	evidence_only
early	PCSK6	UP	BindingDB	BindingDB monomer 50463995				affinity_type=Ki;affinity=38;pmid=30180568;doi=10.1021/acs.jmedchem.8b01144	evidence_only
early	PCSK6	UP	BindingDB	BindingDB monomer 50463996				affinity_type=Ki;affinity=58;pmid=30180568;doi=10.1021/acs.jmedchem.8b01144	evidence_only
early	PCSK6	UP	BindingDB	BindingDB monomer 50463997				affinity_type=Ki;affinity=150;pmid=30180568;doi=10.1021/acs.jmedchem.8b01144	evidence_only
early	PCSK6	UP	BindingDB	BindingDB monomer 50463998				affinity_type=Ki;affinity=43;pmid=30180568;doi=10.1021/acs.jmedchem.8b01144	evidence_only
early	PCSK6	UP	BindingDB	BindingDB monomer 50463999				affinity_type=Ki;affinity=29;pmid=30180568;doi=10.1021/acs.jmedchem.8b01144	evidence_only
early	PCSK6	UP	BindingDB	BindingDB monomer 50464000				affinity_type=Ki;affinity=11;pmid=30180568;doi=10.1021/acs.jmedchem.8b01144	evidence_only
early	PCSK6	UP	BindingDB	BindingDB monomer 50464005				affinity_type=Ki;affinity=70;pmid=30180568;doi=10.1021/acs.jmedchem.8b01144	evidence_only
early	PCSK6	UP	BindingDB	BindingDB monomer 50399746				affinity_type=Ki;affinity=22;pmid=30180568;doi=10.1021/acs.jmedchem.8b01144	evidence_only
early	PCSK6	UP	BindingDB	BindingDB monomer 50464001				affinity_type=Ki;affinity=37;pmid=30180568;doi=10.1021/acs.jmedchem.8b01144	evidence_only
early	PCSK6	UP	BindingDB	BindingDB monomer 50464007				affinity_type=Ki;affinity=30;pmid=30180568;doi=10.1021/acs.jmedchem.8b01144	evidence_only
early	PCSK6	UP	BindingDB	BindingDB monomer 50464002				affinity_type=Ki;affinity=20;pmid=30180568;doi=10.1021/acs.jmedchem.8b01144	evidence_only
early	PCSK6	UP	BindingDB	BindingDB monomer 50464008				affinity_type=Ki;affinity=33;pmid=30180568;doi=10.1021/acs.jmedchem.8b01144	evidence_only
early	PCSK6	UP	BindingDB	BindingDB monomer 50464009				affinity_type=Ki;affinity=64;pmid=30180568;doi=10.1021/acs.jmedchem.8b01144	evidence_only
early	PCSK6	UP	BindingDB	BindingDB monomer 50464003				affinity_type=Ki;affinity=32;pmid=30180568;doi=10.1021/acs.jmedchem.8b01144	evidence_only
early	PCSK6	UP	BindingDB	BindingDB monomer 50463992				affinity_type=Ki;affinity=28;pmid=30180568;doi=10.1021/acs.jmedchem.8b01144	evidence_only
early	PCSK6	UP	BindingDB	BindingDB monomer 50464010				affinity_type=Ki;affinity=160;pmid=30180568;doi=10.1021/acs.jmedchem.8b01144	evidence_only
early	PCSK6	UP	BindingDB	BindingDB monomer 50464011				affinity_type=Ki;affinity=64;pmid=30180568;doi=10.1021/acs.jmedchem.8b01144	evidence_only
early	PCSK6	UP	BindingDB	BindingDB monomer 50464004				affinity_type=Ki;affinity=22;pmid=30180568;doi=10.1021/acs.jmedchem.8b01144	evidence_only
early	PCSK6	UP	BindingDB	BindingDB monomer 50464012				affinity_type=Ki;affinity=29;pmid=30180568;doi=10.1021/acs.jmedchem.8b01144	evidence_only
early	PCSK6	UP	BindingDB	BindingDB monomer 50463993				affinity_type=Ki;affinity=32;pmid=30180568;doi=10.1021/acs.jmedchem.8b01144	evidence_only
early	PCSK6	UP	BindingDB	BindingDB monomer 50464013				affinity_type=Ki;affinity=68;pmid=30180568;doi=10.1021/acs.jmedchem.8b01144	evidence_only
early	PCSK6	UP	BindingDB	BindingDB monomer 50464014				affinity_type=Ki;affinity=41;pmid=30180568;doi=10.1021/acs.jmedchem.8b01144	evidence_only
early	PCSK6	UP	BindingDB	BindingDB monomer 50464015				affinity_type=Ki;affinity=248;pmid=30180568;doi=10.1021/acs.jmedchem.8b01144	evidence_only
early	PCSK6	UP	BindingDB	BindingDB monomer 50464016				affinity_type=Ki;affinity=44;pmid=30180568;doi=10.1021/acs.jmedchem.8b01144	evidence_only
early	PCSK6	UP	BindingDB	BindingDB monomer 50264998				affinity_type=Ki;affinity=4.9;pmid=30180568;doi=10.1021/acs.jmedchem.8b01144	evidence_only
early	PCSK6	UP	BindingDB	BindingDB monomer 50464006				affinity_type=Ki;affinity=250;pmid=30180568;doi=10.1021/acs.jmedchem.8b01144	evidence_only
early	PCSK6	UP	BindingDB	BindingDB monomer 50466070				affinity_type=Ki;affinity=500;pmid=30501188;doi=10.1021/acs.jmedchem.8b01381	evidence_only
early	PCSK6	UP	BindingDB	BindingDB monomer 50264998				affinity_type=Ki;affinity=4.9;pmid=30501188;doi=10.1021/acs.jmedchem.8b01381	evidence_only
early	PCSK6	UP	BindingDB	BindingDB monomer 50466071				affinity_type=Ki;affinity=13;pmid=30501188;doi=10.1021/acs.jmedchem.8b01381	evidence_only
early	PCSK6	UP	BindingDB	BindingDB monomer 50466072				affinity_type=Ki;affinity=700;pmid=30501188;doi=10.1021/acs.jmedchem.8b01381	evidence_only
early	PCSK6	UP	BindingDB	BindingDB monomer 50466073				affinity_type=Ki;affinity=240;pmid=30501188;doi=10.1021/acs.jmedchem.8b01381	evidence_only
early	PCSK6	UP	BindingDB	BindingDB monomer 50466074				affinity_type=Ki;affinity=17;pmid=30501188;doi=10.1021/acs.jmedchem.8b01381	evidence_only
early	PCSK6	UP	BindingDB	BindingDB monomer 50466075				affinity_type=Ki;affinity=190;pmid=30501188;doi=10.1021/acs.jmedchem.8b01381	evidence_only
early	PCSK6	UP	BindingDB	BindingDB monomer 50466076				affinity_type=Ki;affinity=32;pmid=30501188;doi=10.1021/acs.jmedchem.8b01381	evidence_only
early	PCSK6	UP	BindingDB	BindingDB monomer 50466077				affinity_type=Ki;affinity=53;pmid=30501188;doi=10.1021/acs.jmedchem.8b01381	evidence_only
early	PCSK6	UP	BindingDB	BindingDB monomer 50466078				affinity_type=Ki;affinity=14;pmid=30501188;doi=10.1021/acs.jmedchem.8b01381	evidence_only
early	PCSK6	UP	BindingDB	BindingDB monomer 50446936				affinity_type=Ki;affinity=24;pmid=30501188;doi=10.1021/acs.jmedchem.8b01381	evidence_only
early	PCSK6	UP	BindingDB	BindingDB monomer 50466079				affinity_type=Ki;affinity=2.6;pmid=30501188;doi=10.1021/acs.jmedchem.8b01381	evidence_only
early	PCSK6	UP	BindingDB	BindingDB monomer 50533413				affinity_type=Ki;affinity=3.6;pmid=27045975;doi=10.1021/acs.jmedchem.5b01516	evidence_only
early	PCSK6	UP	BindingDB	BindingDB monomer 50399746				affinity_type=IC50;affinity=30;pmid=34340303;doi=10.7270/Q26H4NG9	evidence_only
early	PCSK6	UP	DGIdb	PEPTIDE 18 [PMID: 24350995]		inhibitor	False	conceptId=iuphar.ligand:8658;directionality=INHIBITORY	nominating
early	PCSK6	UP	DGIdb	PHENYLACETYL-ARG-VAL-ARG-4-AMIDINOBENZYLAMIDE		inhibitor	False	conceptId=iuphar.ligand:6564;directionality=INHIBITORY	nominating
early	PCSK6	UP	DGIdb	MULTI-LEU (ML)-PEPTIDE		inhibitor	False	conceptId=iuphar.ligand:8648;directionality=INHIBITORY	nominating
early	PCSK6	UP	DGIdb	FURIN INHIBITOR PEPTIDE		inhibitor	False	conceptId=iuphar.ligand:8668;directionality=INHIBITORY	nominating
