drug_chembl_id	target_chembl_id	mechanism_of_action	action_type	ref_type	ref_id	ref_url
CHEMBL3301610	CHEMBL331	Cyclin-dependent kinase 4 inhibitor	INHIBITOR	PubMed	24919854	http://europepmc.org/abstract/MED/24919854
CHEMBL3301610	CHEMBL2508	Cyclin-dependent kinase 6 inhibitor	INHIBITOR	PubMed	24919854	http://europepmc.org/abstract/MED/24919854
CHEMBL254328	CHEMBL3522	Cytochrome P450 17A1 inhibitor	INHIBITOR	PubMed	16287438	http://europepmc.org/abstract/MED/16287438
CHEMBL254328	CHEMBL3522	Cytochrome P450 17A1 inhibitor	INHIBITOR	PubMed	24276076	http://europepmc.org/abstract/MED/24276076
CHEMBL254328	CHEMBL3522	Cytochrome P450 17A1 inhibitor	INHIBITOR	PubMed	26030522	http://europepmc.org/abstract/MED/26030522
CHEMBL254328	CHEMBL3522	Cytochrome P450 17A1 inhibitor	INHIBITOR	PubMed	27083183	http://europepmc.org/abstract/MED/27083183
CHEMBL254328	CHEMBL3522	Cytochrome P450 17A1 inhibitor	INHIBITOR	PubMed	27225130	http://europepmc.org/abstract/MED/27225130
CHEMBL254328	CHEMBL1871	Androgen Receptor antagonist	ANTAGONIST	PubMed	16287438	http://europepmc.org/abstract/MED/16287438
CHEMBL254328	CHEMBL1871	Androgen Receptor antagonist	ANTAGONIST	PubMed	24276076	http://europepmc.org/abstract/MED/24276076
CHEMBL254328	CHEMBL1871	Androgen Receptor antagonist	ANTAGONIST	PubMed	26030522	http://europepmc.org/abstract/MED/26030522
CHEMBL254328	CHEMBL1871	Androgen Receptor antagonist	ANTAGONIST	PubMed	27083183	http://europepmc.org/abstract/MED/27083183
CHEMBL254328	CHEMBL1871	Androgen Receptor antagonist	ANTAGONIST	PubMed	27225130	http://europepmc.org/abstract/MED/27225130
CHEMBL254328	CHEMBL2363075	Steroid 5-alpha-reductase inhibitor	INHIBITOR	PubMed	16287438	http://europepmc.org/abstract/MED/16287438
CHEMBL254328	CHEMBL2363075	Steroid 5-alpha-reductase inhibitor	INHIBITOR	PubMed	24276076	http://europepmc.org/abstract/MED/24276076
CHEMBL254328	CHEMBL2363075	Steroid 5-alpha-reductase inhibitor	INHIBITOR	PubMed	26030522	http://europepmc.org/abstract/MED/26030522
CHEMBL254328	CHEMBL2363075	Steroid 5-alpha-reductase inhibitor	INHIBITOR	PubMed	27083183	http://europepmc.org/abstract/MED/27083183
CHEMBL254328	CHEMBL2363075	Steroid 5-alpha-reductase inhibitor	INHIBITOR	PubMed	27225130	http://europepmc.org/abstract/MED/27225130
CHEMBL3655081	CHEMBL2835	Tyrosine-protein kinase JAK1 inhibitor	INHIBITOR	PubMed	9572949	http://europepmc.org/abstract/MED/9572949
CHEMBL404271	CHEMBL2045	Pancreatic alpha-amylase inhibitor	INHIBITOR	DailyMed	setid=29a6f213-bc93-4dbd-bab0-744722b6f0b8	http://dailymed.nlm.nih.gov/dailymed/lookup.cfm?setid=29a6f213-bc93-4dbd-bab0-744722b6f0b8
CHEMBL404271	CHEMBL2074	Maltase-glucoamylase inhibitor	INHIBITOR	DailyMed	setid=29a6f213-bc93-4dbd-bab0-744722b6f0b8	http://dailymed.nlm.nih.gov/dailymed/lookup.cfm?setid=29a6f213-bc93-4dbd-bab0-744722b6f0b8
CHEMBL397420	CHEMBL1930	Vitamin k epoxide reductase complex subunit 1 isoform 1 inhibitor	INHIBITOR	PubMed	16372822	http://europepmc.org/abstract/MED/16372822
CHEMBL397420	CHEMBL1930	Vitamin k epoxide reductase complex subunit 1 isoform 1 inhibitor	INHIBITOR	PubMed	23919835	http://europepmc.org/abstract/MED/23919835
CHEMBL397420	CHEMBL1930	Vitamin k epoxide reductase complex subunit 1 isoform 1 inhibitor	INHIBITOR	PubMed	26579579	http://europepmc.org/abstract/MED/26579579
CHEMBL397420	CHEMBL1930	Vitamin k epoxide reductase complex subunit 1 isoform 1 inhibitor	INHIBITOR	PubMed	9869157	http://europepmc.org/abstract/MED/9869157
CHEMBL112	CHEMBL2094253	Cyclooxygenase inhibitor	INHIBITOR	PubMed	12660052	http://europepmc.org/abstract/MED/12660052
CHEMBL112	CHEMBL2094253	Cyclooxygenase inhibitor	INHIBITOR	PubMed	15662292	http://europepmc.org/abstract/MED/15662292
CHEMBL112	CHEMBL2094253	Cyclooxygenase inhibitor	INHIBITOR	PubMed	15987694	http://europepmc.org/abstract/MED/15987694
CHEMBL112	CHEMBL2094253	Cyclooxygenase inhibitor	INHIBITOR	PubMed	17884974	http://europepmc.org/abstract/MED/17884974
CHEMBL112	CHEMBL2094253	Cyclooxygenase inhibitor	INHIBITOR	PubMed	20862299	http://europepmc.org/abstract/MED/20862299
CHEMBL112	CHEMBL2243	Anandamide amidohydrolase inhibitor	INHIBITOR	PubMed	15987694	http://europepmc.org/abstract/MED/15987694
CHEMBL112	CHEMBL4794	Vanilloid receptor opener	OPENER	PubMed	15987694	http://europepmc.org/abstract/MED/15987694
CHEMBL112	CHEMBL4794	Vanilloid receptor opener	OPENER	PubMed	20862299	http://europepmc.org/abstract/MED/20862299
CHEMBL600		Glutathione precursor		DailyMed	archives/fdaDrugInfo.cfm?archiveid=323452	https://dailymed.nlm.nih.gov/dailymed/archives/fdaDrugInfo.cfm?archiveid=323452
CHEMBL600		Glutathione precursor		DailyMed	archives/fdaDrugInfo.cfm?archiveid=438110	https://dailymed.nlm.nih.gov/dailymed/archives/fdaDrugInfo.cfm?archiveid=438110
CHEMBL600		Mycolytic		DailyMed	archives/fdaDrugInfo.cfm?archiveid=323452	https://dailymed.nlm.nih.gov/dailymed/archives/fdaDrugInfo.cfm?archiveid=323452
CHEMBL600		Mycolytic		PubMed	18046889	http://europepmc.org/abstract/MED/18046889
CHEMBL600		Mycolytic		PubMed	2546864	http://europepmc.org/abstract/MED/2546864
CHEMBL600		Mycolytic		PubMed	26855777	http://europepmc.org/abstract/MED/26855777
CHEMBL1201580	CHEMBL1825	TNF-alpha inhibitor	INHIBITOR	DailyMed	setid=608d4f0d-b19f-46d3-749a-7159aa5f933d	http://dailymed.nlm.nih.gov/dailymed/lookup.cfm?setid=608d4f0d-b19f-46d3-749a-7159aa5f933d
CHEMBL1743082	CHEMBL1824	Receptor protein-tyrosine kinase erbB-2 binding agent	BINDING AGENT	DailyMed	setid=23f3c1f4-0fc8-4804-a9e3-04cf25dd302e	http://dailymed.nlm.nih.gov/dailymed/lookup.cfm?setid=23f3c1f4-0fc8-4804-a9e3-04cf25dd302e
CHEMBL1743082	CHEMBL1824	Receptor protein-tyrosine kinase erbB-2 binding agent	BINDING AGENT	DailyMed	setid=23f3c1f4-0fc8-4804-a9e3-04cf25dd302e#nlm34090-1	http://dailymed.nlm.nih.gov/dailymed/lookup.cfm?setid=23f3c1f4-0fc8-4804-a9e3-04cf25dd302e#nlm34090-1
CHEMBL1743082	CHEMBL1824	Receptor protein-tyrosine kinase erbB-2 binding agent	BINDING AGENT	PubMed	22044006	http://europepmc.org/abstract/MED/22044006
CHEMBL1743082	CHEMBL1824	Receptor protein-tyrosine kinase erbB-2 binding agent	BINDING AGENT	PubMed	23798344	http://europepmc.org/abstract/MED/23798344
CHEMBL1743082	CHEMBL2095182	Tubulin inhibitor	INHIBITOR	DailyMed	setid=23f3c1f4-0fc8-4804-a9e3-04cf25dd302e	http://dailymed.nlm.nih.gov/dailymed/lookup.cfm?setid=23f3c1f4-0fc8-4804-a9e3-04cf25dd302e
CHEMBL1743082	CHEMBL2095182	Tubulin inhibitor	INHIBITOR	DailyMed	setid=23f3c1f4-0fc8-4804-a9e3-04cf25dd302e#nlm34090-1	http://dailymed.nlm.nih.gov/dailymed/lookup.cfm?setid=23f3c1f4-0fc8-4804-a9e3-04cf25dd302e#nlm34090-1
CHEMBL1743082	CHEMBL2095182	Tubulin inhibitor	INHIBITOR	PubMed	1241159	http://europepmc.org/abstract/MED/1241159
CHEMBL1743082	CHEMBL2095182	Tubulin inhibitor	INHIBITOR	PubMed	22044006	http://europepmc.org/abstract/MED/22044006
CHEMBL1743082	CHEMBL2095182	Tubulin inhibitor	INHIBITOR	PubMed	23798344	http://europepmc.org/abstract/MED/23798344
CHEMBL1743082	CHEMBL1824	Receptor protein-tyrosine kinase erbB-2 binding agent	BINDING AGENT	PubMed	27052654	http://europepmc.org/abstract/MED/27052654
CHEMBL2105712	CHEMBL203	Epidermal growth factor receptor erbB1 inhibitor	INHIBITOR	DailyMed	fd638e5e-8032-e7ca-0179-95e96ab5d387	http://dailymed.nlm.nih.gov/dailymed/lookup.cfm?setid=fd638e5e-8032-e7ca-0179-95e96ab5d387
CHEMBL2105712	CHEMBL1824	Receptor protein-tyrosine kinase erbB-2 inhibitor	INHIBITOR	DailyMed	fd638e5e-8032-e7ca-0179-95e96ab5d387	http://dailymed.nlm.nih.gov/dailymed/lookup.cfm?setid=fd638e5e-8032-e7ca-0179-95e96ab5d387
CHEMBL2105712	CHEMBL3009	Receptor protein-tyrosine kinase erbB-4 inhibitor	INHIBITOR	DailyMed	fd638e5e-8032-e7ca-0179-95e96ab5d387	http://dailymed.nlm.nih.gov/dailymed/lookup.cfm?setid=fd638e5e-8032-e7ca-0179-95e96ab5d387
CHEMBL1483	CHEMBL2364704	Tubulin inhibitor	INHIBITOR	DailyMed	setid=e8941166-b77d-45aa-a6e8-04f1c0afd845	http://dailymed.nlm.nih.gov/dailymed/lookup.cfm?setid=e8941166-b77d-45aa-a6e8-04f1c0afd845
CHEMBL1483	CHEMBL2364704	Tubulin inhibitor	INHIBITOR	PubMed	13678839	http://europepmc.org/abstract/MED/13678839
CHEMBL1483	CHEMBL2364705	Tubulin inhibitor	INHIBITOR	DailyMed	setid=e8941166-b77d-45aa-a6e8-04f1c0afd845	http://dailymed.nlm.nih.gov/dailymed/lookup.cfm?setid=e8941166-b77d-45aa-a6e8-04f1c0afd845
CHEMBL1483	CHEMBL2364705	Tubulin inhibitor	INHIBITOR	PubMed	13678839	http://europepmc.org/abstract/MED/13678839
CHEMBL1201587	CHEMBL1912	CAMPATH-1 antigen inhibitor	INHIBITOR	DailyMed	setid=4f5f7255-7abc-4328-bd1a-ceaf139ef3e0	http://dailymed.nlm.nih.gov/dailymed/lookup.cfm?setid=4f5f7255-7abc-4328-bd1a-ceaf139ef3e0
CHEMBL675	CHEMBL1782	Farnesyl diphosphate synthase inhibitor	INHIBITOR	PubMed	11160603	http://europepmc.org/abstract/MED/11160603
CHEMBL675	CHEMBL1782	Farnesyl diphosphate synthase inhibitor	INHIBITOR	PubMed	15028820	http://europepmc.org/abstract/MED/15028820
CHEMBL675	CHEMBL1782	Farnesyl diphosphate synthase inhibitor	INHIBITOR	PubMed	16006204	http://europepmc.org/abstract/MED/16006204
CHEMBL675	CHEMBL1782	Farnesyl diphosphate synthase inhibitor	INHIBITOR	PubMed	16835450	http://europepmc.org/abstract/MED/16835450
CHEMBL705	CHEMBL2363071	Retinoid receptor agonist	AGONIST	DailyMed	setid=13c5de6d-d266-4d83-99c4-072ef104e7ff	http://dailymed.nlm.nih.gov/dailymed/lookup.cfm?setid=13c5de6d-d266-4d83-99c4-072ef104e7ff
CHEMBL2396661	CHEMBL4005	PI3-kinase p110-alpha subunit inhibitor	INHIBITOR	PubMed	15705718	http://europepmc.org/abstract/MED/15705718
CHEMBL2396661	CHEMBL4005	PI3-kinase p110-alpha subunit inhibitor	INHIBITOR	PubMed	23726034	http://europepmc.org/abstract/MED/23726034
CHEMBL661	CHEMBL2093872	GABA-A receptor; anion channel positive allosteric modulator	POSITIVE ALLOSTERIC MODULATOR	PubMed	14978513	http://europepmc.org/abstract/MED/14978513
CHEMBL661	CHEMBL2093872	GABA-A receptor; anion channel positive allosteric modulator	POSITIVE ALLOSTERIC MODULATOR	PubMed	18384456	http://europepmc.org/abstract/MED/18384456
CHEMBL1455	CHEMBL2311221	DNA inhibitor	INHIBITOR	DailyMed	setid=8456a8db-a7f6-4bc0-86be-e9c8c374140b	http://dailymed.nlm.nih.gov/dailymed/lookup.cfm?setid=8456a8db-a7f6-4bc0-86be-e9c8c374140b
CHEMBL1200706		Antacid		DailyMed	setid=27c574a5-1fe0-4973-9a31-9beb4fc6ec46	https://dailymed.nlm.nih.gov/dailymed/drugInfo.cfm?setid=27c574a5-1fe0-4973-9a31-9beb4fc6ec46
CHEMBL1006		Reactive metabolite scavenging agent		DailyMed	setid=0a47114c-569c-40be-afd8-a22d2e99bb5d#nlm34090-1	http://dailymed.nlm.nih.gov/dailymed/lookup.cfm?setid=0a47114c-569c-40be-afd8-a22d2e99bb5d#nlm34090-1
CHEMBL1083993	CHEMBL240	HERG blocker	BLOCKER	DailyMed	setid=d8d04647-8e25-4127-8ecf-360ce1991c2f	http://dailymed.nlm.nih.gov/dailymed/lookup.cfm?setid=d8d04647-8e25-4127-8ecf-360ce1991c2f
CHEMBL243712	CHEMBL2096904	Serotonin (5-HT) receptor antagonist	ANTAGONIST	PubMed	19337725	http://europepmc.org/abstract/MED/19337725
CHEMBL243712	CHEMBL2096904	Serotonin (5-HT) receptor antagonist	ANTAGONIST	PubMed	23357084	http://europepmc.org/abstract/MED/23357084
CHEMBL243712	CHEMBL2096904	Serotonin (5-HT) receptor antagonist	ANTAGONIST	PubMed	23603557	http://europepmc.org/abstract/MED/23603557
CHEMBL243712	CHEMBL2096904	Serotonin (5-HT) receptor antagonist	ANTAGONIST	PubMed	24245711	http://europepmc.org/abstract/MED/24245711
CHEMBL243712	CHEMBL2096904	Serotonin (5-HT) receptor antagonist	ANTAGONIST	PubMed	24469600	http://europepmc.org/abstract/MED/24469600
CHEMBL243712	CHEMBL2096904	Serotonin (5-HT) receptor antagonist	ANTAGONIST	PubMed	24726559	http://europepmc.org/abstract/MED/24726559
CHEMBL243712	CHEMBL2096904	Serotonin (5-HT) receptor antagonist	ANTAGONIST	PubMed	26162544	http://europepmc.org/abstract/MED/26162544
CHEMBL243712	CHEMBL2095169	Dopamine receptors; D2 & D3 antagonist	ANTAGONIST	PubMed	19337725	http://europepmc.org/abstract/MED/19337725
CHEMBL243712	CHEMBL2095169	Dopamine receptors; D2 & D3 antagonist	ANTAGONIST	PubMed	23357084	http://europepmc.org/abstract/MED/23357084
CHEMBL243712	CHEMBL2095169	Dopamine receptors; D2 & D3 antagonist	ANTAGONIST	PubMed	23603557	http://europepmc.org/abstract/MED/23603557
CHEMBL243712	CHEMBL2095169	Dopamine receptors; D2 & D3 antagonist	ANTAGONIST	PubMed	24245711	http://europepmc.org/abstract/MED/24245711
CHEMBL243712	CHEMBL2095169	Dopamine receptors; D2 & D3 antagonist	ANTAGONIST	PubMed	24469600	http://europepmc.org/abstract/MED/24469600
CHEMBL243712	CHEMBL2095169	Dopamine receptors; D2 & D3 antagonist	ANTAGONIST	PubMed	24726559	http://europepmc.org/abstract/MED/24726559
CHEMBL243712	CHEMBL2095169	Dopamine receptors; D2 & D3 antagonist	ANTAGONIST	PubMed	26162544	http://europepmc.org/abstract/MED/26162544
CHEMBL1200964	CHEMBL228	Serotonin transporter inhibitor	INHIBITOR	DailyMed	setid=acd53964-52dc-4534-b20f-14a7561b8a6c#nlm34090-1	http://dailymed.nlm.nih.gov/dailymed/lookup.cfm?setid=acd53964-52dc-4534-b20f-14a7561b8a6c#nlm34090-1
CHEMBL1200964	CHEMBL222	Norepinephrine transporter inhibitor	INHIBITOR	DailyMed	setid=acd53964-52dc-4534-b20f-14a7561b8a6c#nlm34090-1	http://dailymed.nlm.nih.gov/dailymed/lookup.cfm?setid=acd53964-52dc-4534-b20f-14a7561b8a6c#nlm34090-1
CHEMBL4297774	CHEMBL203	Epidermal growth factor receptor erbB1 inhibitor	INHIBITOR	PubMed	32414908	https://pubmed.ncbi.nlm.nih.gov/32414908/
CHEMBL4297774	CHEMBL3717	Hepatocyte growth factor receptor inhibitor	INHIBITOR	PubMed	32414908	https://pubmed.ncbi.nlm.nih.gov/32414908/
CHEMBL1096	CHEMBL2093863	Phosphodiesterase 4 inhibitor	INHIBITOR	PubMed	22668622	http://europepmc.org/abstract/MED/22668622
CHEMBL1096	CHEMBL2093863	Phosphodiesterase 4 inhibitor	INHIBITOR	PubMed	2433225	http://europepmc.org/abstract/MED/2433225
CHEMBL1113	CHEMBL228	Serotonin transporter inhibitor	INHIBITOR	DailyMed	setid=261006c8-3fd0-491b-b322-42beff6f9880#nlm34090-1	http://dailymed.nlm.nih.gov/dailymed/lookup.cfm?setid=261006c8-3fd0-491b-b322-42beff6f9880#nlm34090-1
CHEMBL1113	CHEMBL222	Norepinephrine transporter inhibitor	INHIBITOR	DailyMed	setid=261006c8-3fd0-491b-b322-42beff6f9880#nlm34090-1	http://dailymed.nlm.nih.gov/dailymed/lookup.cfm?setid=261006c8-3fd0-491b-b322-42beff6f9880#nlm34090-1
CHEMBL1113	CHEMBL2096905	Dopamine receptor antagonist	ANTAGONIST	DailyMed	setid=261006c8-3fd0-491b-b322-42beff6f9880#nlm34090-1	http://dailymed.nlm.nih.gov/dailymed/lookup.cfm?setid=261006c8-3fd0-491b-b322-42beff6f9880#nlm34090-1
CHEMBL501	CHEMBL238	Dopamine transporter releasing agent	RELEASING AGENT	PubMed	15602501	http://europepmc.org/abstract/MED/15602501
CHEMBL501	CHEMBL238	Dopamine transporter releasing agent	RELEASING AGENT	PubMed	15795321	http://europepmc.org/abstract/MED/15795321
CHEMBL267345	CHEMBL2364028	Ergosterol sequestering agent	SEQUESTERING AGENT	PubMed	19689243	http://europepmc.org/abstract/MED/19689243
CHEMBL1200758	CHEMBL2354204	Bacterial penicillin-binding protein inhibitor	INHIBITOR	PubMed	7447421	http://europepmc.org/abstract/MED/7447421
CHEMBL43	CHEMBL2094255	DNA topoisomerase II inhibitor	INHIBITOR	PubMed	1317259	http://europepmc.org/abstract/MED/1317259
CHEMBL43	CHEMBL2094255	DNA topoisomerase II inhibitor	INHIBITOR	PubMed	15148258	http://europepmc.org/abstract/MED/15148258
CHEMBL43	CHEMBL2094255	DNA topoisomerase II inhibitor	INHIBITOR	PubMed	22304499	http://europepmc.org/abstract/MED/22304499
CHEMBL43	CHEMBL2094255	DNA topoisomerase II inhibitor	INHIBITOR	PubMed	23922861	http://europepmc.org/abstract/MED/23922861
CHEMBL43	CHEMBL2094255	DNA topoisomerase II inhibitor	INHIBITOR	PubMed	7971998	http://europepmc.org/abstract/MED/7971998
CHEMBL1399	CHEMBL1978	Cytochrome P450 19A1 inhibitor	INHIBITOR	DailyMed	setid=03586c40-eb32-45c5-beb7-6762a6b78790#section-12	http://dailymed.nlm.nih.gov/dailymed/lookup.cfm?setid=03586c40-eb32-45c5-beb7-6762a6b78790#section-12
CHEMBL3989887	CHEMBL1902	FK506-binding protein 1A inhibitor	INHIBITOR	DailyMed	setid=95b03516-34b0-4438-a05c-918d80f70091	http://dailymed.nlm.nih.gov/dailymed/lookup.cfm?setid=95b03516-34b0-4438-a05c-918d80f70091
CHEMBL2219425	CHEMBL217	Dopamine D2 receptor partial agonist	PARTIAL AGONIST	DailyMed	setid=17a8d11b-73b0-4833-a0b4-cf1ef85edefb	http://dailymed.nlm.nih.gov/dailymed/drugInfo.cfm?setid=17a8d11b-73b0-4833-a0b4-cf1ef85edefb
CHEMBL2219425	CHEMBL224	Serotonin 2a (5-HT2a) receptor antagonist	ANTAGONIST	DailyMed	setid=17a8d11b-73b0-4833-a0b4-cf1ef85edefb	http://dailymed.nlm.nih.gov/dailymed/drugInfo.cfm?setid=17a8d11b-73b0-4833-a0b4-cf1ef85edefb
CHEMBL2219425	CHEMBL214	Serotonin 1a (5-HT1a) receptor partial agonist	PARTIAL AGONIST	DailyMed	setid=17a8d11b-73b0-4833-a0b4-cf1ef85edefb	http://dailymed.nlm.nih.gov/dailymed/drugInfo.cfm?setid=17a8d11b-73b0-4833-a0b4-cf1ef85edefb
CHEMBL566534	CHEMBL613897	Ferriprotoporphyrin IX inhibitor	INHIBITOR	DailyMed	setid=7866ec19-dfac-47d4-a53f-511a12643cbf#section-13	http://dailymed.nlm.nih.gov/dailymed/lookup.cfm?setid=7866ec19-dfac-47d4-a53f-511a12643cbf#section-13
CHEMBL2108989	CHEMBL2364706	Asparagine hydrolytic enzyme	HYDROLYTIC ENZYME	DailyMed	setid=30bdf2ea-008b-4cbb-81e4-c3474f2ad286#nlm34090-1	http://dailymed.nlm.nih.gov/dailymed/lookup.cfm?setid=30bdf2ea-008b-4cbb-81e4-c3474f2ad286#nlm34090-1
CHEMBL25	CHEMBL2094253	Cyclooxygenase inhibitor	INHIBITOR	PubMed	17131625	http://europepmc.org/abstract/MED/17131625
CHEMBL25	CHEMBL2094253	Cyclooxygenase inhibitor	INHIBITOR	PubMed	17258197	http://europepmc.org/abstract/MED/17258197
CHEMBL296419	CHEMBL231	Histamine H1 receptor antagonist	ANTAGONIST	PubMed	6114717	http://europepmc.org/abstract/MED/6114717
CHEMBL24	CHEMBL213	Beta-1 adrenergic receptor antagonist	ANTAGONIST	DailyMed	setid=f36d4ed3-dcbb-4465-9fa6-1da811f555e6	http://dailymed.nlm.nih.gov/dailymed/lookup.cfm?setid=f36d4ed3-dcbb-4465-9fa6-1da811f555e6
CHEMBL393220	CHEMBL402	HMG-CoA reductase inhibitor	INHIBITOR	DailyMed	setid=6ccdb6f3-22c7-5b48-46bc-ce4a4c65eb4d#section-13	http://dailymed.nlm.nih.gov/dailymed/lookup.cfm?setid=6ccdb6f3-22c7-5b48-46bc-ce4a4c65eb4d#section-13
CHEMBL4761468	CHEMBL203	Epidermal growth factor receptor erbB1 inhibitor	INHIBITOR	PubMed	32916310	http://europepmc.org/abstract/MED/32916310
CHEMBL4761468	CHEMBL203	Epidermal growth factor receptor erbB1 inhibitor	INHIBITOR	PubMed	33656275	http://europepmc.org/abstract/MED/33656275
CHEMBL2103883	CHEMBL1864	Thrombopoietin receptor agonist	AGONIST	PubMed	19183407	http://europepmc.org/abstract/MED/19183407
CHEMBL3833373	CHEMBL3580522	Programmed cell death 1 ligand 1 other	OTHER	PubMed	28214087	http://europepmc.org/abstract/MED/28214087
CHEMBL3833373	CHEMBL3580522	Programmed cell death 1 ligand 1 other	OTHER	PubMed	28239472	http://europepmc.org/abstract/MED/28239472
CHEMBL3264002	CHEMBL3587	Dual specificity mitogen-activated protein kinase kinase 1 inhibitor	INHIBITOR	PubMed	22761467	http://europepmc.org/abstract/MED/22761467
CHEMBL3264002	CHEMBL3587	Dual specificity mitogen-activated protein kinase kinase 1 inhibitor	INHIBITOR	PubMed	23587417	http://europepmc.org/abstract/MED/23587417
CHEMBL3264002	CHEMBL3587	Dual specificity mitogen-activated protein kinase kinase 1 inhibitor	INHIBITOR	PubMed	23667175	http://europepmc.org/abstract/MED/23667175
CHEMBL1289926	CHEMBL2095227	Vascular endothelial growth factor receptor inhibitor	INHIBITOR	DailyMed	setid=84137882-e000-47da-bd5b-fa76ab3c76f9#section-12	http://dailymed.nlm.nih.gov/dailymed/lookup.cfm?setid=84137882-e000-47da-bd5b-fa76ab3c76f9#section-12
CHEMBL1489	CHEMBL1992	DNA (cytosine-5)-methyltransferase 3A inhibitor	INHIBITOR	DailyMed	setid=3495a71a-cc04-4776-851f-f185956f32af#section-12	http://dailymed.nlm.nih.gov/dailymed/lookup.cfm?setid=3495a71a-cc04-4776-851f-f185956f32af#section-12
CHEMBL1489	CHEMBL1993	DNA (cytosine-5)-methyltransferase 1 inhibitor	INHIBITOR	DailyMed	setid=3495a71a-cc04-4776-851f-f185956f32af#section-12	http://dailymed.nlm.nih.gov/dailymed/lookup.cfm?setid=3495a71a-cc04-4776-851f-f185956f32af#section-12
CHEMBL1489	CHEMBL2311221	DNA inhibitor	INHIBITOR	DailyMed	setid=3495a71a-cc04-4776-851f-f185956f32af#section-12	http://dailymed.nlm.nih.gov/dailymed/lookup.cfm?setid=3495a71a-cc04-4776-851f-f185956f32af#section-12
CHEMBL1489	CHEMBL2311222	RNA inhibitor	INHIBITOR	DailyMed	setid=3495a71a-cc04-4776-851f-f185956f32af#section-12	http://dailymed.nlm.nih.gov/dailymed/lookup.cfm?setid=3495a71a-cc04-4776-851f-f185956f32af#section-12
CHEMBL1542	CHEMBL2362992	Amidophosphoribosyltransferase inhibitor	INHIBITOR	PubMed	18506437	http://europepmc.org/abstract/MED/18506437
CHEMBL1542	CHEMBL2311221	DNA inhibitor	INHIBITOR	PubMed	18506437	http://europepmc.org/abstract/MED/18506437
CHEMBL529	CHEMBL2363135	Bacterial 70S ribosome inhibitor	INHIBITOR	PubMed	12623020	http://europepmc.org/abstract/MED/12623020
CHEMBL529	CHEMBL2363135	Bacterial 70S ribosome inhibitor	INHIBITOR	PubMed	15851032	http://europepmc.org/abstract/MED/15851032
CHEMBL529	CHEMBL2363135	Bacterial 70S ribosome inhibitor	INHIBITOR	PubMed	19071138	http://europepmc.org/abstract/MED/19071138
CHEMBL158	CHEMBL2354204	Bacterial penicillin-binding protein inhibitor	INHIBITOR	DailyMed	setid=d598f95b-92dd-4ef5-ae97-d68972258e44	http://dailymed.nlm.nih.gov/dailymed/lookup.cfm?setid=d598f95b-92dd-4ef5-ae97-d68972258e44
CHEMBL701	CHEMBL2111463	GABA-B receptor agonist	AGONIST	PubMed	11168554	http://europepmc.org/abstract/MED/11168554
CHEMBL1200500	CHEMBL2034	Glucocorticoid receptor agonist	AGONIST	DailyMed	setid=a0d4d864-4a45-4f1e-b3e5-d6e09b59c004#nlm34090-1	http://dailymed.nlm.nih.gov/dailymed/lookup.cfm?setid=a0d4d864-4a45-4f1e-b3e5-d6e09b59c004#nlm34090-1
CHEMBL297302	CHEMBL217	Dopamine D2 receptor antagonist	ANTAGONIST	PubMed	15846648	http://europepmc.org/abstract/MED/15846648
CHEMBL297302	CHEMBL217	Dopamine D2 receptor antagonist	ANTAGONIST	PubMed	18355689	http://europepmc.org/abstract/MED/18355689
CHEMBL297302	CHEMBL217	Dopamine D2 receptor antagonist	ANTAGONIST	PubMed	22535514	http://europepmc.org/abstract/MED/22535514
CHEMBL297302	CHEMBL217	Dopamine D2 receptor antagonist	ANTAGONIST	PubMed	6108081	http://europepmc.org/abstract/MED/6108081
CHEMBL388590	CHEMBL6120	Solute carrier family 22 member 12 inhibitor	INHIBITOR	PubMed	18636784	http://europepmc.org/abstract/MED/18636784
CHEMBL388590	CHEMBL6120	Solute carrier family 22 member 12 inhibitor	INHIBITOR	PubMed	24077632	http://europepmc.org/abstract/MED/24077632
CHEMBL388590	CHEMBL6120	Solute carrier family 22 member 12 inhibitor	INHIBITOR	PubMed	24594849	http://europepmc.org/abstract/MED/24594849
CHEMBL388590	CHEMBL6120	Solute carrier family 22 member 12 inhibitor	INHIBITOR	PubMed	25757933	http://europepmc.org/abstract/MED/25757933
CHEMBL388590	CHEMBL6120	Solute carrier family 22 member 12 inhibitor	INHIBITOR	PubMed	26106235	http://europepmc.org/abstract/MED/26106235
CHEMBL388590	CHEMBL6120	Solute carrier family 22 member 12 inhibitor	INHIBITOR	PubMed	26907620	http://europepmc.org/abstract/MED/26907620
CHEMBL278172		Unknown		PubMed	22641643	http://europepmc.org/abstract/MED/22641643
CHEMBL278172		Unknown		PubMed	24745839	http://europepmc.org/abstract/MED/24745839
CHEMBL278172		Unknown		PubMed	24992293	http://europepmc.org/abstract/MED/24992293
CHEMBL12610	CHEMBL2094253	Cyclooxygenase inhibitor	INHIBITOR	PubMed	1287137	http://europepmc.org/abstract/MED/1287137
CHEMBL12610	CHEMBL2094253	Cyclooxygenase inhibitor	INHIBITOR	PubMed	19883251	http://europepmc.org/abstract/MED/19883251
CHEMBL12610	CHEMBL2094253	Cyclooxygenase inhibitor	INHIBITOR	PubMed	25729498	http://europepmc.org/abstract/MED/25729498
CHEMBL12610	CHEMBL2094253	Cyclooxygenase inhibitor	INHIBITOR	PubMed	26006195	http://europepmc.org/abstract/MED/26006195
CHEMBL12610	CHEMBL2094253	Cyclooxygenase inhibitor	INHIBITOR	PubMed	27108819	http://europepmc.org/abstract/MED/27108819
CHEMBL12610	CHEMBL2094253	Cyclooxygenase inhibitor	INHIBITOR	PubMed	28127472	http://europepmc.org/abstract/MED/28127472
CHEMBL12610	CHEMBL2094253	Cyclooxygenase inhibitor	INHIBITOR	PubMed	4044146	http://europepmc.org/abstract/MED/4044146
CHEMBL12610	CHEMBL2094253	Cyclooxygenase inhibitor	INHIBITOR	PubMed	7600413	http://europepmc.org/abstract/MED/7600413
CHEMBL632	CHEMBL2034	Glucocorticoid receptor agonist	AGONIST	PubMed	12188035	http://europepmc.org/abstract/MED/12188035
CHEMBL632	CHEMBL2034	Glucocorticoid receptor agonist	AGONIST	PubMed	15336699	http://europepmc.org/abstract/MED/15336699
CHEMBL632	CHEMBL2034	Glucocorticoid receptor agonist	AGONIST	PubMed	15866114	http://europepmc.org/abstract/MED/15866114
CHEMBL1201583	CHEMBL1783	Vascular endothelial growth factor A inhibitor	INHIBITOR	DailyMed	setid=939b5d1f-9fb2-4499-80ef-0607aa6b114e	http://dailymed.nlm.nih.gov/dailymed/lookup.cfm?setid=939b5d1f-9fb2-4499-80ef-0607aa6b114e
CHEMBL1201583	CHEMBL1783	Vascular endothelial growth factor A inhibitor	INHIBITOR	PubMed	9377574	http://europepmc.org/abstract/MED/9377574
CHEMBL409	CHEMBL1871	Androgen Receptor antagonist	ANTAGONIST	DailyMed	setid=7c295b64-ec39-42ec-9f02-da5b42e775e1#section-12	http://dailymed.nlm.nih.gov/dailymed/lookup.cfm?setid=7c295b64-ec39-42ec-9f02-da5b42e775e1#section-12
CHEMBL277535	CHEMBL4662933	Lanosterol 14-alpha demethylase inhibitor	INHIBITOR	PubMed	25337991	https://pubmed.ncbi.nlm.nih.gov/25337991/
CHEMBL277535	CHEMBL4804261	HMG-CoA reductase inhibitor	INHIBITOR	PubMed	6396116	https://pubmed.ncbi.nlm.nih.gov/6396116/
CHEMBL3187723	CHEMBL3587	Dual specificity mitogen-activated protein kinase kinase 1 inhibitor	INHIBITOR	PubMed	23414587	http://europepmc.org/abstract/MED/23414587
CHEMBL3187723	CHEMBL2964	Dual specificity mitogen-activated protein kinase kinase 2 inhibitor	INHIBITOR	PubMed	23414587	http://europepmc.org/abstract/MED/23414587
CHEMBL290106		Unknown		PubMed	12107484	http://europepmc.org/abstract/MED/12107484
CHEMBL290106		Unknown		PubMed	12113305	http://europepmc.org/abstract/MED/12113305
CHEMBL290106		Unknown		PubMed	12913613	http://europepmc.org/abstract/MED/12913613
CHEMBL290106		Unknown		PubMed	21133325	http://europepmc.org/abstract/MED/21133325
CHEMBL290106		Unknown		PubMed	24495391	http://europepmc.org/abstract/MED/24495391
CHEMBL290106		Unknown		PubMed	27686742	http://europepmc.org/abstract/MED/27686742
CHEMBL325041	CHEMBL2364701	26S proteasome inhibitor	INHIBITOR	DailyMed	setid=1521d321-e724-4ffc-adad-34bf4f44fac7#section-13	http://dailymed.nlm.nih.gov/dailymed/lookup.cfm?setid=1521d321-e724-4ffc-adad-34bf4f44fac7#section-13
CHEMBL325041	CHEMBL2364701	26S proteasome inhibitor	INHIBITOR	PubMed	21606441	http://europepmc.org/abstract/MED/21606441
CHEMBL3545311	CHEMBL4247	ALK tyrosine kinase receptor inhibitor	INHIBITOR	PubMed	25888090	http://europepmc.org/abstract/MED/25888090
CHEMBL3545311	CHEMBL203	Epidermal growth factor receptor erbB1 inhibitor	INHIBITOR	PubMed	25888090	http://europepmc.org/abstract/MED/25888090
CHEMBL607400	CHEMBL1998	Synaptic vesicle glycoprotein 2A modulator	MODULATOR	PubMed	17199019	http://europepmc.org/abstract/MED/17199019
CHEMBL277062	CHEMBL4956	GABA receptor alpha-2 subunit positive allosteric modulator	POSITIVE ALLOSTERIC MODULATOR	PubMed	14990800	http://europepmc.org/abstract/MED/14990800
CHEMBL277062	CHEMBL4956	GABA receptor alpha-2 subunit positive allosteric modulator	POSITIVE ALLOSTERIC MODULATOR	PubMed	16100968	http://europepmc.org/abstract/MED/16100968
CHEMBL277062	CHEMBL4956	GABA receptor alpha-2 subunit positive allosteric modulator	POSITIVE ALLOSTERIC MODULATOR	PubMed	2570451	http://europepmc.org/abstract/MED/2570451
CHEMBL277062	CHEMBL4956	GABA receptor alpha-2 subunit positive allosteric modulator	POSITIVE ALLOSTERIC MODULATOR	PubMed	25992523	http://europepmc.org/abstract/MED/25992523
CHEMBL277062	CHEMBL4956	GABA receptor alpha-2 subunit positive allosteric modulator	POSITIVE ALLOSTERIC MODULATOR	PubMed	6147412	http://europepmc.org/abstract/MED/6147412
CHEMBL1200503	CHEMBL2331075	D2-like dopamine receptor agonist	AGONIST	DailyMed	setid=93a0696b-b261-4262-9e06-f3180b419f8f#nlm34090-1	http://dailymed.nlm.nih.gov/dailymed/lookup.cfm?setid=93a0696b-b261-4262-9e06-f3180b419f8f#nlm34090-1
CHEMBL1200503	CHEMBL2331075	D2-like dopamine receptor agonist	AGONIST	PubMed	17016425	http://europepmc.org/abstract/MED/17016425
CHEMBL28218	CHEMBL217	Dopamine D2 receptor antagonist	ANTAGONIST	PubMed	17362435	http://europepmc.org/abstract/MED/17362435
CHEMBL28218	CHEMBL217	Dopamine D2 receptor antagonist	ANTAGONIST	PubMed	21576426	http://europepmc.org/abstract/MED/21576426
CHEMBL28218	CHEMBL217	Dopamine D2 receptor antagonist	ANTAGONIST	PubMed	23427194	http://europepmc.org/abstract/MED/23427194
CHEMBL28218	CHEMBL217	Dopamine D2 receptor antagonist	ANTAGONIST	PubMed	28357335	http://europepmc.org/abstract/MED/28357335
CHEMBL28218	CHEMBL217	Dopamine D2 receptor antagonist	ANTAGONIST	PubMed	29078760	http://europepmc.org/abstract/MED/29078760
CHEMBL28218	CHEMBL217	Dopamine D2 receptor antagonist	ANTAGONIST	PubMed	8786644	http://europepmc.org/abstract/MED/8786644
CHEMBL1370	CHEMBL2034	Glucocorticoid receptor agonist	AGONIST	PubMed	11730731	http://europepmc.org/abstract/MED/11730731
CHEMBL1370	CHEMBL2034	Glucocorticoid receptor agonist	AGONIST	PubMed	12601049	http://europepmc.org/abstract/MED/12601049
CHEMBL1370	CHEMBL2034	Glucocorticoid receptor agonist	AGONIST	PubMed	12920235	http://europepmc.org/abstract/MED/12920235
CHEMBL94394		Unknown		PubMed	14607020	http://europepmc.org/abstract/MED/14607020
CHEMBL94394		Unknown		PubMed	21258344	http://europepmc.org/abstract/MED/21258344
CHEMBL94394		Unknown		PubMed	22881467	http://europepmc.org/abstract/MED/22881467
CHEMBL94394		Unknown		PubMed	27126280	http://europepmc.org/abstract/MED/27126280
CHEMBL94394		Unknown		PubMed	9165205	http://europepmc.org/abstract/MED/9165205
CHEMBL1098	CHEMBL2072	Sodium channel protein type IV alpha subunit blocker	BLOCKER	PubMed	12761351	http://europepmc.org/abstract/MED/12761351
CHEMBL1698	CHEMBL238	Dopamine transporter inhibitor	INHIBITOR	DailyMed	setid=5cb7fd36-ae36-409b-af79-9c432e1cf5d9#nlm34090-1	http://dailymed.nlm.nih.gov/dailymed/lookup.cfm?setid=5cb7fd36-ae36-409b-af79-9c432e1cf5d9#nlm34090-1
CHEMBL1698	CHEMBL238	Dopamine transporter inhibitor	INHIBITOR	PubMed	19497387	http://europepmc.org/abstract/MED/19497387
CHEMBL1698	CHEMBL222	Norepinephrine transporter inhibitor	INHIBITOR	DailyMed	setid=5cb7fd36-ae36-409b-af79-9c432e1cf5d9#nlm34090-1	http://dailymed.nlm.nih.gov/dailymed/lookup.cfm?setid=5cb7fd36-ae36-409b-af79-9c432e1cf5d9#nlm34090-1
CHEMBL1698	CHEMBL222	Norepinephrine transporter inhibitor	INHIBITOR	PubMed	19497387	http://europepmc.org/abstract/MED/19497387
CHEMBL820	CHEMBL2311221	DNA inhibitor	INHIBITOR	DailyMed	setid=03dc50f9-c7bd-4c0c-8bbb-c1216ec90c95	http://dailymed.nlm.nih.gov/dailymed/lookup.cfm?setid=03dc50f9-c7bd-4c0c-8bbb-c1216ec90c95
CHEMBL127516	CHEMBL3119	Transient receptor potential cation channel subfamily V member 4 inhibitor	INHIBITOR	PubMed	12538804	http://europepmc.org/abstract/MED/12538804
CHEMBL127516	CHEMBL3119	Transient receptor potential cation channel subfamily V member 4 inhibitor	INHIBITOR	PubMed	15920194	http://europepmc.org/abstract/MED/15920194
CHEMBL127516	CHEMBL3119	Transient receptor potential cation channel subfamily V member 4 inhibitor	INHIBITOR	PubMed	15923341	http://europepmc.org/abstract/MED/15923341
CHEMBL127516	CHEMBL3119	Transient receptor potential cation channel subfamily V member 4 inhibitor	INHIBITOR	PubMed	16368819	http://europepmc.org/abstract/MED/16368819
CHEMBL127516	CHEMBL3119	Transient receptor potential cation channel subfamily V member 4 inhibitor	INHIBITOR	PubMed	18877037	http://europepmc.org/abstract/MED/18877037
CHEMBL127516	CHEMBL3119	Transient receptor potential cation channel subfamily V member 4 inhibitor	INHIBITOR	PubMed	20377544	http://europepmc.org/abstract/MED/20377544
CHEMBL127516	CHEMBL3119	Transient receptor potential cation channel subfamily V member 4 inhibitor	INHIBITOR	PubMed	22041064	http://europepmc.org/abstract/MED/22041064
CHEMBL127516	CHEMBL3119	Transient receptor potential cation channel subfamily V member 4 inhibitor	INHIBITOR	PubMed	22133806	http://europepmc.org/abstract/MED/22133806
CHEMBL127516	CHEMBL3119	Transient receptor potential cation channel subfamily V member 4 inhibitor	INHIBITOR	PubMed	7793660	http://europepmc.org/abstract/MED/7793660
CHEMBL127516	CHEMBL3119	Transient receptor potential cation channel subfamily V member 4 inhibitor	INHIBITOR	PubMed	8592284	http://europepmc.org/abstract/MED/8592284
CHEMBL127516	CHEMBL6007	Transient receptor potential cation channel subfamily A member 1 inhibitor	INHIBITOR	PubMed	12538804	http://europepmc.org/abstract/MED/12538804
CHEMBL127516	CHEMBL6007	Transient receptor potential cation channel subfamily A member 1 inhibitor	INHIBITOR	PubMed	15920194	http://europepmc.org/abstract/MED/15920194
CHEMBL127516	CHEMBL6007	Transient receptor potential cation channel subfamily A member 1 inhibitor	INHIBITOR	PubMed	15923341	http://europepmc.org/abstract/MED/15923341
CHEMBL127516	CHEMBL6007	Transient receptor potential cation channel subfamily A member 1 inhibitor	INHIBITOR	PubMed	16368819	http://europepmc.org/abstract/MED/16368819
CHEMBL127516	CHEMBL6007	Transient receptor potential cation channel subfamily A member 1 inhibitor	INHIBITOR	PubMed	18877037	http://europepmc.org/abstract/MED/18877037
CHEMBL127516	CHEMBL6007	Transient receptor potential cation channel subfamily A member 1 inhibitor	INHIBITOR	PubMed	20377544	http://europepmc.org/abstract/MED/20377544
CHEMBL127516	CHEMBL6007	Transient receptor potential cation channel subfamily A member 1 inhibitor	INHIBITOR	PubMed	22041064	http://europepmc.org/abstract/MED/22041064
CHEMBL127516	CHEMBL6007	Transient receptor potential cation channel subfamily A member 1 inhibitor	INHIBITOR	PubMed	22133806	http://europepmc.org/abstract/MED/22133806
CHEMBL127516	CHEMBL6007	Transient receptor potential cation channel subfamily A member 1 inhibitor	INHIBITOR	PubMed	7793660	http://europepmc.org/abstract/MED/7793660
CHEMBL127516	CHEMBL6007	Transient receptor potential cation channel subfamily A member 1 inhibitor	INHIBITOR	PubMed	8592284	http://europepmc.org/abstract/MED/8592284
CHEMBL3142541	CHEMBL6007	Transient receptor potential cation channel subfamily A member 1 inhibitor	INHIBITOR	PubMed	12538804	http://europepmc.org/abstract/MED/12538804
CHEMBL3142541	CHEMBL6007	Transient receptor potential cation channel subfamily A member 1 inhibitor	INHIBITOR	PubMed	15920194	http://europepmc.org/abstract/MED/15920194
CHEMBL3142541	CHEMBL6007	Transient receptor potential cation channel subfamily A member 1 inhibitor	INHIBITOR	PubMed	15923341	http://europepmc.org/abstract/MED/15923341
CHEMBL3142541	CHEMBL6007	Transient receptor potential cation channel subfamily A member 1 inhibitor	INHIBITOR	PubMed	16368819	http://europepmc.org/abstract/MED/16368819
CHEMBL3142541	CHEMBL6007	Transient receptor potential cation channel subfamily A member 1 inhibitor	INHIBITOR	PubMed	18877037	http://europepmc.org/abstract/MED/18877037
CHEMBL3142541	CHEMBL6007	Transient receptor potential cation channel subfamily A member 1 inhibitor	INHIBITOR	PubMed	20377544	http://europepmc.org/abstract/MED/20377544
CHEMBL3142541	CHEMBL6007	Transient receptor potential cation channel subfamily A member 1 inhibitor	INHIBITOR	PubMed	22041064	http://europepmc.org/abstract/MED/22041064
CHEMBL3142541	CHEMBL6007	Transient receptor potential cation channel subfamily A member 1 inhibitor	INHIBITOR	PubMed	22133806	http://europepmc.org/abstract/MED/22133806
CHEMBL3142541	CHEMBL6007	Transient receptor potential cation channel subfamily A member 1 inhibitor	INHIBITOR	PubMed	7793660	http://europepmc.org/abstract/MED/7793660
CHEMBL3142541	CHEMBL6007	Transient receptor potential cation channel subfamily A member 1 inhibitor	INHIBITOR	PubMed	8592284	http://europepmc.org/abstract/MED/8592284
CHEMBL3142541	CHEMBL3119	Transient receptor potential cation channel subfamily V member 4 inhibitor	INHIBITOR	PubMed	12538804	http://europepmc.org/abstract/MED/12538804
CHEMBL3142541	CHEMBL3119	Transient receptor potential cation channel subfamily V member 4 inhibitor	INHIBITOR	PubMed	15920194	http://europepmc.org/abstract/MED/15920194
CHEMBL3142541	CHEMBL3119	Transient receptor potential cation channel subfamily V member 4 inhibitor	INHIBITOR	PubMed	15923341	http://europepmc.org/abstract/MED/15923341
CHEMBL3142541	CHEMBL3119	Transient receptor potential cation channel subfamily V member 4 inhibitor	INHIBITOR	PubMed	16368819	http://europepmc.org/abstract/MED/16368819
CHEMBL3142541	CHEMBL3119	Transient receptor potential cation channel subfamily V member 4 inhibitor	INHIBITOR	PubMed	18877037	http://europepmc.org/abstract/MED/18877037
CHEMBL3142541	CHEMBL3119	Transient receptor potential cation channel subfamily V member 4 inhibitor	INHIBITOR	PubMed	20377544	http://europepmc.org/abstract/MED/20377544
CHEMBL3142541	CHEMBL3119	Transient receptor potential cation channel subfamily V member 4 inhibitor	INHIBITOR	PubMed	22041064	http://europepmc.org/abstract/MED/22041064
CHEMBL3142541	CHEMBL3119	Transient receptor potential cation channel subfamily V member 4 inhibitor	INHIBITOR	PubMed	22133806	http://europepmc.org/abstract/MED/22133806
CHEMBL3142541	CHEMBL3119	Transient receptor potential cation channel subfamily V member 4 inhibitor	INHIBITOR	PubMed	7793660	http://europepmc.org/abstract/MED/7793660
CHEMBL3142541	CHEMBL3119	Transient receptor potential cation channel subfamily V member 4 inhibitor	INHIBITOR	PubMed	8592284	http://europepmc.org/abstract/MED/8592284
CHEMBL1201748	CHEMBL2095182	Tubulin inhibitor	INHIBITOR	DailyMed	setid=de3d9c26-572b-4ea4-9b2d-dd58a2b3e8fa#nlm34090-1	http://dailymed.nlm.nih.gov/dailymed/lookup.cfm?setid=de3d9c26-572b-4ea4-9b2d-dd58a2b3e8fa#nlm34090-1
CHEMBL2103868	CHEMBL279	Vascular endothelial growth factor receptor 2 inhibitor	INHIBITOR	DailyMed	setid=1a0c3bea-c87b-4d25-bb44-5f0174da6b34	http://dailymed.nlm.nih.gov/dailymed/lookup.cfm?setid=1a0c3bea-c87b-4d25-bb44-5f0174da6b34
CHEMBL2103868	CHEMBL279	Vascular endothelial growth factor receptor 2 inhibitor	INHIBITOR	PubMed	21926191	http://europepmc.org/abstract/MED/21926191
CHEMBL2103868	CHEMBL279	Vascular endothelial growth factor receptor 2 inhibitor	INHIBITOR	PubMed	23104465	http://europepmc.org/abstract/MED/23104465
CHEMBL2103868	CHEMBL3717	Hepatocyte growth factor receptor inhibitor	INHIBITOR	DailyMed	setid=1a0c3bea-c87b-4d25-bb44-5f0174da6b34	http://dailymed.nlm.nih.gov/dailymed/lookup.cfm?setid=1a0c3bea-c87b-4d25-bb44-5f0174da6b34
CHEMBL2103868	CHEMBL3717	Hepatocyte growth factor receptor inhibitor	INHIBITOR	PubMed	21926191	http://europepmc.org/abstract/MED/21926191
CHEMBL2103868	CHEMBL3717	Hepatocyte growth factor receptor inhibitor	INHIBITOR	PubMed	23104465	http://europepmc.org/abstract/MED/23104465
CHEMBL113	CHEMBL2111329	Adenosine receptor antagonist	ANTAGONIST	PubMed	15095008	http://europepmc.org/abstract/MED/15095008
CHEMBL15768		Unknown		PubMed	25451841	http://europepmc.org/abstract/MED/25451841
CHEMBL15768		Unknown		PubMed	26065546	http://europepmc.org/abstract/MED/26065546
CHEMBL15768		Unknown		PubMed	26458283	http://europepmc.org/abstract/MED/26458283
CHEMBL15768		Unknown		PubMed	27370817	http://europepmc.org/abstract/MED/27370817
CHEMBL15768		Unknown		PubMed	27955803	http://europepmc.org/abstract/MED/27955803
CHEMBL190461	CHEMBL218	Cannabinoid CB1 receptor negative allosteric modulator	NEGATIVE ALLOSTERIC MODULATOR	PubMed	26218440	http://europepmc.org/abstract/MED/26218440
CHEMBL1773	CHEMBL1952	Thymidylate synthase inhibitor	INHIBITOR	DailyMed	setid=a1de8bba-3b1d-4c9d-ab8a-32d2c05e67c8#section-13	http://dailymed.nlm.nih.gov/dailymed/lookup.cfm?setid=a1de8bba-3b1d-4c9d-ab8a-32d2c05e67c8#section-13
CHEMBL1773	CHEMBL2311221	DNA inhibitor	INHIBITOR	DailyMed	setid=a1de8bba-3b1d-4c9d-ab8a-32d2c05e67c8#section-13	http://dailymed.nlm.nih.gov/dailymed/lookup.cfm?setid=a1de8bba-3b1d-4c9d-ab8a-32d2c05e67c8#section-13
CHEMBL1773	CHEMBL2311221	DNA inhibitor	INHIBITOR	PubMed	12724731	http://europepmc.org/abstract/MED/12724731
CHEMBL1773	CHEMBL2311222	RNA inhibitor	INHIBITOR	DailyMed	setid=a1de8bba-3b1d-4c9d-ab8a-32d2c05e67c8#section-13	http://dailymed.nlm.nih.gov/dailymed/lookup.cfm?setid=a1de8bba-3b1d-4c9d-ab8a-32d2c05e67c8#section-13
CHEMBL1773	CHEMBL2311222	RNA inhibitor	INHIBITOR	PubMed	12724731	http://europepmc.org/abstract/MED/12724731
CHEMBL2325741	CHEMBL2111353	Serine/threonine-protein kinase AKT inhibitor	INHIBITOR	PubMed	32035019	https://pubmed.ncbi.nlm.nih.gov/32035019/
CHEMBL108	CHEMBL2331043	Sodium channel alpha subunit blocker	BLOCKER	PubMed	15208697	http://europepmc.org/abstract/MED/15208697
CHEMBL108	CHEMBL2331043	Sodium channel alpha subunit blocker	BLOCKER	PubMed	23205958	http://europepmc.org/abstract/MED/23205958
CHEMBL1256696	CHEMBL287	Sigma opioid receptor agonist	AGONIST	PubMed	11488404	http://europepmc.org/abstract/MED/11488404
CHEMBL1256696	CHEMBL287	Sigma opioid receptor agonist	AGONIST	PubMed	23872380	http://europepmc.org/abstract/MED/23872380
CHEMBL1256696	CHEMBL287	Sigma opioid receptor agonist	AGONIST	PubMed	2694543	http://europepmc.org/abstract/MED/2694543
CHEMBL1256696	CHEMBL287	Sigma opioid receptor agonist	AGONIST	PubMed	6408390	http://europepmc.org/abstract/MED/6408390
CHEMBL1256696	CHEMBL287	Sigma opioid receptor agonist	AGONIST	PubMed	6865909	http://europepmc.org/abstract/MED/6865909
CHEMBL508102	CHEMBL1839	Thyroid peroxidase inhibitor	INHIBITOR	PubMed	23883148	http://europepmc.org/abstract/MED/23883148
CHEMBL508102	CHEMBL1839	Thyroid peroxidase inhibitor	INHIBITOR	PubMed	24049063	http://europepmc.org/abstract/MED/24049063
CHEMBL508102	CHEMBL1839	Thyroid peroxidase inhibitor	INHIBITOR	PubMed	25013255	http://europepmc.org/abstract/MED/25013255
CHEMBL508102	CHEMBL1839	Thyroid peroxidase inhibitor	INHIBITOR	PubMed	25156887	http://europepmc.org/abstract/MED/25156887
CHEMBL508102	CHEMBL1839	Thyroid peroxidase inhibitor	INHIBITOR	PubMed	26813922	http://europepmc.org/abstract/MED/26813922
CHEMBL1201780	CHEMBL2362990	Carbamoyl-phosphate synthase [ammonia], mitochondrial positive allosteric modulator	POSITIVE ALLOSTERIC MODULATOR	DailyMed	setid=10175e73-5172-4dde-a508-8a88b7afc0a1	http://dailymed.nlm.nih.gov/dailymed/lookup.cfm?setid=10175e73-5172-4dde-a508-8a88b7afc0a1
CHEMBL513	CHEMBL2755	Glutathione reductase inhibitor	INHIBITOR	PubMed	15321730	http://europepmc.org/abstract/MED/15321730
CHEMBL4303201	CHEMBL279	Vascular endothelial growth factor receptor 2 inhibitor	INHIBITOR	ClinicalTrials	NCT01924195	https://www.clinicaltrials.gov/ct2/show/NCT01924195
CHEMBL4303201	CHEMBL1955	Vascular endothelial growth factor receptor 3 inhibitor	INHIBITOR	ClinicalTrials	NCT01924195	https://www.clinicaltrials.gov/ct2/show/NCT01924195
CHEMBL4303201	CHEMBL1936	Stem cell growth factor receptor inhibitor	INHIBITOR	ClinicalTrials	NCT01924195	https://www.clinicaltrials.gov/ct2/show/NCT01924195
CHEMBL4303201	CHEMBL1913	Platelet-derived growth factor receptor beta inhibitor	INHIBITOR	ClinicalTrials	NCT01924195	https://www.clinicaltrials.gov/ct2/show/NCT01924195
CHEMBL491473	CHEMBL1936	Stem cell growth factor receptor inhibitor	INHIBITOR	PubMed	15899831	http://europepmc.org/abstract/MED/15899831
CHEMBL491473	CHEMBL2095189	Platelet-derived growth factor receptor inhibitor	INHIBITOR	PubMed	15899831	http://europepmc.org/abstract/MED/15899831
CHEMBL491473	CHEMBL2095227	Vascular endothelial growth factor receptor inhibitor	INHIBITOR	PubMed	15899831	http://europepmc.org/abstract/MED/15899831
CHEMBL1541	CHEMBL2354204	Bacterial penicillin-binding protein inhibitor	INHIBITOR	DailyMed	setid=7e2462b2-bfed-4da4-8c47-46838d6153f8	http://dailymed.nlm.nih.gov/dailymed/lookup.cfm?setid=7e2462b2-bfed-4da4-8c47-46838d6153f8
CHEMBL1541	CHEMBL2354204	Bacterial penicillin-binding protein inhibitor	INHIBITOR	PubMed	16940068	http://europepmc.org/abstract/MED/16940068
CHEMBL1541	CHEMBL2354204	Bacterial penicillin-binding protein inhibitor	INHIBITOR	PubMed	19528266	http://europepmc.org/abstract/MED/19528266
CHEMBL1201118	CHEMBL2354204	Bacterial penicillin-binding protein inhibitor	INHIBITOR	PubMed	3898066	http://europepmc.org/abstract/MED/3898066
CHEMBL1010	CHEMBL2354204	Bacterial penicillin-binding protein inhibitor	INHIBITOR	PubMed	7447421	http://europepmc.org/abstract/MED/7447421
CHEMBL1200530	CHEMBL2354204	Bacterial penicillin-binding protein inhibitor	INHIBITOR	PubMed	368000	http://europepmc.org/abstract/MED/368000
CHEMBL1200530	CHEMBL2354204	Bacterial penicillin-binding protein inhibitor	INHIBITOR	PubMed	7447421	http://europepmc.org/abstract/MED/7447421
CHEMBL6067656	CHEMBL2354204	Bacterial penicillin-binding protein inhibitor	INHIBITOR	DailyMed	setid=2dd1be9e-74cc-48e8-bf02-f34a78d80fda	http://dailymed.nlm.nih.gov/dailymed/lookup.cfm?setid=2dd1be9e-74cc-48e8-bf02-f34a78d80fda
CHEMBL6067656	CHEMBL2354204	Bacterial penicillin-binding protein inhibitor	INHIBITOR	PubMed	20704258	http://europepmc.org/abstract/MED/20704258
CHEMBL118	CHEMBL230	Cyclooxygenase-2 inhibitor	INHIBITOR	DailyMed	setid=90f074fa-f205-4039-822e-d09049812237	http://dailymed.nlm.nih.gov/dailymed/lookup.cfm?setid=90f074fa-f205-4039-822e-d09049812237
CHEMBL1201043	CHEMBL2354204	Bacterial penicillin-binding protein inhibitor	INHIBITOR	DailyMed	setid=4e06c554-b4c3-4e83-af97-1389716213a1	http://dailymed.nlm.nih.gov/dailymed/lookup.cfm?setid=4e06c554-b4c3-4e83-af97-1389716213a1
CHEMBL2103825	CHEMBL1812	Pancreatic lipase inhibitor	INHIBITOR	PubMed	16953261	http://europepmc.org/abstract/MED/16953261
CHEMBL2103825	CHEMBL1812	Pancreatic lipase inhibitor	INHIBITOR	PubMed	19220279	http://europepmc.org/abstract/MED/19220279
CHEMBL2103825	CHEMBL1812	Pancreatic lipase inhibitor	INHIBITOR	PubMed	19461584	http://europepmc.org/abstract/MED/19461584
CHEMBL2103825	CHEMBL1796	Gastric lipase inhibitor	INHIBITOR	PubMed	16953261	http://europepmc.org/abstract/MED/16953261
CHEMBL2103825	CHEMBL1796	Gastric lipase inhibitor	INHIBITOR	PubMed	19220279	http://europepmc.org/abstract/MED/19220279
CHEMBL2103825	CHEMBL1796	Gastric lipase inhibitor	INHIBITOR	PubMed	19461584	http://europepmc.org/abstract/MED/19461584
CHEMBL1201577	CHEMBL203	Epidermal growth factor receptor erbB1 inhibitor	INHIBITOR	DailyMed	setid=8bc6397e-4bd8-4d37-a007-a327e4da34d9	http://dailymed.nlm.nih.gov/dailymed/lookup.cfm?setid=8bc6397e-4bd8-4d37-a007-a327e4da34d9
CHEMBL4298088	CHEMBL203	Epidermal growth factor receptor erbB1 binding agent	BINDING AGENT	PubMed	19707318	http://europepmc.org/abstract/MED/19707318
CHEMBL4298088	CHEMBL3390826	Cell membrane disrupting agent	DISRUPTING AGENT	PubMed	34165660	https://pubmed.ncbi.nlm.nih.gov/34165660/
CHEMBL305906		Unknown		PubMed	15811057	http://europepmc.org/abstract/MED/15811057
CHEMBL305906		Unknown		PubMed	16178130	http://europepmc.org/abstract/MED/16178130
CHEMBL305906		Unknown		PubMed	16178131	http://europepmc.org/abstract/MED/16178131
CHEMBL305906		Unknown		PubMed	17635245	http://europepmc.org/abstract/MED/17635245
CHEMBL130	CHEMBL2363135	Bacterial 70S ribosome inhibitor	INHIBITOR	PubMed	16091044	http://europepmc.org/abstract/MED/16091044
CHEMBL130	CHEMBL2363135	Bacterial 70S ribosome inhibitor	INHIBITOR	PubMed	6375931	http://europepmc.org/abstract/MED/6375931
CHEMBL4297088	CHEMBL2364031	Cell membrane inhibitor	INHIBITOR	PubMed	1335944	http://europepmc.org/abstract/MED/1335944
CHEMBL71	CHEMBL224	Serotonin 2a (5-HT2a) receptor antagonist	ANTAGONIST	PubMed	17015232	http://europepmc.org/abstract/MED/17015232
CHEMBL71	CHEMBL2331075	D2-like dopamine receptor antagonist	ANTAGONIST	PubMed	17015232	http://europepmc.org/abstract/MED/17015232
CHEMBL1713	CHEMBL224	Serotonin 2a (5-HT2a) receptor antagonist	ANTAGONIST	PubMed	17015232	http://europepmc.org/abstract/MED/17015232
CHEMBL1713	CHEMBL2331075	D2-like dopamine receptor antagonist	ANTAGONIST	PubMed	17015232	http://europepmc.org/abstract/MED/17015232
CHEMBL498	CHEMBL2096972	Sulfonylurea receptor 1, Kir6.2 blocker	BLOCKER	PubMed	10194514	http://europepmc.org/abstract/MED/10194514
CHEMBL498	CHEMBL2096972	Sulfonylurea receptor 1, Kir6.2 blocker	BLOCKER	PubMed	22260657	http://europepmc.org/abstract/MED/22260657
CHEMBL1371	CHEMBL4305	Intermediate conductance calcium-activated potassium channel protein 4 opener	OPENER	PubMed	10712246	http://europepmc.org/abstract/MED/10712246
CHEMBL1371	CHEMBL4305	Intermediate conductance calcium-activated potassium channel protein 4 opener	OPENER	PubMed	16859676	http://europepmc.org/abstract/MED/16859676
CHEMBL1371	CHEMBL4305	Intermediate conductance calcium-activated potassium channel protein 4 opener	OPENER	PubMed	20505091	http://europepmc.org/abstract/MED/20505091
CHEMBL1201464	CHEMBL1854	Luteinizing hormone/Choriogonadotropin receptor agonist	AGONIST	DailyMed	setid=a683e58a-63ea-44b8-a326-1a99a537bcf2	http://dailymed.nlm.nih.gov/dailymed/lookup.cfm?setid=a683e58a-63ea-44b8-a326-1a99a537bcf2
CHEMBL799	CHEMBL241	Phosphodiesterase 3A inhibitor	INHIBITOR	DailyMed	setid=ada307f1-b6b1-4b64-a060-5c254b1948f2	http://dailymed.nlm.nih.gov/dailymed/lookup.cfm?setid=ada307f1-b6b1-4b64-a060-5c254b1948f2
CHEMBL1741	CHEMBL2363135	Bacterial 70S ribosome inhibitor	INHIBITOR	DailyMed	setid=aa44552c-3cfe-4111-8aa5-4251aeed9be9#nlm34090-1	http://dailymed.nlm.nih.gov/dailymed/lookup.cfm?setid=aa44552c-3cfe-4111-8aa5-4251aeed9be9#nlm34090-1
CHEMBL1741	CHEMBL2363135	Bacterial 70S ribosome inhibitor	INHIBITOR	PubMed	7683018	http://europepmc.org/abstract/MED/7683018
CHEMBL1741	CHEMBL2363135	Bacterial 70S ribosome inhibitor	INHIBITOR	PubMed	9425251	http://europepmc.org/abstract/MED/9425251
CHEMBL325109	CHEMBL1875	Serotonin 4 (5-HT4) receptor agonist	AGONIST	PubMed	1851838	http://europepmc.org/abstract/MED/1851838
CHEMBL325109	CHEMBL1875	Serotonin 4 (5-HT4) receptor agonist	AGONIST	PubMed	20305329	http://europepmc.org/abstract/MED/20305329
CHEMBL325109	CHEMBL1875	Serotonin 4 (5-HT4) receptor agonist	AGONIST	PubMed	22356640	http://europepmc.org/abstract/MED/22356640
CHEMBL325109	CHEMBL1875	Serotonin 4 (5-HT4) receptor agonist	AGONIST	PubMed	22816078	http://europepmc.org/abstract/MED/22816078
CHEMBL325109	CHEMBL217	Dopamine D2 receptor antagonist	ANTAGONIST	PubMed	1851838	http://europepmc.org/abstract/MED/1851838
CHEMBL325109	CHEMBL217	Dopamine D2 receptor antagonist	ANTAGONIST	PubMed	20305329	http://europepmc.org/abstract/MED/20305329
CHEMBL325109	CHEMBL217	Dopamine D2 receptor antagonist	ANTAGONIST	PubMed	22356640	http://europepmc.org/abstract/MED/22356640
CHEMBL325109	CHEMBL217	Dopamine D2 receptor antagonist	ANTAGONIST	PubMed	22816078	http://europepmc.org/abstract/MED/22816078
CHEMBL497	CHEMBL2363056	Zinc chelating agent	CHELATING AGENT	PubMed	15833873	http://europepmc.org/abstract/MED/15833873
CHEMBL497	CHEMBL2363056	Zinc chelating agent	CHELATING AGENT	PubMed	21247386	http://europepmc.org/abstract/MED/21247386
CHEMBL497	CHEMBL2363057	Copper chelating agent	CHELATING AGENT	PubMed	15833873	http://europepmc.org/abstract/MED/15833873
CHEMBL497	CHEMBL2363057	Copper chelating agent	CHELATING AGENT	PubMed	21247386	http://europepmc.org/abstract/MED/21247386
CHEMBL497	CHEMBL2363058	Iron chelating agent	CHELATING AGENT	PubMed	15833873	http://europepmc.org/abstract/MED/15833873
CHEMBL497	CHEMBL2363058	Iron chelating agent	CHELATING AGENT	PubMed	21247386	http://europepmc.org/abstract/MED/21247386
CHEMBL1159650	CHEMBL2034	Glucocorticoid receptor agonist	AGONIST	PubMed	9891987	http://europepmc.org/abstract/MED/9891987
CHEMBL315795	CHEMBL2093872	GABA-A receptor; anion channel positive allosteric modulator	POSITIVE ALLOSTERIC MODULATOR	PubMed	10694207	http://europepmc.org/abstract/MED/10694207
CHEMBL315795	CHEMBL2093872	GABA-A receptor; anion channel positive allosteric modulator	POSITIVE ALLOSTERIC MODULATOR	PubMed	15809357	http://europepmc.org/abstract/MED/15809357
CHEMBL315795	CHEMBL2093872	GABA-A receptor; anion channel positive allosteric modulator	POSITIVE ALLOSTERIC MODULATOR	PubMed	23793285	http://europepmc.org/abstract/MED/23793285
CHEMBL315795	CHEMBL2093872	GABA-A receptor; anion channel positive allosteric modulator	POSITIVE ALLOSTERIC MODULATOR	PubMed	24116891	http://europepmc.org/abstract/MED/24116891
CHEMBL315795	CHEMBL2093872	GABA-A receptor; anion channel positive allosteric modulator	POSITIVE ALLOSTERIC MODULATOR	PubMed	2546785	http://europepmc.org/abstract/MED/2546785
CHEMBL315795	CHEMBL2093872	GABA-A receptor; anion channel positive allosteric modulator	POSITIVE ALLOSTERIC MODULATOR	PubMed	2553191	http://europepmc.org/abstract/MED/2553191
CHEMBL315795	CHEMBL2093872	GABA-A receptor; anion channel positive allosteric modulator	POSITIVE ALLOSTERIC MODULATOR	PubMed	27149898	http://europepmc.org/abstract/MED/27149898
CHEMBL315795	CHEMBL2093872	GABA-A receptor; anion channel positive allosteric modulator	POSITIVE ALLOSTERIC MODULATOR	PubMed	9839769	http://europepmc.org/abstract/MED/9839769
CHEMBL452	CHEMBL2093872	GABA-A receptor; anion channel positive allosteric modulator	POSITIVE ALLOSTERIC MODULATOR	PubMed	18384456	http://europepmc.org/abstract/MED/18384456
CHEMBL452	CHEMBL2093872	GABA-A receptor; anion channel positive allosteric modulator	POSITIVE ALLOSTERIC MODULATOR	PubMed	3034628	http://europepmc.org/abstract/MED/3034628
CHEMBL452	CHEMBL2093872	GABA-A receptor; anion channel positive allosteric modulator	POSITIVE ALLOSTERIC MODULATOR	PubMed	6135616	http://europepmc.org/abstract/MED/6135616
CHEMBL1705	CHEMBL2095158	Adrenergic receptor alpha-2 agonist	AGONIST	DailyMed	setid=f6798f73-b5a6-434b-a627-aa102b123dd5#nlm34090-1	http://dailymed.nlm.nih.gov/dailymed/lookup.cfm?setid=f6798f73-b5a6-434b-a627-aa102b123dd5#nlm34090-1
CHEMBL104	CHEMBL1780	Cytochrome P450 51 inhibitor	INHIBITOR	PubMed	1929324	http://europepmc.org/abstract/MED/1929324
CHEMBL104	CHEMBL1780	Cytochrome P450 51 inhibitor	INHIBITOR	PubMed	9326581	http://europepmc.org/abstract/MED/9326581
CHEMBL42	CHEMBL224	Serotonin 2a (5-HT2a) receptor antagonist	ANTAGONIST	DailyMed	setid=53bdb79c-c4cf-4818-b1f0-225e67a14536#nlm34090-1	http://dailymed.nlm.nih.gov/dailymed/lookup.cfm?setid=53bdb79c-c4cf-4818-b1f0-225e67a14536#nlm34090-1
CHEMBL42	CHEMBL224	Serotonin 2a (5-HT2a) receptor antagonist	ANTAGONIST	PubMed	17015232	http://europepmc.org/abstract/MED/17015232
CHEMBL42	CHEMBL217	Dopamine D2 receptor antagonist	ANTAGONIST	DailyMed	setid=53bdb79c-c4cf-4818-b1f0-225e67a14536#nlm34090-1	http://dailymed.nlm.nih.gov/dailymed/lookup.cfm?setid=53bdb79c-c4cf-4818-b1f0-225e67a14536#nlm34090-1
CHEMBL42	CHEMBL217	Dopamine D2 receptor antagonist	ANTAGONIST	PubMed	17015232	http://europepmc.org/abstract/MED/17015232
CHEMBL2095208	CHEMBL2364675	Cytochrome P450 3A inhibitor	INHIBITOR	DailyMed	setid=74ae2a93-b267-444c-8f0f-a2a6522260ee	http://dailymed.nlm.nih.gov/dailymed/lookup.cfm?setid=74ae2a93-b267-444c-8f0f-a2a6522260ee
CHEMBL2146883	CHEMBL3587	Dual specificity mitogen-activated protein kinase kinase 1 inhibitor	INHIBITOR	PubMed	22084396	http://europepmc.org/abstract/MED/22084396
CHEMBL2146883	CHEMBL3587	Dual specificity mitogen-activated protein kinase kinase 1 inhibitor	INHIBITOR	PubMed	22496205	http://europepmc.org/abstract/MED/22496205
CHEMBL2146883	CHEMBL2964	Dual specificity mitogen-activated protein kinase kinase 2 inhibitor	INHIBITOR	PubMed	22084396	http://europepmc.org/abstract/MED/22084396
CHEMBL2146883	CHEMBL2964	Dual specificity mitogen-activated protein kinase kinase 2 inhibitor	INHIBITOR	PubMed	22496205	http://europepmc.org/abstract/MED/22496205
CHEMBL1201463	CHEMBL2095181	Opioid receptors; mu/kappa/delta agonist	AGONIST	PubMed	15611852	http://europepmc.org/abstract/MED/15611852
CHEMBL1201463	CHEMBL2095181	Opioid receptors; mu/kappa/delta agonist	AGONIST	PubMed	17620111	http://europepmc.org/abstract/MED/17620111
CHEMBL107	CHEMBL2095182	Tubulin inhibitor	INHIBITOR	DailyMed	setid=5ecaa34e-1bed-49a5-b97c-a8f8c0d885a7	http://dailymed.nlm.nih.gov/dailymed/lookup.cfm?setid=5ecaa34e-1bed-49a5-b97c-a8f8c0d885a7
CHEMBL107	CHEMBL2095182	Tubulin inhibitor	INHIBITOR	PubMed	15720245	http://europepmc.org/abstract/MED/15720245
CHEMBL3218576	CHEMBL4005	PI3-kinase p110-alpha subunit inhibitor	INHIBITOR	PubMed	15705718	http://europepmc.org/abstract/MED/15705718
CHEMBL3218576	CHEMBL4005	PI3-kinase p110-alpha subunit inhibitor	INHIBITOR	PubMed	24170767	http://europepmc.org/abstract/MED/24170767
CHEMBL3218576	CHEMBL3130	PI3-kinase p110-delta subunit inhibitor	INHIBITOR	PubMed	15705718	http://europepmc.org/abstract/MED/15705718
CHEMBL3218576	CHEMBL3130	PI3-kinase p110-delta subunit inhibitor	INHIBITOR	PubMed	24170767	http://europepmc.org/abstract/MED/24170767
CHEMBL3545068	CHEMBL4005	PI3-kinase p110-alpha subunit inhibitor	INHIBITOR	PubMed	15705718	http://europepmc.org/abstract/MED/15705718
CHEMBL3545068	CHEMBL4005	PI3-kinase p110-alpha subunit inhibitor	INHIBITOR	PubMed	24170767	http://europepmc.org/abstract/MED/24170767
CHEMBL3545068	CHEMBL3130	PI3-kinase p110-delta subunit inhibitor	INHIBITOR	PubMed	15705718	http://europepmc.org/abstract/MED/15705718
CHEMBL3545068	CHEMBL3130	PI3-kinase p110-delta subunit inhibitor	INHIBITOR	PubMed	24170767	http://europepmc.org/abstract/MED/24170767
CHEMBL6466		Unknown		PubMed	20024932	http://europepmc.org/abstract/MED/20024932
CHEMBL6466		Unknown		PubMed	24561300	http://europepmc.org/abstract/MED/24561300
CHEMBL6466		Unknown		PubMed	25553437	http://europepmc.org/abstract/MED/25553437
CHEMBL160	CHEMBL1949	Cyclophilin A modulator	MODULATOR	PubMed	15879096	http://europepmc.org/abstract/MED/15879096
CHEMBL160	CHEMBL1949	Cyclophilin A modulator	MODULATOR	PubMed	18385230	http://europepmc.org/abstract/MED/18385230
CHEMBL160	CHEMBL1949	Cyclophilin A modulator	MODULATOR	PubMed	22642569	http://europepmc.org/abstract/MED/22642569
CHEMBL803	CHEMBL2311221	DNA inhibitor	INHIBITOR	DailyMed	setid=1315f89d-f530-4dff-98e5-27d51617d4a1	http://dailymed.nlm.nih.gov/dailymed/lookup.cfm?setid=1315f89d-f530-4dff-98e5-27d51617d4a1
CHEMBL803	CHEMBL2311222	RNA inhibitor	INHIBITOR	DailyMed	setid=1315f89d-f530-4dff-98e5-27d51617d4a1	http://dailymed.nlm.nih.gov/dailymed/lookup.cfm?setid=1315f89d-f530-4dff-98e5-27d51617d4a1
CHEMBL803	CHEMBL2363042	DNA polymerase (alpha/delta/epsilon) inhibitor	INHIBITOR	DailyMed	setid=1315f89d-f530-4dff-98e5-27d51617d4a1	http://dailymed.nlm.nih.gov/dailymed/lookup.cfm?setid=1315f89d-f530-4dff-98e5-27d51617d4a1
CHEMBL48361	CHEMBL204	Thrombin inhibitor	INHIBITOR	PubMed	17721615	http://europepmc.org/abstract/MED/17721615
CHEMBL2105729	CHEMBL5145	Serine/threonine-protein kinase B-raf inhibitor	INHIBITOR	DailyMed	setid=803beaaa-33f9-48cc-9a95-c2e887e095b4#nlm34090-1	http://dailymed.nlm.nih.gov/dailymed/lookup.cfm?setid=803beaaa-33f9-48cc-9a95-c2e887e095b4#nlm34090-1
CHEMBL476	CHEMBL2311221	DNA inhibitor	INHIBITOR	DailyMed	setid=b6b97e41-5f15-498c-abfb-d8443ea4d216	http://dailymed.nlm.nih.gov/dailymed/lookup.cfm?setid=b6b97e41-5f15-498c-abfb-d8443ea4d216
CHEMBL2105719	CHEMBL203	Epidermal growth factor receptor erbB1 inhibitor	INHIBITOR	PubMed	18089823	http://europepmc.org/abstract/MED/18089823
CHEMBL2105719	CHEMBL1824	Receptor protein-tyrosine kinase erbB-2 inhibitor	INHIBITOR	PubMed	18089823	http://europepmc.org/abstract/MED/18089823
CHEMBL2105719	CHEMBL3009	Receptor protein-tyrosine kinase erbB-4 inhibitor	INHIBITOR	PubMed	18089823	http://europepmc.org/abstract/MED/18089823
CHEMBL2110732	CHEMBL203	Epidermal growth factor receptor erbB1 inhibitor	INHIBITOR	PubMed	18089823	http://europepmc.org/abstract/MED/18089823
CHEMBL2110732	CHEMBL1824	Receptor protein-tyrosine kinase erbB-2 inhibitor	INHIBITOR	PubMed	18089823	http://europepmc.org/abstract/MED/18089823
CHEMBL2110732	CHEMBL3009	Receptor protein-tyrosine kinase erbB-4 inhibitor	INHIBITOR	PubMed	18089823	http://europepmc.org/abstract/MED/18089823
CHEMBL1554	CHEMBL2311221	DNA inhibitor	INHIBITOR	PubMed	23144800	http://europepmc.org/abstract/MED/23144800
CHEMBL284348	CHEMBL2362996	Voltage-gated potassium channel blocker	BLOCKER	PubMed	21595605	http://europepmc.org/abstract/MED/21595605
CHEMBL1479	CHEMBL208	Progesterone receptor agonist	AGONIST	PubMed	18061638	http://europepmc.org/abstract/MED/18061638
CHEMBL1479	CHEMBL1871	Androgen Receptor agonist	AGONIST	PubMed	18061638	http://europepmc.org/abstract/MED/18061638
CHEMBL1043	CHEMBL2362993	Dihydropteroate synthase 1 inhibitor	INHIBITOR	PubMed	17134675	http://europepmc.org/abstract/MED/17134675
CHEMBL1421	CHEMBL1862	Tyrosine-protein kinase ABL inhibitor	INHIBITOR	DailyMed	setid=0e7f054c-7a27-4192-bd1c-6115d8be858f#section-13	http://dailymed.nlm.nih.gov/dailymed/lookup.cfm?setid=0e7f054c-7a27-4192-bd1c-6115d8be858f#section-13
CHEMBL1421	CHEMBL1913	Platelet-derived growth factor receptor beta inhibitor	INHIBITOR	DailyMed	setid=0e7f054c-7a27-4192-bd1c-6115d8be858f#section-13	http://dailymed.nlm.nih.gov/dailymed/lookup.cfm?setid=0e7f054c-7a27-4192-bd1c-6115d8be858f#section-13
CHEMBL1421	CHEMBL1936	Stem cell growth factor receptor inhibitor	INHIBITOR	DailyMed	setid=0e7f054c-7a27-4192-bd1c-6115d8be858f#section-13	http://dailymed.nlm.nih.gov/dailymed/lookup.cfm?setid=0e7f054c-7a27-4192-bd1c-6115d8be858f#section-13
CHEMBL1421	CHEMBL2068	Ephrin type-A receptor 2 inhibitor	INHIBITOR	DailyMed	setid=0e7f054c-7a27-4192-bd1c-6115d8be858f#section-13	http://dailymed.nlm.nih.gov/dailymed/lookup.cfm?setid=0e7f054c-7a27-4192-bd1c-6115d8be858f#section-13
CHEMBL1421	CHEMBL2363074	SRC inhibitor	INHIBITOR	DailyMed	setid=0e7f054c-7a27-4192-bd1c-6115d8be858f#section-13	http://dailymed.nlm.nih.gov/dailymed/lookup.cfm?setid=0e7f054c-7a27-4192-bd1c-6115d8be858f#section-13
CHEMBL1563	CHEMBL1806	DNA topoisomerase II alpha inhibitor	INHIBITOR	DailyMed	archiveid=215669	http://www.dailymed.nlm.nih.gov/dailymed/archives/fdaDrugInfo.cfm?archiveid=215669
CHEMBL1563	CHEMBL1806	DNA topoisomerase II alpha inhibitor	INHIBITOR	DailyMed	archiveid=69731	http://www.dailymed.nlm.nih.gov/dailymed/archives/fdaDrugInfo.cfm?archiveid=69731
CHEMBL1563	CHEMBL2311221	DNA inhibitor	INHIBITOR	DailyMed	archiveid=215669	http://www.dailymed.nlm.nih.gov/dailymed/archives/fdaDrugInfo.cfm?archiveid=215669
CHEMBL1563	CHEMBL2311221	DNA inhibitor	INHIBITOR	DailyMed	archiveid=69731	http://www.dailymed.nlm.nih.gov/dailymed/archives/fdaDrugInfo.cfm?archiveid=69731
CHEMBL1200475	CHEMBL1806	DNA topoisomerase II alpha inhibitor	INHIBITOR	DailyMed	archiveid=215669	http://www.dailymed.nlm.nih.gov/dailymed/archives/fdaDrugInfo.cfm?archiveid=215669
CHEMBL1200475	CHEMBL1806	DNA topoisomerase II alpha inhibitor	INHIBITOR	DailyMed	archiveid=69731	http://www.dailymed.nlm.nih.gov/dailymed/archives/fdaDrugInfo.cfm?archiveid=69731
CHEMBL1200475	CHEMBL2311221	DNA inhibitor	INHIBITOR	DailyMed	archiveid=215669	http://www.dailymed.nlm.nih.gov/dailymed/archives/fdaDrugInfo.cfm?archiveid=215669
CHEMBL1200475	CHEMBL2311221	DNA inhibitor	INHIBITOR	DailyMed	archiveid=69731	http://www.dailymed.nlm.nih.gov/dailymed/archives/fdaDrugInfo.cfm?archiveid=69731
CHEMBL550348	CHEMBL2363058	Iron chelating agent	CHELATING AGENT	DailyMed	setid=3495a70c-870c-4968-940e-8baea152cf85#nlm34090-1	http://dailymed.nlm.nih.gov/dailymed/lookup.cfm?setid=3495a70c-870c-4968-940e-8baea152cf85#nlm34090-1
CHEMBL1237023	CHEMBL2364162	Tumor necrosis factor ligand superfamily member 11 inhibitor	INHIBITOR	DailyMed	setid=49e5afe9-a0c7-40c4-af9f-f287a80c5c88	http://dailymed.nlm.nih.gov/dailymed/lookup.cfm?setid=49e5afe9-a0c7-40c4-af9f-f287a80c5c88
CHEMBL333826		Unknown		PubMed	12508052	http://europepmc.org/abstract/MED/12508052
CHEMBL333826		Unknown		PubMed	19525487	http://europepmc.org/abstract/MED/19525487
CHEMBL333826		Unknown		PubMed	26506926	http://europepmc.org/abstract/MED/26506926
CHEMBL333826		Unknown		PubMed	9523323	http://europepmc.org/abstract/MED/9523323
CHEMBL1201728	CHEMBL228	Serotonin transporter inhibitor	INHIBITOR	DailyMed	setid=d52d4043-9795-41d0-91f1-d558fe18d680#nlm34090-1	http://dailymed.nlm.nih.gov/dailymed/lookup.cfm?setid=d52d4043-9795-41d0-91f1-d558fe18d680#nlm34090-1
CHEMBL1201728	CHEMBL222	Norepinephrine transporter inhibitor	INHIBITOR	DailyMed	setid=d52d4043-9795-41d0-91f1-d558fe18d680#nlm34090-1	http://dailymed.nlm.nih.gov/dailymed/lookup.cfm?setid=d52d4043-9795-41d0-91f1-d558fe18d680#nlm34090-1
CHEMBL384467	CHEMBL2034	Glucocorticoid receptor agonist	AGONIST	PubMed	16891588	http://europepmc.org/abstract/MED/16891588
CHEMBL384467	CHEMBL2034	Glucocorticoid receptor agonist	AGONIST	PubMed	16956592	http://europepmc.org/abstract/MED/16956592
CHEMBL384467	CHEMBL2034	Glucocorticoid receptor agonist	AGONIST	PubMed	16971495	http://europepmc.org/abstract/MED/16971495
CHEMBL2106195	CHEMBL2095158	Adrenergic receptor alpha-2 agonist	AGONIST	DailyMed	setid=548a88c0-afda-427e-75ac-5af0cfa2224c#nlm34090-1	http://dailymed.nlm.nih.gov/dailymed/lookup.cfm?setid=548a88c0-afda-427e-75ac-5af0cfa2224c#nlm34090-1
CHEMBL3544971	CHEMBL238	Dopamine transporter releasing agent	RELEASING AGENT	PubMed	16122767	http://europepmc.org/abstract/MED/16122767
CHEMBL3544971	CHEMBL238	Dopamine transporter releasing agent	RELEASING AGENT	PubMed	19244097	http://europepmc.org/abstract/MED/19244097
CHEMBL3544971	CHEMBL238	Dopamine transporter releasing agent	RELEASING AGENT	PubMed	7869099	http://europepmc.org/abstract/MED/7869099
CHEMBL3544971	CHEMBL222	Norepinephrine transporter releasing agent	RELEASING AGENT	PubMed	17239355	http://europepmc.org/abstract/MED/17239355
CHEMBL3544971	CHEMBL222	Norepinephrine transporter releasing agent	RELEASING AGENT	PubMed	19727679	http://europepmc.org/abstract/MED/19727679
CHEMBL3544971	CHEMBL1893	Synaptic vesicular amine transporter inhibitor	INHIBITOR	PubMed	15955613	http://europepmc.org/abstract/MED/15955613
CHEMBL3544971	CHEMBL1893	Synaptic vesicular amine transporter inhibitor	INHIBITOR	PubMed	7751968	http://europepmc.org/abstract/MED/7751968
CHEMBL1256818	CHEMBL287	Sigma opioid receptor agonist	AGONIST	PubMed	2897648	http://europepmc.org/abstract/MED/2897648
CHEMBL1256818	CHEMBL1972	Glutamate [NMDA] receptor subunit epsilon 1 antagonist	ANTAGONIST	PubMed	2897648	http://europepmc.org/abstract/MED/2897648
CHEMBL1201461	CHEMBL287	Sigma opioid receptor agonist	AGONIST	PubMed	2897648	http://europepmc.org/abstract/MED/2897648
CHEMBL1201461	CHEMBL1972	Glutamate [NMDA] receptor subunit epsilon 1 antagonist	ANTAGONIST	PubMed	2897648	http://europepmc.org/abstract/MED/2897648
CHEMBL559	CHEMBL2111462	Thyroid hormone receptor agonist	AGONIST	PubMed	20935564	http://europepmc.org/abstract/MED/20935564
CHEMBL559	CHEMBL2111462	Thyroid hormone receptor agonist	AGONIST	PubMed	9440092	http://europepmc.org/abstract/MED/9440092
CHEMBL181	CHEMBL1886	Potassium channel, inwardly rectifying, subfamily J, member 11 opener	OPENER	DailyMed	setid=b16c7832-2fd9-49af-b923-1dc0d91fd6e2#nlm34090-1	http://dailymed.nlm.nih.gov/dailymed/lookup.cfm?setid=b16c7832-2fd9-49af-b923-1dc0d91fd6e2#nlm34090-1
CHEMBL181	CHEMBL4770	Potassium channel, inwardly rectifying, subfamily J, member 8 opener	OPENER	DailyMed	setid=b16c7832-2fd9-49af-b923-1dc0d91fd6e2#nlm34090-1	http://dailymed.nlm.nih.gov/dailymed/lookup.cfm?setid=b16c7832-2fd9-49af-b923-1dc0d91fd6e2#nlm34090-1
CHEMBL2109171	CHEMBL5275	Bone morphogenetic protein receptor type-1A agonist	AGONIST	PubMed	31979268	https://pubmed.ncbi.nlm.nih.gov/31979268/
CHEMBL2109171	CHEMBL5466	Activin receptor type-2B agonist	AGONIST	PubMed	31979268	https://pubmed.ncbi.nlm.nih.gov/31979268/
CHEMBL2109171	CHEMBL5467	Bone morphogenetic protein receptor type-2 agonist	AGONIST	PubMed	31979268	https://pubmed.ncbi.nlm.nih.gov/31979268/
CHEMBL2109171	CHEMBL5476	Bone morphogenetic protein receptor type-1B agonist	AGONIST	PubMed	31979268	https://pubmed.ncbi.nlm.nih.gov/31979268/
CHEMBL2109171	CHEMBL5616	Activin receptor type-2A agonist	AGONIST	PubMed	31979268	https://pubmed.ncbi.nlm.nih.gov/31979268/
CHEMBL2109171	CHEMBL5903	Activin receptor type-1 agonist	AGONIST	PubMed	31979268	https://pubmed.ncbi.nlm.nih.gov/31979268/
CHEMBL139	CHEMBL2094253	Cyclooxygenase inhibitor	INHIBITOR	PubMed	12534640	http://europepmc.org/abstract/MED/12534640
CHEMBL139	CHEMBL2094253	Cyclooxygenase inhibitor	INHIBITOR	PubMed	12713596	http://europepmc.org/abstract/MED/12713596
CHEMBL139	CHEMBL2094253	Cyclooxygenase inhibitor	INHIBITOR	PubMed	12925531	http://europepmc.org/abstract/MED/12925531
CHEMBL1034	CHEMBL2094253	Cyclooxygenase inhibitor	INHIBITOR	PubMed	12534640	http://europepmc.org/abstract/MED/12534640
CHEMBL1034	CHEMBL2094253	Cyclooxygenase inhibitor	INHIBITOR	PubMed	12713596	http://europepmc.org/abstract/MED/12713596
CHEMBL1034	CHEMBL2094253	Cyclooxygenase inhibitor	INHIBITOR	PubMed	12925531	http://europepmc.org/abstract/MED/12925531
CHEMBL1466	CHEMBL1930	Vitamin k epoxide reductase complex subunit 1 isoform 1 inhibitor	INHIBITOR	PubMed	18374197	http://europepmc.org/abstract/MED/18374197
CHEMBL1200479	CHEMBL245	Muscarinic acetylcholine receptor M3 antagonist	ANTAGONIST	DailyMed	setid=c56598d5-9cd1-4cce-b172-ac338775aec7	http://dailymed.nlm.nih.gov/dailymed/lookup.cfm?setid=c56598d5-9cd1-4cce-b172-ac338775aec7
CHEMBL1200479	CHEMBL216	Muscarinic acetylcholine receptor M1 antagonist	ANTAGONIST	DailyMed	setid=c56598d5-9cd1-4cce-b172-ac338775aec7	http://dailymed.nlm.nih.gov/dailymed/lookup.cfm?setid=c56598d5-9cd1-4cce-b172-ac338775aec7
CHEMBL1460	CHEMBL247	Human immunodeficiency virus type 1 reverse transcriptase inhibitor	INHIBITOR	DailyMed	setid=22e2ca82-c7b5-4f03-9a81-81e130237565	http://dailymed.nlm.nih.gov/dailymed/lookup.cfm?setid=22e2ca82-c7b5-4f03-9a81-81e130237565
CHEMBL411	CHEMBL206	Estrogen receptor alpha agonist	AGONIST	PubMed	22682699	http://europepmc.org/abstract/MED/22682699
CHEMBL254219	CHEMBL2095186	Sodium/potassium-transporting ATPase inhibitor	INHIBITOR	PubMed	23210930	http://europepmc.org/abstract/MED/23210930
CHEMBL1751	CHEMBL2095186	Sodium/potassium-transporting ATPase inhibitor	INHIBITOR	DailyMed	setid=8a919762-ede5-4aa9-8688-65010c9a5641	http://dailymed.nlm.nih.gov/dailymed/lookup.cfm?setid=8a919762-ede5-4aa9-8688-65010c9a5641
CHEMBL1697	CHEMBL2095229	Voltage-gated L-type calcium channel blocker	BLOCKER	DailyMed	setid=a91f6d42-e74e-461b-af00-44a118ecc502	http://dailymed.nlm.nih.gov/dailymed/lookup.cfm?setid=a91f6d42-e74e-461b-af00-44a118ecc502
CHEMBL1200406	CHEMBL231	Histamine H1 receptor antagonist	ANTAGONIST	PubMed	11835984	http://europepmc.org/abstract/MED/11835984
CHEMBL1597	CHEMBL2363053	Heavy metals chelating agent	CHELATING AGENT	DailyMed	setid=bee9a137-160f-47e8-a551-ca461ae4f51e#nlm34090-1	http://dailymed.nlm.nih.gov/dailymed/lookup.cfm?setid=bee9a137-160f-47e8-a551-ca461ae4f51e#nlm34090-1
CHEMBL932	CHEMBL1997	Equilibrative nucleoside transporter 1 inhibitor	INHIBITOR	DailyMed	setid=ae7585ec-1280-40fe-b888-613b8a0e6ef6	http://dailymed.nlm.nih.gov/dailymed/lookup.cfm?setid=ae7585ec-1280-40fe-b888-613b8a0e6ef6
CHEMBL932	CHEMBL2363066	3',5'-cyclic phosphodiesterase inhibitor	INHIBITOR	DailyMed	setid=ae7585ec-1280-40fe-b888-613b8a0e6ef6	http://dailymed.nlm.nih.gov/dailymed/lookup.cfm?setid=ae7585ec-1280-40fe-b888-613b8a0e6ef6
CHEMBL932	CHEMBL2363066	3',5'-cyclic phosphodiesterase inhibitor	INHIBITOR	PubMed	15672122	http://europepmc.org/abstract/MED/15672122
CHEMBL3989803	CHEMBL2094253	Cyclooxygenase inhibitor	INHIBITOR	PubMed	15137974	http://europepmc.org/abstract/MED/15137974
CHEMBL3989803	CHEMBL2094253	Cyclooxygenase inhibitor	INHIBITOR	PubMed	15478170	http://europepmc.org/abstract/MED/15478170
CHEMBL3989803	CHEMBL2094253	Cyclooxygenase inhibitor	INHIBITOR	PubMed	15595715	http://europepmc.org/abstract/MED/15595715
CHEMBL3989803	CHEMBL2094253	Cyclooxygenase inhibitor	INHIBITOR	PubMed	17435797	http://europepmc.org/abstract/MED/17435797
CHEMBL3989803	CHEMBL2094253	Cyclooxygenase inhibitor	INHIBITOR	PubMed	27161474	http://europepmc.org/abstract/MED/27161474
CHEMBL964	CHEMBL1935	Aldehyde dehydrogenase inhibitor	INHIBITOR	DailyMed	archiveid=146982	http://www.dailymed.nlm.nih.gov/dailymed/archives/fdaDrugInfo.cfm?archiveid=146982
CHEMBL473	CHEMBL240	HERG blocker	BLOCKER	DailyMed	setid=02438044-d6a3-49e9-a1ac-3aad21ef2c8c	http://dailymed.nlm.nih.gov/dailymed/lookup.cfm?setid=02438044-d6a3-49e9-a1ac-3aad21ef2c8c
CHEMBL1213165	CHEMBL3471	Human immunodeficiency virus type 1 integrase inhibitor	INHIBITOR	DailyMed	63df5af3-b8ac-4e76-9830-2dbb340af922	http://dailymed.nlm.nih.gov/dailymed/lookup.cfm?setid=63df5af3-b8ac-4e76-9830-2dbb340af922
CHEMBL1213165	CHEMBL3471	Human immunodeficiency virus type 1 integrase inhibitor	INHIBITOR	PubMed	24052331	http://europepmc.org/abstract/MED/24052331
CHEMBL1628234	CHEMBL222	Norepinephrine transporter inhibitor	INHIBITOR	DailyMed	setid=912d8d23-1c69-fc0e-1d2d-49dafd3c3746#nlm34090-1	http://dailymed.nlm.nih.gov/dailymed/lookup.cfm?setid=912d8d23-1c69-fc0e-1d2d-49dafd3c3746#nlm34090-1
CHEMBL465	CHEMBL218	Cannabinoid CB1 receptor agonist	AGONIST	DailyMed	setid=68b4168b-5782-4e68-a25a-5b4e4408dbce#nlm34090-1	http://dailymed.nlm.nih.gov/dailymed/lookup.cfm?setid=68b4168b-5782-4e68-a25a-5b4e4408dbce#nlm34090-1
CHEMBL465	CHEMBL218	Cannabinoid CB1 receptor agonist	AGONIST	PubMed	16570099	http://europepmc.org/abstract/MED/16570099
CHEMBL1108	CHEMBL224	Serotonin 2a (5-HT2a) receptor antagonist	ANTAGONIST	PubMed	20832967	http://europepmc.org/abstract/MED/20832967
CHEMBL1108	CHEMBL2331075	D2-like dopamine receptor antagonist	ANTAGONIST	PubMed	20832967	http://europepmc.org/abstract/MED/20832967
CHEMBL1200328	CHEMBL228	Serotonin transporter inhibitor	INHIBITOR	DailyMed	setid=baaa3a1a-bada-082f-5e77-d9013c6fc109#nlm34090-1	http://dailymed.nlm.nih.gov/dailymed/lookup.cfm?setid=baaa3a1a-bada-082f-5e77-d9013c6fc109#nlm34090-1
CHEMBL1200328	CHEMBL228	Serotonin transporter inhibitor	INHIBITOR	PubMed	18416656	http://europepmc.org/abstract/MED/18416656
CHEMBL1200328	CHEMBL222	Norepinephrine transporter inhibitor	INHIBITOR	DailyMed	setid=baaa3a1a-bada-082f-5e77-d9013c6fc109#nlm34090-1	http://dailymed.nlm.nih.gov/dailymed/lookup.cfm?setid=baaa3a1a-bada-082f-5e77-d9013c6fc109#nlm34090-1
CHEMBL1200328	CHEMBL222	Norepinephrine transporter inhibitor	INHIBITOR	PubMed	18416656	http://europepmc.org/abstract/MED/18416656
CHEMBL3301587	CHEMBL3580522	Programmed cell death 1 ligand 1 inhibitor	INHIBITOR	PubMed	25943534	http://europepmc.org/abstract/MED/25943534
CHEMBL3301587	CHEMBL3580522	Programmed cell death 1 ligand 1 inhibitor	INHIBITOR	PubMed	27265743	http://europepmc.org/abstract/MED/27265743
CHEMBL1200969	CHEMBL2363075	Steroid 5-alpha-reductase inhibitor	INHIBITOR	DailyMed	setid=dc330e70-a1d3-400b-3aaf-46067e3fd090	http://dailymed.nlm.nih.gov/dailymed/lookup.cfm?setid=dc330e70-a1d3-400b-3aaf-46067e3fd090
CHEMBL1200478	CHEMBL2331043	Sodium channel alpha subunit blocker	BLOCKER	DailyMed	setid=6fde9446-0f8d-4bba-98dc-3e3a1f170488	http://dailymed.nlm.nih.gov/dailymed/lookup.cfm?setid=6fde9446-0f8d-4bba-98dc-3e3a1f170488
CHEMBL1200478	CHEMBL2331043	Sodium channel alpha subunit blocker	BLOCKER	PubMed	15635807	http://europepmc.org/abstract/MED/15635807
CHEMBL1200478	CHEMBL2331043	Sodium channel alpha subunit blocker	BLOCKER	PubMed	8799190	http://europepmc.org/abstract/MED/8799190
CHEMBL18901	CHEMBL2095168	Hemoglobin HbA negative modulator	NEGATIVE MODULATOR	PubMed	11316875	http://europepmc.org/abstract/MED/11316875
CHEMBL18901	CHEMBL2095168	Hemoglobin HbA negative modulator	NEGATIVE MODULATOR	PubMed	8770102	http://europepmc.org/abstract/MED/8770102
CHEMBL223228	CHEMBL247	Human immunodeficiency virus type 1 reverse transcriptase inhibitor	INHIBITOR	DailyMed	setid=32d6371e-ba56-4294-b732-6d43627c5c47	http://dailymed.nlm.nih.gov/dailymed/lookup.cfm?setid=32d6371e-ba56-4294-b732-6d43627c5c47
CHEMBL1201037	CHEMBL1869	Ornithine decarboxylase inhibitor	INHIBITOR	DailyMed	setid=a2c3d206-b893-4f65-a2f6-c11fa9a0e486	http://dailymed.nlm.nih.gov/dailymed/lookup.cfm?setid=a2c3d206-b893-4f65-a2f6-c11fa9a0e486
CHEMBL460026		Unknown		DailyMed	setid=9c1a2828-1583-4414-ab22-a60480e8e508	http://dailymed.nlm.nih.gov/dailymed/lookup.cfm?setid=9c1a2828-1583-4414-ab22-a60480e8e508
CHEMBL3301612	CHEMBL5145	Serine/threonine-protein kinase B-raf inhibitor	INHIBITOR	PubMed	23617957	http://europepmc.org/abstract/MED/23617957
CHEMBL953	CHEMBL2023	Catechol O-methyltransferase inhibitor	INHIBITOR	DailyMed	setid=95976f1d-1b36-4f08-a98f-36d5d7883d7b#nlm34090-1	http://dailymed.nlm.nih.gov/dailymed/lookup.cfm?setid=95976f1d-1b36-4f08-a98f-36d5d7883d7b#nlm34090-1
CHEMBL679	CHEMBL2331074	Adrenergic receptor agonist	AGONIST	DailyMed	setid=0d895e4c-ec4d-47ff-b624-0df457e7bfc7	http://dailymed.nlm.nih.gov/dailymed/lookup.cfm?setid=0d895e4c-ec4d-47ff-b624-0df457e7bfc7
CHEMBL1200981	CHEMBL2311221	DNA inhibitor	INHIBITOR	DailyMed	setid=0a03c798-a652-4895-b29c-3b521a89ba42#section-14	http://dailymed.nlm.nih.gov/dailymed/lookup.cfm?setid=0a03c798-a652-4895-b29c-3b521a89ba42#section-14
CHEMBL2108594	CHEMBL5275	Bone morphogenetic protein receptor type-1A agonist	AGONIST	PubMed	31979268	https://pubmed.ncbi.nlm.nih.gov/31979268/
CHEMBL2108594	CHEMBL5467	Bone morphogenetic protein receptor type-2 agonist	AGONIST	PubMed	31979268	https://pubmed.ncbi.nlm.nih.gov/31979268/
CHEMBL2108594	CHEMBL5476	Bone morphogenetic protein receptor type-1B agonist	AGONIST	PubMed	31979268	https://pubmed.ncbi.nlm.nih.gov/31979268/
CHEMBL2108594	CHEMBL5903	Activin receptor type-1 agonist	AGONIST	PubMed	31979268	https://pubmed.ncbi.nlm.nih.gov/31979268/
CHEMBL3833329	CHEMBL3798	Calcitonin gene-related peptide type 1 receptor antagonist	ANTAGONIST	PubMed	28129635	http://europepmc.org/abstract/MED/28129635
CHEMBL1079742	CHEMBL203	Epidermal growth factor receptor erbB1 inhibitor	INHIBITOR	DailyMed	setid=57bccb29-1c47-4c64-ab6a-77960a91cc20#section-13	http://dailymed.nlm.nih.gov/dailymed/lookup.cfm?setid=57bccb29-1c47-4c64-ab6a-77960a91cc20#section-13
CHEMBL532	CHEMBL2363135	Bacterial 70S ribosome inhibitor	INHIBITOR	DailyMed	setid=9a63da11-01be-4c63-a260-e6bdbb4a7a69	http://dailymed.nlm.nih.gov/dailymed/lookup.cfm?setid=9a63da11-01be-4c63-a260-e6bdbb4a7a69
CHEMBL532	CHEMBL2363135	Bacterial 70S ribosome inhibitor	INHIBITOR	PubMed	20876130	http://europepmc.org/abstract/MED/20876130
CHEMBL135	CHEMBL206	Estrogen receptor alpha agonist	AGONIST	DailyMed	setid=0f943869-41a2-4f7e-943d-dd8c17996dd8#nlm34090-1	http://dailymed.nlm.nih.gov/dailymed/lookup.cfm?setid=0f943869-41a2-4f7e-943d-dd8c17996dd8#nlm34090-1
CHEMBL1511	CHEMBL206	Estrogen receptor alpha agonist	AGONIST	DailyMed	setid=5d29dc3b-e19a-4924-8ad4-85018f0ab395	http://dailymed.nlm.nih.gov/dailymed/lookup.cfm?setid=5d29dc3b-e19a-4924-8ad4-85018f0ab395
CHEMBL1405	CHEMBL206	Estrogen receptor alpha agonist	AGONIST	PubMed	6863279	http://europepmc.org/abstract/MED/6863279
CHEMBL1201572	CHEMBL1825	TNF-alpha inhibitor	INHIBITOR	DailyMed	setid=a002b40c-097d-47a5-957f-7a7b1807af7f	http://dailymed.nlm.nih.gov/dailymed/lookup.cfm?setid=a002b40c-097d-47a5-957f-7a7b1807af7f
CHEMBL1201572	CHEMBL1825	TNF-alpha inhibitor	INHIBITOR	PubMed	10090426	http://europepmc.org/abstract/MED/10090426
CHEMBL3140361	CHEMBL1877	Arabinosyltransferase A inhibitor	INHIBITOR	PubMed	11854934	http://europepmc.org/abstract/MED/11854934
CHEMBL3140361	CHEMBL1877	Arabinosyltransferase A inhibitor	INHIBITOR	PubMed	16127055	http://europepmc.org/abstract/MED/16127055
CHEMBL3140361	CHEMBL1877	Arabinosyltransferase A inhibitor	INHIBITOR	PubMed	16595677	http://europepmc.org/abstract/MED/16595677
CHEMBL3140361	CHEMBL1877	Arabinosyltransferase A inhibitor	INHIBITOR	PubMed	16641474	http://europepmc.org/abstract/MED/16641474
CHEMBL3140361	CHEMBL1877	Arabinosyltransferase A inhibitor	INHIBITOR	PubMed	17630736	http://europepmc.org/abstract/MED/17630736
CHEMBL3140361	CHEMBL1877	Arabinosyltransferase A inhibitor	INHIBITOR	PubMed	19596878	http://europepmc.org/abstract/MED/19596878
CHEMBL44657	CHEMBL2094255	DNA topoisomerase II inhibitor	INHIBITOR	DailyMed	setid=508a418e-985f-4208-9324-2230655bb5c2	http://dailymed.nlm.nih.gov/dailymed/lookup.cfm?setid=508a418e-985f-4208-9324-2230655bb5c2
CHEMBL44657	CHEMBL2094255	DNA topoisomerase II inhibitor	INHIBITOR	PubMed	20534341	http://europepmc.org/abstract/MED/20534341
CHEMBL3358920	CHEMBL4333	Sphingosine 1-phosphate receptor Edg-1 agonist	AGONIST	PubMed	25516790	http://europepmc.org/abstract/MED/25516790
CHEMBL1908360	CHEMBL1902	FK506-binding protein 1A inhibitor	INHIBITOR	DailyMed	setid=2150f73a-179b-4afc-b8ce-67c85cc72f04#section-13	http://dailymed.nlm.nih.gov/dailymed/lookup.cfm?setid=2150f73a-179b-4afc-b8ce-67c85cc72f04#section-13
CHEMBL1200374	CHEMBL1978	Cytochrome P450 19A1 inhibitor	INHIBITOR	DailyMed	setid=cf066b7a-032a-416c-8d40-15ba581423e3#section-13	http://dailymed.nlm.nih.gov/dailymed/lookup.cfm?setid=cf066b7a-032a-416c-8d40-15ba581423e3#section-13
CHEMBL1164729	CHEMBL1929	Xanthine dehydrogenase inhibitor	INHIBITOR	DailyMed	setid=ae1e0d8a-03fc-419b-9d44-afa68fbd5681	http://dailymed.nlm.nih.gov/dailymed/lookup.cfm?setid=ae1e0d8a-03fc-419b-9d44-afa68fbd5681
CHEMBL1094	CHEMBL2094124	Glutamate [NMDA] receptor antagonist	ANTAGONIST	PubMed	10215667	http://europepmc.org/abstract/MED/10215667
CHEMBL1480	CHEMBL1994	Mineralocorticoid receptor antagonist	ANTAGONIST	PubMed	18250364	http://europepmc.org/abstract/MED/18250364
CHEMBL1480	CHEMBL2095229	Voltage-gated L-type calcium channel blocker	BLOCKER	DailyMed	setid=55637724-8757-11de-8a39-0800200c9a66	http://dailymed.nlm.nih.gov/dailymed/lookup.cfm?setid=55637724-8757-11de-8a39-0800200c9a66
CHEMBL1201745	CHEMBL239	Peroxisome proliferator-activated receptor alpha agonist	AGONIST	DailyMed	setid=86c49aff-0a4a-46b5-ac6e-26789bf17c9b	http://dailymed.nlm.nih.gov/dailymed/lookup.cfm?setid=86c49aff-0a4a-46b5-ac6e-26789bf17c9b
CHEMBL688	CHEMBL233	Mu opioid receptor agonist	AGONIST	DailyMed	setid=4906457e-30ad-4da7-b3ac-bb9e6651a670#nlm34090-1	http://dailymed.nlm.nih.gov/dailymed/lookup.cfm?setid=4906457e-30ad-4da7-b3ac-bb9e6651a670#nlm34090-1
CHEMBL1200830		Supplement		DailyMed	setid=5514d582-19b5-4f1e-b794-f790afb8211c	http://dailymed.nlm.nih.gov/dailymed/lookup.cfm?setid=5514d582-19b5-4f1e-b794-f790afb8211c
CHEMBL710	CHEMBL1856	Steroid 5-alpha-reductase 2 inhibitor	INHIBITOR	DailyMed	setid=c8ed59a3-c5b2-3156-b781-5e514b79011b	http://dailymed.nlm.nih.gov/dailymed/lookup.cfm?setid=c8ed59a3-c5b2-3156-b781-5e514b79011b
CHEMBL254857		Unknown		PubMed	1506632	http://europepmc.org/abstract/MED/1506632
CHEMBL254857		Unknown		PubMed	17577876	http://europepmc.org/abstract/MED/17577876
CHEMBL254857		Unknown		PubMed	2842556	http://europepmc.org/abstract/MED/2842556
CHEMBL254857		Unknown		PubMed	2879607	http://europepmc.org/abstract/MED/2879607
CHEMBL254857		Unknown		PubMed	3519097	http://europepmc.org/abstract/MED/3519097
CHEMBL254857		Unknown		PubMed	6435653	http://europepmc.org/abstract/MED/6435653
CHEMBL4297258	CHEMBL203	Epidermal growth factor receptor erbB1 inhibitor	INHIBITOR	PubMed	32007598	http://europepmc.org/abstract/MED/32007598
CHEMBL1200822	CHEMBL1980	Sodium channel protein type V alpha subunit blocker	BLOCKER	PubMed	15272045	http://europepmc.org/abstract/MED/15272045
CHEMBL231068		Unknown		DailyMed	setid=3819daf3-e935-2c53-c527-e1d57922f394	http://dailymed.nlm.nih.gov/dailymed/drugInfo.cfm?setid=3819daf3-e935-2c53-c527-e1d57922f394
CHEMBL917	CHEMBL1952	Thymidylate synthase inhibitor	INHIBITOR	PubMed	10482907	http://europepmc.org/abstract/MED/10482907
CHEMBL917	CHEMBL1952	Thymidylate synthase inhibitor	INHIBITOR	PubMed	10553409	http://europepmc.org/abstract/MED/10553409
CHEMBL917	CHEMBL1952	Thymidylate synthase inhibitor	INHIBITOR	PubMed	10697523	http://europepmc.org/abstract/MED/10697523
CHEMBL917	CHEMBL1952	Thymidylate synthase inhibitor	INHIBITOR	PubMed	10697524	http://europepmc.org/abstract/MED/10697524
CHEMBL106	CHEMBL1780	Cytochrome P450 51 inhibitor	INHIBITOR	DailyMed	setid=f694c617-3383-416c-91b6-b94fda371204	http://dailymed.nlm.nih.gov/dailymed/lookup.cfm?setid=f694c617-3383-416c-91b6-b94fda371204
CHEMBL1512	CHEMBL2034	Glucocorticoid receptor agonist	AGONIST	DailyMed	setid=7c72c954-3758-40c3-9977-d03b25d71e0a	http://dailymed.nlm.nih.gov/dailymed/lookup.cfm?setid=7c72c954-3758-40c3-9977-d03b25d71e0a
CHEMBL1628233		Disclosing agent		DailyMed	setid=900ec4c1-e5e3-e940-5b02-cf2589955e20	https://dailymed.nlm.nih.gov/dailymed/fda/fdaDrugXsl.cfm?setid=900ec4c1-e5e3-e940-5b02-cf2589955e20
CHEMBL185	CHEMBL1952	Thymidylate synthase inhibitor	INHIBITOR	DailyMed	setid=b90e0da7-f702-4f09-9488-74f2bb20e9ac	http://dailymed.nlm.nih.gov/dailymed/lookup.cfm?setid=b90e0da7-f702-4f09-9488-74f2bb20e9ac
CHEMBL185	CHEMBL2311221	DNA inhibitor	INHIBITOR	PubMed	12724731	http://europepmc.org/abstract/MED/12724731
CHEMBL185	CHEMBL2311222	RNA inhibitor	INHIBITOR	PubMed	12724731	http://europepmc.org/abstract/MED/12724731
CHEMBL1201082	CHEMBL228	Serotonin transporter inhibitor	INHIBITOR	DailyMed	setid=59de2889-c3d3-4ebf-8826-13f30a3fa439	http://dailymed.nlm.nih.gov/dailymed/lookup.cfm?setid=59de2889-c3d3-4ebf-8826-13f30a3fa439
CHEMBL1201082	CHEMBL228	Serotonin transporter inhibitor	INHIBITOR	PubMed	17289086	http://europepmc.org/abstract/MED/17289086
CHEMBL1201082	CHEMBL228	Serotonin transporter inhibitor	INHIBITOR	PubMed	17356573	http://europepmc.org/abstract/MED/17356573
CHEMBL1200951	CHEMBL217	Dopamine D2 receptor antagonist	ANTAGONIST	PubMed	11873706	http://europepmc.org/abstract/MED/11873706
CHEMBL1200951	CHEMBL217	Dopamine D2 receptor antagonist	ANTAGONIST	PubMed	7508675	http://europepmc.org/abstract/MED/7508675
CHEMBL1200951	CHEMBL217	Dopamine D2 receptor antagonist	ANTAGONIST	PubMed	7828655	http://europepmc.org/abstract/MED/7828655
CHEMBL1448187	CHEMBL217	Dopamine D2 receptor antagonist	ANTAGONIST	PubMed	11873706	http://europepmc.org/abstract/MED/11873706
CHEMBL1448187	CHEMBL217	Dopamine D2 receptor antagonist	ANTAGONIST	PubMed	7508675	http://europepmc.org/abstract/MED/7508675
CHEMBL1448187	CHEMBL217	Dopamine D2 receptor antagonist	ANTAGONIST	PubMed	7828655	http://europepmc.org/abstract/MED/7828655
CHEMBL563	CHEMBL2094253	Cyclooxygenase inhibitor	INHIBITOR	PubMed	10773011	http://europepmc.org/abstract/MED/10773011
CHEMBL563	CHEMBL2094253	Cyclooxygenase inhibitor	INHIBITOR	PubMed	11006278	http://europepmc.org/abstract/MED/11006278
CHEMBL563	CHEMBL2094253	Cyclooxygenase inhibitor	INHIBITOR	PubMed	11405284	http://europepmc.org/abstract/MED/11405284
CHEMBL563	CHEMBL2094253	Cyclooxygenase inhibitor	INHIBITOR	PubMed	11811354	http://europepmc.org/abstract/MED/11811354
CHEMBL563	CHEMBL2094253	Cyclooxygenase inhibitor	INHIBITOR	PubMed	12392782	http://europepmc.org/abstract/MED/12392782
CHEMBL563	CHEMBL2094253	Cyclooxygenase inhibitor	INHIBITOR	PubMed	17562170	http://europepmc.org/abstract/MED/17562170
CHEMBL46516	CHEMBL217	Dopamine D2 receptor inhibitor	INHIBITOR	PubMed	29340087	https://pubmed.ncbi.nlm.nih.gov/29340087/
CHEMBL754	CHEMBL1872	Human herpesvirus 1 DNA polymerase inhibitor	INHIBITOR	DailyMed	setid=eec8727b-c98c-41a4-90b8-d49a8e01e63c	http://dailymed.nlm.nih.gov/dailymed/lookup.cfm?setid=eec8727b-c98c-41a4-90b8-d49a8e01e63c
CHEMBL2103830	CHEMBL2599	Tyrosine-protein kinase SYK inhibitor	INHIBITOR	PubMed	19965662	http://europepmc.org/abstract/MED/19965662
CHEMBL3989516	CHEMBL2599	Tyrosine-protein kinase SYK inhibitor	INHIBITOR	PubMed	28967793	http://europepmc.org/abstract/MED/28967793
CHEMBL1358	CHEMBL206	Estrogen receptor alpha antagonist	ANTAGONIST	DailyMed	setid=83d7a440-e904-4e36-afb5-cb02b1c919f7#section-12	http://dailymed.nlm.nih.gov/dailymed/lookup.cfm?setid=83d7a440-e904-4e36-afb5-cb02b1c919f7#section-12
CHEMBL1358	CHEMBL206	Estrogen receptor degrader	DEGRADER	PubMed	32968620	https://pubmed.ncbi.nlm.nih.gov/32968620/
CHEMBL1358	CHEMBL206	Estrogen receptor degrader	DEGRADER	PubMed	34452998	https://pubmed.ncbi.nlm.nih.gov/34452998/
CHEMBL3701238	CHEMBL2095217	Fibroblast growth factor receptor inhibitor	INHIBITOR	PubMed	33054456	http://europepmc.org/abstract/MED/33054456
CHEMBL940	CHEMBL2363032	Voltage-gated calcium channel modulator	MODULATOR	PubMed	18299583	http://europepmc.org/abstract/MED/18299583
CHEMBL3707328	CHEMBL3832947	Calcitonin gene-related peptide inhibitor	INHIBITOR	PubMed	27960628	http://europepmc.org/abstract/MED/27960628
CHEMBL182	CHEMBL1872	Human herpesvirus 1 DNA polymerase inhibitor	INHIBITOR	DailyMed	setid=b47f5d1c-36b8-49b6-a410-3b3f4661dde7	http://dailymed.nlm.nih.gov/dailymed/lookup.cfm?setid=b47f5d1c-36b8-49b6-a410-3b3f4661dde7
CHEMBL939	CHEMBL203	Epidermal growth factor receptor erbB1 inhibitor	INHIBITOR	DailyMed	setid=827d60e8-7e07-41b7-c28b-49ef1c4a5a41	http://dailymed.nlm.nih.gov/dailymed/lookup.cfm?setid=827d60e8-7e07-41b7-c28b-49ef1c4a5a41
CHEMBL457	CHEMBL239	Peroxisome proliferator-activated receptor alpha agonist	AGONIST	DailyMed	setid=16a775ec-47e7-491f-8c48-319ce43dcd3b	http://dailymed.nlm.nih.gov/dailymed/lookup.cfm?setid=16a775ec-47e7-491f-8c48-319ce43dcd3b
CHEMBL3301622	CHEMBL1974	Tyrosine-protein kinase receptor FLT3 inhibitor	INHIBITOR	PubMed	26555154	http://europepmc.org/abstract/MED/26555154
CHEMBL3301622	CHEMBL1974	Tyrosine-protein kinase receptor FLT3 inhibitor	INHIBITOR	PubMed	28516360	http://europepmc.org/abstract/MED/28516360
CHEMBL3301622	CHEMBL4895	Tyrosine-protein kinase receptor UFO inhibitor	INHIBITOR	PubMed	26555154	http://europepmc.org/abstract/MED/26555154
CHEMBL3301622	CHEMBL4895	Tyrosine-protein kinase receptor UFO inhibitor	INHIBITOR	PubMed	28516360	http://europepmc.org/abstract/MED/28516360
CHEMBL146095	CHEMBL2094253	Cyclooxygenase inhibitor	INHIBITOR	PubMed	21628497	http://europepmc.org/abstract/MED/21628497
CHEMBL146095	CHEMBL2094253	Cyclooxygenase inhibitor	INHIBITOR	PubMed	22917923	http://europepmc.org/abstract/MED/22917923
CHEMBL146095	CHEMBL2094253	Cyclooxygenase inhibitor	INHIBITOR	PubMed	2907735	http://europepmc.org/abstract/MED/2907735
CHEMBL1201507		Unknown		DailyMed	setid=aa88f583-4f5f-433b-80b4-1f4c9fb28357	http://dailymed.nlm.nih.gov/dailymed/lookup.cfm?setid=aa88f583-4f5f-433b-80b4-1f4c9fb28357
CHEMBL1201507		Unknown		PubMed	20038760	http://europepmc.org/abstract/MED/20038760
CHEMBL1481	CHEMBL2096972	Sulfonylurea receptor 1, Kir6.2 blocker	BLOCKER	DailyMed	setid=222b630b-7e09-43b4-9894-3d87f10add91	http://dailymed.nlm.nih.gov/dailymed/lookup.cfm?setid=222b630b-7e09-43b4-9894-3d87f10add91
CHEMBL1481	CHEMBL2096972	Sulfonylurea receptor 1, Kir6.2 blocker	BLOCKER	PubMed	8172912	http://europepmc.org/abstract/MED/8172912
CHEMBL1481	CHEMBL2096972	Sulfonylurea receptor 1, Kir6.2 blocker	BLOCKER	PubMed	8529521	http://europepmc.org/abstract/MED/8529521
CHEMBL1481	CHEMBL2096972	Sulfonylurea receptor 1, Kir6.2 blocker	BLOCKER	PubMed	8911984	http://europepmc.org/abstract/MED/8911984
CHEMBL1372	CHEMBL2755	Glutathione reductase other	OTHER	DailyMed	setid=d93a8991-bf69-956a-21fc-dac24955ee42#nlm34090-1	http://dailymed.nlm.nih.gov/dailymed/lookup.cfm?setid=d93a8991-bf69-956a-21fc-dac24955ee42#nlm34090-1
CHEMBL1102	CHEMBL2093872	GABA-A receptor; anion channel positive modulator	POSITIVE MODULATOR	PubMed	1585214	http://europepmc.org/abstract/MED/1585214
CHEMBL2105745	CHEMBL2366039	Glutamine sequestering agent	SEQUESTERING AGENT	DailyMed	setid=73bc6b83-2513-11e1-bfc2-0800200c9a66#nlm34090-1	http://dailymed.nlm.nih.gov/dailymed/lookup.cfm?setid=73bc6b83-2513-11e1-bfc2-0800200c9a66#nlm34090-1
CHEMBL1200501	CHEMBL1855	Gonadotropin-releasing hormone receptor agonist	AGONIST	DailyMed	setid=4ff62a5a-77ba-4bf5-0497-95ccca842315#section-12	http://dailymed.nlm.nih.gov/dailymed/lookup.cfm?setid=4ff62a5a-77ba-4bf5-0497-95ccca842315#section-12
CHEMBL289469	CHEMBL1899	Serotonin 3a (5-HT3a) receptor antagonist	ANTAGONIST	DailyMed	setid=dddc8714-383f-4bc5-a468-ae89dbc802b4	http://dailymed.nlm.nih.gov/dailymed/lookup.cfm?setid=dddc8714-383f-4bc5-a468-ae89dbc802b4
CHEMBL980		Unknown		PubMed	10515429	http://europepmc.org/abstract/MED/10515429
CHEMBL980		Unknown		PubMed	15243011	http://europepmc.org/abstract/MED/15243011
CHEMBL1200494	CHEMBL2095158	Adrenergic receptor alpha-2 agonist	AGONIST	DailyMed	setid=e889f164-a92c-412d-960a-59391e4151fe	http://dailymed.nlm.nih.gov/dailymed/lookup.cfm?setid=e889f164-a92c-412d-960a-59391e4151fe
CHEMBL1200901	CHEMBL613897	Ferriprotoporphyrin IX inhibitor	INHIBITOR	PubMed	14967191	http://europepmc.org/abstract/MED/14967191
CHEMBL1200986	CHEMBL224	Serotonin 2a (5-HT2a) receptor antagonist	ANTAGONIST	PubMed	17015232	http://europepmc.org/abstract/MED/17015232
CHEMBL1200986	CHEMBL2331075	D2-like dopamine receptor inverse agonist	INVERSE AGONIST	DailyMed	setid=af0159a8-dff5-449a-aa2b-a0c430081e21	http://dailymed.nlm.nih.gov/dailymed/lookup.cfm?setid=af0159a8-dff5-449a-aa2b-a0c430081e21
CHEMBL1200986	CHEMBL2331075	D2-like dopamine receptor inverse agonist	INVERSE AGONIST	PubMed	17015232	http://europepmc.org/abstract/MED/17015232
CHEMBL496	CHEMBL2364678	Bacterial enoyl-[acyl-carrier-protein] reductase inhibitor	INHIBITOR	PubMed	10671494	http://europepmc.org/abstract/MED/10671494
CHEMBL1201470	CHEMBL2095181	Opioid receptors; mu/kappa/delta agonist	AGONIST	PubMed	2849950	http://europepmc.org/abstract/MED/2849950
CHEMBL1683	CHEMBL2034	Glucocorticoid receptor agonist	AGONIST	PubMed	16895953	http://europepmc.org/abstract/MED/16895953
CHEMBL1683	CHEMBL2034	Glucocorticoid receptor agonist	AGONIST	PubMed	16980198	http://europepmc.org/abstract/MED/16980198
CHEMBL1683	CHEMBL2034	Glucocorticoid receptor agonist	AGONIST	PubMed	17038445	http://europepmc.org/abstract/MED/17038445
CHEMBL1683	CHEMBL2034	Glucocorticoid receptor agonist	AGONIST	PubMed	17086345	http://europepmc.org/abstract/MED/17086345
CHEMBL1237055	CHEMBL233	Mu opioid receptor agonist	AGONIST	DailyMed	setid=c88f81ac-1643-4c08-ae2c-63cbe956db7e#nlm34090-1	http://dailymed.nlm.nih.gov/dailymed/lookup.cfm?setid=c88f81ac-1643-4c08-ae2c-63cbe956db7e#nlm34090-1
CHEMBL467	CHEMBL2095215	Ribonucleoside-diphosphate reductase RR1 inhibitor	INHIBITOR	DailyMed	setid=740e054b-faac-7c27-f06d-a56efb699355	http://dailymed.nlm.nih.gov/dailymed/lookup.cfm?setid=740e054b-faac-7c27-f06d-a56efb699355
CHEMBL467	CHEMBL2095215	Ribonucleoside-diphosphate reductase RR1 inhibitor	INHIBITOR	PubMed	23115527	http://europepmc.org/abstract/MED/23115527
CHEMBL19449	CHEMBL2093863	Phosphodiesterase 4 inhibitor	INHIBITOR	PubMed	12172709	http://europepmc.org/abstract/MED/12172709
CHEMBL19449	CHEMBL2093863	Phosphodiesterase 4 inhibitor	INHIBITOR	PubMed	16674936	http://europepmc.org/abstract/MED/16674936
CHEMBL19449	CHEMBL2093863	Phosphodiesterase 4 inhibitor	INHIBITOR	PubMed	8035322	http://europepmc.org/abstract/MED/8035322
CHEMBL19449	CHEMBL241	Phosphodiesterase 3A inhibitor	INHIBITOR	PubMed	12172709	http://europepmc.org/abstract/MED/12172709
CHEMBL19449	CHEMBL241	Phosphodiesterase 3A inhibitor	INHIBITOR	PubMed	16674936	http://europepmc.org/abstract/MED/16674936
CHEMBL19449	CHEMBL241	Phosphodiesterase 3A inhibitor	INHIBITOR	PubMed	8035322	http://europepmc.org/abstract/MED/8035322
CHEMBL19449	CHEMBL4409	Phosphodiesterase 10A inhibitor	INHIBITOR	PubMed	12172709	http://europepmc.org/abstract/MED/12172709
CHEMBL19449	CHEMBL4409	Phosphodiesterase 10A inhibitor	INHIBITOR	PubMed	16674936	http://europepmc.org/abstract/MED/16674936
CHEMBL19449	CHEMBL4409	Phosphodiesterase 10A inhibitor	INHIBITOR	PubMed	8035322	http://europepmc.org/abstract/MED/8035322
CHEMBL19449	CHEMBL1827	Phosphodiesterase 5A inhibitor	INHIBITOR	PubMed	12172709	http://europepmc.org/abstract/MED/12172709
CHEMBL19449	CHEMBL1827	Phosphodiesterase 5A inhibitor	INHIBITOR	PubMed	16674936	http://europepmc.org/abstract/MED/16674936
CHEMBL19449	CHEMBL1827	Phosphodiesterase 5A inhibitor	INHIBITOR	PubMed	8035322	http://europepmc.org/abstract/MED/8035322
CHEMBL2095209		Unknown		DailyMed	setid=9c1a2828-1583-4414-ab22-a60480e8e508	http://dailymed.nlm.nih.gov/dailymed/lookup.cfm?setid=9c1a2828-1583-4414-ab22-a60480e8e508
CHEMBL2087361	CHEMBL203	Epidermal growth factor receptor erbB1 inhibitor	INHIBITOR	PubMed	22112293	http://europepmc.org/abstract/MED/22112293
CHEMBL2087361	CHEMBL203	Epidermal growth factor receptor erbB1 inhibitor	INHIBITOR	PubMed	22446631	http://europepmc.org/abstract/MED/22446631
CHEMBL2087361	CHEMBL203	Epidermal growth factor receptor erbB1 inhibitor	INHIBITOR	PubMed	23586056	http://europepmc.org/abstract/MED/23586056
CHEMBL1024	CHEMBL2311221	DNA inhibitor	INHIBITOR	DailyMed	setid=b7241707-7538-4d1a-91e7-3a25a91e0b9a#section-13	http://dailymed.nlm.nih.gov/dailymed/lookup.cfm?setid=b7241707-7538-4d1a-91e7-3a25a91e0b9a#section-13
CHEMBL14376	CHEMBL217	Dopamine D2 receptor antagonist	ANTAGONIST	DailyMed	setid=43452bf8-76e7-47a9-a5d8-41fe84d061f0	http://dailymed.nlm.nih.gov/dailymed/lookup.cfm?setid=43452bf8-76e7-47a9-a5d8-41fe84d061f0
CHEMBL14376	CHEMBL224	Serotonin 2a (5-HT2a) receptor antagonist	ANTAGONIST	DailyMed	setid=43452bf8-76e7-47a9-a5d8-41fe84d061f0	http://dailymed.nlm.nih.gov/dailymed/lookup.cfm?setid=43452bf8-76e7-47a9-a5d8-41fe84d061f0
CHEMBL1642	CHEMBL1862	Tyrosine-protein kinase ABL inhibitor	INHIBITOR	DailyMed	setid=211ef2da-2868-4a77-8055-1cb2cd78e24b#section-13	http://dailymed.nlm.nih.gov/dailymed/lookup.cfm?setid=211ef2da-2868-4a77-8055-1cb2cd78e24b#section-13
CHEMBL1642	CHEMBL1913	Platelet-derived growth factor receptor beta inhibitor	INHIBITOR	DailyMed	setid=211ef2da-2868-4a77-8055-1cb2cd78e24b#section-13	http://dailymed.nlm.nih.gov/dailymed/lookup.cfm?setid=211ef2da-2868-4a77-8055-1cb2cd78e24b#section-13
CHEMBL1642	CHEMBL1936	Stem cell growth factor receptor inhibitor	INHIBITOR	DailyMed	setid=211ef2da-2868-4a77-8055-1cb2cd78e24b#section-13	http://dailymed.nlm.nih.gov/dailymed/lookup.cfm?setid=211ef2da-2868-4a77-8055-1cb2cd78e24b#section-13
CHEMBL1692	CHEMBL228	Serotonin transporter inhibitor	INHIBITOR	PubMed	11357798	http://europepmc.org/abstract/MED/11357798
CHEMBL1692	CHEMBL222	Norepinephrine transporter inhibitor	INHIBITOR	DailyMed	setid=55311747-710c-43c4-821d-76323ff2520e#nlm34090-1	http://dailymed.nlm.nih.gov/dailymed/lookup.cfm?setid=55311747-710c-43c4-821d-76323ff2520e#nlm34090-1
CHEMBL1852688	CHEMBL2095217	Fibroblast growth factor receptor inhibitor	INHIBITOR	PubMed	21936542	http://europepmc.org/abstract/MED/21936542
CHEMBL1201631	CHEMBL1981	Insulin receptor agonist	AGONIST	DailyMed	setid=457531f0-9331-47fe-90b5-b31f284044dc	http://dailymed.nlm.nih.gov/dailymed/lookup.cfm?setid=457531f0-9331-47fe-90b5-b31f284044dc
CHEMBL1201558	CHEMBL2364170	Interferon alpha/beta receptor agonist	AGONIST	DailyMed	setid=fd653d74-48ab-49e4-a42d-ec1cbc59badb	http://dailymed.nlm.nih.gov/dailymed/lookup.cfm?setid=fd653d74-48ab-49e4-a42d-ec1cbc59badb
CHEMBL1201558	CHEMBL2364170	Interferon alpha/beta receptor agonist	AGONIST	PubMed	10049744	http://europepmc.org/abstract/MED/10049744
CHEMBL1789844	CHEMBL2364164	Cytotoxic T-lymphocyte protein 4 inhibitor	INHIBITOR	DailyMed	setid=2265ef30-253e-11df-8a39-0800200c9a66	http://dailymed.nlm.nih.gov/dailymed/lookup.cfm?setid=2265ef30-253e-11df-8a39-0800200c9a66
CHEMBL92401	CHEMBL2095205	Monoamine oxidase inhibitor	INHIBITOR	PubMed	14075108	http://europepmc.org/abstract/MED/14075108
CHEMBL92401	CHEMBL2095205	Monoamine oxidase inhibitor	INHIBITOR	PubMed	18652859	http://europepmc.org/abstract/MED/18652859
CHEMBL92401	CHEMBL2095205	Monoamine oxidase inhibitor	INHIBITOR	PubMed	21772661	http://europepmc.org/abstract/MED/21772661
CHEMBL92401	CHEMBL2095205	Monoamine oxidase inhibitor	INHIBITOR	PubMed	702322	http://europepmc.org/abstract/MED/702322
CHEMBL3989514	CHEMBL1781	DNA topoisomerase I inhibitor	INHIBITOR	DailyMed	setid=80f3b79c-a399-45b3-b755-8535457719af	http://dailymed.nlm.nih.gov/dailymed/lookup.cfm?setid=80f3b79c-a399-45b3-b755-8535457719af
CHEMBL1256	CHEMBL2363052	Glycine receptor (alpha-1/beta) positive modulator	POSITIVE MODULATOR	PubMed	21788314	http://europepmc.org/abstract/MED/21788314
CHEMBL1256	CHEMBL2093872	GABA-A receptor; anion channel positive allosteric modulator	POSITIVE ALLOSTERIC MODULATOR	PubMed	20083606	http://europepmc.org/abstract/MED/20083606
CHEMBL1256	CHEMBL2093872	GABA-A receptor; anion channel positive allosteric modulator	POSITIVE ALLOSTERIC MODULATOR	PubMed	21788314	http://europepmc.org/abstract/MED/21788314
CHEMBL1256	CHEMBL2093872	GABA-A receptor; anion channel positive allosteric modulator	POSITIVE ALLOSTERIC MODULATOR	PubMed	23364597	http://europepmc.org/abstract/MED/23364597
CHEMBL1256	CHEMBL2331041	Potassium channel subfamily K member 10 opener	OPENER	PubMed	11605899	http://europepmc.org/abstract/MED/11605899
CHEMBL1256	CHEMBL2331041	Potassium channel subfamily K member 10 opener	OPENER	PubMed	16402123	http://europepmc.org/abstract/MED/16402123
CHEMBL1256	CHEMBL2331041	Potassium channel subfamily K member 10 opener	OPENER	PubMed	17227289	http://europepmc.org/abstract/MED/17227289
CHEMBL1256	CHEMBL2331042	Potassium channel subfamily K member 18 opener	OPENER	PubMed	11605899	http://europepmc.org/abstract/MED/11605899
CHEMBL1256	CHEMBL2331042	Potassium channel subfamily K member 18 opener	OPENER	PubMed	16402123	http://europepmc.org/abstract/MED/16402123
CHEMBL1256	CHEMBL2331042	Potassium channel subfamily K member 18 opener	OPENER	PubMed	17227289	http://europepmc.org/abstract/MED/17227289
CHEMBL1256	CHEMBL2321613	Potassium channel subfamily K member 3 opener	OPENER	PubMed	11605899	http://europepmc.org/abstract/MED/11605899
CHEMBL1256	CHEMBL2321613	Potassium channel subfamily K member 3 opener	OPENER	PubMed	16402123	http://europepmc.org/abstract/MED/16402123
CHEMBL1256	CHEMBL2321613	Potassium channel subfamily K member 3 opener	OPENER	PubMed	17227289	http://europepmc.org/abstract/MED/17227289
CHEMBL1256	CHEMBL2321614	Potassium channel subfamily K member 9 opener	OPENER	PubMed	11605899	http://europepmc.org/abstract/MED/11605899
CHEMBL1256	CHEMBL2321614	Potassium channel subfamily K member 9 opener	OPENER	PubMed	16402123	http://europepmc.org/abstract/MED/16402123
CHEMBL1256	CHEMBL2321614	Potassium channel subfamily K member 9 opener	OPENER	PubMed	17227289	http://europepmc.org/abstract/MED/17227289
CHEMBL1256	CHEMBL2321615	Potassium channel subfamily K member 2 opener	OPENER	PubMed	11605899	http://europepmc.org/abstract/MED/11605899
CHEMBL1256	CHEMBL2321615	Potassium channel subfamily K member 2 opener	OPENER	PubMed	16402123	http://europepmc.org/abstract/MED/16402123
CHEMBL1256	CHEMBL2321615	Potassium channel subfamily K member 2 opener	OPENER	PubMed	17227289	http://europepmc.org/abstract/MED/17227289
CHEMBL64	CHEMBL1849	Enoyl-[acyl-carrier-protein] reductase inhibitor	INHIBITOR	PubMed	15273113	http://europepmc.org/abstract/MED/15273113
CHEMBL547	CHEMBL2363069	Retinoic acid receptor agonist	AGONIST	PubMed	20436884	http://europepmc.org/abstract/MED/20436884
CHEMBL1648	CHEMBL2095229	Voltage-gated L-type calcium channel blocker	BLOCKER	DailyMed	archiveid=27627	http://www.dailymed.nlm.nih.gov/dailymed/archives/fdaDrugInfo.cfm?archiveid=27627
CHEMBL431770	CHEMBL251	Adenosine A2a receptor antagonist	ANTAGONIST	PubMed	26415982	http://europepmc.org/abstract/MED/26415982
CHEMBL64391	CHEMBL1780	Cytochrome P450 51 inhibitor	INHIBITOR	DailyMed	setid=599dcdd0-df9b-41e2-a767-b1f44f466fbd	http://dailymed.nlm.nih.gov/dailymed/lookup.cfm?setid=599dcdd0-df9b-41e2-a767-b1f44f466fbd
CHEMBL1714	CHEMBL2094124	Glutamate [NMDA] receptor negative allosteric modulator	NEGATIVE ALLOSTERIC MODULATOR	DailyMed	setid=9f675d38-d02f-455c-bc99-bac5924f5054	http://dailymed.nlm.nih.gov/dailymed/lookup.cfm?setid=9f675d38-d02f-455c-bc99-bac5924f5054
CHEMBL1714	CHEMBL2094124	Glutamate [NMDA] receptor negative allosteric modulator	NEGATIVE ALLOSTERIC MODULATOR	PubMed	19494779	http://europepmc.org/abstract/MED/19494779
CHEMBL1714	CHEMBL2094124	Glutamate [NMDA] receptor negative allosteric modulator	NEGATIVE ALLOSTERIC MODULATOR	PubMed	8942324	http://europepmc.org/abstract/MED/8942324
CHEMBL1714	CHEMBL2094124	Glutamate [NMDA] receptor negative allosteric modulator	NEGATIVE ALLOSTERIC MODULATOR	PubMed	9105235	http://europepmc.org/abstract/MED/9105235
CHEMBL571	CHEMBL2094253	Cyclooxygenase inhibitor	INHIBITOR	PubMed	10377455	http://europepmc.org/abstract/MED/10377455
CHEMBL1201124	CHEMBL2094253	Cyclooxygenase inhibitor	INHIBITOR	PubMed	10220509	http://europepmc.org/abstract/MED/10220509
CHEMBL1201124	CHEMBL2094253	Cyclooxygenase inhibitor	INHIBITOR	PubMed	10422661	http://europepmc.org/abstract/MED/10422661
CHEMBL1201124	CHEMBL2094253	Cyclooxygenase inhibitor	INHIBITOR	PubMed	11695255	http://europepmc.org/abstract/MED/11695255
CHEMBL1201124	CHEMBL2094253	Cyclooxygenase inhibitor	INHIBITOR	PubMed	12446609	http://europepmc.org/abstract/MED/12446609
CHEMBL1201124	CHEMBL2094253	Cyclooxygenase inhibitor	INHIBITOR	PubMed	14568028	http://europepmc.org/abstract/MED/14568028
CHEMBL1201124	CHEMBL2094253	Cyclooxygenase inhibitor	INHIBITOR	PubMed	14568029	http://europepmc.org/abstract/MED/14568029
CHEMBL141	CHEMBL247	Human immunodeficiency virus type 1 reverse transcriptase inhibitor	INHIBITOR	DailyMed	setid=bc62b38c-4cc9-4e64-8852-1a0be6d36d8e	http://dailymed.nlm.nih.gov/dailymed/lookup.cfm?setid=bc62b38c-4cc9-4e64-8852-1a0be6d36d8e
CHEMBL141	CHEMBL2363048	DNA inhibitor	INHIBITOR	DailyMed	setid=bc62b38c-4cc9-4e64-8852-1a0be6d36d8e	http://dailymed.nlm.nih.gov/dailymed/lookup.cfm?setid=bc62b38c-4cc9-4e64-8852-1a0be6d36d8e
CHEMBL141	CHEMBL2363046	DNA inhibitor	INHIBITOR	DailyMed	setid=bc62b38c-4cc9-4e64-8852-1a0be6d36d8e	http://dailymed.nlm.nih.gov/dailymed/lookup.cfm?setid=bc62b38c-4cc9-4e64-8852-1a0be6d36d8e
CHEMBL141	CHEMBL2363047	DNA inhibitor	INHIBITOR	DailyMed	setid=bc62b38c-4cc9-4e64-8852-1a0be6d36d8e	http://dailymed.nlm.nih.gov/dailymed/lookup.cfm?setid=bc62b38c-4cc9-4e64-8852-1a0be6d36d8e
CHEMBL141	CHEMBL2362994	DNA polymerase/reverse transcriptase inhibitor	INHIBITOR	DailyMed	setid=bc62b38c-4cc9-4e64-8852-1a0be6d36d8e	http://dailymed.nlm.nih.gov/dailymed/lookup.cfm?setid=bc62b38c-4cc9-4e64-8852-1a0be6d36d8e
CHEMBL741	CHEMBL2331043	Sodium channel alpha subunit blocker	BLOCKER	DailyMed	setid=d7e3572d-56fe-4727-2bb4-013ccca22678#nlm34090-1	http://dailymed.nlm.nih.gov/dailymed/lookup.cfm?setid=d7e3572d-56fe-4727-2bb4-013ccca22678#nlm34090-1
CHEMBL741	CHEMBL2331043	Sodium channel alpha subunit blocker	BLOCKER	PubMed	15208697	http://europepmc.org/abstract/MED/15208697
CHEMBL741	CHEMBL2331043	Sodium channel alpha subunit blocker	BLOCKER	PubMed	23205958	http://europepmc.org/abstract/MED/23205958
CHEMBL741	CHEMBL2331043	Sodium channel alpha subunit blocker	BLOCKER	PubMed	23239147	http://europepmc.org/abstract/MED/23239147
CHEMBL480	CHEMBL2095173	Potassium-transporting ATPase inhibitor	INHIBITOR	DailyMed	setid=82174fcc-1b0f-2068-7fc4-db335b43b5e2#nlm34090-1	http://dailymed.nlm.nih.gov/dailymed/lookup.cfm?setid=82174fcc-1b0f-2068-7fc4-db335b43b5e2#nlm34090-1
CHEMBL480	CHEMBL2095173	Potassium-transporting ATPase inhibitor	INHIBITOR	PubMed	14699149	http://europepmc.org/abstract/MED/14699149
CHEMBL480	CHEMBL2095173	Potassium-transporting ATPase inhibitor	INHIBITOR	PubMed	23350044	http://europepmc.org/abstract/MED/23350044
CHEMBL1201179	CHEMBL1824	Receptor protein-tyrosine kinase erbB-2 inhibitor	INHIBITOR	DailyMed	setid=63319b01-cad6-4d0a-c39b-938fa951a808#section-13	http://dailymed.nlm.nih.gov/dailymed/lookup.cfm?setid=63319b01-cad6-4d0a-c39b-938fa951a808#section-13
CHEMBL1201179	CHEMBL203	Epidermal growth factor receptor erbB1 inhibitor	INHIBITOR	DailyMed	setid=63319b01-cad6-4d0a-c39b-938fa951a808#section-13	http://dailymed.nlm.nih.gov/dailymed/lookup.cfm?setid=63319b01-cad6-4d0a-c39b-938fa951a808#section-13
CHEMBL4558324	CHEMBL203	Epidermal growth factor receptor erbB1 inhibitor	INHIBITOR	PubMed	34028784	https://pubmed.ncbi.nlm.nih.gov/34028784/
CHEMBL960	CHEMBL1966	Dihydroorotate dehydrogenase inhibitor	INHIBITOR	DailyMed	setid=320f63f2-fac3-4aee-aff8-85724e00ef52	http://dailymed.nlm.nih.gov/dailymed/lookup.cfm?setid=320f63f2-fac3-4aee-aff8-85724e00ef52
CHEMBL848	CHEMBL3833061	CRL4(CRBN) E3 ubiquitin ligase inhibitor	INHIBITOR	PubMed	22552008	http://europepmc.org/abstract/MED/22552008
CHEMBL848	CHEMBL3833061	CRL4(CRBN) E3 ubiquitin ligase inhibitor	INHIBITOR	PubMed	25043012	http://europepmc.org/abstract/MED/25043012
CHEMBL3643413	CHEMBL3130	PI3-kinase p110-delta subunit inhibitor	INHIBITOR	PubMed	28947947	http://europepmc.org/abstract/MED/28947947
CHEMBL3643413	CHEMBL3130	PI3-kinase p110-delta subunit inhibitor	INHIBITOR	PubMed	28972011	http://europepmc.org/abstract/MED/28972011
CHEMBL1444	CHEMBL1978	Cytochrome P450 19A1 inhibitor	INHIBITOR	DailyMed	setid=82b77d74-085f-45ac-a7dd-1f5c038bf406#section-12	http://dailymed.nlm.nih.gov/dailymed/lookup.cfm?setid=82b77d74-085f-45ac-a7dd-1f5c038bf406#section-12
CHEMBL1009	CHEMBL234	Dopamine D3 receptor agonist	AGONIST	DailyMed	setid=3c768639-8a70-4d12-ad93-827bb42ec6b7	http://dailymed.nlm.nih.gov/dailymed/lookup.cfm?setid=3c768639-8a70-4d12-ad93-827bb42ec6b7
CHEMBL1009	CHEMBL234	Dopamine D3 receptor agonist	AGONIST	PubMed	11978145	http://europepmc.org/abstract/MED/11978145
CHEMBL1009	CHEMBL234	Dopamine D3 receptor agonist	AGONIST	PubMed	18549347	http://europepmc.org/abstract/MED/18549347
CHEMBL1009	CHEMBL234	Dopamine D3 receptor agonist	AGONIST	PubMed	9633680	http://europepmc.org/abstract/MED/9633680
CHEMBL295698	CHEMBL1908	Cytochrome P450 11B1 inhibitor	INHIBITOR	PubMed	34380370	https://pubmed.ncbi.nlm.nih.gov/34380370/
CHEMBL295698	CHEMBL2722	Cytochrome P450 11B2 inhibitor	INHIBITOR	PubMed	34380370	https://pubmed.ncbi.nlm.nih.gov/34380370/
CHEMBL295698	CHEMBL3522	Cytochrome P450 17A1 inhibitor	INHIBITOR	PubMed	34380370	https://pubmed.ncbi.nlm.nih.gov/34380370/
CHEMBL295698	CHEMBL2033	Cytochrome P450 11A1 inhibitor	INHIBITOR	PubMed	34380370	https://pubmed.ncbi.nlm.nih.gov/34380370/
CHEMBL1593906		Unknown		PubMed	1530004	http://europepmc.org/abstract/MED/1530004
CHEMBL1593906		Unknown		PubMed	15491779	http://europepmc.org/abstract/MED/15491779
CHEMBL79	CHEMBL2331043	Sodium channel alpha subunit blocker	BLOCKER	PubMed	19088384	http://europepmc.org/abstract/MED/19088384
CHEMBL79	CHEMBL2331043	Sodium channel alpha subunit blocker	BLOCKER	PubMed	20585544	http://europepmc.org/abstract/MED/20585544
CHEMBL126	CHEMBL2363135	Bacterial 70S ribosome inhibitor	INHIBITOR	DailyMed	setid=6e70e63b-bfd5-478d-a8ee-8ba22c9efabd	http://dailymed.nlm.nih.gov/dailymed/lookup.cfm?setid=6e70e63b-bfd5-478d-a8ee-8ba22c9efabd
CHEMBL126	CHEMBL2363135	Bacterial 70S ribosome inhibitor	INHIBITOR	PubMed	15992144	http://europepmc.org/abstract/MED/15992144
CHEMBL1544	CHEMBL2111462	Thyroid hormone receptor agonist	AGONIST	DailyMed	setid=51452b31-ff68-4e0c-b982-c15502ebf1d3#nlm34090-1	http://dailymed.nlm.nih.gov/dailymed/lookup.cfm?setid=51452b31-ff68-4e0c-b982-c15502ebf1d3#nlm34090-1
CHEMBL1201119	CHEMBL2111462	Thyroid hormone receptor agonist	AGONIST	DailyMed	setid=51452b31-ff68-4e0c-b982-c15502ebf1d3#nlm34090-1	http://dailymed.nlm.nih.gov/dailymed/lookup.cfm?setid=51452b31-ff68-4e0c-b982-c15502ebf1d3#nlm34090-1
CHEMBL1201178	CHEMBL238	Dopamine transporter releasing agent	RELEASING AGENT	DailyMed	setid=c9eaca3d-cca7-4627-bb3e-75b1c2aec9d4#nlm34090-1	http://dailymed.nlm.nih.gov/dailymed/lookup.cfm?setid=c9eaca3d-cca7-4627-bb3e-75b1c2aec9d4#nlm34090-1
CHEMBL1201178	CHEMBL222	Norepinephrine transporter releasing agent	RELEASING AGENT	DailyMed	setid=c9eaca3d-cca7-4627-bb3e-75b1c2aec9d4#nlm34090-1	http://dailymed.nlm.nih.gov/dailymed/lookup.cfm?setid=c9eaca3d-cca7-4627-bb3e-75b1c2aec9d4#nlm34090-1
CHEMBL1201178	CHEMBL1893	Synaptic vesicular amine transporter inhibitor	INHIBITOR	DailyMed	setid=c9eaca3d-cca7-4627-bb3e-75b1c2aec9d4#nlm34090-1	http://dailymed.nlm.nih.gov/dailymed/lookup.cfm?setid=c9eaca3d-cca7-4627-bb3e-75b1c2aec9d4#nlm34090-1
CHEMBL1201178	CHEMBL1893	Synaptic vesicular amine transporter inhibitor	INHIBITOR	PubMed	15955613	http://europepmc.org/abstract/MED/15955613
CHEMBL1201178	CHEMBL1893	Synaptic vesicular amine transporter inhibitor	INHIBITOR	PubMed	7751968	http://europepmc.org/abstract/MED/7751968
CHEMBL998	CHEMBL231	Histamine H1 receptor antagonist	ANTAGONIST	PubMed	2568212	http://europepmc.org/abstract/MED/2568212
CHEMBL995	CHEMBL227	Type-1 angiotensin II receptor antagonist	ANTAGONIST	DailyMed	setid=5ac32c20-169d-475a-fc8a-934f758d6ab0	http://dailymed.nlm.nih.gov/dailymed/lookup.cfm?setid=5ac32c20-169d-475a-fc8a-934f758d6ab0
CHEMBL503	CHEMBL402	HMG-CoA reductase inhibitor	INHIBITOR	DailyMed	setid=10a557fe-6620-4b15-862a-d3ff5dece612	http://dailymed.nlm.nih.gov/dailymed/lookup.cfm?setid=10a557fe-6620-4b15-862a-d3ff5dece612
CHEMBL404108	CHEMBL230	Cyclooxygenase-2 inhibitor	INHIBITOR	PubMed	24060487	http://europepmc.org/abstract/MED/24060487
CHEMBL404108	CHEMBL230	Cyclooxygenase-2 inhibitor	INHIBITOR	PubMed	24870608	http://europepmc.org/abstract/MED/24870608
CHEMBL404108	CHEMBL230	Cyclooxygenase-2 inhibitor	INHIBITOR	PubMed	28351678	http://europepmc.org/abstract/MED/28351678
CHEMBL1237135	CHEMBL222	Norepinephrine transporter inhibitor	INHIBITOR	DailyMed	setid=c3ca69e6-1ea0-4c2c-abcb-7264b2e79a87#nlm34090-1	http://dailymed.nlm.nih.gov/dailymed/lookup.cfm?setid=c3ca69e6-1ea0-4c2c-abcb-7264b2e79a87#nlm34090-1
CHEMBL1908391	CHEMBL2742	Fibroblast growth factor receptor 3 inhibitor	INHIBITOR	PubMed	19541476	http://europepmc.org/abstract/MED/19541476
CHEMBL1908391	CHEMBL2742	Fibroblast growth factor receptor 3 inhibitor	INHIBITOR	PubMed	19789626	http://europepmc.org/abstract/MED/19789626
CHEMBL1908391	CHEMBL1936	Stem cell growth factor receptor inhibitor	INHIBITOR	PubMed	19541476	http://europepmc.org/abstract/MED/19541476
CHEMBL1908391	CHEMBL1936	Stem cell growth factor receptor inhibitor	INHIBITOR	PubMed	19789626	http://europepmc.org/abstract/MED/19789626
CHEMBL1908391	CHEMBL2095189	Platelet-derived growth factor receptor inhibitor	INHIBITOR	PubMed	19541476	http://europepmc.org/abstract/MED/19541476
CHEMBL1908391	CHEMBL2095189	Platelet-derived growth factor receptor inhibitor	INHIBITOR	PubMed	19789626	http://europepmc.org/abstract/MED/19789626
CHEMBL313972		Unknown		PubMed	23053656	http://europepmc.org/abstract/MED/23053656
CHEMBL313972	CHEMBL1824	Receptor protein-tyrosine kinase erbB-2 inhibitor	INHIBITOR	PubMed	21875414	http://europepmc.org/abstract/MED/21875414
CHEMBL313972	CHEMBL1957	Insulin-like growth factor I receptor inhibitor	INHIBITOR	PubMed	16142439	http://europepmc.org/abstract/MED/16142439
CHEMBL518924	CHEMBL2107	C-X-C chemokine receptor type 4 antagonist	ANTAGONIST	PubMed	25583709	http://europepmc.org/abstract/MED/25583709
CHEMBL518924	CHEMBL2107	C-X-C chemokine receptor type 4 antagonist	ANTAGONIST	PubMed	29749473	http://europepmc.org/abstract/MED/29749473
CHEMBL518924	CHEMBL2107	C-X-C chemokine receptor type 4 antagonist	ANTAGONIST	PubMed	32870250	http://europepmc.org/abstract/MED/32870250
CHEMBL1909283	CHEMBL2095205	Monoamine oxidase inhibitor	INHIBITOR	PubMed	14285690	http://europepmc.org/abstract/MED/14285690
CHEMBL1909283	CHEMBL2095205	Monoamine oxidase inhibitor	INHIBITOR	PubMed	4285349	http://europepmc.org/abstract/MED/4285349
CHEMBL1909283	CHEMBL2095205	Monoamine oxidase inhibitor	INHIBITOR	PubMed	4392571	http://europepmc.org/abstract/MED/4392571
CHEMBL1909283	CHEMBL2095205	Monoamine oxidase inhibitor	INHIBITOR	PubMed	5590342	http://europepmc.org/abstract/MED/5590342
CHEMBL685	CHEMBL2364704	Tubulin inhibitor	INHIBITOR	DailyMed	setid=c338415f-41e0-071d-8c51-a80a02ebf2cd	http://dailymed.nlm.nih.gov/dailymed/lookup.cfm?setid=c338415f-41e0-071d-8c51-a80a02ebf2cd
CHEMBL685	CHEMBL2364704	Tubulin inhibitor	INHIBITOR	PubMed	13678839	http://europepmc.org/abstract/MED/13678839
CHEMBL685	CHEMBL2364705	Tubulin inhibitor	INHIBITOR	DailyMed	setid=c338415f-41e0-071d-8c51-a80a02ebf2cd	http://dailymed.nlm.nih.gov/dailymed/lookup.cfm?setid=c338415f-41e0-071d-8c51-a80a02ebf2cd
CHEMBL685	CHEMBL2364705	Tubulin inhibitor	INHIBITOR	PubMed	13678839	http://europepmc.org/abstract/MED/13678839
CHEMBL1201716	CHEMBL1957	Insulin-like growth factor I receptor agonist	AGONIST	DailyMed	setid=a8b27a1b-a611-4f91-ad22-76d4b390c3ae	http://dailymed.nlm.nih.gov/dailymed/lookup.cfm?setid=a8b27a1b-a611-4f91-ad22-76d4b390c3ae
CHEMBL717	CHEMBL208	Progesterone receptor agonist	AGONIST	DailyMed	setid=199cf13e-0859-4a73-9b45-e700d0cd1049#nlm34090-1	http://dailymed.nlm.nih.gov/dailymed/lookup.cfm?setid=199cf13e-0859-4a73-9b45-e700d0cd1049#nlm34090-1
CHEMBL686	CHEMBL2094253	Cyclooxygenase inhibitor	INHIBITOR	PubMed	10377455	http://europepmc.org/abstract/MED/10377455
CHEMBL686	CHEMBL2094253	Cyclooxygenase inhibitor	INHIBITOR	PubMed	9626023	http://europepmc.org/abstract/MED/9626023
CHEMBL599	CHEMBL230	Cyclooxygenase-2 inhibitor	INHIBITOR	PubMed	8882380	http://europepmc.org/abstract/MED/8882380
CHEMBL852	CHEMBL2311221	DNA inhibitor	INHIBITOR	DailyMed	setid=9706e9a1-96ab-46b8-8846-32ee9d756b1d	http://dailymed.nlm.nih.gov/dailymed/lookup.cfm?setid=9706e9a1-96ab-46b8-8846-32ee9d756b1d
CHEMBL1701	CHEMBL233	Mu opioid receptor agonist	AGONIST	PubMed	21215785	http://europepmc.org/abstract/MED/21215785
CHEMBL1200440	CHEMBL2331043	Sodium channel alpha subunit blocker	BLOCKER	PubMed	15635807	http://europepmc.org/abstract/MED/15635807
CHEMBL1200440	CHEMBL2331043	Sodium channel alpha subunit blocker	BLOCKER	PubMed	8799190	http://europepmc.org/abstract/MED/8799190
CHEMBL979	CHEMBL2093872	GABA-A receptor; anion channel agonist	AGONIST	PubMed	9067327	http://europepmc.org/abstract/MED/9067327
CHEMBL1200751	CHEMBL2362992	Amidophosphoribosyltransferase inhibitor	INHIBITOR	DailyMed	setid=15904472-4c32-4224-95d3-eb131a7ff9c8	http://dailymed.nlm.nih.gov/dailymed/lookup.cfm?setid=15904472-4c32-4224-95d3-eb131a7ff9c8
CHEMBL1200751	CHEMBL2362992	Amidophosphoribosyltransferase inhibitor	INHIBITOR	PubMed	18506437	http://europepmc.org/abstract/MED/18506437
CHEMBL1200751	CHEMBL2311221	DNA inhibitor	INHIBITOR	DailyMed	setid=15904472-4c32-4224-95d3-eb131a7ff9c8	http://dailymed.nlm.nih.gov/dailymed/lookup.cfm?setid=15904472-4c32-4224-95d3-eb131a7ff9c8
CHEMBL1200751	CHEMBL2311221	DNA inhibitor	INHIBITOR	PubMed	18506437	http://europepmc.org/abstract/MED/18506437
CHEMBL704	CHEMBL215	Arachidonate 5-lipoxygenase inhibitor	INHIBITOR	PubMed	2882965	http://europepmc.org/abstract/MED/2882965
CHEMBL704	CHEMBL215	Arachidonate 5-lipoxygenase inhibitor	INHIBITOR	PubMed	6131674	http://europepmc.org/abstract/MED/6131674
CHEMBL704	CHEMBL215	Arachidonate 5-lipoxygenase inhibitor	INHIBITOR	PubMed	6428914	http://europepmc.org/abstract/MED/6428914
CHEMBL704	CHEMBL235	Peroxisome proliferator-activated receptor gamma agonist	AGONIST	PubMed	15824083	http://europepmc.org/abstract/MED/15824083
CHEMBL704	CHEMBL235	Peroxisome proliferator-activated receptor gamma agonist	AGONIST	PubMed	18077625	http://europepmc.org/abstract/MED/18077625
CHEMBL704	CHEMBL235	Peroxisome proliferator-activated receptor gamma agonist	AGONIST	PubMed	18544567	http://europepmc.org/abstract/MED/18544567
CHEMBL704	CHEMBL2094253	Cyclooxygenase inhibitor	INHIBITOR	PubMed	12463455	http://europepmc.org/abstract/MED/12463455
CHEMBL704	CHEMBL2094253	Cyclooxygenase inhibitor	INHIBITOR	PubMed	12950415	http://europepmc.org/abstract/MED/12950415
CHEMBL704	CHEMBL2094253	Cyclooxygenase inhibitor	INHIBITOR	PubMed	14742690	http://europepmc.org/abstract/MED/14742690
CHEMBL1201151	CHEMBL206	Estrogen receptor alpha agonist	AGONIST	PubMed	21072303	http://europepmc.org/abstract/MED/21072303
CHEMBL1200825	CHEMBL233	Mu opioid receptor agonist	AGONIST	DailyMed	setid=e6af84de-cbfc-4a3b-bd73-6bcf77337168#nlm34090-1	http://dailymed.nlm.nih.gov/dailymed/lookup.cfm?setid=e6af84de-cbfc-4a3b-bd73-6bcf77337168#nlm34090-1
CHEMBL1515	CHEMBL1839	Thyroid peroxidase inhibitor	INHIBITOR	DailyMed	setid=2d70b747-314c-4baa-95c4-1734855a1556	http://dailymed.nlm.nih.gov/dailymed/lookup.cfm?setid=2d70b747-314c-4baa-95c4-1734855a1556
CHEMBL1201117	CHEMBL261	Carbonic anhydrase I inhibitor	INHIBITOR	PubMed	1460006	http://europepmc.org/abstract/MED/1460006
CHEMBL34259	CHEMBL202	Dihydrofolate reductase inhibitor	INHIBITOR	DailyMed	setid=9ab8ce16-f7de-41d4-a4c8-1c742621b6d5	http://dailymed.nlm.nih.gov/dailymed/lookup.cfm?setid=9ab8ce16-f7de-41d4-a4c8-1c742621b6d5
CHEMBL416	CHEMBL2311221	DNA inhibitor	INHIBITOR	DailyMed	setid=a4c61db9-b72d-4b67-b69b-a97257b614ad	http://dailymed.nlm.nih.gov/dailymed/lookup.cfm?setid=a4c61db9-b72d-4b67-b69b-a97257b614ad
CHEMBL459	CHEMBL2095158	Adrenergic receptor alpha-2 agonist	AGONIST	PubMed	2841084	http://europepmc.org/abstract/MED/2841084
CHEMBL405110	CHEMBL2111348	Soluble guanylate cyclase inhibitor	INHIBITOR	PubMed	21547182	https://pubmed.ncbi.nlm.nih.gov/21547182/
CHEMBL1722	CHEMBL238	Dopamine transporter inhibitor	INHIBITOR	DailyMed	setid=1a88218c-5b18-4220-8f56-526de1a276cd#nlm34090-1	http://dailymed.nlm.nih.gov/dailymed/lookup.cfm?setid=1a88218c-5b18-4220-8f56-526de1a276cd#nlm34090-1
CHEMBL1722	CHEMBL238	Dopamine transporter inhibitor	INHIBITOR	PubMed	23284812	http://europepmc.org/abstract/MED/23284812
CHEMBL1722	CHEMBL222	Norepinephrine transporter inhibitor	INHIBITOR	DailyMed	setid=1a88218c-5b18-4220-8f56-526de1a276cd#nlm34090-1	http://dailymed.nlm.nih.gov/dailymed/lookup.cfm?setid=1a88218c-5b18-4220-8f56-526de1a276cd#nlm34090-1
CHEMBL1722	CHEMBL222	Norepinephrine transporter inhibitor	INHIBITOR	PubMed	23284812	http://europepmc.org/abstract/MED/23284812
CHEMBL650	CHEMBL2034	Glucocorticoid receptor agonist	AGONIST	PubMed	17016711	http://europepmc.org/abstract/MED/17016711
CHEMBL650	CHEMBL2034	Glucocorticoid receptor agonist	AGONIST	PubMed	17068119	http://europepmc.org/abstract/MED/17068119
CHEMBL650	CHEMBL2034	Glucocorticoid receptor agonist	AGONIST	PubMed	17251323	http://europepmc.org/abstract/MED/17251323
CHEMBL1200862	CHEMBL1969	Tyrosine 3-hydroxylase inhibitor	INHIBITOR	DailyMed	setid=32fb2f2f-34b5-4cd5-9145-c3ab37c5ca92	http://dailymed.nlm.nih.gov/dailymed/lookup.cfm?setid=32fb2f2f-34b5-4cd5-9145-c3ab37c5ca92
CHEMBL1200606	CHEMBL2331043	Sodium channel alpha subunit blocker	BLOCKER	DailyMed	setid=ab73778b-6794-441c-b127-610a6d0733ea	http://dailymed.nlm.nih.gov/dailymed/lookup.cfm?setid=ab73778b-6794-441c-b127-610a6d0733ea
CHEMBL91	CHEMBL1780	Cytochrome P450 51 inhibitor	INHIBITOR	PubMed	10515900	http://europepmc.org/abstract/MED/10515900
CHEMBL91	CHEMBL1780	Cytochrome P450 51 inhibitor	INHIBITOR	PubMed	12366848	http://europepmc.org/abstract/MED/12366848
CHEMBL91	CHEMBL1780	Cytochrome P450 51 inhibitor	INHIBITOR	PubMed	8834867	http://europepmc.org/abstract/MED/8834867
CHEMBL91	CHEMBL1780	Cytochrome P450 51 inhibitor	INHIBITOR	PubMed	9564569	http://europepmc.org/abstract/MED/9564569
CHEMBL1559	CHEMBL1780	Cytochrome P450 51 inhibitor	INHIBITOR	PubMed	10515900	http://europepmc.org/abstract/MED/10515900
CHEMBL1559	CHEMBL1780	Cytochrome P450 51 inhibitor	INHIBITOR	PubMed	12366848	http://europepmc.org/abstract/MED/12366848
CHEMBL1559	CHEMBL1780	Cytochrome P450 51 inhibitor	INHIBITOR	PubMed	8834867	http://europepmc.org/abstract/MED/8834867
CHEMBL1559	CHEMBL1780	Cytochrome P450 51 inhibitor	INHIBITOR	PubMed	9564569	http://europepmc.org/abstract/MED/9564569
CHEMBL608533	CHEMBL1974	Tyrosine-protein kinase receptor FLT3 inhibitor	INHIBITOR	PubMed	12124173	http://europepmc.org/abstract/MED/12124173
CHEMBL608533	CHEMBL1974	Tyrosine-protein kinase receptor FLT3 inhibitor	INHIBITOR	PubMed	16969355	http://europepmc.org/abstract/MED/16969355
CHEMBL608533	CHEMBL1936	Stem cell growth factor receptor inhibitor	INHIBITOR	PubMed	12124173	http://europepmc.org/abstract/MED/12124173
CHEMBL608533	CHEMBL1936	Stem cell growth factor receptor inhibitor	INHIBITOR	PubMed	16969355	http://europepmc.org/abstract/MED/16969355
CHEMBL608533	CHEMBL2095189	Platelet-derived growth factor receptor inhibitor	INHIBITOR	PubMed	12124173	http://europepmc.org/abstract/MED/12124173
CHEMBL608533	CHEMBL2095189	Platelet-derived growth factor receptor inhibitor	INHIBITOR	PubMed	16969355	http://europepmc.org/abstract/MED/16969355
CHEMBL608533	CHEMBL2093867	Protein kinase C (PKC) inhibitor	INHIBITOR	PubMed	12124173	http://europepmc.org/abstract/MED/12124173
CHEMBL608533	CHEMBL2093867	Protein kinase C (PKC) inhibitor	INHIBITOR	PubMed	16969355	http://europepmc.org/abstract/MED/16969355
CHEMBL608533	CHEMBL279	Vascular endothelial growth factor receptor 2 inhibitor	INHIBITOR	PubMed	12124173	http://europepmc.org/abstract/MED/12124173
CHEMBL608533	CHEMBL279	Vascular endothelial growth factor receptor 2 inhibitor	INHIBITOR	PubMed	16969355	http://europepmc.org/abstract/MED/16969355
CHEMBL1276308	CHEMBL2034	Glucocorticoid receptor antagonist	ANTAGONIST	DailyMed	setid=542f3fae-8bc8-4f00-9228-e4b66c9ad6a9	http://dailymed.nlm.nih.gov/dailymed/lookup.cfm?setid=542f3fae-8bc8-4f00-9228-e4b66c9ad6a9
CHEMBL1276308	CHEMBL2034	Glucocorticoid receptor antagonist	ANTAGONIST	PubMed	22466348	http://europepmc.org/abstract/MED/22466348
CHEMBL1276308	CHEMBL208	Progesterone receptor antagonist	ANTAGONIST	DailyMed	setid=542f3fae-8bc8-4f00-9228-e4b66c9ad6a9	http://dailymed.nlm.nih.gov/dailymed/lookup.cfm?setid=542f3fae-8bc8-4f00-9228-e4b66c9ad6a9
CHEMBL125		Unknown		PubMed	24614380	http://europepmc.org/abstract/MED/24614380
CHEMBL278819	CHEMBL220	Acetylcholinesterase inhibitor	INHIBITOR	PubMed	10052979	http://europepmc.org/abstract/MED/10052979
CHEMBL278819	CHEMBL220	Acetylcholinesterase inhibitor	INHIBITOR	PubMed	1361012	http://europepmc.org/abstract/MED/1361012
CHEMBL278819	CHEMBL220	Acetylcholinesterase inhibitor	INHIBITOR	PubMed	2586634	http://europepmc.org/abstract/MED/2586634
CHEMBL278819	CHEMBL220	Acetylcholinesterase inhibitor	INHIBITOR	PubMed	2975224	http://europepmc.org/abstract/MED/2975224
CHEMBL278819	CHEMBL220	Acetylcholinesterase inhibitor	INHIBITOR	PubMed	3836113	http://europepmc.org/abstract/MED/3836113
CHEMBL278819	CHEMBL220	Acetylcholinesterase inhibitor	INHIBITOR	PubMed	3954800	http://europepmc.org/abstract/MED/3954800
CHEMBL278819	CHEMBL220	Acetylcholinesterase inhibitor	INHIBITOR	PubMed	6425901	http://europepmc.org/abstract/MED/6425901
CHEMBL278819	CHEMBL220	Acetylcholinesterase inhibitor	INHIBITOR	PubMed	6890359	http://europepmc.org/abstract/MED/6890359
CHEMBL278819	CHEMBL220	Acetylcholinesterase inhibitor	INHIBITOR	PubMed	8494598	http://europepmc.org/abstract/MED/8494598
CHEMBL278819	CHEMBL220	Acetylcholinesterase inhibitor	INHIBITOR	PubMed	8904622	http://europepmc.org/abstract/MED/8904622
CHEMBL278819	CHEMBL2111341	Dopamine D1 and D2 receptor agonist	AGONIST	PubMed	10052979	http://europepmc.org/abstract/MED/10052979
CHEMBL278819	CHEMBL2111341	Dopamine D1 and D2 receptor agonist	AGONIST	PubMed	1361012	http://europepmc.org/abstract/MED/1361012
CHEMBL278819	CHEMBL2111341	Dopamine D1 and D2 receptor agonist	AGONIST	PubMed	2586634	http://europepmc.org/abstract/MED/2586634
CHEMBL278819	CHEMBL2111341	Dopamine D1 and D2 receptor agonist	AGONIST	PubMed	2975224	http://europepmc.org/abstract/MED/2975224
CHEMBL278819	CHEMBL2111341	Dopamine D1 and D2 receptor agonist	AGONIST	PubMed	3836113	http://europepmc.org/abstract/MED/3836113
CHEMBL278819	CHEMBL2111341	Dopamine D1 and D2 receptor agonist	AGONIST	PubMed	3954800	http://europepmc.org/abstract/MED/3954800
CHEMBL278819	CHEMBL2111341	Dopamine D1 and D2 receptor agonist	AGONIST	PubMed	6425901	http://europepmc.org/abstract/MED/6425901
CHEMBL278819	CHEMBL2111341	Dopamine D1 and D2 receptor agonist	AGONIST	PubMed	6890359	http://europepmc.org/abstract/MED/6890359
CHEMBL278819	CHEMBL2111341	Dopamine D1 and D2 receptor agonist	AGONIST	PubMed	8494598	http://europepmc.org/abstract/MED/8494598
CHEMBL278819	CHEMBL2111341	Dopamine D1 and D2 receptor agonist	AGONIST	PubMed	8904622	http://europepmc.org/abstract/MED/8904622
CHEMBL278819	CHEMBL1951	Monoamine oxidase A inhibitor	INHIBITOR	PubMed	10052979	http://europepmc.org/abstract/MED/10052979
CHEMBL278819	CHEMBL1951	Monoamine oxidase A inhibitor	INHIBITOR	PubMed	1361012	http://europepmc.org/abstract/MED/1361012
CHEMBL278819	CHEMBL1951	Monoamine oxidase A inhibitor	INHIBITOR	PubMed	2586634	http://europepmc.org/abstract/MED/2586634
CHEMBL278819	CHEMBL1951	Monoamine oxidase A inhibitor	INHIBITOR	PubMed	2975224	http://europepmc.org/abstract/MED/2975224
CHEMBL278819	CHEMBL1951	Monoamine oxidase A inhibitor	INHIBITOR	PubMed	3836113	http://europepmc.org/abstract/MED/3836113
CHEMBL278819	CHEMBL1951	Monoamine oxidase A inhibitor	INHIBITOR	PubMed	3954800	http://europepmc.org/abstract/MED/3954800
CHEMBL278819	CHEMBL1951	Monoamine oxidase A inhibitor	INHIBITOR	PubMed	6425901	http://europepmc.org/abstract/MED/6425901
CHEMBL278819	CHEMBL1951	Monoamine oxidase A inhibitor	INHIBITOR	PubMed	6890359	http://europepmc.org/abstract/MED/6890359
CHEMBL278819	CHEMBL1951	Monoamine oxidase A inhibitor	INHIBITOR	PubMed	8494598	http://europepmc.org/abstract/MED/8494598
CHEMBL278819	CHEMBL1951	Monoamine oxidase A inhibitor	INHIBITOR	PubMed	8904622	http://europepmc.org/abstract/MED/8904622
CHEMBL278819	CHEMBL216	Muscarinic acetylcholine receptor M1 agonist	AGONIST	PubMed	10052979	http://europepmc.org/abstract/MED/10052979
CHEMBL278819	CHEMBL216	Muscarinic acetylcholine receptor M1 agonist	AGONIST	PubMed	1361012	http://europepmc.org/abstract/MED/1361012
CHEMBL278819	CHEMBL216	Muscarinic acetylcholine receptor M1 agonist	AGONIST	PubMed	2586634	http://europepmc.org/abstract/MED/2586634
CHEMBL278819	CHEMBL216	Muscarinic acetylcholine receptor M1 agonist	AGONIST	PubMed	2975224	http://europepmc.org/abstract/MED/2975224
CHEMBL278819	CHEMBL216	Muscarinic acetylcholine receptor M1 agonist	AGONIST	PubMed	3836113	http://europepmc.org/abstract/MED/3836113
CHEMBL278819	CHEMBL216	Muscarinic acetylcholine receptor M1 agonist	AGONIST	PubMed	3954800	http://europepmc.org/abstract/MED/3954800
CHEMBL278819	CHEMBL216	Muscarinic acetylcholine receptor M1 agonist	AGONIST	PubMed	6425901	http://europepmc.org/abstract/MED/6425901
CHEMBL278819	CHEMBL216	Muscarinic acetylcholine receptor M1 agonist	AGONIST	PubMed	6890359	http://europepmc.org/abstract/MED/6890359
CHEMBL278819	CHEMBL216	Muscarinic acetylcholine receptor M1 agonist	AGONIST	PubMed	8494598	http://europepmc.org/abstract/MED/8494598
CHEMBL278819	CHEMBL216	Muscarinic acetylcholine receptor M1 agonist	AGONIST	PubMed	8904622	http://europepmc.org/abstract/MED/8904622
CHEMBL278819	CHEMBL2095200	Serotonin 2 (5-HT2) receptor antagonist	ANTAGONIST	PubMed	10052979	http://europepmc.org/abstract/MED/10052979
CHEMBL278819	CHEMBL2095200	Serotonin 2 (5-HT2) receptor antagonist	ANTAGONIST	PubMed	1361012	http://europepmc.org/abstract/MED/1361012
CHEMBL278819	CHEMBL2095200	Serotonin 2 (5-HT2) receptor antagonist	ANTAGONIST	PubMed	2586634	http://europepmc.org/abstract/MED/2586634
CHEMBL278819	CHEMBL2095200	Serotonin 2 (5-HT2) receptor antagonist	ANTAGONIST	PubMed	2975224	http://europepmc.org/abstract/MED/2975224
CHEMBL278819	CHEMBL2095200	Serotonin 2 (5-HT2) receptor antagonist	ANTAGONIST	PubMed	3836113	http://europepmc.org/abstract/MED/3836113
CHEMBL278819	CHEMBL2095200	Serotonin 2 (5-HT2) receptor antagonist	ANTAGONIST	PubMed	3954800	http://europepmc.org/abstract/MED/3954800
CHEMBL278819	CHEMBL2095200	Serotonin 2 (5-HT2) receptor antagonist	ANTAGONIST	PubMed	6425901	http://europepmc.org/abstract/MED/6425901
CHEMBL278819	CHEMBL2095200	Serotonin 2 (5-HT2) receptor antagonist	ANTAGONIST	PubMed	6890359	http://europepmc.org/abstract/MED/6890359
CHEMBL278819	CHEMBL2095200	Serotonin 2 (5-HT2) receptor antagonist	ANTAGONIST	PubMed	8494598	http://europepmc.org/abstract/MED/8494598
CHEMBL278819	CHEMBL2095200	Serotonin 2 (5-HT2) receptor antagonist	ANTAGONIST	PubMed	8904622	http://europepmc.org/abstract/MED/8904622
CHEMBL1364551	CHEMBL220	Acetylcholinesterase inhibitor	INHIBITOR	PubMed	10052979	http://europepmc.org/abstract/MED/10052979
CHEMBL1364551	CHEMBL220	Acetylcholinesterase inhibitor	INHIBITOR	PubMed	1361012	http://europepmc.org/abstract/MED/1361012
CHEMBL1364551	CHEMBL220	Acetylcholinesterase inhibitor	INHIBITOR	PubMed	2586634	http://europepmc.org/abstract/MED/2586634
CHEMBL1364551	CHEMBL220	Acetylcholinesterase inhibitor	INHIBITOR	PubMed	2975224	http://europepmc.org/abstract/MED/2975224
CHEMBL1364551	CHEMBL220	Acetylcholinesterase inhibitor	INHIBITOR	PubMed	3836113	http://europepmc.org/abstract/MED/3836113
CHEMBL1364551	CHEMBL220	Acetylcholinesterase inhibitor	INHIBITOR	PubMed	3954800	http://europepmc.org/abstract/MED/3954800
CHEMBL1364551	CHEMBL220	Acetylcholinesterase inhibitor	INHIBITOR	PubMed	6425901	http://europepmc.org/abstract/MED/6425901
CHEMBL1364551	CHEMBL220	Acetylcholinesterase inhibitor	INHIBITOR	PubMed	6890359	http://europepmc.org/abstract/MED/6890359
CHEMBL1364551	CHEMBL220	Acetylcholinesterase inhibitor	INHIBITOR	PubMed	8494598	http://europepmc.org/abstract/MED/8494598
CHEMBL1364551	CHEMBL220	Acetylcholinesterase inhibitor	INHIBITOR	PubMed	8904622	http://europepmc.org/abstract/MED/8904622
CHEMBL1364551	CHEMBL2111341	Dopamine D1 and D2 receptor agonist	AGONIST	PubMed	10052979	http://europepmc.org/abstract/MED/10052979
CHEMBL1364551	CHEMBL2111341	Dopamine D1 and D2 receptor agonist	AGONIST	PubMed	1361012	http://europepmc.org/abstract/MED/1361012
CHEMBL1364551	CHEMBL2111341	Dopamine D1 and D2 receptor agonist	AGONIST	PubMed	2586634	http://europepmc.org/abstract/MED/2586634
CHEMBL1364551	CHEMBL2111341	Dopamine D1 and D2 receptor agonist	AGONIST	PubMed	2975224	http://europepmc.org/abstract/MED/2975224
CHEMBL1364551	CHEMBL2111341	Dopamine D1 and D2 receptor agonist	AGONIST	PubMed	3836113	http://europepmc.org/abstract/MED/3836113
CHEMBL1364551	CHEMBL2111341	Dopamine D1 and D2 receptor agonist	AGONIST	PubMed	3954800	http://europepmc.org/abstract/MED/3954800
CHEMBL1364551	CHEMBL2111341	Dopamine D1 and D2 receptor agonist	AGONIST	PubMed	6425901	http://europepmc.org/abstract/MED/6425901
CHEMBL1364551	CHEMBL2111341	Dopamine D1 and D2 receptor agonist	AGONIST	PubMed	6890359	http://europepmc.org/abstract/MED/6890359
CHEMBL1364551	CHEMBL2111341	Dopamine D1 and D2 receptor agonist	AGONIST	PubMed	8494598	http://europepmc.org/abstract/MED/8494598
CHEMBL1364551	CHEMBL2111341	Dopamine D1 and D2 receptor agonist	AGONIST	PubMed	8904622	http://europepmc.org/abstract/MED/8904622
CHEMBL1364551	CHEMBL1951	Monoamine oxidase A inhibitor	INHIBITOR	PubMed	10052979	http://europepmc.org/abstract/MED/10052979
CHEMBL1364551	CHEMBL1951	Monoamine oxidase A inhibitor	INHIBITOR	PubMed	1361012	http://europepmc.org/abstract/MED/1361012
CHEMBL1364551	CHEMBL1951	Monoamine oxidase A inhibitor	INHIBITOR	PubMed	2586634	http://europepmc.org/abstract/MED/2586634
CHEMBL1364551	CHEMBL1951	Monoamine oxidase A inhibitor	INHIBITOR	PubMed	2975224	http://europepmc.org/abstract/MED/2975224
CHEMBL1364551	CHEMBL1951	Monoamine oxidase A inhibitor	INHIBITOR	PubMed	3836113	http://europepmc.org/abstract/MED/3836113
CHEMBL1364551	CHEMBL1951	Monoamine oxidase A inhibitor	INHIBITOR	PubMed	3954800	http://europepmc.org/abstract/MED/3954800
CHEMBL1364551	CHEMBL1951	Monoamine oxidase A inhibitor	INHIBITOR	PubMed	6425901	http://europepmc.org/abstract/MED/6425901
CHEMBL1364551	CHEMBL1951	Monoamine oxidase A inhibitor	INHIBITOR	PubMed	6890359	http://europepmc.org/abstract/MED/6890359
CHEMBL1364551	CHEMBL1951	Monoamine oxidase A inhibitor	INHIBITOR	PubMed	8494598	http://europepmc.org/abstract/MED/8494598
CHEMBL1364551	CHEMBL1951	Monoamine oxidase A inhibitor	INHIBITOR	PubMed	8904622	http://europepmc.org/abstract/MED/8904622
CHEMBL1364551	CHEMBL216	Muscarinic acetylcholine receptor M1 agonist	AGONIST	PubMed	10052979	http://europepmc.org/abstract/MED/10052979
CHEMBL1364551	CHEMBL216	Muscarinic acetylcholine receptor M1 agonist	AGONIST	PubMed	1361012	http://europepmc.org/abstract/MED/1361012
CHEMBL1364551	CHEMBL216	Muscarinic acetylcholine receptor M1 agonist	AGONIST	PubMed	2586634	http://europepmc.org/abstract/MED/2586634
CHEMBL1364551	CHEMBL216	Muscarinic acetylcholine receptor M1 agonist	AGONIST	PubMed	2975224	http://europepmc.org/abstract/MED/2975224
CHEMBL1364551	CHEMBL216	Muscarinic acetylcholine receptor M1 agonist	AGONIST	PubMed	3836113	http://europepmc.org/abstract/MED/3836113
CHEMBL1364551	CHEMBL216	Muscarinic acetylcholine receptor M1 agonist	AGONIST	PubMed	3954800	http://europepmc.org/abstract/MED/3954800
CHEMBL1364551	CHEMBL216	Muscarinic acetylcholine receptor M1 agonist	AGONIST	PubMed	6425901	http://europepmc.org/abstract/MED/6425901
CHEMBL1364551	CHEMBL216	Muscarinic acetylcholine receptor M1 agonist	AGONIST	PubMed	6890359	http://europepmc.org/abstract/MED/6890359
CHEMBL1364551	CHEMBL216	Muscarinic acetylcholine receptor M1 agonist	AGONIST	PubMed	8494598	http://europepmc.org/abstract/MED/8494598
CHEMBL1364551	CHEMBL216	Muscarinic acetylcholine receptor M1 agonist	AGONIST	PubMed	8904622	http://europepmc.org/abstract/MED/8904622
CHEMBL1364551	CHEMBL2095200	Serotonin 2 (5-HT2) receptor antagonist	ANTAGONIST	PubMed	10052979	http://europepmc.org/abstract/MED/10052979
CHEMBL1364551	CHEMBL2095200	Serotonin 2 (5-HT2) receptor antagonist	ANTAGONIST	PubMed	1361012	http://europepmc.org/abstract/MED/1361012
CHEMBL1364551	CHEMBL2095200	Serotonin 2 (5-HT2) receptor antagonist	ANTAGONIST	PubMed	2586634	http://europepmc.org/abstract/MED/2586634
CHEMBL1364551	CHEMBL2095200	Serotonin 2 (5-HT2) receptor antagonist	ANTAGONIST	PubMed	2975224	http://europepmc.org/abstract/MED/2975224
CHEMBL1364551	CHEMBL2095200	Serotonin 2 (5-HT2) receptor antagonist	ANTAGONIST	PubMed	3836113	http://europepmc.org/abstract/MED/3836113
CHEMBL1364551	CHEMBL2095200	Serotonin 2 (5-HT2) receptor antagonist	ANTAGONIST	PubMed	3954800	http://europepmc.org/abstract/MED/3954800
CHEMBL1364551	CHEMBL2095200	Serotonin 2 (5-HT2) receptor antagonist	ANTAGONIST	PubMed	6425901	http://europepmc.org/abstract/MED/6425901
CHEMBL1364551	CHEMBL2095200	Serotonin 2 (5-HT2) receptor antagonist	ANTAGONIST	PubMed	6890359	http://europepmc.org/abstract/MED/6890359
CHEMBL1364551	CHEMBL2095200	Serotonin 2 (5-HT2) receptor antagonist	ANTAGONIST	PubMed	8494598	http://europepmc.org/abstract/MED/8494598
CHEMBL1364551	CHEMBL2095200	Serotonin 2 (5-HT2) receptor antagonist	ANTAGONIST	PubMed	8904622	http://europepmc.org/abstract/MED/8904622
CHEMBL802	CHEMBL2095198	Sulfonylurea receptor 2, Kir6.2 opener	OPENER	PubMed	11886528	http://europepmc.org/abstract/MED/11886528
CHEMBL507361	CHEMBL3587	Dual specificity mitogen-activated protein kinase kinase 1 inhibitor	INHIBITOR	PubMed	15573115	http://europepmc.org/abstract/MED/15573115
CHEMBL507361	CHEMBL2964	Dual specificity mitogen-activated protein kinase kinase 2 inhibitor	INHIBITOR	PubMed	15573115	http://europepmc.org/abstract/MED/15573115
CHEMBL654	CHEMBL224	Serotonin 2a (5-HT2a) receptor antagonist	ANTAGONIST	DailyMed	setid=f23631be-c7ae-46e9-b771-a70be17bc9f0#nlm34090-1	http://dailymed.nlm.nih.gov/dailymed/lookup.cfm?setid=f23631be-c7ae-46e9-b771-a70be17bc9f0#nlm34090-1
CHEMBL654	CHEMBL225	Serotonin 2c (5-HT2c) receptor antagonist	ANTAGONIST	DailyMed	setid=f23631be-c7ae-46e9-b771-a70be17bc9f0#nlm34090-1	http://dailymed.nlm.nih.gov/dailymed/lookup.cfm?setid=f23631be-c7ae-46e9-b771-a70be17bc9f0#nlm34090-1
CHEMBL654	CHEMBL2095158	Adrenergic receptor alpha-2 antagonist	ANTAGONIST	DailyMed	setid=f23631be-c7ae-46e9-b771-a70be17bc9f0#nlm34090-1	http://dailymed.nlm.nih.gov/dailymed/lookup.cfm?setid=f23631be-c7ae-46e9-b771-a70be17bc9f0#nlm34090-1
CHEMBL4299940	CHEMBL1075126	Pyruvate kinase isozymes R/L activator	ACTIVATOR	PubMed	34987744	https://pubmed.ncbi.nlm.nih.gov/34987744/
CHEMBL4299940	CHEMBL1075126	Pyruvate kinase isozymes R/L activator	ACTIVATOR	DailyMed	setid=4ccee896-e313-4c6c-9674-b4746ada0a90	https://dailymed.nlm.nih.gov/dailymed/drugInfo.cfm?setid=4ccee896-e313-4c6c-9674-b4746ada0a90
CHEMBL4297223	CHEMBL1075126	Pyruvate kinase isozymes R/L activator	ACTIVATOR	PubMed	34987744	https://pubmed.ncbi.nlm.nih.gov/34987744/
CHEMBL1670	CHEMBL2033	Cytochrome P450 11A1 inhibitor	INHIBITOR	PubMed	19667279	http://europepmc.org/abstract/MED/19667279
CHEMBL1670	CHEMBL1908	Cytochrome P450 11B1 inhibitor	INHIBITOR	PubMed	19667279	http://europepmc.org/abstract/MED/19667279
CHEMBL1373	CHEMBL238	Dopamine transporter inhibitor	INHIBITOR	DailyMed	setid=2c824d4c-2309-4e2a-bc74-aa8d80a5c454#nlm34090-1	http://dailymed.nlm.nih.gov/dailymed/lookup.cfm?setid=2c824d4c-2309-4e2a-bc74-aa8d80a5c454#nlm34090-1
CHEMBL1373	CHEMBL238	Dopamine transporter inhibitor	INHIBITOR	PubMed	11222668	http://europepmc.org/abstract/MED/11222668
CHEMBL1078178	CHEMBL2835	Tyrosine-protein kinase JAK1 inhibitor	INHIBITOR	PubMed	19295546	http://europepmc.org/abstract/MED/19295546
CHEMBL1078178	CHEMBL2835	Tyrosine-protein kinase JAK1 inhibitor	INHIBITOR	PubMed	20385788	http://europepmc.org/abstract/MED/20385788
CHEMBL1078178	CHEMBL2971	Tyrosine-protein kinase JAK2 inhibitor	INHIBITOR	PubMed	19295546	http://europepmc.org/abstract/MED/19295546
CHEMBL1078178	CHEMBL2971	Tyrosine-protein kinase JAK2 inhibitor	INHIBITOR	PubMed	20385788	http://europepmc.org/abstract/MED/20385788
CHEMBL1388	CHEMBL1973	Tyrosinase inhibitor	INHIBITOR	PubMed	19159217	http://europepmc.org/abstract/MED/19159217
CHEMBL1200681	CHEMBL1798	Cysteinyl leukotriene receptor 1 antagonist	ANTAGONIST	DailyMed	setid=ed2caffa-a75c-1c27-ae30-2d8280eaea7d	http://dailymed.nlm.nih.gov/dailymed/lookup.cfm?setid=ed2caffa-a75c-1c27-ae30-2d8280eaea7d
CHEMBL60889	CHEMBL2094132	Serotonin 3 (5-HT3) receptor antagonist	ANTAGONIST	PubMed	9692698	https://pubmed.ncbi.nlm.nih.gov/9692698/
CHEMBL60889	CHEMBL1875	Serotonin 4 (5-HT4) receptor agonist	AGONIST	PubMed	9692698	https://pubmed.ncbi.nlm.nih.gov/9692698/
CHEMBL5095030	CHEMBL2107	C-X-C chemokine receptor type 4 antagonist	ANTAGONIST	PubMed	23637121	http://europepmc.org/abstract/MED/23637121
CHEMBL5095030	CHEMBL2107	C-X-C chemokine receptor type 4 antagonist	ANTAGONIST	PubMed	24246358	http://europepmc.org/abstract/MED/24246358
CHEMBL5095030	CHEMBL2107	C-X-C chemokine receptor type 4 antagonist	ANTAGONIST	PubMed	9918823	http://europepmc.org/abstract/MED/9918823
CHEMBL159226	CHEMBL2095203	Adrenergic receptor alpha antagonist	ANTAGONIST	PubMed	9711459	http://europepmc.org/abstract/MED/9711459
CHEMBL1456	CHEMBL2111369	Inosine-5'-monophosphate dehydrogenase (IMPDH) inhibitor	INHIBITOR	DailyMed	setid=37241e87-4af4-4dc3-a1aa-ea6f20d8dc40	http://dailymed.nlm.nih.gov/dailymed/lookup.cfm?setid=37241e87-4af4-4dc3-a1aa-ea6f20d8dc40
CHEMBL1456	CHEMBL2111369	Inosine-5'-monophosphate dehydrogenase (IMPDH) inhibitor	INHIBITOR	PubMed	15621150	http://europepmc.org/abstract/MED/15621150
CHEMBL1456	CHEMBL2111369	Inosine-5'-monophosphate dehydrogenase (IMPDH) inhibitor	INHIBITOR	PubMed	17463174	http://europepmc.org/abstract/MED/17463174
CHEMBL1456	CHEMBL2111369	Inosine-5'-monophosphate dehydrogenase (IMPDH) inhibitor	INHIBITOR	PubMed	17713475	http://europepmc.org/abstract/MED/17713475
CHEMBL1070	CHEMBL230	Cyclooxygenase-2 inhibitor	INHIBITOR	DailyMed	setid=e21f89cf-ec07-4b07-9c9b-796b0111df39	http://dailymed.nlm.nih.gov/dailymed/lookup.cfm?setid=e21f89cf-ec07-4b07-9c9b-796b0111df39
CHEMBL521606	CHEMBL213	Beta-1 adrenergic receptor antagonist	ANTAGONIST	DailyMed	setid=c2e709d2-96a2-41ea-b5e9-9ce4ccb91f59	http://dailymed.nlm.nih.gov/dailymed/lookup.cfm?setid=c2e709d2-96a2-41ea-b5e9-9ce4ccb91f59
CHEMBL521606	CHEMBL210	Beta-2 adrenergic receptor antagonist	ANTAGONIST	DailyMed	setid=c2e709d2-96a2-41ea-b5e9-9ce4ccb91f59	http://dailymed.nlm.nih.gov/dailymed/lookup.cfm?setid=c2e709d2-96a2-41ea-b5e9-9ce4ccb91f59
CHEMBL1568276	CHEMBL2362972	Penicillin-binding protein inhibitor	INHIBITOR	PubMed	7447421	http://europepmc.org/abstract/MED/7447421
CHEMBL1201132	CHEMBL2095181	Opioid receptors; mu/kappa/delta agonist	AGONIST	DailyMed	setid=87d32eb5-6806-4aa4-8976-e3ba0fe871df#nlm34090-1	http://dailymed.nlm.nih.gov/dailymed/lookup.cfm?setid=87d32eb5-6806-4aa4-8976-e3ba0fe871df#nlm34090-1
CHEMBL2105755	CHEMBL233	Mu opioid receptor antagonist	ANTAGONIST	PubMed	23900996	http://europepmc.org/abstract/MED/23900996
CHEMBL1718	CHEMBL2095181	Opioid receptors; mu/kappa/delta antagonist	ANTAGONIST	PubMed	19435929	http://europepmc.org/abstract/MED/19435929
CHEMBL19019	CHEMBL2095181	Opioid receptors; mu/kappa/delta antagonist	ANTAGONIST	DailyMed	setid=49aa3d6d-2270-4615-aafa-b440859ab870#nlm34090-1	http://dailymed.nlm.nih.gov/dailymed/lookup.cfm?setid=49aa3d6d-2270-4615-aafa-b440859ab870#nlm34090-1
CHEMBL154	CHEMBL2094253	Cyclooxygenase inhibitor	INHIBITOR	PubMed	17521299	http://europepmc.org/abstract/MED/17521299
CHEMBL154	CHEMBL2094253	Cyclooxygenase inhibitor	INHIBITOR	PubMed	17604186	http://europepmc.org/abstract/MED/17604186
CHEMBL154	CHEMBL2094253	Cyclooxygenase inhibitor	INHIBITOR	PubMed	17607546	http://europepmc.org/abstract/MED/17607546
CHEMBL154	CHEMBL2094253	Cyclooxygenase inhibitor	INHIBITOR	PubMed	17612049	http://europepmc.org/abstract/MED/17612049
CHEMBL1200806	CHEMBL2094253	Cyclooxygenase inhibitor	INHIBITOR	PubMed	17521299	http://europepmc.org/abstract/MED/17521299
CHEMBL1200806	CHEMBL2094253	Cyclooxygenase inhibitor	INHIBITOR	PubMed	17604186	http://europepmc.org/abstract/MED/17604186
CHEMBL1200806	CHEMBL2094253	Cyclooxygenase inhibitor	INHIBITOR	PubMed	17607546	http://europepmc.org/abstract/MED/17607546
CHEMBL1200806	CHEMBL2094253	Cyclooxygenase inhibitor	INHIBITOR	PubMed	17612049	http://europepmc.org/abstract/MED/17612049
CHEMBL1201607	CHEMBL2095184	Integrin alpha-4/beta-7 inhibitor	INHIBITOR	DailyMed	setid=c5fdde91-1989-4dd2-9129-4f3323ea2962	http://dailymed.nlm.nih.gov/dailymed/lookup.cfm?setid=c5fdde91-1989-4dd2-9129-4f3323ea2962
CHEMBL1201607	CHEMBL1907599	Integrin alpha-4/beta-1 inhibitor	INHIBITOR	DailyMed	setid=c5fdde91-1989-4dd2-9129-4f3323ea2962	http://dailymed.nlm.nih.gov/dailymed/lookup.cfm?setid=c5fdde91-1989-4dd2-9129-4f3323ea2962
CHEMBL783	CHEMBL2096972	Sulfonylurea receptor 1, Kir6.2 blocker	BLOCKER	PubMed	10773014	http://europepmc.org/abstract/MED/10773014
CHEMBL783	CHEMBL2096972	Sulfonylurea receptor 1, Kir6.2 blocker	BLOCKER	PubMed	11716850	http://europepmc.org/abstract/MED/11716850
CHEMBL783	CHEMBL2096972	Sulfonylurea receptor 1, Kir6.2 blocker	BLOCKER	PubMed	12196472	http://europepmc.org/abstract/MED/12196472
CHEMBL783	CHEMBL2096972	Sulfonylurea receptor 1, Kir6.2 blocker	BLOCKER	PubMed	12604678	http://europepmc.org/abstract/MED/12604678
CHEMBL1201731	CHEMBL213	Beta-1 adrenergic receptor antagonist	ANTAGONIST	DailyMed	setid=8b8ad213-1dc8-454e-a524-075685c0e1a8#section-13	http://dailymed.nlm.nih.gov/dailymed/lookup.cfm?setid=8b8ad213-1dc8-454e-a524-075685c0e1a8#section-13
CHEMBL1201731	CHEMBL210	Beta-2 adrenergic receptor antagonist	ANTAGONIST	DailyMed	setid=8b8ad213-1dc8-454e-a524-075685c0e1a8#section-13	http://dailymed.nlm.nih.gov/dailymed/lookup.cfm?setid=8b8ad213-1dc8-454e-a524-075685c0e1a8#section-13
CHEMBL1743047	CHEMBL203	Epidermal growth factor receptor erbB1 inhibitor	INHIBITOR	DailyMed	setid=89bcf553-669a-40b0-a9d7-67a5c1d2f591	http://dailymed.nlm.nih.gov/dailymed/drugInfo.cfm?setid=89bcf553-669a-40b0-a9d7-67a5c1d2f591
CHEMBL4594338	CHEMBL4627242	L-lactate dehydrogenase A chain mRNA RNAi inhibitor	RNAI INHIBITOR	PubMed	29914758	http://europepmc.org/abstract/MED/29914758
CHEMBL4594338	CHEMBL4627242	L-lactate dehydrogenase A chain mRNA RNAi inhibitor	RNAI INHIBITOR	PubMed	33774044	http://europepmc.org/abstract/MED/33774044
CHEMBL180022	CHEMBL203	Epidermal growth factor receptor erbB1 inhibitor	INHIBITOR	PubMed	15715478	http://europepmc.org/abstract/MED/15715478
CHEMBL180022	CHEMBL203	Epidermal growth factor receptor erbB1 inhibitor	INHIBITOR	PubMed	26089701	http://europepmc.org/abstract/MED/26089701
CHEMBL180022	CHEMBL1824	Receptor protein-tyrosine kinase erbB-2 inhibitor	INHIBITOR	PubMed	15715478	http://europepmc.org/abstract/MED/15715478
CHEMBL180022	CHEMBL1824	Receptor protein-tyrosine kinase erbB-2 inhibitor	INHIBITOR	PubMed	26089701	http://europepmc.org/abstract/MED/26089701
CHEMBL180022	CHEMBL3009	Receptor protein-tyrosine kinase erbB-4 inhibitor	INHIBITOR	PubMed	15715478	http://europepmc.org/abstract/MED/15715478
CHEMBL180022	CHEMBL3009	Receptor protein-tyrosine kinase erbB-4 inhibitor	INHIBITOR	PubMed	26089701	http://europepmc.org/abstract/MED/26089701
CHEMBL3989921	CHEMBL1824	Receptor protein-tyrosine kinase erbB-2 inhibitor	INHIBITOR	PubMed	15715478	http://europepmc.org/abstract/MED/15715478
CHEMBL3989921	CHEMBL1824	Receptor protein-tyrosine kinase erbB-2 inhibitor	INHIBITOR	PubMed	26089701	http://europepmc.org/abstract/MED/26089701
CHEMBL3989921	CHEMBL203	Epidermal growth factor receptor erbB1 inhibitor	INHIBITOR	PubMed	15715478	http://europepmc.org/abstract/MED/15715478
CHEMBL3989921	CHEMBL203	Epidermal growth factor receptor erbB1 inhibitor	INHIBITOR	PubMed	26089701	http://europepmc.org/abstract/MED/26089701
CHEMBL3989921	CHEMBL3009	Receptor protein-tyrosine kinase erbB-4 inhibitor	INHIBITOR	PubMed	15715478	http://europepmc.org/abstract/MED/15715478
CHEMBL3989921	CHEMBL3009	Receptor protein-tyrosine kinase erbB-4 inhibitor	INHIBITOR	PubMed	26089701	http://europepmc.org/abstract/MED/26089701
CHEMBL57	CHEMBL247	Human immunodeficiency virus type 1 reverse transcriptase inhibitor	INHIBITOR	DailyMed	setid=8dfe86aa-ea5d-48d2-94a8-1a5506055d70	http://dailymed.nlm.nih.gov/dailymed/lookup.cfm?setid=8dfe86aa-ea5d-48d2-94a8-1a5506055d70
CHEMBL1256841	CHEMBL2095205	Monoamine oxidase inhibitor	INHIBITOR	PubMed	13720124	http://europepmc.org/abstract/MED/13720124
CHEMBL1256841	CHEMBL2095205	Monoamine oxidase inhibitor	INHIBITOR	PubMed	13722404	http://europepmc.org/abstract/MED/13722404
CHEMBL1256841	CHEMBL2095205	Monoamine oxidase inhibitor	INHIBITOR	PubMed	14008026	http://europepmc.org/abstract/MED/14008026
CHEMBL1256841	CHEMBL2095205	Monoamine oxidase inhibitor	INHIBITOR	PubMed	14471627	http://europepmc.org/abstract/MED/14471627
CHEMBL1448	CHEMBL2366043	DNA inhibitor	INHIBITOR	PubMed	12392939	http://europepmc.org/abstract/MED/12392939
CHEMBL1448	CHEMBL2366044	DNA inhibitor	INHIBITOR	PubMed	12392939	http://europepmc.org/abstract/MED/12392939
CHEMBL1201536	CHEMBL1907589	Neuronal acetylcholine receptor; alpha4/beta2 agonist	AGONIST	PubMed	11006350	http://europepmc.org/abstract/MED/11006350
CHEMBL1201536	CHEMBL1907589	Neuronal acetylcholine receptor; alpha4/beta2 agonist	AGONIST	PubMed	16636791	http://europepmc.org/abstract/MED/16636791
CHEMBL1201536	CHEMBL1907589	Neuronal acetylcholine receptor; alpha4/beta2 agonist	AGONIST	PubMed	16754836	http://europepmc.org/abstract/MED/16754836
CHEMBL1201536	CHEMBL1907589	Neuronal acetylcholine receptor; alpha4/beta2 agonist	AGONIST	PubMed	17146052	http://europepmc.org/abstract/MED/17146052
CHEMBL1201536	CHEMBL1907589	Neuronal acetylcholine receptor; alpha4/beta2 agonist	AGONIST	PubMed	17226798	http://europepmc.org/abstract/MED/17226798
CHEMBL1201536	CHEMBL1907589	Neuronal acetylcholine receptor; alpha4/beta2 agonist	AGONIST	PubMed	17360707	http://europepmc.org/abstract/MED/17360707
CHEMBL1201536	CHEMBL1907589	Neuronal acetylcholine receptor; alpha4/beta2 agonist	AGONIST	PubMed	17590520	http://europepmc.org/abstract/MED/17590520
CHEMBL1201536	CHEMBL1907589	Neuronal acetylcholine receptor; alpha4/beta2 agonist	AGONIST	PubMed	17613539	http://europepmc.org/abstract/MED/17613539
CHEMBL1201536	CHEMBL1907589	Neuronal acetylcholine receptor; alpha4/beta2 agonist	AGONIST	PubMed	19560048	http://europepmc.org/abstract/MED/19560048
CHEMBL1201536	CHEMBL1907589	Neuronal acetylcholine receptor; alpha4/beta2 agonist	AGONIST	PubMed	20081230	http://europepmc.org/abstract/MED/20081230
CHEMBL1201536	CHEMBL1907589	Neuronal acetylcholine receptor; alpha4/beta2 agonist	AGONIST	PubMed	20400469	http://europepmc.org/abstract/MED/20400469
CHEMBL1274	CHEMBL1871	Androgen Receptor antagonist	ANTAGONIST	DailyMed	setid=6d2e5c32-3221-4605-955f-37c6bb61aef7	http://dailymed.nlm.nih.gov/dailymed/lookup.cfm?setid=6d2e5c32-3221-4605-955f-37c6bb61aef7
CHEMBL2108359	CHEMBL203	Epidermal growth factor receptor erbB1 inhibitor	INHIBITOR	PubMed	19584289	http://europepmc.org/abstract/MED/19584289
CHEMBL1770916	CHEMBL2094135	Gamma-secretase inhibitor	INHIBITOR	PubMed	20530712	https://pubmed.ncbi.nlm.nih.gov/20530712/
CHEMBL1726	CHEMBL2095229	Voltage-gated L-type calcium channel blocker	BLOCKER	DailyMed	setid=00d506a4-74d6-4838-b008-3f9e7c017e08	http://dailymed.nlm.nih.gov/dailymed/lookup.cfm?setid=00d506a4-74d6-4838-b008-3f9e7c017e08
CHEMBL1401	CHEMBL2364026	Pyruvate:ferredoxin oxidoreductase inhibitor	INHIBITOR	DailyMed	setid=56b1575a-dff4-4c5a-a159-2f858e7a0cb8	http://dailymed.nlm.nih.gov/dailymed/lookup.cfm?setid=56b1575a-dff4-4c5a-a159-2f858e7a0cb8
CHEMBL1401	CHEMBL2364027	Pyruvate:ferredoxin oxidoreductase inhibitor	INHIBITOR	DailyMed	setid=56b1575a-dff4-4c5a-a159-2f858e7a0cb8	http://dailymed.nlm.nih.gov/dailymed/lookup.cfm?setid=56b1575a-dff4-4c5a-a159-2f858e7a0cb8
CHEMBL1909285	CHEMBL2096668	Alcohol dehydrogenase inhibitor	INHIBITOR	PubMed	2276587	http://europepmc.org/abstract/MED/2276587
CHEMBL1909285	CHEMBL2096668	Alcohol dehydrogenase inhibitor	INHIBITOR	PubMed	2310412	http://europepmc.org/abstract/MED/2310412
CHEMBL1909285	CHEMBL2096668	Alcohol dehydrogenase inhibitor	INHIBITOR	PubMed	3893193	http://europepmc.org/abstract/MED/3893193
CHEMBL1909285	CHEMBL2096668	Alcohol dehydrogenase inhibitor	INHIBITOR	PubMed	6482674	http://europepmc.org/abstract/MED/6482674
CHEMBL1909285	CHEMBL2096668	Alcohol dehydrogenase inhibitor	INHIBITOR	PubMed	6598964	http://europepmc.org/abstract/MED/6598964
CHEMBL1200934	CHEMBL208	Progesterone receptor agonist	AGONIST	DailyMed	setid=222f0530-c4b7-47ec-99c9-4ff81eabf485#nlm34090-1	http://dailymed.nlm.nih.gov/dailymed/lookup.cfm?setid=222f0530-c4b7-47ec-99c9-4ff81eabf485#nlm34090-1
CHEMBL1200480	CHEMBL2111436	Somatostatin receptor agonist	AGONIST	DailyMed	setid=f278f0d8-4062-420a-97c3-3a8b88253a08#nlm34090-1	http://dailymed.nlm.nih.gov/dailymed/lookup.cfm?setid=f278f0d8-4062-420a-97c3-3a8b88253a08#nlm34090-1
CHEMBL1200480	CHEMBL2111436	Somatostatin receptor agonist	AGONIST	PubMed	11931345	http://europepmc.org/abstract/MED/11931345
CHEMBL4	CHEMBL2311224	Bacterial DNA gyrase inhibitor	INHIBITOR	DailyMed	setid=81e8ece1-ab0b-4deb-8f84-79f21419b328	http://dailymed.nlm.nih.gov/dailymed/lookup.cfm?setid=81e8ece1-ab0b-4deb-8f84-79f21419b328
CHEMBL4650438	CHEMBL4834388	Apolipoprotein C-III mRNA antisense inhibitor	ANTISENSE INHIBITOR	PubMed	35025993	https://pubmed.ncbi.nlm.nih.gov/35025993/
CHEMBL2443262	CHEMBL233	Mu opioid receptor agonist	AGONIST	PubMed	27778501	http://europepmc.org/abstract/MED/27778501
CHEMBL3786343	CHEMBL203	Epidermal growth factor receptor erbB1 inhibitor	INHIBITOR	PubMed	26508839	http://europepmc.org/abstract/MED/26508839
CHEMBL1503	CHEMBL2095173	Potassium-transporting ATPase inhibitor	INHIBITOR	PubMed	10411559	http://europepmc.org/abstract/MED/10411559
CHEMBL1503	CHEMBL2095173	Potassium-transporting ATPase inhibitor	INHIBITOR	PubMed	18925391	http://europepmc.org/abstract/MED/18925391
CHEMBL1503	CHEMBL2095173	Potassium-transporting ATPase inhibitor	INHIBITOR	PubMed	19120905	http://europepmc.org/abstract/MED/19120905
CHEMBL3186492	CHEMBL1899	Serotonin 3a (5-HT3a) receptor antagonist	ANTAGONIST	DailyMed	setid=bb4bc810-db26-471b-9ce7-6e2fb3018af0	http://dailymed.nlm.nih.gov/dailymed/lookup.cfm?setid=bb4bc810-db26-471b-9ce7-6e2fb3018af0
CHEMBL175247	CHEMBL1796	Gastric lipase inhibitor	INHIBITOR	DailyMed	setid=5bbdc95b-82a1-4ba5-8185-6504ff68cc06#nlm34090-1	http://dailymed.nlm.nih.gov/dailymed/lookup.cfm?setid=5bbdc95b-82a1-4ba5-8185-6504ff68cc06#nlm34090-1
CHEMBL175247	CHEMBL1812	Pancreatic lipase inhibitor	INHIBITOR	DailyMed	setid=5bbdc95b-82a1-4ba5-8185-6504ff68cc06#nlm34090-1	http://dailymed.nlm.nih.gov/dailymed/lookup.cfm?setid=5bbdc95b-82a1-4ba5-8185-6504ff68cc06#nlm34090-1
CHEMBL3353410	CHEMBL203	Epidermal growth factor receptor erbB1 inhibitor	INHIBITOR	DailyMed	setid=5e81b4a7-b971-45e1-9c31-29cea8c87ce7	http://dailymed.nlm.nih.gov/dailymed/drugInfo.cfm?setid=5e81b4a7-b971-45e1-9c31-29cea8c87ce7
CHEMBL3353410	CHEMBL203	Epidermal growth factor receptor erbB1 inhibitor	INHIBITOR	PubMed	24893891	http://europepmc.org/abstract/MED/24893891
CHEMBL3353410	CHEMBL203	Epidermal growth factor receptor erbB1 inhibitor	INHIBITOR	PubMed	25271963	http://europepmc.org/abstract/MED/25271963
CHEMBL3545063	CHEMBL203	Epidermal growth factor receptor erbB1 inhibitor	INHIBITOR	DailyMed	setid=5e81b4a7-b971-45e1-9c31-29cea8c87ce7	http://dailymed.nlm.nih.gov/dailymed/drugInfo.cfm?setid=5e81b4a7-b971-45e1-9c31-29cea8c87ce7
CHEMBL3545063	CHEMBL203	Epidermal growth factor receptor erbB1 inhibitor	INHIBITOR	PubMed	24893891	http://europepmc.org/abstract/MED/24893891
CHEMBL3545063	CHEMBL203	Epidermal growth factor receptor erbB1 inhibitor	INHIBITOR	PubMed	25271963	http://europepmc.org/abstract/MED/25271963
CHEMBL2105395	CHEMBL2093866	Estrogen receptor modulator	MODULATOR	DailyMed	setid=8462d6ab-e3cd-4efa-a360-75bf8f917287#nlm34090-1	http://dailymed.nlm.nih.gov/dailymed/lookup.cfm?setid=8462d6ab-e3cd-4efa-a360-75bf8f917287#nlm34090-1
CHEMBL414804	CHEMBL2311221	DNA inhibitor	INHIBITOR	DailyMed	setid=3c740b43-f396-4998-bc66-6964a21f7161#section-14	http://dailymed.nlm.nih.gov/dailymed/lookup.cfm?setid=3c740b43-f396-4998-bc66-6964a21f7161#section-14
CHEMBL13828	CHEMBL231	Histamine H1 receptor antagonist	ANTAGONIST	PubMed	6861643	https://pubmed.ncbi.nlm.nih.gov/6861643/
CHEMBL568	CHEMBL2093872	GABA-A receptor; anion channel positive allosteric modulator	POSITIVE ALLOSTERIC MODULATOR	PubMed	2570451	http://europepmc.org/abstract/MED/2570451
CHEMBL568	CHEMBL2093872	GABA-A receptor; anion channel positive allosteric modulator	POSITIVE ALLOSTERIC MODULATOR	PubMed	6135616	http://europepmc.org/abstract/MED/6135616
CHEMBL1068	CHEMBL2331043	Sodium channel alpha subunit blocker	BLOCKER	DailyMed	setid=ca6bfbbb-fcca-4c15-a160-ee5791ed2f6e#nlm34090-1	http://dailymed.nlm.nih.gov/dailymed/lookup.cfm?setid=ca6bfbbb-fcca-4c15-a160-ee5791ed2f6e#nlm34090-1
CHEMBL1068	CHEMBL2331043	Sodium channel alpha subunit blocker	BLOCKER	PubMed	15208697	http://europepmc.org/abstract/MED/15208697
CHEMBL1068	CHEMBL2331043	Sodium channel alpha subunit blocker	BLOCKER	PubMed	23205958	http://europepmc.org/abstract/MED/23205958
CHEMBL1625		Sunscreen		DailyMed	setid=87a044e4-52c9-17cc-e053-2995a90af804	https://dailymed.nlm.nih.gov/dailymed/drugInfo.cfm?setid=87a044e4-52c9-17cc-e053-2995a90af804
CHEMBL1231	CHEMBL245	Muscarinic acetylcholine receptor M3 antagonist	ANTAGONIST	PubMed	17222678	http://europepmc.org/abstract/MED/17222678
CHEMBL1231	CHEMBL245	Muscarinic acetylcholine receptor M3 antagonist	ANTAGONIST	PubMed	19275276	http://europepmc.org/abstract/MED/19275276
CHEMBL1231	CHEMBL245	Muscarinic acetylcholine receptor M3 antagonist	ANTAGONIST	PubMed	19446545	http://europepmc.org/abstract/MED/19446545
CHEMBL1231	CHEMBL245	Muscarinic acetylcholine receptor M3 antagonist	ANTAGONIST	PubMed	20590605	http://europepmc.org/abstract/MED/20590605
CHEMBL1231	CHEMBL211	Muscarinic acetylcholine receptor M2 antagonist	ANTAGONIST	PubMed	15963006	http://europepmc.org/abstract/MED/15963006
CHEMBL1231	CHEMBL211	Muscarinic acetylcholine receptor M2 antagonist	ANTAGONIST	PubMed	16188951	http://europepmc.org/abstract/MED/16188951
CHEMBL1231	CHEMBL211	Muscarinic acetylcholine receptor M2 antagonist	ANTAGONIST	PubMed	17222678	http://europepmc.org/abstract/MED/17222678
CHEMBL1231	CHEMBL211	Muscarinic acetylcholine receptor M2 antagonist	ANTAGONIST	PubMed	20590605	http://europepmc.org/abstract/MED/20590605
CHEMBL1200791	CHEMBL2095203	Adrenergic receptor alpha agonist	AGONIST	PubMed	20030735	http://europepmc.org/abstract/MED/20030735
CHEMBL1200791	CHEMBL2095203	Adrenergic receptor alpha agonist	AGONIST	PubMed	23364786	http://europepmc.org/abstract/MED/23364786
CHEMBL1200585	CHEMBL1871	Androgen Receptor agonist	AGONIST	DailyMed	setid=4b9c6c34-9cb2-4d70-b70e-c7ce2fda4212	http://dailymed.nlm.nih.gov/dailymed/lookup.cfm?setid=4b9c6c34-9cb2-4d70-b70e-c7ce2fda4212
CHEMBL2035187	CHEMBL2971	Tyrosine-protein kinase JAK2 inhibitor	INHIBITOR	PubMed	21604762	http://europepmc.org/abstract/MED/21604762
CHEMBL2035187	CHEMBL2971	Tyrosine-protein kinase JAK2 inhibitor	INHIBITOR	PubMed	22339472	http://europepmc.org/abstract/MED/22339472
CHEMBL2035187	CHEMBL2971	Tyrosine-protein kinase JAK2 inhibitor	INHIBITOR	PubMed	22829080	http://europepmc.org/abstract/MED/22829080
CHEMBL2035187	CHEMBL1974	Tyrosine-protein kinase receptor FLT3 inhibitor	INHIBITOR	PubMed	21604762	http://europepmc.org/abstract/MED/21604762
CHEMBL2035187	CHEMBL1974	Tyrosine-protein kinase receptor FLT3 inhibitor	INHIBITOR	PubMed	22339472	http://europepmc.org/abstract/MED/22339472
CHEMBL2035187	CHEMBL1974	Tyrosine-protein kinase receptor FLT3 inhibitor	INHIBITOR	PubMed	22829080	http://europepmc.org/abstract/MED/22829080
CHEMBL5095049	CHEMBL2971	Tyrosine-protein kinase JAK2 inhibitor	INHIBITOR	DailyMed	setid=4b5ab444-0e1a-4984-99db-76ad11a298ee	https://dailymed.nlm.nih.gov/dailymed/drugInfo.cfm?setid=4b5ab444-0e1a-4984-99db-76ad11a298ee
CHEMBL5095049	CHEMBL1974	Tyrosine-protein kinase receptor FLT3 inhibitor	INHIBITOR	DailyMed	setid=4b5ab444-0e1a-4984-99db-76ad11a298ee	https://dailymed.nlm.nih.gov/dailymed/drugInfo.cfm?setid=4b5ab444-0e1a-4984-99db-76ad11a298ee
CHEMBL5095049	CHEMBL5903	Activin receptor type-1 inhibitor	INHIBITOR	DailyMed	setid=4b5ab444-0e1a-4984-99db-76ad11a298ee	https://dailymed.nlm.nih.gov/dailymed/drugInfo.cfm?setid=4b5ab444-0e1a-4984-99db-76ad11a298ee
CHEMBL5095049	CHEMBL3357	Interleukin-1 receptor-associated kinase 1 inhibitor	INHIBITOR	DailyMed	setid=4b5ab444-0e1a-4984-99db-76ad11a298ee	https://dailymed.nlm.nih.gov/dailymed/drugInfo.cfm?setid=4b5ab444-0e1a-4984-99db-76ad11a298ee
CHEMBL1201821	CHEMBL4142	Fibroblast growth factor receptor 2 agonist	AGONIST	PubMed	16597617	http://europepmc.org/abstract/MED/16597617
CHEMBL1621	CHEMBL217	Dopamine D2 receptor antagonist	ANTAGONIST	DailyMed	setid=7b8e5b26-b9e4-4704-921b-3c3c0d159916#nlm34090-1	http://dailymed.nlm.nih.gov/dailymed/lookup.cfm?setid=7b8e5b26-b9e4-4704-921b-3c3c0d159916#nlm34090-1
CHEMBL1621	CHEMBL224	Serotonin 2a (5-HT2a) receptor antagonist	ANTAGONIST	DailyMed	setid=7b8e5b26-b9e4-4704-921b-3c3c0d159916#nlm34090-1	http://dailymed.nlm.nih.gov/dailymed/lookup.cfm?setid=7b8e5b26-b9e4-4704-921b-3c3c0d159916#nlm34090-1
CHEMBL3989401	CHEMBL1782	Farnesyl diphosphate synthase inhibitor	INHIBITOR	PubMed	10620343	http://europepmc.org/abstract/MED/10620343
CHEMBL3989401	CHEMBL1782	Farnesyl diphosphate synthase inhibitor	INHIBITOR	PubMed	11160603	http://europepmc.org/abstract/MED/11160603
CHEMBL3989401	CHEMBL1782	Farnesyl diphosphate synthase inhibitor	INHIBITOR	PubMed	12177810	http://europepmc.org/abstract/MED/12177810
CHEMBL3989401	CHEMBL1782	Farnesyl diphosphate synthase inhibitor	INHIBITOR	PubMed	15028820	http://europepmc.org/abstract/MED/15028820
CHEMBL3989401	CHEMBL1782	Farnesyl diphosphate synthase inhibitor	INHIBITOR	PubMed	15713990	http://europepmc.org/abstract/MED/15713990
CHEMBL1201827	CHEMBL203	Epidermal growth factor receptor erbB1 inhibitor	INHIBITOR	DailyMed	setid=e0fa4bca-f245-4d92-ae29-b0c630a315c2	http://dailymed.nlm.nih.gov/dailymed/lookup.cfm?setid=e0fa4bca-f245-4d92-ae29-b0c630a315c2
CHEMBL1200425	CHEMBL2095205	Monoamine oxidase inhibitor	INHIBITOR	PubMed	9564606	http://europepmc.org/abstract/MED/9564606
CHEMBL4297615	CHEMBL3130	PI3-kinase p110-delta subunit inhibitor	INHIBITOR	PubMed	30803990	http://europepmc.org/abstract/MED/30803990
CHEMBL4297615	CHEMBL3130	PI3-kinase p110-delta subunit inhibitor	INHIBITOR	PubMed	31749910	http://europepmc.org/abstract/MED/31749910
CHEMBL1201733	CHEMBL1844	Macrophage colony stimulating factor receptor inhibitor	INHIBITOR	DailyMed	setid=f5b7b3a4-c3a4-4722-8ca5-8f6a5c622553#section-14	http://dailymed.nlm.nih.gov/dailymed/lookup.cfm?setid=f5b7b3a4-c3a4-4722-8ca5-8f6a5c622553#section-14
CHEMBL1201733	CHEMBL1936	Stem cell growth factor receptor inhibitor	INHIBITOR	DailyMed	setid=f5b7b3a4-c3a4-4722-8ca5-8f6a5c622553#section-14	http://dailymed.nlm.nih.gov/dailymed/lookup.cfm?setid=f5b7b3a4-c3a4-4722-8ca5-8f6a5c622553#section-14
CHEMBL1201733	CHEMBL258	Tyrosine-protein kinase LCK inhibitor	INHIBITOR	DailyMed	setid=f5b7b3a4-c3a4-4722-8ca5-8f6a5c622553#section-14	http://dailymed.nlm.nih.gov/dailymed/lookup.cfm?setid=f5b7b3a4-c3a4-4722-8ca5-8f6a5c622553#section-14
CHEMBL1201733	CHEMBL2742	Fibroblast growth factor receptor 3 inhibitor	INHIBITOR	DailyMed	setid=f5b7b3a4-c3a4-4722-8ca5-8f6a5c622553#section-14	http://dailymed.nlm.nih.gov/dailymed/lookup.cfm?setid=f5b7b3a4-c3a4-4722-8ca5-8f6a5c622553#section-14
CHEMBL1201733	CHEMBL3650	Fibroblast growth factor receptor 1 inhibitor	INHIBITOR	DailyMed	setid=f5b7b3a4-c3a4-4722-8ca5-8f6a5c622553#section-14	http://dailymed.nlm.nih.gov/dailymed/lookup.cfm?setid=f5b7b3a4-c3a4-4722-8ca5-8f6a5c622553#section-14
CHEMBL1201733	CHEMBL2095189	Platelet-derived growth factor receptor inhibitor	INHIBITOR	DailyMed	setid=f5b7b3a4-c3a4-4722-8ca5-8f6a5c622553#section-14	http://dailymed.nlm.nih.gov/dailymed/lookup.cfm?setid=f5b7b3a4-c3a4-4722-8ca5-8f6a5c622553#section-14
CHEMBL1201733	CHEMBL2095227	Vascular endothelial growth factor receptor inhibitor	INHIBITOR	DailyMed	setid=f5b7b3a4-c3a4-4722-8ca5-8f6a5c622553#section-14	http://dailymed.nlm.nih.gov/dailymed/lookup.cfm?setid=f5b7b3a4-c3a4-4722-8ca5-8f6a5c622553#section-14
CHEMBL1201733	CHEMBL2959	Tyrosine-protein kinase ITK/TSK inhibitor	INHIBITOR	DailyMed	setid=f5b7b3a4-c3a4-4722-8ca5-8f6a5c622553#section-14	http://dailymed.nlm.nih.gov/dailymed/lookup.cfm?setid=f5b7b3a4-c3a4-4722-8ca5-8f6a5c622553#section-14
CHEMBL1201421	CHEMBL1783	Vascular endothelial growth factor A antagonist	ANTAGONIST	DailyMed	setid=45d03177-5d52-492c-b2e0-01afc7c8d2e0	http://dailymed.nlm.nih.gov/dailymed/lookup.cfm?setid=45d03177-5d52-492c-b2e0-01afc7c8d2e0
CHEMBL2108546	CHEMBL2364706	Asparagine hydrolytic enzyme	HYDROLYTIC ENZYME	DailyMed	setid=d046ec54-9ac8-4c9f-87a7-69e9900d8016#nlm34090-1	http://dailymed.nlm.nih.gov/dailymed/lookup.cfm?setid=d046ec54-9ac8-4c9f-87a7-69e9900d8016#nlm34090-1
CHEMBL1201560	CHEMBL2364170	Interferon alpha/beta receptor agonist	AGONIST	DailyMed	setid=de61685e-2b8c-4e22-84bb-869e13600440	http://dailymed.nlm.nih.gov/dailymed/lookup.cfm?setid=de61685e-2b8c-4e22-84bb-869e13600440
CHEMBL1201560	CHEMBL2364170	Interferon alpha/beta receptor agonist	AGONIST	PubMed	17969444	http://europepmc.org/abstract/MED/17969444
CHEMBL1201561	CHEMBL2364170	Interferon alpha/beta receptor agonist	AGONIST	DailyMed	setid=de61685e-2b8c-4e22-84bb-869e13600440	http://dailymed.nlm.nih.gov/dailymed/lookup.cfm?setid=de61685e-2b8c-4e22-84bb-869e13600440
CHEMBL1201561	CHEMBL2364170	Interferon alpha/beta receptor agonist	AGONIST	PubMed	17969444	http://europepmc.org/abstract/MED/17969444
CHEMBL2360464	CHEMBL1952	Thymidylate synthase inhibitor	INHIBITOR	DailyMed	setid=f5a860f3-37ec-429c-ae04-9c88d7c55c08#section-13	http://dailymed.nlm.nih.gov/dailymed/lookup.cfm?setid=f5a860f3-37ec-429c-ae04-9c88d7c55c08#section-13
CHEMBL2360464	CHEMBL202	Dihydrofolate reductase inhibitor	INHIBITOR	DailyMed	setid=f5a860f3-37ec-429c-ae04-9c88d7c55c08#section-13	http://dailymed.nlm.nih.gov/dailymed/lookup.cfm?setid=f5a860f3-37ec-429c-ae04-9c88d7c55c08#section-13
CHEMBL2360464	CHEMBL3972	GAR transformylase inhibitor	INHIBITOR	DailyMed	setid=f5a860f3-37ec-429c-ae04-9c88d7c55c08#section-13	http://dailymed.nlm.nih.gov/dailymed/lookup.cfm?setid=f5a860f3-37ec-429c-ae04-9c88d7c55c08#section-13
CHEMBL1430	CHEMBL2363057	Copper chelating agent	CHELATING AGENT	DailyMed	setid=80e736d3-2017-4d68-94b4-38255c3c59c6	http://dailymed.nlm.nih.gov/dailymed/lookup.cfm?setid=80e736d3-2017-4d68-94b4-38255c3c59c6
CHEMBL1223	CHEMBL2354204	Bacterial penicillin-binding protein inhibitor	INHIBITOR	PubMed	11353613	http://europepmc.org/abstract/MED/11353613
CHEMBL1223	CHEMBL2354204	Bacterial penicillin-binding protein inhibitor	INHIBITOR	PubMed	19528266	http://europepmc.org/abstract/MED/19528266
CHEMBL1223	CHEMBL2354204	Bacterial penicillin-binding protein inhibitor	INHIBITOR	PubMed	3245263	http://europepmc.org/abstract/MED/3245263
CHEMBL1201516		Unknown		DailyMed	setid=f0ba651e-3d8a-11df-8fbe-119855d89593#nlm34090-1	http://dailymed.nlm.nih.gov/dailymed/lookup.cfm?setid=f0ba651e-3d8a-11df-8fbe-119855d89593#nlm34090-1
CHEMBL1201516		Unknown		PubMed	23294821	http://europepmc.org/abstract/MED/23294821
CHEMBL628	CHEMBL2094257	Adenosine A2 receptor antagonist	ANTAGONIST	PubMed	19997047	http://europepmc.org/abstract/MED/19997047
CHEMBL628	CHEMBL2363066	3',5'-cyclic phosphodiesterase inhibitor	INHIBITOR	PubMed	11692087	http://europepmc.org/abstract/MED/11692087
CHEMBL628	CHEMBL2363066	3',5'-cyclic phosphodiesterase inhibitor	INHIBITOR	PubMed	18568240	http://europepmc.org/abstract/MED/18568240
CHEMBL567	CHEMBL217	Dopamine D2 receptor antagonist	ANTAGONIST	PubMed	11873706	http://europepmc.org/abstract/MED/11873706
CHEMBL567	CHEMBL217	Dopamine D2 receptor antagonist	ANTAGONIST	PubMed	15007534	http://europepmc.org/abstract/MED/15007534
CHEMBL567	CHEMBL217	Dopamine D2 receptor antagonist	ANTAGONIST	PubMed	7508675	http://europepmc.org/abstract/MED/7508675
CHEMBL567	CHEMBL217	Dopamine D2 receptor antagonist	ANTAGONIST	PubMed	7828655	http://europepmc.org/abstract/MED/7828655
CHEMBL2007641	CHEMBL1824	Receptor protein-tyrosine kinase erbB-2 inhibitor	INHIBITOR	DailyMed	setid=17f85d17-ab71-4f5b-9fe3-0b8c822f69ff	http://dailymed.nlm.nih.gov/dailymed/lookup.cfm?setid=17f85d17-ab71-4f5b-9fe3-0b8c822f69ff
CHEMBL3813873	CHEMBL1844	Macrophage colony stimulating factor receptor inhibitor	INHIBITOR	PubMed	22039576	http://europepmc.org/abstract/MED/22039576
CHEMBL3813873	CHEMBL1844	Macrophage colony stimulating factor receptor inhibitor	INHIBITOR	PubMed	25847190	http://europepmc.org/abstract/MED/25847190
CHEMBL3813873	CHEMBL1974	Tyrosine-protein kinase receptor FLT3 inhibitor	INHIBITOR	PubMed	22039576	http://europepmc.org/abstract/MED/22039576
CHEMBL3813873	CHEMBL1974	Tyrosine-protein kinase receptor FLT3 inhibitor	INHIBITOR	PubMed	25847190	http://europepmc.org/abstract/MED/25847190
CHEMBL3813873	CHEMBL1936	Stem cell growth factor receptor inhibitor	INHIBITOR	PubMed	22039576	http://europepmc.org/abstract/MED/22039576
CHEMBL3813873	CHEMBL1936	Stem cell growth factor receptor inhibitor	INHIBITOR	PubMed	25847190	http://europepmc.org/abstract/MED/25847190
CHEMBL3989973	CHEMBL1844	Macrophage colony stimulating factor receptor inhibitor	INHIBITOR	PubMed	22039576	http://europepmc.org/abstract/MED/22039576
CHEMBL3989973	CHEMBL1844	Macrophage colony stimulating factor receptor inhibitor	INHIBITOR	PubMed	25847190	http://europepmc.org/abstract/MED/25847190
CHEMBL3989973	CHEMBL1974	Tyrosine-protein kinase receptor FLT3 inhibitor	INHIBITOR	PubMed	22039576	http://europepmc.org/abstract/MED/22039576
CHEMBL3989973	CHEMBL1974	Tyrosine-protein kinase receptor FLT3 inhibitor	INHIBITOR	PubMed	25847190	http://europepmc.org/abstract/MED/25847190
CHEMBL3989973	CHEMBL1936	Stem cell growth factor receptor inhibitor	INHIBITOR	PubMed	22039576	http://europepmc.org/abstract/MED/22039576
CHEMBL3989973	CHEMBL1936	Stem cell growth factor receptor inhibitor	INHIBITOR	PubMed	25847190	http://europepmc.org/abstract/MED/25847190
CHEMBL16073		Unknown		PubMed	10862949	http://europepmc.org/abstract/MED/10862949
CHEMBL16073		Unknown		PubMed	14592552	http://europepmc.org/abstract/MED/14592552
CHEMBL16073		Unknown		PubMed	15328592	http://europepmc.org/abstract/MED/15328592
CHEMBL16073		Unknown		PubMed	15332288	http://europepmc.org/abstract/MED/15332288
CHEMBL16073		Unknown		PubMed	21863078	http://europepmc.org/abstract/MED/21863078
CHEMBL16073		Unknown		PubMed	3552585	http://europepmc.org/abstract/MED/3552585
CHEMBL1201022	CHEMBL2331043	Sodium channel alpha subunit blocker	BLOCKER	DailyMed	setid=78506c63-8061-499c-a57e-bdd88f805591#nlm34090-1	http://dailymed.nlm.nih.gov/dailymed/lookup.cfm?setid=78506c63-8061-499c-a57e-bdd88f805591#nlm34090-1
CHEMBL1201022	CHEMBL2331043	Sodium channel alpha subunit blocker	BLOCKER	PubMed	15635807	http://europepmc.org/abstract/MED/15635807
CHEMBL1201022	CHEMBL2331043	Sodium channel alpha subunit blocker	BLOCKER	PubMed	20976818	http://europepmc.org/abstract/MED/20976818
CHEMBL1201022	CHEMBL2331043	Sodium channel alpha subunit blocker	BLOCKER	PubMed	8799190	http://europepmc.org/abstract/MED/8799190
CHEMBL1200787	CHEMBL2095203	Adrenergic receptor alpha antagonist	ANTAGONIST	DailyMed	setid=4fcdf9ca-78a8-4e4b-958e-2f795bbbf9ca	http://dailymed.nlm.nih.gov/dailymed/lookup.cfm?setid=4fcdf9ca-78a8-4e4b-958e-2f795bbbf9ca
CHEMBL1909286	CHEMBL2095205	Monoamine oxidase inhibitor	INHIBITOR	PubMed	13928824	http://europepmc.org/abstract/MED/13928824
CHEMBL1909286	CHEMBL2095205	Monoamine oxidase inhibitor	INHIBITOR	PubMed	13956423	http://europepmc.org/abstract/MED/13956423
CHEMBL1909286	CHEMBL2095205	Monoamine oxidase inhibitor	INHIBITOR	PubMed	14254271	http://europepmc.org/abstract/MED/14254271
CHEMBL1909286	CHEMBL2095205	Monoamine oxidase inhibitor	INHIBITOR	PubMed	4401309	http://europepmc.org/abstract/MED/4401309
CHEMBL1465	CHEMBL1930	Vitamin k epoxide reductase complex subunit 1 isoform 1 inhibitor	INHIBITOR	PubMed	16372822	http://europepmc.org/abstract/MED/16372822
CHEMBL1200873	CHEMBL2095203	Adrenergic receptor alpha antagonist	ANTAGONIST	DailyMed	setid=38be9414-87c4-4a8a-9f17-99be0d0a33fa#section-12	http://dailymed.nlm.nih.gov/dailymed/lookup.cfm?setid=38be9414-87c4-4a8a-9f17-99be0d0a33fa#section-12
CHEMBL1611	CHEMBL2331043	Sodium channel alpha subunit blocker	BLOCKER	PubMed	15208697	http://europepmc.org/abstract/MED/15208697
CHEMBL1611	CHEMBL2331043	Sodium channel alpha subunit blocker	BLOCKER	PubMed	23205958	http://europepmc.org/abstract/MED/23205958
CHEMBL1200330	CHEMBL245	Muscarinic acetylcholine receptor M3 agonist	AGONIST	PubMed	11726216	http://europepmc.org/abstract/MED/11726216
CHEMBL1200330	CHEMBL245	Muscarinic acetylcholine receptor M3 agonist	AGONIST	PubMed	23662958	http://europepmc.org/abstract/MED/23662958
CHEMBL1200330	CHEMBL245	Muscarinic acetylcholine receptor M3 agonist	AGONIST	PubMed	970853	http://europepmc.org/abstract/MED/970853
CHEMBL1200330	CHEMBL216	Muscarinic acetylcholine receptor M1 agonist	AGONIST	PubMed	11726216	http://europepmc.org/abstract/MED/11726216
CHEMBL1423	CHEMBL224	Serotonin 2a (5-HT2a) receptor antagonist	ANTAGONIST	DailyMed	setid=fd9729c3-545f-4d34-9bc7-72b61e028fc4#nlm34090-1	http://dailymed.nlm.nih.gov/dailymed/lookup.cfm?setid=fd9729c3-545f-4d34-9bc7-72b61e028fc4#nlm34090-1
CHEMBL1423	CHEMBL2096905	Dopamine receptor antagonist	ANTAGONIST	DailyMed	setid=fd9729c3-545f-4d34-9bc7-72b61e028fc4#nlm34090-1	http://dailymed.nlm.nih.gov/dailymed/lookup.cfm?setid=fd9729c3-545f-4d34-9bc7-72b61e028fc4#nlm34090-1
CHEMBL1715	CHEMBL235	Peroxisome proliferator-activated receptor gamma agonist	AGONIST	DailyMed	setid=d2ddc491-88a9-4063-9150-443b4fa4330c	http://dailymed.nlm.nih.gov/dailymed/lookup.cfm?setid=d2ddc491-88a9-4063-9150-443b4fa4330c
CHEMBL1584	CHEMBL217	Dopamine D2 receptor antagonist	ANTAGONIST	PubMed	37732905	https://pubmed.ncbi.nlm.nih.gov/37732905/
CHEMBL1201131	CHEMBL2364702	Cytochrome P450 inhibitor	INHIBITOR	PubMed	18951417	http://europepmc.org/abstract/MED/18951417
CHEMBL1585	CHEMBL2311221	DNA inhibitor	INHIBITOR	PubMed	17352450	http://europepmc.org/abstract/MED/17352450
CHEMBL9967	CHEMBL216	Muscarinic acetylcholine receptor M1 antagonist	ANTAGONIST	PubMed	27080256	http://europepmc.org/abstract/MED/27080256
CHEMBL9967	CHEMBL216	Muscarinic acetylcholine receptor M1 antagonist	ANTAGONIST	PubMed	2904117	http://europepmc.org/abstract/MED/2904117
CHEMBL9967	CHEMBL216	Muscarinic acetylcholine receptor M1 antagonist	ANTAGONIST	PubMed	3124181	http://europepmc.org/abstract/MED/3124181
CHEMBL462605	CHEMBL264	Histamine H3 receptor inverse agonist	INVERSE AGONIST	PubMed	17005916	http://europepmc.org/abstract/MED/17005916
CHEMBL462605	CHEMBL264	Histamine H3 receptor inverse agonist	INVERSE AGONIST	PubMed	21615387	http://europepmc.org/abstract/MED/21615387
CHEMBL18442	CHEMBL2107	C-X-C chemokine receptor type 4 partial agonist	PARTIAL AGONIST	DailyMed	setid=a56b1b78-0ae2-41b4-9c76-98ad9d439199#section-12	http://dailymed.nlm.nih.gov/dailymed/lookup.cfm?setid=a56b1b78-0ae2-41b4-9c76-98ad9d439199#section-12
CHEMBL1237054	CHEMBL2311221	DNA inhibitor	INHIBITOR	PubMed	10796068	http://europepmc.org/abstract/MED/10796068
CHEMBL2108780		Laxative		PubMed	22969980	https://pubmed.ncbi.nlm.nih.gov/22969980/
CHEMBL43452	CHEMBL3833061	CRL4(CRBN) E3 ubiquitin ligase inhibitor	INHIBITOR	PubMed	22552008	http://europepmc.org/abstract/MED/22552008
CHEMBL43452	CHEMBL3833061	CRL4(CRBN) E3 ubiquitin ligase inhibitor	INHIBITOR	PubMed	25043012	http://europepmc.org/abstract/MED/25043012
CHEMBL690	CHEMBL402	HMG-CoA reductase inhibitor	INHIBITOR	DailyMed	setid=897ad8b7-921d-eb02-a61c-3419e662a2da	http://dailymed.nlm.nih.gov/dailymed/lookup.cfm?setid=897ad8b7-921d-eb02-a61c-3419e662a2da
CHEMBL976	CHEMBL2363079	Voltage-activated calcium channel beta 1 subunit blocker	BLOCKER	PubMed	18978535	http://europepmc.org/abstract/MED/18978535
CHEMBL976	CHEMBL2363079	Voltage-activated calcium channel beta 1 subunit blocker	BLOCKER	PubMed	19554083	http://europepmc.org/abstract/MED/19554083
CHEMBL976	CHEMBL2363080	Voltage-activated calcium channel beta 2 subunit blocker	BLOCKER	PubMed	18978535	http://europepmc.org/abstract/MED/18978535
CHEMBL976	CHEMBL2363080	Voltage-activated calcium channel beta 2 subunit blocker	BLOCKER	PubMed	19554083	http://europepmc.org/abstract/MED/19554083
CHEMBL131	CHEMBL2034	Glucocorticoid receptor agonist	AGONIST	PubMed	19482847	http://europepmc.org/abstract/MED/19482847
CHEMBL131	CHEMBL2034	Glucocorticoid receptor agonist	AGONIST	PubMed	2879901	http://europepmc.org/abstract/MED/2879901
CHEMBL635	CHEMBL2034	Glucocorticoid receptor agonist	AGONIST	PubMed	22850902	http://europepmc.org/abstract/MED/22850902
CHEMBL1059	CHEMBL2363032	Voltage-gated calcium channel modulator	MODULATOR	PubMed	21651903	http://europepmc.org/abstract/MED/21651903
CHEMBL856	CHEMBL2093872	GABA-A receptor; anion channel positive allosteric modulator	POSITIVE ALLOSTERIC MODULATOR	PubMed	2871724	http://europepmc.org/abstract/MED/2871724
CHEMBL728	CHEMBL217	Dopamine D2 receptor antagonist	ANTAGONIST	DailyMed	setid=ea381bc5-0957-4c91-826a-0ff680cebacc#nlm34090-1	http://dailymed.nlm.nih.gov/dailymed/lookup.cfm?setid=ea381bc5-0957-4c91-826a-0ff680cebacc#nlm34090-1
CHEMBL103	CHEMBL208	Progesterone receptor agonist	AGONIST	PubMed	10997774	http://europepmc.org/abstract/MED/10997774
CHEMBL1200750	CHEMBL231	Histamine H1 receptor antagonist	ANTAGONIST	DailyMed	setid=6f7e47cc-f823-4336-8107-f980e3049617	http://dailymed.nlm.nih.gov/dailymed/lookup.cfm?setid=6f7e47cc-f823-4336-8107-f980e3049617
CHEMBL526	CHEMBL2093872	GABA-A receptor; anion channel positive allosteric modulator	POSITIVE ALLOSTERIC MODULATOR	PubMed	10637364	http://europepmc.org/abstract/MED/10637364
CHEMBL526	CHEMBL2093872	GABA-A receptor; anion channel positive allosteric modulator	POSITIVE ALLOSTERIC MODULATOR	PubMed	16402123	http://europepmc.org/abstract/MED/16402123
CHEMBL1671	CHEMBL213	Beta-1 adrenergic receptor antagonist	ANTAGONIST	DailyMed	setid=fce692df-1e68-465e-8dda-0cb01320608c	http://dailymed.nlm.nih.gov/dailymed/lookup.cfm?setid=fce692df-1e68-465e-8dda-0cb01320608c
CHEMBL1671	CHEMBL210	Beta-2 adrenergic receptor antagonist	ANTAGONIST	DailyMed	setid=fce692df-1e68-465e-8dda-0cb01320608c	http://dailymed.nlm.nih.gov/dailymed/lookup.cfm?setid=fce692df-1e68-465e-8dda-0cb01320608c
CHEMBL1518	CHEMBL1839	Thyroid peroxidase inhibitor	INHIBITOR	PubMed	21851752	http://europepmc.org/abstract/MED/21851752
CHEMBL1518	CHEMBL2019	Type I iodothyronine deiodinase (Type-I 5'-deiodinase) (DIOI) (Type 1 DI) (5DI) inhibitor	INHIBITOR	PubMed	8641212	http://europepmc.org/abstract/MED/8641212
CHEMBL2105233	CHEMBL2118	Diamine oxidase activator	ACTIVATOR	PubMed	6108941	http://europepmc.org/abstract/MED/6108941
CHEMBL2105233	CHEMBL1951	Monoamine oxidase A activator	ACTIVATOR	PubMed	6108941	http://europepmc.org/abstract/MED/6108941
CHEMBL1201483	CHEMBL222	Norepinephrine transporter releasing agent	RELEASING AGENT	PubMed	12373557	http://europepmc.org/abstract/MED/12373557
CHEMBL1201483	CHEMBL222	Norepinephrine transporter releasing agent	RELEASING AGENT	PubMed	19948186	http://europepmc.org/abstract/MED/19948186
CHEMBL614	CHEMBL2011	Fatty acid synthase inhibitor	INHIBITOR	PubMed	17101678	http://europepmc.org/abstract/MED/17101678
CHEMBL614	CHEMBL2363965	70S ribosome inhibitor	INHIBITOR	PubMed	21835980	http://europepmc.org/abstract/MED/21835980
CHEMBL1200471		Unknown		PubMed	28693	http://europepmc.org/abstract/MED/28693
CHEMBL1200471		Unknown		PubMed	7574648	http://europepmc.org/abstract/MED/7574648
CHEMBL3188993	CHEMBL224	Serotonin 2a (5-HT2a) receptor antagonist	ANTAGONIST	DailyMed	setid=a951cd63-d329-47c9-965a-582fa73a07c6#nlm34090-1	http://dailymed.nlm.nih.gov/dailymed/lookup.cfm?setid=a951cd63-d329-47c9-965a-582fa73a07c6#nlm34090-1
CHEMBL3188993	CHEMBL225	Serotonin 2c (5-HT2c) receptor antagonist	ANTAGONIST	DailyMed	setid=a951cd63-d329-47c9-965a-582fa73a07c6#nlm34090-1	http://dailymed.nlm.nih.gov/dailymed/lookup.cfm?setid=a951cd63-d329-47c9-965a-582fa73a07c6#nlm34090-1
CHEMBL3188993	CHEMBL217	Dopamine D2 receptor antagonist	ANTAGONIST	DailyMed	setid=a951cd63-d329-47c9-965a-582fa73a07c6#nlm34090-1	http://dailymed.nlm.nih.gov/dailymed/lookup.cfm?setid=a951cd63-d329-47c9-965a-582fa73a07c6#nlm34090-1
CHEMBL2359966	CHEMBL613897	Ferriprotoporphyrin IX inhibitor	INHIBITOR	DailyMed	setid=1f66fba7-4026-4504-918d-4c88f2835cc0#section-14	http://dailymed.nlm.nih.gov/dailymed/lookup.cfm?setid=1f66fba7-4026-4504-918d-4c88f2835cc0#section-14
CHEMBL2359966	CHEMBL613897	Ferriprotoporphyrin IX inhibitor	INHIBITOR	PubMed	14967191	http://europepmc.org/abstract/MED/14967191
CHEMBL576982	CHEMBL1844	Macrophage colony stimulating factor receptor inhibitor	INHIBITOR	PubMed	19654408	http://europepmc.org/abstract/MED/19654408
CHEMBL576982	CHEMBL1844	Macrophage colony stimulating factor receptor inhibitor	INHIBITOR	PubMed	23497317	http://europepmc.org/abstract/MED/23497317
CHEMBL576982	CHEMBL1974	Tyrosine-protein kinase receptor FLT3 inhibitor	INHIBITOR	PubMed	19654408	http://europepmc.org/abstract/MED/19654408
CHEMBL576982	CHEMBL1974	Tyrosine-protein kinase receptor FLT3 inhibitor	INHIBITOR	PubMed	23497317	http://europepmc.org/abstract/MED/23497317
CHEMBL576982	CHEMBL1936	Stem cell growth factor receptor inhibitor	INHIBITOR	PubMed	19654408	http://europepmc.org/abstract/MED/19654408
CHEMBL576982	CHEMBL1936	Stem cell growth factor receptor inhibitor	INHIBITOR	PubMed	23497317	http://europepmc.org/abstract/MED/23497317
CHEMBL576982	CHEMBL2095189	Platelet-derived growth factor receptor inhibitor	INHIBITOR	PubMed	19654408	http://europepmc.org/abstract/MED/19654408
CHEMBL576982	CHEMBL2095189	Platelet-derived growth factor receptor inhibitor	INHIBITOR	PubMed	23497317	http://europepmc.org/abstract/MED/23497317
CHEMBL576982	CHEMBL2041	Tyrosine-protein kinase receptor RET inhibitor	INHIBITOR	PubMed	19654408	http://europepmc.org/abstract/MED/19654408
CHEMBL576982	CHEMBL2041	Tyrosine-protein kinase receptor RET inhibitor	INHIBITOR	PubMed	23497317	http://europepmc.org/abstract/MED/23497317
CHEMBL81	CHEMBL206	Estrogen receptor modulator	MODULATOR	DailyMed	setid=fcaaa6dc-74e8-4fb8-800c-5574bf0f8de9	https://dailymed.nlm.nih.gov/dailymed/drugInfo.cfm?setid=fcaaa6dc-74e8-4fb8-800c-5574bf0f8de9
CHEMBL1116	CHEMBL242	Estrogen receptor beta modulator	MODULATOR	DailyMed	setid=fcaaa6dc-74e8-4fb8-800c-5574bf0f8de9#nlm34090-1	http://dailymed.nlm.nih.gov/dailymed/lookup.cfm?setid=fcaaa6dc-74e8-4fb8-800c-5574bf0f8de9#nlm34090-1
CHEMBL518520	CHEMBL3471	Human immunodeficiency virus type 1 integrase inhibitor	INHIBITOR	DailyMed	setid=89a5ec53-d956-4329-8004-0f40f51c88a3	http://dailymed.nlm.nih.gov/dailymed/lookup.cfm?setid=89a5ec53-d956-4329-8004-0f40f51c88a3
CHEMBL1201825	CHEMBL1783	Vascular endothelial growth factor A inhibitor	INHIBITOR	DailyMed	setid=de4e66cc-ca05-4dc9-8262-e00e9b41c36d	http://dailymed.nlm.nih.gov/dailymed/lookup.cfm?setid=de4e66cc-ca05-4dc9-8262-e00e9b41c36d
CHEMBL1404	CHEMBL1980	Sodium channel protein type V alpha subunit blocker	BLOCKER	PubMed	18462746	http://europepmc.org/abstract/MED/18462746
CHEMBL1404	CHEMBL2072	Sodium channel protein type IV alpha subunit blocker	BLOCKER	PubMed	18462746	http://europepmc.org/abstract/MED/18462746
CHEMBL1201120	CHEMBL233	Mu opioid receptor agonist	AGONIST	DailyMed	setid=dbc63b6e-f8c5-4fd0-8ec3-4f5e19125313#nlm34090-1	http://dailymed.nlm.nih.gov/dailymed/lookup.cfm?setid=dbc63b6e-f8c5-4fd0-8ec3-4f5e19125313#nlm34090-1
CHEMBL22242	CHEMBL217	Dopamine D2 receptor antagonist	ANTAGONIST	PubMed	1978484	http://europepmc.org/abstract/MED/1978484
CHEMBL22242	CHEMBL217	Dopamine D2 receptor antagonist	ANTAGONIST	PubMed	1978494	http://europepmc.org/abstract/MED/1978494
CHEMBL22242	CHEMBL217	Dopamine D2 receptor antagonist	ANTAGONIST	PubMed	21903866	http://europepmc.org/abstract/MED/21903866
CHEMBL22242	CHEMBL217	Dopamine D2 receptor antagonist	ANTAGONIST	PubMed	27395799	http://europepmc.org/abstract/MED/27395799
CHEMBL22242	CHEMBL217	Dopamine D2 receptor antagonist	ANTAGONIST	PubMed	27785749	http://europepmc.org/abstract/MED/27785749
CHEMBL1272	CHEMBL2096972	Sulfonylurea receptor 1, Kir6.2 blocker	BLOCKER	PubMed	10773014	http://europepmc.org/abstract/MED/10773014
CHEMBL1272	CHEMBL2096972	Sulfonylurea receptor 1, Kir6.2 blocker	BLOCKER	PubMed	11716850	http://europepmc.org/abstract/MED/11716850
CHEMBL1272	CHEMBL2096972	Sulfonylurea receptor 1, Kir6.2 blocker	BLOCKER	PubMed	12196472	http://europepmc.org/abstract/MED/12196472
CHEMBL1272	CHEMBL2096972	Sulfonylurea receptor 1, Kir6.2 blocker	BLOCKER	PubMed	15219283	http://europepmc.org/abstract/MED/15219283
CHEMBL772	CHEMBL1893	Synaptic vesicular amine transporter inhibitor	INHIBITOR	DailyMed	setid=3a4d74d7-2e63-4789-b50e-af17ced92462	http://dailymed.nlm.nih.gov/dailymed/lookup.cfm?setid=3a4d74d7-2e63-4789-b50e-af17ced92462
CHEMBL1643	CHEMBL1822	Inosine-5'-monophosphate dehydrogenase 1 inhibitor	INHIBITOR	PubMed	16107837	http://europepmc.org/abstract/MED/16107837
CHEMBL1643	CHEMBL4296320	RNA-directed RNA polymerase inhibitor	INHIBITOR	PubMed	16107837	http://europepmc.org/abstract/MED/16107837
CHEMBL1643	CHEMBL2363073	RNA inhibitor	INHIBITOR	PubMed	16107837	http://europepmc.org/abstract/MED/16107837
CHEMBL3545110	CHEMBL331	Cyclin-dependent kinase 4 inhibitor	INHIBITOR	PubMed	24045179	http://europepmc.org/abstract/MED/24045179
CHEMBL3545110	CHEMBL2508	Cyclin-dependent kinase 6 inhibitor	INHIBITOR	PubMed	24045179	http://europepmc.org/abstract/MED/24045179
CHEMBL374478	CHEMBL2364672	Bacterial DNA-directed RNA polymerase inhibitor	INHIBITOR	PubMed	11290327	http://europepmc.org/abstract/MED/11290327
CHEMBL374478	CHEMBL2364672	Bacterial DNA-directed RNA polymerase inhibitor	INHIBITOR	PubMed	20185278	http://europepmc.org/abstract/MED/20185278
CHEMBL374478	CHEMBL2364672	Bacterial DNA-directed RNA polymerase inhibitor	INHIBITOR	PubMed	4942761	http://europepmc.org/abstract/MED/4942761
CHEMBL289480	CHEMBL3923	Nischarin agonist	AGONIST	PubMed	10921529	http://europepmc.org/abstract/MED/10921529
CHEMBL289480	CHEMBL3923	Nischarin agonist	AGONIST	PubMed	8911724	http://europepmc.org/abstract/MED/8911724
CHEMBL744	CHEMBL2331043	Sodium channel alpha subunit blocker	BLOCKER	DailyMed	setid=e49d207d-8e32-4183-94ba-cd264f124090#nlm34090-1	http://dailymed.nlm.nih.gov/dailymed/lookup.cfm?setid=e49d207d-8e32-4183-94ba-cd264f124090#nlm34090-1
CHEMBL744	CHEMBL2331043	Sodium channel alpha subunit blocker	BLOCKER	PubMed	9262334	http://europepmc.org/abstract/MED/9262334
CHEMBL2178422	CHEMBL3798	Calcitonin gene-related peptide type 1 receptor antagonist	ANTAGONIST	PubMed	23153230	http://europepmc.org/abstract/MED/23153230
CHEMBL111	CHEMBL218	Cannabinoid CB1 receptor antagonist	ANTAGONIST	PubMed	16503766	http://europepmc.org/abstract/MED/16503766
CHEMBL111	CHEMBL218	Cannabinoid CB1 receptor antagonist	ANTAGONIST	PubMed	17462824	http://europepmc.org/abstract/MED/17462824
CHEMBL111	CHEMBL218	Cannabinoid CB1 receptor antagonist	ANTAGONIST	PubMed	19578688	http://europepmc.org/abstract/MED/19578688
CHEMBL163	CHEMBL243	Human immunodeficiency virus type 1 protease inhibitor	INHIBITOR	DailyMed	setid=13b059c6-0c6c-49a5-b985-a4b05caf9ac9	http://dailymed.nlm.nih.gov/dailymed/lookup.cfm?setid=13b059c6-0c6c-49a5-b985-a4b05caf9ac9
CHEMBL1201576	CHEMBL2058	B-lymphocyte antigen CD20 binding agent	BINDING AGENT	DailyMed	setid=b172773b-3905-4a1c-ad95-bab4b6126563	http://dailymed.nlm.nih.gov/dailymed/lookup.cfm?setid=b172773b-3905-4a1c-ad95-bab4b6126563
CHEMBL198362	CHEMBL244	Coagulation factor X inhibitor	INHIBITOR	DailyMed	setid=10db92f9-2300-4a80-836b-673e1ae91610#nlm34090-1	http://dailymed.nlm.nih.gov/dailymed/lookup.cfm?setid=10db92f9-2300-4a80-836b-673e1ae91610#nlm34090-1
CHEMBL3545308	CHEMBL203	Epidermal growth factor receptor erbB1 inhibitor	INHIBITOR	PubMed	24723450	http://europepmc.org/abstract/MED/24723450
CHEMBL343448	CHEMBL2093865	Histone deacetylase inhibitor	INHIBITOR	DailyMed	setid=03b39d40-90fe-11df-9de6-0002a5d5c51b#section-13	http://dailymed.nlm.nih.gov/dailymed/lookup.cfm?setid=03b39d40-90fe-11df-9de6-0002a5d5c51b#section-13
CHEMBL1201832	CHEMBL1864	Thrombopoietin receptor agonist	AGONIST	DailyMed	setid=c45f9a58-37c1-4f76-8e36-97d38c577037	http://dailymed.nlm.nih.gov/dailymed/lookup.cfm?setid=c45f9a58-37c1-4f76-8e36-97d38c577037
CHEMBL121	CHEMBL235	Peroxisome proliferator-activated receptor gamma agonist	AGONIST	PubMed	14642684	https://pubmed.ncbi.nlm.nih.gov/14642684/
CHEMBL91829	CHEMBL3045	Protein kinase C beta inhibitor	INHIBITOR	PubMed	8614835	http://europepmc.org/abstract/MED/8614835
CHEMBL1173055	CHEMBL3390820	PARP 1, 2 and 3 inhibitor	INHIBITOR	PubMed	19047122	http://europepmc.org/abstract/MED/19047122
CHEMBL3545097	CHEMBL2842	Serine/threonine-protein kinase mTOR inhibitor	INHIBITOR	PubMed	23085766	http://europepmc.org/abstract/MED/23085766
CHEMBL3545097	CHEMBL2842	Serine/threonine-protein kinase mTOR inhibitor	INHIBITOR	PubMed	25519700	http://europepmc.org/abstract/MED/25519700
CHEMBL230158	CHEMBL3979	Peroxisome proliferator-activated receptor delta agonist	AGONIST	PubMed	21752880	http://europepmc.org/abstract/MED/21752880
CHEMBL12713	CHEMBL217	Dopamine D2 receptor antagonist	ANTAGONIST	PubMed	16925508	http://europepmc.org/abstract/MED/16925508
CHEMBL12713	CHEMBL217	Dopamine D2 receptor antagonist	ANTAGONIST	PubMed	22791154	http://europepmc.org/abstract/MED/22791154
CHEMBL12713	CHEMBL217	Dopamine D2 receptor antagonist	ANTAGONIST	PubMed	22992213	http://europepmc.org/abstract/MED/22992213
CHEMBL12713	CHEMBL217	Dopamine D2 receptor antagonist	ANTAGONIST	PubMed	25830594	http://europepmc.org/abstract/MED/25830594
CHEMBL12713	CHEMBL2094251	Adrenergic receptor alpha-1 antagonist	ANTAGONIST	PubMed	16925508	http://europepmc.org/abstract/MED/16925508
CHEMBL12713	CHEMBL2094251	Adrenergic receptor alpha-1 antagonist	ANTAGONIST	PubMed	22791154	http://europepmc.org/abstract/MED/22791154
CHEMBL12713	CHEMBL2094251	Adrenergic receptor alpha-1 antagonist	ANTAGONIST	PubMed	22992213	http://europepmc.org/abstract/MED/22992213
CHEMBL12713	CHEMBL2094251	Adrenergic receptor alpha-1 antagonist	ANTAGONIST	PubMed	25830594	http://europepmc.org/abstract/MED/25830594
CHEMBL12713	CHEMBL2096662	Serotonin 2 receptors; 5-HT2a & 5-HT2c antagonist	ANTAGONIST	PubMed	16925508	http://europepmc.org/abstract/MED/16925508
CHEMBL12713	CHEMBL2096662	Serotonin 2 receptors; 5-HT2a & 5-HT2c antagonist	ANTAGONIST	PubMed	22791154	http://europepmc.org/abstract/MED/22791154
CHEMBL12713	CHEMBL2096662	Serotonin 2 receptors; 5-HT2a & 5-HT2c antagonist	ANTAGONIST	PubMed	22992213	http://europepmc.org/abstract/MED/22992213
CHEMBL12713	CHEMBL2096662	Serotonin 2 receptors; 5-HT2a & 5-HT2c antagonist	ANTAGONIST	PubMed	25830594	http://europepmc.org/abstract/MED/25830594
CHEMBL1200694	CHEMBL2363052	Glycine receptor (alpha-1/beta) positive modulator	POSITIVE MODULATOR	PubMed	16402123	http://europepmc.org/abstract/MED/16402123
CHEMBL1200694	CHEMBL2363052	Glycine receptor (alpha-1/beta) positive modulator	POSITIVE MODULATOR	PubMed	21788314	http://europepmc.org/abstract/MED/21788314
CHEMBL1200694	CHEMBL2363052	Glycine receptor (alpha-1/beta) positive modulator	POSITIVE MODULATOR	PubMed	22226507	http://europepmc.org/abstract/MED/22226507
CHEMBL1200694	CHEMBL2093872	GABA-A receptor; anion channel positive allosteric modulator	POSITIVE ALLOSTERIC MODULATOR	PubMed	16402123	http://europepmc.org/abstract/MED/16402123
CHEMBL1200694	CHEMBL2093872	GABA-A receptor; anion channel positive allosteric modulator	POSITIVE ALLOSTERIC MODULATOR	PubMed	21788314	http://europepmc.org/abstract/MED/21788314
CHEMBL1200694	CHEMBL2093872	GABA-A receptor; anion channel positive allosteric modulator	POSITIVE ALLOSTERIC MODULATOR	PubMed	22226507	http://europepmc.org/abstract/MED/22226507
CHEMBL1200694	CHEMBL2331041	Potassium channel subfamily K member 10 opener	OPENER	PubMed	16402123	http://europepmc.org/abstract/MED/16402123
CHEMBL1200694	CHEMBL2331041	Potassium channel subfamily K member 10 opener	OPENER	PubMed	21788314	http://europepmc.org/abstract/MED/21788314
CHEMBL1200694	CHEMBL2331041	Potassium channel subfamily K member 10 opener	OPENER	PubMed	22226507	http://europepmc.org/abstract/MED/22226507
CHEMBL1200694	CHEMBL2331042	Potassium channel subfamily K member 18 opener	OPENER	PubMed	16402123	http://europepmc.org/abstract/MED/16402123
CHEMBL1200694	CHEMBL2331042	Potassium channel subfamily K member 18 opener	OPENER	PubMed	21788314	http://europepmc.org/abstract/MED/21788314
CHEMBL1200694	CHEMBL2331042	Potassium channel subfamily K member 18 opener	OPENER	PubMed	22226507	http://europepmc.org/abstract/MED/22226507
CHEMBL1200694	CHEMBL2321613	Potassium channel subfamily K member 3 opener	OPENER	PubMed	16402123	http://europepmc.org/abstract/MED/16402123
CHEMBL1200694	CHEMBL2321613	Potassium channel subfamily K member 3 opener	OPENER	PubMed	21788314	http://europepmc.org/abstract/MED/21788314
CHEMBL1200694	CHEMBL2321613	Potassium channel subfamily K member 3 opener	OPENER	PubMed	22226507	http://europepmc.org/abstract/MED/22226507
CHEMBL1200694	CHEMBL2321614	Potassium channel subfamily K member 9 opener	OPENER	PubMed	16402123	http://europepmc.org/abstract/MED/16402123
CHEMBL1200694	CHEMBL2321614	Potassium channel subfamily K member 9 opener	OPENER	PubMed	21788314	http://europepmc.org/abstract/MED/21788314
CHEMBL1200694	CHEMBL2321614	Potassium channel subfamily K member 9 opener	OPENER	PubMed	22226507	http://europepmc.org/abstract/MED/22226507
CHEMBL1200694	CHEMBL2321615	Potassium channel subfamily K member 2 opener	OPENER	PubMed	16402123	http://europepmc.org/abstract/MED/16402123
CHEMBL1200694	CHEMBL2321615	Potassium channel subfamily K member 2 opener	OPENER	PubMed	21788314	http://europepmc.org/abstract/MED/21788314
CHEMBL1200694	CHEMBL2321615	Potassium channel subfamily K member 2 opener	OPENER	PubMed	22226507	http://europepmc.org/abstract/MED/22226507
CHEMBL1382627	CHEMBL2364668	Bacterial dihydropteroate synthase inhibitor	INHIBITOR	DailyMed	setid=b6654e2a-b901-4519-87e1-fc63eeba224a	http://dailymed.nlm.nih.gov/dailymed/lookup.cfm?setid=b6654e2a-b901-4519-87e1-fc63eeba224a
CHEMBL1064	CHEMBL402	HMG-CoA reductase inhibitor	INHIBITOR	DailyMed	setid=e9e50cdb-4cef-4d03-9fb6-973d0c2bf293	http://dailymed.nlm.nih.gov/dailymed/lookup.cfm?setid=e9e50cdb-4cef-4d03-9fb6-973d0c2bf293
CHEMBL2336071	CHEMBL4333	Sphingosine 1-phosphate receptor Edg-1 agonist	AGONIST	PubMed	22646698	http://europepmc.org/abstract/MED/22646698
CHEMBL2336071	CHEMBL4333	Sphingosine 1-phosphate receptor Edg-1 agonist	AGONIST	PubMed	23285242	http://europepmc.org/abstract/MED/23285242
CHEMBL413	CHEMBL1902	FK506-binding protein 1A inhibitor	INHIBITOR	DailyMed	setid=3275b824-3f82-4151-2ab2-0036a9ba0acc#section-14	http://dailymed.nlm.nih.gov/dailymed/lookup.cfm?setid=3275b824-3f82-4151-2ab2-0036a9ba0acc#section-14
CHEMBL1743073	CHEMBL3588735	Inhibin beta A chain inhibitor	INHIBITOR	PubMed	19049340	http://europepmc.org/abstract/MED/19049340
CHEMBL1393	CHEMBL1994	Mineralocorticoid receptor antagonist	ANTAGONIST	DailyMed	setid=fb66327e-8261-46ae-b39a-4fa79d520844	http://dailymed.nlm.nih.gov/dailymed/lookup.cfm?setid=fb66327e-8261-46ae-b39a-4fa79d520844
CHEMBL1977579	CHEMBL2311221	DNA inhibitor	INHIBITOR	DailyMed	setid=15d161ed-9e7b-4c92-ba45-0556d2423e67	http://dailymed.nlm.nih.gov/dailymed/lookup.cfm?setid=15d161ed-9e7b-4c92-ba45-0556d2423e67
CHEMBL1539	CHEMBL2013	Dihydropteroate synthetase inhibitor	INHIBITOR	DailyMed	archiveid=86578	http://dailymed.nlm.nih.gov/dailymed/archives/fdaDrugInfo.cfm?archiveid=86578
CHEMBL1109	CHEMBL2364668	Bacterial dihydropteroate synthase inhibitor	INHIBITOR	PubMed	7486915	http://europepmc.org/abstract/MED/7486915
CHEMBL421	CHEMBL215	Arachidonate 5-lipoxygenase inhibitor	INHIBITOR	PubMed	2882965	http://europepmc.org/abstract/MED/2882965
CHEMBL421	CHEMBL215	Arachidonate 5-lipoxygenase inhibitor	INHIBITOR	PubMed	6131674	http://europepmc.org/abstract/MED/6131674
CHEMBL421	CHEMBL215	Arachidonate 5-lipoxygenase inhibitor	INHIBITOR	PubMed	6428914	http://europepmc.org/abstract/MED/6428914
CHEMBL421	CHEMBL2094253	Cyclooxygenase inhibitor	INHIBITOR	PubMed	12463455	http://europepmc.org/abstract/MED/12463455
CHEMBL421	CHEMBL2094253	Cyclooxygenase inhibitor	INHIBITOR	PubMed	12950415	http://europepmc.org/abstract/MED/12950415
CHEMBL421	CHEMBL2094253	Cyclooxygenase inhibitor	INHIBITOR	PubMed	14742690	http://europepmc.org/abstract/MED/14742690
CHEMBL421	CHEMBL2094253	Cyclooxygenase inhibitor	INHIBITOR	PubMed	16855178	http://europepmc.org/abstract/MED/16855178
CHEMBL832	CHEMBL6120	Solute carrier family 22 member 12 inhibitor	INHIBITOR	PubMed	16740561	http://europepmc.org/abstract/MED/16740561
CHEMBL832	CHEMBL6120	Solute carrier family 22 member 12 inhibitor	INHIBITOR	PubMed	18724382	http://europepmc.org/abstract/MED/18724382
CHEMBL15770	CHEMBL2094253	Cyclooxygenase inhibitor	INHIBITOR	PubMed	10372826	http://europepmc.org/abstract/MED/10372826
CHEMBL26	CHEMBL217	Dopamine D2 receptor antagonist	ANTAGONIST	PubMed	1975644	http://europepmc.org/abstract/MED/1975644
CHEMBL26	CHEMBL217	Dopamine D2 receptor antagonist	ANTAGONIST	PubMed	8800626	http://europepmc.org/abstract/MED/8800626
CHEMBL1567	CHEMBL1844	Macrophage colony stimulating factor receptor inhibitor	INHIBITOR	DailyMed	setid=43a4d7f8-48ae-4a63-9108-2fa8e3ea9d9c#section-14	http://dailymed.nlm.nih.gov/dailymed/lookup.cfm?setid=43a4d7f8-48ae-4a63-9108-2fa8e3ea9d9c#section-14
CHEMBL1567	CHEMBL1936	Stem cell growth factor receptor inhibitor	INHIBITOR	DailyMed	setid=43a4d7f8-48ae-4a63-9108-2fa8e3ea9d9c#section-14	http://dailymed.nlm.nih.gov/dailymed/lookup.cfm?setid=43a4d7f8-48ae-4a63-9108-2fa8e3ea9d9c#section-14
CHEMBL1567	CHEMBL1974	Tyrosine-protein kinase receptor FLT3 inhibitor	INHIBITOR	DailyMed	setid=43a4d7f8-48ae-4a63-9108-2fa8e3ea9d9c#section-14	http://dailymed.nlm.nih.gov/dailymed/lookup.cfm?setid=43a4d7f8-48ae-4a63-9108-2fa8e3ea9d9c#section-14
CHEMBL1567	CHEMBL2095189	Platelet-derived growth factor receptor inhibitor	INHIBITOR	DailyMed	setid=43a4d7f8-48ae-4a63-9108-2fa8e3ea9d9c#section-14	http://dailymed.nlm.nih.gov/dailymed/lookup.cfm?setid=43a4d7f8-48ae-4a63-9108-2fa8e3ea9d9c#section-14
CHEMBL1567	CHEMBL2095227	Vascular endothelial growth factor receptor inhibitor	INHIBITOR	DailyMed	setid=43a4d7f8-48ae-4a63-9108-2fa8e3ea9d9c#section-14	http://dailymed.nlm.nih.gov/dailymed/lookup.cfm?setid=43a4d7f8-48ae-4a63-9108-2fa8e3ea9d9c#section-14
CHEMBL1567	CHEMBL2041	Tyrosine-protein kinase receptor RET inhibitor	INHIBITOR	DailyMed	setid=43a4d7f8-48ae-4a63-9108-2fa8e3ea9d9c#section-14	http://dailymed.nlm.nih.gov/dailymed/lookup.cfm?setid=43a4d7f8-48ae-4a63-9108-2fa8e3ea9d9c#section-14
CHEMBL3137320	CHEMBL3105	Poly [ADP-ribose] polymerase-1 inhibitor	INHIBITOR	PubMed	23881923	http://europepmc.org/abstract/MED/23881923
CHEMBL3137320	CHEMBL5366	Poly [ADP-ribose] polymerase 2 inhibitor	INHIBITOR	PubMed	23881923	http://europepmc.org/abstract/MED/23881923
CHEMBL786	CHEMBL206	Estrogen receptor alpha modulator	MODULATOR	DailyMed	setid=407a372d-4448-4d53-afd4-eb0e74bbc336	http://dailymed.nlm.nih.gov/dailymed/lookup.cfm?setid=407a372d-4448-4d53-afd4-eb0e74bbc336
CHEMBL786	CHEMBL206	Estrogen receptor alpha modulator	MODULATOR	PubMed	18819158	http://europepmc.org/abstract/MED/18819158
CHEMBL1200914	CHEMBL2094251	Adrenergic receptor alpha-1 antagonist	ANTAGONIST	DailyMed	setid=6db9cdec-0833-4391-8764-079ce6f7e4d1#nlm34090-1	http://dailymed.nlm.nih.gov/dailymed/lookup.cfm?setid=6db9cdec-0833-4391-8764-079ce6f7e4d1#nlm34090-1
CHEMBL3990032	CHEMBL2095182	Tubulin inhibitor	INHIBITOR	PubMed	30285518	http://europepmc.org/abstract/MED/30285518
CHEMBL3990032	CHEMBL3717	Hepatocyte growth factor receptor binding agent	BINDING AGENT	PubMed	30285518	http://europepmc.org/abstract/MED/30285518
CHEMBL1017	CHEMBL227	Type-1 angiotensin II receptor antagonist	ANTAGONIST	DailyMed	setid=cfb9309f-e0df-4a55-9542-0e869fce05fb#section-14	http://dailymed.nlm.nih.gov/dailymed/lookup.cfm?setid=cfb9309f-e0df-4a55-9542-0e869fce05fb#section-14
CHEMBL1017	CHEMBL227	Type-1 angiotensin II receptor antagonist	ANTAGONIST	PubMed	16938288	http://europepmc.org/abstract/MED/16938288
CHEMBL1017	CHEMBL227	Type-1 angiotensin II receptor antagonist	ANTAGONIST	PubMed	18580862	http://europepmc.org/abstract/MED/18580862
CHEMBL810	CHEMBL2311221	DNA inhibitor	INHIBITOR	DailyMed	setid=046a9011-3911-4d3f-a15f-fbb56d5aad56#section-12	http://dailymed.nlm.nih.gov/dailymed/lookup.cfm?setid=046a9011-3911-4d3f-a15f-fbb56d5aad56#section-12
CHEMBL1201182	CHEMBL1902	FK506-binding protein 1A inhibitor	INHIBITOR	DailyMed	setid=95b7dc92-2180-42f1-8699-3c28f609e674#section-13	http://dailymed.nlm.nih.gov/dailymed/lookup.cfm?setid=95b7dc92-2180-42f1-8699-3c28f609e674#section-13
CHEMBL3402762	CHEMBL3717	Hepatocyte growth factor receptor inhibitor	INHIBITOR	PubMed	23553846	http://europepmc.org/abstract/MED/23553846
CHEMBL3402762	CHEMBL3717	Hepatocyte growth factor receptor inhibitor	INHIBITOR	PubMed	25110867	http://europepmc.org/abstract/MED/25110867
CHEMBL1743079	CHEMBL1957	Insulin-like growth factor I receptor antagonist	ANTAGONIST	PubMed	21127194	http://europepmc.org/abstract/MED/21127194
CHEMBL1743079	CHEMBL1957	Insulin-like growth factor I receptor antagonist	ANTAGONIST	PubMed	24878056	http://europepmc.org/abstract/MED/24878056
CHEMBL17157	CHEMBL231	Histamine H1 receptor antagonist	ANTAGONIST	PubMed	22436	http://europepmc.org/abstract/MED/22436
CHEMBL17157	CHEMBL231	Histamine H1 receptor antagonist	ANTAGONIST	PubMed	27203	http://europepmc.org/abstract/MED/27203
CHEMBL17157	CHEMBL231	Histamine H1 receptor antagonist	ANTAGONIST	PubMed	6120713	http://europepmc.org/abstract/MED/6120713
CHEMBL17157	CHEMBL231	Histamine H1 receptor antagonist	ANTAGONIST	PubMed	6144348	http://europepmc.org/abstract/MED/6144348
CHEMBL17157	CHEMBL231	Histamine H1 receptor antagonist	ANTAGONIST	PubMed	9733666	http://europepmc.org/abstract/MED/9733666
CHEMBL1170	CHEMBL1871	Androgen Receptor agonist	AGONIST	PubMed	12604714	http://europepmc.org/abstract/MED/12604714
CHEMBL1170	CHEMBL1871	Androgen Receptor agonist	AGONIST	PubMed	17084172	http://europepmc.org/abstract/MED/17084172
CHEMBL1170	CHEMBL1871	Androgen Receptor agonist	AGONIST	PubMed	17086931	http://europepmc.org/abstract/MED/17086931
CHEMBL1170	CHEMBL1871	Androgen Receptor agonist	AGONIST	PubMed	17128417	http://europepmc.org/abstract/MED/17128417
CHEMBL1170	CHEMBL1871	Androgen Receptor agonist	AGONIST	PubMed	17202804	http://europepmc.org/abstract/MED/17202804
CHEMBL1170	CHEMBL1871	Androgen Receptor agonist	AGONIST	PubMed	17322500	http://europepmc.org/abstract/MED/17322500
CHEMBL117785	CHEMBL1893	Synaptic vesicular amine transporter inhibitor	INHIBITOR	DailyMed	setid=ac768bab-8afa-4446-bc7f-caeeffec0cda	http://dailymed.nlm.nih.gov/dailymed/lookup.cfm?setid=ac768bab-8afa-4446-bc7f-caeeffec0cda
CHEMBL698	CHEMBL2331043	Sodium channel alpha subunit blocker	BLOCKER	PubMed	14975698	http://europepmc.org/abstract/MED/14975698
CHEMBL698	CHEMBL2331043	Sodium channel alpha subunit blocker	BLOCKER	PubMed	6319406	http://europepmc.org/abstract/MED/6319406
CHEMBL698	CHEMBL2331043	Sodium channel alpha subunit blocker	BLOCKER	PubMed	8391120	http://europepmc.org/abstract/MED/8391120
CHEMBL1440	CHEMBL2363135	Bacterial 70S ribosome inhibitor	INHIBITOR	PubMed	15141029	http://europepmc.org/abstract/MED/15141029
CHEMBL468	CHEMBL3833061	CRL4(CRBN) E3 ubiquitin ligase inhibitor	INHIBITOR	PubMed	22552008	http://europepmc.org/abstract/MED/22552008
CHEMBL468	CHEMBL3833061	CRL4(CRBN) E3 ubiquitin ligase inhibitor	INHIBITOR	PubMed	25043012	http://europepmc.org/abstract/MED/25043012
CHEMBL1355736	CHEMBL2093863	Phosphodiesterase 4 inhibitor	INHIBITOR	DailyMed	setid=25b2fdbe-2f18-4153-835a-7a67bff83ef8	http://dailymed.nlm.nih.gov/dailymed/lookup.cfm?setid=25b2fdbe-2f18-4153-835a-7a67bff83ef8
CHEMBL1355736	CHEMBL2094125	Phosphodiesterase 3 inhibitor	INHIBITOR	DailyMed	setid=25b2fdbe-2f18-4153-835a-7a67bff83ef8	http://dailymed.nlm.nih.gov/dailymed/lookup.cfm?setid=25b2fdbe-2f18-4153-835a-7a67bff83ef8
CHEMBL1355736	CHEMBL2111329	Adenosine receptor antagonist	ANTAGONIST	PubMed	12954362	http://europepmc.org/abstract/MED/12954362
CHEMBL1355736	CHEMBL2111329	Adenosine receptor antagonist	ANTAGONIST	PubMed	14992338	http://europepmc.org/abstract/MED/14992338
CHEMBL1355736	CHEMBL2111329	Adenosine receptor antagonist	ANTAGONIST	PubMed	15980878	http://europepmc.org/abstract/MED/15980878
CHEMBL1355736	CHEMBL2111329	Adenosine receptor antagonist	ANTAGONIST	PubMed	3588607	http://europepmc.org/abstract/MED/3588607
CHEMBL625	CHEMBL2364704	Tubulin inhibitor	INHIBITOR	PubMed	22927795	http://europepmc.org/abstract/MED/22927795
CHEMBL625	CHEMBL2364705	Tubulin inhibitor	INHIBITOR	PubMed	22927795	http://europepmc.org/abstract/MED/22927795
CHEMBL479	CHEMBL224	Serotonin 2a (5-HT2a) receptor antagonist	ANTAGONIST	DailyMed	archiveid=143101	http://www.dailymed.nlm.nih.gov/dailymed/archives/fdaDrugInfo.cfm?archiveid=143101
CHEMBL479	CHEMBL225	Serotonin 2c (5-HT2c) receptor antagonist	ANTAGONIST	DailyMed	archiveid=143101	http://www.dailymed.nlm.nih.gov/dailymed/archives/fdaDrugInfo.cfm?archiveid=143101
CHEMBL479	CHEMBL2331075	D2-like dopamine receptor antagonist	ANTAGONIST	DailyMed	archiveid=143101	http://www.dailymed.nlm.nih.gov/dailymed/archives/fdaDrugInfo.cfm?archiveid=143101
CHEMBL267744		Unknown		PubMed	22462724	http://europepmc.org/abstract/MED/22462724
CHEMBL267744		Unknown		PubMed	6267447	http://europepmc.org/abstract/MED/6267447
CHEMBL2108681	CHEMBL2364154	Interleukin-23 inhibitor	INHIBITOR	PubMed	26042589	http://europepmc.org/abstract/MED/26042589
CHEMBL499	CHEMBL213	Beta-1 adrenergic receptor antagonist	ANTAGONIST	DailyMed	setid=00f62dd1-dad2-4892-8a5d-21e5e54509ce	http://dailymed.nlm.nih.gov/dailymed/lookup.cfm?setid=00f62dd1-dad2-4892-8a5d-21e5e54509ce
CHEMBL499	CHEMBL210	Beta-2 adrenergic receptor antagonist	ANTAGONIST	DailyMed	setid=00f62dd1-dad2-4892-8a5d-21e5e54509ce	http://dailymed.nlm.nih.gov/dailymed/lookup.cfm?setid=00f62dd1-dad2-4892-8a5d-21e5e54509ce
CHEMBL1314		Reducing agent		DailyMed	setid=494a714e-923c-cd57-df6c-12886afb265a#nlm34090-1	http://dailymed.nlm.nih.gov/dailymed/lookup.cfm?setid=494a714e-923c-cd57-df6c-12886afb265a#nlm34090-1
CHEMBL1289494	CHEMBL2095227	Vascular endothelial growth factor receptor inhibitor	INHIBITOR	PubMed	16982756	http://europepmc.org/abstract/MED/16982756
CHEMBL1289494	CHEMBL2095227	Vascular endothelial growth factor receptor inhibitor	INHIBITOR	PubMed	23818763	http://europepmc.org/abstract/MED/23818763
CHEMBL1237022	CHEMBL2364155	Interleukin-6 receptor alpha subunit inhibitor	INHIBITOR	DailyMed	setid=2e5365ff-cb2a-4b16-b2c7-e35c6bf2de13	http://dailymed.nlm.nih.gov/dailymed/lookup.cfm?setid=2e5365ff-cb2a-4b16-b2c7-e35c6bf2de13
CHEMBL1324	CHEMBL2023	Catechol O-methyltransferase inhibitor	INHIBITOR	DailyMed	setid=a0e47a9d-78e7-4523-983a-aa259f221736#nlm34090-1	http://dailymed.nlm.nih.gov/dailymed/lookup.cfm?setid=a0e47a9d-78e7-4523-983a-aa259f221736#nlm34090-1
CHEMBL18116	CHEMBL1951	Monoamine oxidase A inhibitor	INHIBITOR	PubMed	1705137	http://europepmc.org/abstract/MED/1705137
CHEMBL220492	CHEMBL205	Carbonic anhydrase II inhibitor	INHIBITOR	DailyMed	setid=21628112-0c47-11df-95b3-498d55d89593#nlm34090-1	http://dailymed.nlm.nih.gov/dailymed/lookup.cfm?setid=21628112-0c47-11df-95b3-498d55d89593#nlm34090-1
CHEMBL220492	CHEMBL205	Carbonic anhydrase II inhibitor	INHIBITOR	PubMed	10768292	http://europepmc.org/abstract/MED/10768292
CHEMBL220492	CHEMBL3729	Carbonic anhydrase IV inhibitor	INHIBITOR	DailyMed	setid=21628112-0c47-11df-95b3-498d55d89593#nlm34090-1	http://dailymed.nlm.nih.gov/dailymed/lookup.cfm?setid=21628112-0c47-11df-95b3-498d55d89593#nlm34090-1
CHEMBL220492	CHEMBL3729	Carbonic anhydrase IV inhibitor	INHIBITOR	PubMed	10768292	http://europepmc.org/abstract/MED/10768292
CHEMBL220492	CHEMBL2096670	Glutamate receptor ionotropic AMPA antagonist	ANTAGONIST	DailyMed	setid=21628112-0c47-11df-95b3-498d55d89593#nlm34090-1	http://dailymed.nlm.nih.gov/dailymed/lookup.cfm?setid=21628112-0c47-11df-95b3-498d55d89593#nlm34090-1
CHEMBL220492	CHEMBL2096670	Glutamate receptor ionotropic AMPA antagonist	ANTAGONIST	PubMed	10768292	http://europepmc.org/abstract/MED/10768292
CHEMBL220492	CHEMBL2109241	Glutamate receptor ionotropic kainate antagonist	ANTAGONIST	DailyMed	setid=21628112-0c47-11df-95b3-498d55d89593#nlm34090-1	http://dailymed.nlm.nih.gov/dailymed/lookup.cfm?setid=21628112-0c47-11df-95b3-498d55d89593#nlm34090-1
CHEMBL220492	CHEMBL2109241	Glutamate receptor ionotropic kainate antagonist	ANTAGONIST	PubMed	10768292	http://europepmc.org/abstract/MED/10768292
CHEMBL220492	CHEMBL2093872	GABA-A receptor; anion channel positive modulator	POSITIVE MODULATOR	DailyMed	setid=21628112-0c47-11df-95b3-498d55d89593#nlm34090-1	http://dailymed.nlm.nih.gov/dailymed/lookup.cfm?setid=21628112-0c47-11df-95b3-498d55d89593#nlm34090-1
CHEMBL220492	CHEMBL2093872	GABA-A receptor; anion channel positive modulator	POSITIVE MODULATOR	PubMed	10768292	http://europepmc.org/abstract/MED/10768292
CHEMBL220492	CHEMBL2331043	Sodium channel alpha subunit blocker	BLOCKER	DailyMed	setid=21628112-0c47-11df-95b3-498d55d89593#nlm34090-1	http://dailymed.nlm.nih.gov/dailymed/lookup.cfm?setid=21628112-0c47-11df-95b3-498d55d89593#nlm34090-1
CHEMBL220492	CHEMBL2331043	Sodium channel alpha subunit blocker	BLOCKER	PubMed	10768292	http://europepmc.org/abstract/MED/10768292
CHEMBL1607	CHEMBL1781	DNA topoisomerase I inhibitor	INHIBITOR	DailyMed	setid=140399d0-4b28-4100-b792-3d1aa3c3e29c#section-14	http://dailymed.nlm.nih.gov/dailymed/lookup.cfm?setid=140399d0-4b28-4100-b792-3d1aa3c3e29c#section-14
CHEMBL4297843	CHEMBL3307223	Programmed cell death protein 1 antagonist	ANTAGONIST	PubMed	30642373	http://europepmc.org/abstract/MED/30642373
CHEMBL4297843	CHEMBL3307223	Programmed cell death protein 1 antagonist	ANTAGONIST	PubMed	30805896	http://europepmc.org/abstract/MED/30805896
CHEMBL4297843	CHEMBL3307223	Programmed cell death protein 1 antagonist	ANTAGONIST	PubMed	32589350	http://europepmc.org/abstract/MED/32589350
CHEMBL1148	CHEMBL1874	Sodium-(potassium)-chloride cotransporter 2 inhibitor	INHIBITOR	DailyMed	setid=01b388a0-7dfb-11de-bc4e-0002a5d5c51b	http://dailymed.nlm.nih.gov/dailymed/lookup.cfm?setid=01b388a0-7dfb-11de-bc4e-0002a5d5c51b
CHEMBL3348923	CHEMBL3559685	RAF serine/threonine protein kinase inhibitor	INHIBITOR	PubMed	5653214	http://europepmc.org/abstract/MED/5653214
CHEMBL1519	CHEMBL1808	Angiotensin-converting enzyme inhibitor	INHIBITOR	DailyMed	setid=5ad67ea2-409c-4f52-a9b8-38216209609a	http://dailymed.nlm.nih.gov/dailymed/lookup.cfm?setid=5ad67ea2-409c-4f52-a9b8-38216209609a
CHEMBL1201585	CHEMBL1824	Receptor protein-tyrosine kinase erbB-2 inhibitor	INHIBITOR	DailyMed	setid=492dbdb2-077e-4064-bff3-372d6af0a7a2	http://dailymed.nlm.nih.gov/dailymed/lookup.cfm?setid=492dbdb2-077e-4064-bff3-372d6af0a7a2
CHEMBL2108658	CHEMBL2364164	Cytotoxic T-lymphocyte protein 4 inhibitor	INHIBITOR	PubMed	22437870	http://europepmc.org/abstract/MED/22437870
CHEMBL2108658	CHEMBL2364164	Cytotoxic T-lymphocyte protein 4 inhibitor	INHIBITOR	PubMed	27042127	http://europepmc.org/abstract/MED/27042127
CHEMBL38	CHEMBL2363069	Retinoic acid receptor agonist	AGONIST	DailyMed	setid=b6b45969-a64a-4ce3-b3b6-157d2568a301	http://dailymed.nlm.nih.gov/dailymed/lookup.cfm?setid=b6b45969-a64a-4ce3-b3b6-157d2568a301
CHEMBL1451	CHEMBL2034	Glucocorticoid receptor agonist	AGONIST	PubMed	15976447	http://europepmc.org/abstract/MED/15976447
CHEMBL1451	CHEMBL2034	Glucocorticoid receptor agonist	AGONIST	PubMed	16507850	http://europepmc.org/abstract/MED/16507850
CHEMBL1451	CHEMBL2034	Glucocorticoid receptor agonist	AGONIST	PubMed	19744340	http://europepmc.org/abstract/MED/19744340
CHEMBL585	CHEMBL2107836	Amiloride-sensitive sodium channel, ENaC blocker	BLOCKER	DailyMed	setid=5012f997-9fb2-4c3d-99fd-4f7efd7c39af	http://dailymed.nlm.nih.gov/dailymed/lookup.cfm?setid=5012f997-9fb2-4c3d-99fd-4f7efd7c39af
CHEMBL585	CHEMBL2107836	Amiloride-sensitive sodium channel, ENaC blocker	BLOCKER	PubMed	8772124	http://europepmc.org/abstract/MED/8772124
CHEMBL849	CHEMBL2364678	Bacterial enoyl-[acyl-carrier-protein] reductase inhibitor	INHIBITOR	PubMed	10196195	http://europepmc.org/abstract/MED/10196195
CHEMBL570	CHEMBL217	Dopamine D2 receptor antagonist	ANTAGONIST	PubMed	1678146	http://europepmc.org/abstract/MED/1678146
CHEMBL570	CHEMBL217	Dopamine D2 receptor antagonist	ANTAGONIST	PubMed	239403	http://europepmc.org/abstract/MED/239403
CHEMBL570	CHEMBL217	Dopamine D2 receptor antagonist	ANTAGONIST	PubMed	497523	http://europepmc.org/abstract/MED/497523
CHEMBL22	CHEMBL2364669	Bacterial dihydrofolate reductase inhibitor	INHIBITOR	DailyMed	setid=a4e9183f-d0eb-4ba7-9204-760b1fd62010	http://dailymed.nlm.nih.gov/dailymed/lookup.cfm?setid=a4e9183f-d0eb-4ba7-9204-760b1fd62010
CHEMBL1475	CHEMBL2311221	DNA inhibitor	INHIBITOR	PubMed	17373769	http://europepmc.org/abstract/MED/17373769
CHEMBL408	CHEMBL235	Peroxisome proliferator-activated receptor gamma agonist	AGONIST	PubMed	23388479	http://europepmc.org/abstract/MED/23388479
CHEMBL564085	CHEMBL2363853	70S ribosome inhibitor	INHIBITOR	PubMed	6972981	http://europepmc.org/abstract/MED/6972981
CHEMBL1200604	CHEMBL245	Muscarinic acetylcholine receptor M3 antagonist	ANTAGONIST	PubMed	1111414	http://europepmc.org/abstract/MED/1111414
CHEMBL1200604	CHEMBL245	Muscarinic acetylcholine receptor M3 antagonist	ANTAGONIST	PubMed	17579880	http://europepmc.org/abstract/MED/17579880
CHEMBL56564	CHEMBL2094132	Serotonin 3 (5-HT3) receptor antagonist	ANTAGONIST	PubMed	10882164	http://europepmc.org/abstract/MED/10882164
CHEMBL1201420	CHEMBL3286	Urokinase-type plasminogen activator exogenous protein	EXOGENOUS PROTEIN	DailyMed	setid=bfe5cfb9-591d-4df8-12a3-6555cde3185d	http://dailymed.nlm.nih.gov/dailymed/lookup.cfm?setid=bfe5cfb9-591d-4df8-12a3-6555cde3185d
CHEMBL1551	CHEMBL2047	Bile acid receptor FXR agonist	AGONIST	PubMed	22223860	http://europepmc.org/abstract/MED/22223860
CHEMBL1551	CHEMBL2047	Bile acid receptor FXR agonist	AGONIST	PubMed	22414767	http://europepmc.org/abstract/MED/22414767
CHEMBL1551	CHEMBL2047	Bile acid receptor FXR agonist	AGONIST	PubMed	23064163	http://europepmc.org/abstract/MED/23064163
CHEMBL2364639	CHEMBL1893	Synaptic vesicular amine transporter inhibitor	INHIBITOR	PubMed	26346941	http://europepmc.org/abstract/MED/26346941
CHEMBL109	CHEMBL1911	Succinate semialdehyde dehydrogenase inhibitor	INHIBITOR	PubMed	10812195	http://europepmc.org/abstract/MED/10812195
CHEMBL24828	CHEMBL267	Tyrosine-protein kinase SRC inhibitor	INHIBITOR	DailyMed	setid=4dc7f0af-77fb-4eec-46b9-dd1c2dcb4525#section-13	http://dailymed.nlm.nih.gov/dailymed/lookup.cfm?setid=4dc7f0af-77fb-4eec-46b9-dd1c2dcb4525#section-13
CHEMBL24828	CHEMBL4601	Tyrosine-protein kinase BRK inhibitor	INHIBITOR	DailyMed	setid=4dc7f0af-77fb-4eec-46b9-dd1c2dcb4525#section-13	http://dailymed.nlm.nih.gov/dailymed/lookup.cfm?setid=4dc7f0af-77fb-4eec-46b9-dd1c2dcb4525#section-13
CHEMBL24828	CHEMBL4128	Tyrosine-protein kinase TIE-2 inhibitor	INHIBITOR	DailyMed	setid=4dc7f0af-77fb-4eec-46b9-dd1c2dcb4525#section-13	http://dailymed.nlm.nih.gov/dailymed/lookup.cfm?setid=4dc7f0af-77fb-4eec-46b9-dd1c2dcb4525#section-13
CHEMBL24828	CHEMBL2095227	Vascular endothelial growth factor receptor inhibitor	INHIBITOR	DailyMed	setid=4dc7f0af-77fb-4eec-46b9-dd1c2dcb4525#section-13	http://dailymed.nlm.nih.gov/dailymed/lookup.cfm?setid=4dc7f0af-77fb-4eec-46b9-dd1c2dcb4525#section-13
CHEMBL24828	CHEMBL2041	Tyrosine-protein kinase receptor RET inhibitor	INHIBITOR	DailyMed	setid=4dc7f0af-77fb-4eec-46b9-dd1c2dcb4525#section-13	http://dailymed.nlm.nih.gov/dailymed/lookup.cfm?setid=4dc7f0af-77fb-4eec-46b9-dd1c2dcb4525#section-13
CHEMBL24828	CHEMBL2363043	Ephrin receptor inhibitor	INHIBITOR	DailyMed	setid=4dc7f0af-77fb-4eec-46b9-dd1c2dcb4525#section-13	http://dailymed.nlm.nih.gov/dailymed/lookup.cfm?setid=4dc7f0af-77fb-4eec-46b9-dd1c2dcb4525#section-13
CHEMBL24828	CHEMBL2363049	Epidermal growth factor receptor inhibitor	INHIBITOR	DailyMed	setid=4dc7f0af-77fb-4eec-46b9-dd1c2dcb4525#section-13	http://dailymed.nlm.nih.gov/dailymed/lookup.cfm?setid=4dc7f0af-77fb-4eec-46b9-dd1c2dcb4525#section-13
CHEMBL142703	CHEMBL284	Dipeptidyl peptidase IV inhibitor	INHIBITOR	PubMed	15886245	http://europepmc.org/abstract/MED/15886245
CHEMBL638	CHEMBL1780	Cytochrome P450 51 inhibitor	INHIBITOR	DailyMed	setid=dac26bcd-7a59-401f-9f66-a0649767cece	http://dailymed.nlm.nih.gov/dailymed/lookup.cfm?setid=dac26bcd-7a59-401f-9f66-a0649767cece
CHEMBL98	CHEMBL325	Histone deacetylase 1 inhibitor	INHIBITOR	DailyMed	setid=cd86ee78-2781-468b-930c-3c4677bcc092#section-13	http://dailymed.nlm.nih.gov/dailymed/lookup.cfm?setid=cd86ee78-2781-468b-930c-3c4677bcc092#section-13
CHEMBL98	CHEMBL1829	Histone deacetylase 3 inhibitor	INHIBITOR	DailyMed	setid=cd86ee78-2781-468b-930c-3c4677bcc092#section-13	http://dailymed.nlm.nih.gov/dailymed/lookup.cfm?setid=cd86ee78-2781-468b-930c-3c4677bcc092#section-13
CHEMBL98	CHEMBL1865	Histone deacetylase 6 inhibitor	INHIBITOR	DailyMed	setid=cd86ee78-2781-468b-930c-3c4677bcc092#section-13	http://dailymed.nlm.nih.gov/dailymed/lookup.cfm?setid=cd86ee78-2781-468b-930c-3c4677bcc092#section-13
CHEMBL98	CHEMBL1937	Histone deacetylase 2 inhibitor	INHIBITOR	DailyMed	setid=cd86ee78-2781-468b-930c-3c4677bcc092#section-13	http://dailymed.nlm.nih.gov/dailymed/lookup.cfm?setid=cd86ee78-2781-468b-930c-3c4677bcc092#section-13
CHEMBL2107387	CHEMBL214	Serotonin 1a (5-HT1a) receptor agonist	AGONIST	DailyMed	4b0700c9-b417-4c3a-b36f-de461e125bd3	http://dailymed.nlm.nih.gov/dailymed/lookup.cfm?setid=4b0700c9-b417-4c3a-b36f-de461e125bd3
CHEMBL2107387	CHEMBL214	Serotonin 1a (5-HT1a) receptor agonist	AGONIST	PubMed	21486038	http://europepmc.org/abstract/MED/21486038
CHEMBL2107387	CHEMBL228	Serotonin transporter inhibitor	INHIBITOR	DailyMed	4b0700c9-b417-4c3a-b36f-de461e125bd3	http://dailymed.nlm.nih.gov/dailymed/lookup.cfm?setid=4b0700c9-b417-4c3a-b36f-de461e125bd3
CHEMBL2107387	CHEMBL228	Serotonin transporter inhibitor	INHIBITOR	PubMed	21486038	http://europepmc.org/abstract/MED/21486038
CHEMBL2107387	CHEMBL1899	Serotonin 3a (5-HT3a) receptor antagonist	ANTAGONIST	DailyMed	4b0700c9-b417-4c3a-b36f-de461e125bd3	http://dailymed.nlm.nih.gov/dailymed/lookup.cfm?setid=4b0700c9-b417-4c3a-b36f-de461e125bd3
CHEMBL2107387	CHEMBL1899	Serotonin 3a (5-HT3a) receptor antagonist	ANTAGONIST	PubMed	21486038	http://europepmc.org/abstract/MED/21486038
CHEMBL4101807	CHEMBL2095168	Hemoglobin HbA positive modulator	POSITIVE MODULATOR	PubMed	30743314	http://europepmc.org/abstract/MED/30743314
CHEMBL603	CHEMBL1798	Cysteinyl leukotriene receptor 1 antagonist	ANTAGONIST	DailyMed	setid=4bf90772-58d5-456d-ad1c-fc448cc5a231	http://dailymed.nlm.nih.gov/dailymed/lookup.cfm?setid=4bf90772-58d5-456d-ad1c-fc448cc5a231
CHEMBL129	CHEMBL247	Human immunodeficiency virus type 1 reverse transcriptase inhibitor	INHIBITOR	DailyMed	setid=6df09f15-b102-431c-adde-d7aeef6f5d84	http://dailymed.nlm.nih.gov/dailymed/lookup.cfm?setid=6df09f15-b102-431c-adde-d7aeef6f5d84
CHEMBL93	CHEMBL215	Arachidonate 5-lipoxygenase inhibitor	INHIBITOR	DailyMed	setid=9bc08d7b-13da-444f-ac8a-3714a05176cc	http://dailymed.nlm.nih.gov/dailymed/lookup.cfm?setid=9bc08d7b-13da-444f-ac8a-3714a05176cc
CHEMBL313971	CHEMBL4794	Vanilloid receptor agonist	AGONIST	PubMed	11075845	http://europepmc.org/abstract/MED/11075845
CHEMBL313971	CHEMBL4794	Vanilloid receptor agonist	AGONIST	PubMed	25171227	http://europepmc.org/abstract/MED/25171227
CHEMBL256907	CHEMBL274	C-C chemokine receptor type 5 antagonist	ANTAGONIST	DailyMed	setid=a94a9a2b-337b-4c13-8622-fc392194dc21	http://dailymed.nlm.nih.gov/dailymed/lookup.cfm?setid=a94a9a2b-337b-4c13-8622-fc392194dc21
CHEMBL271227	CHEMBL3522	Cytochrome P450 17A1 inhibitor	INHIBITOR	FDA	label/2012/202379s003lbl.pdf	http://www.accessdata.fda.gov/drugsatfda_docs/label/2012/202379s003lbl.pdf
CHEMBL3707348	CHEMBL5251	Tyrosine-protein kinase BTK inhibitor	INHIBITOR	FDA	label/2017/210259s000lbl.pdf	https://www.accessdata.fda.gov/drugsatfda_docs/label/2017/210259s000lbl.pdf
CHEMBL1467	CHEMBL1929	Xanthine dehydrogenase inhibitor	INHIBITOR	FDA	label/2000/020298Orig1s001.pdf	http://www.accessdata.fda.gov/drugsatfda_docs/label/2000/020298Orig1s001.pdf
CHEMBL495	CHEMBL1811	Prostanoid EP1 receptor agonist	AGONIST	FDA	label/2015/020649s023lbl.pdf	http://www.accessdata.fda.gov/drugsatfda_docs/label/2015/020649s023lbl.pdf
CHEMBL495	CHEMBL1881	Prostanoid EP2 receptor agonist	AGONIST	FDA	label/2015/020649s023lbl.pdf	http://www.accessdata.fda.gov/drugsatfda_docs/label/2015/020649s023lbl.pdf
CHEMBL488	CHEMBL1978	Cytochrome P450 19A1 inhibitor	INHIBITOR	FDA	label/2003/018202s021lbl.pdf	http://www.accessdata.fda.gov/drugsatfda_docs/label/2003/018202s021lbl.pdf
CHEMBL488	CHEMBL2033	Cytochrome P450 11A1 inhibitor	INHIBITOR	FDA	label/2003/018202s021lbl.pdf	http://www.accessdata.fda.gov/drugsatfda_docs/label/2003/018202s021lbl.pdf
CHEMBL116	CHEMBL243	Human immunodeficiency virus type 1 protease inhibitor	INHIBITOR	FDA	label/2005/021007s017lbl.pdf	http://www.accessdata.fda.gov/drugsatfda_docs/label/2005/021007s017lbl.pdf
CHEMBL361497		Unknown		FDA	label/2020/213036s000lbl.pdf	https://www.accessdata.fda.gov/drugsatfda_docs/label/2020/213036s000lbl.pdf
CHEMBL196		Supplement		FDA	label/2017/209112s000lbl.pdf	https://www.accessdata.fda.gov/drugsatfda_docs/label/2017/209112s000lbl.pdf
CHEMBL3707227	CHEMBL3580522	Programmed cell death 1 ligand 1 inhibitor	INHIBITOR	FDA	label/2016/761034Orig1s000lbl.pdf	http://www.accessdata.fda.gov/drugsatfda_docs/label/2016/761034Orig1s000lbl.pdf
CHEMBL1702	CHEMBL222	Norepinephrine transporter inhibitor	INHIBITOR	FDA	label/2015/021411s046lbl.pdf	http://www.accessdata.fda.gov/drugsatfda_docs/label/2015/021411s046lbl.pdf
CHEMBL517712	CHEMBL245	Muscarinic acetylcholine receptor M3 antagonist	ANTAGONIST	FDA	label/2004/17106s032lbl.pdf	http://www.accessdata.fda.gov/drugsatfda_docs/label/2004/17106s032lbl.pdf
CHEMBL517712	CHEMBL216	Muscarinic acetylcholine receptor M1 antagonist	ANTAGONIST	FDA	label/2004/17106s032lbl.pdf	http://www.accessdata.fda.gov/drugsatfda_docs/label/2004/17106s032lbl.pdf
CHEMBL517712	CHEMBL211	Muscarinic acetylcholine receptor M2 antagonist	ANTAGONIST	FDA	label/2004/17106s032lbl.pdf	http://www.accessdata.fda.gov/drugsatfda_docs/label/2004/17106s032lbl.pdf
CHEMBL4204794	CHEMBL1936	Stem cell growth factor receptor inhibitor	INHIBITOR	FDA	label/2020/212608s000lbl.pdf	https://www.accessdata.fda.gov/drugsatfda_docs/label/2020/212608s000lbl.pdf
CHEMBL4204794	CHEMBL2007	Platelet-derived growth factor receptor alpha inhibitor	INHIBITOR	FDA	label/2020/212608s000lbl.pdf	https://www.accessdata.fda.gov/drugsatfda_docs/label/2020/212608s000lbl.pdf
CHEMBL408513	CHEMBL2093865	Histone deacetylase inhibitor	INHIBITOR	FDA	label/2014/206256lbl.pdf	http://www.accessdata.fda.gov/drugsatfda_docs/label/2014/206256lbl.pdf
CHEMBL2105760	CHEMBL217	Dopamine D2 receptor partial agonist	PARTIAL AGONIST	FDA	label/2015/205422s000lbl.pdf	http://www.accessdata.fda.gov/drugsatfda_docs/label/2015/205422s000lbl.pdf
CHEMBL2105760	CHEMBL214	Serotonin 1a (5-HT1a) receptor partial agonist	PARTIAL AGONIST	FDA	label/2015/205422s000lbl.pdf	http://www.accessdata.fda.gov/drugsatfda_docs/label/2015/205422s000lbl.pdf
CHEMBL2105760	CHEMBL224	Serotonin 2a (5-HT2a) receptor antagonist	ANTAGONIST	FDA	label/2015/205422s000lbl.pdf	http://www.accessdata.fda.gov/drugsatfda_docs/label/2015/205422s000lbl.pdf
CHEMBL1200399	CHEMBL214	Serotonin 1a (5-HT1a) receptor partial agonist	PARTIAL AGONIST	FDA	label/2010/018731s051lbl.pdf	http://www.accessdata.fda.gov/drugsatfda_docs/label/2010/018731s051lbl.pdf
CHEMBL294199	CHEMBL4794	Vanilloid receptor opener	OPENER	FDA	label/2009/022395lbl.pdf	http://www.accessdata.fda.gov/drugsatfda_docs/label/2009/022395lbl.pdf
CHEMBL1560	CHEMBL1808	Angiotensin-converting enzyme inhibitor	INHIBITOR	FDA	label/2015/018343s086lbl.pdf	http://www.accessdata.fda.gov/drugsatfda_docs/label/2015/018343s086lbl.pdf
CHEMBL1351	CHEMBL2311221	DNA inhibitor	INHIBITOR	FDA	label/2012/077139Orig1s016lbl.pdf	http://www.accessdata.fda.gov/drugsatfda_docs/label/2012/077139Orig1s016lbl.pdf
CHEMBL723	CHEMBL2094118	Adrenergic receptor beta antagonist	ANTAGONIST	FDA	label/2011/020297s036lbl.pdf	http://www.accessdata.fda.gov/drugsatfda_docs/label/2011/020297s036lbl.pdf
CHEMBL723	CHEMBL2094251	Adrenergic receptor alpha-1 antagonist	ANTAGONIST	FDA	label/2011/020297s036lbl.pdf	http://www.accessdata.fda.gov/drugsatfda_docs/label/2011/020297s036lbl.pdf
CHEMBL4297723	CHEMBL3307223	Programmed cell death protein 1 inhibitor	INHIBITOR	FDA	label/2018/761097s000lbl.pdf	https://www.accessdata.fda.gov/drugsatfda_docs/label/2018/761097s000lbl.pdf
CHEMBL2403108	CHEMBL4247	ALK tyrosine kinase receptor inhibitor	INHIBITOR	FDA	label/2014/205755s000lbl.pdf	http://www.accessdata.fda.gov/drugsatfda_docs/label/2014/205755s000lbl.pdf
CHEMBL2403108	CHEMBL3883330	EML4-ALK inhibitor	INHIBITOR	FDA	label/2017/205755s009lbl.pdf	https://www.accessdata.fda.gov/drugsatfda_docs/label/2017/205755s009lbl.pdf
CHEMBL2403108	CHEMBL2111387	NPM/ALK (Nucleophosmin/ALK tyrosine kinase receptor) inhibitor	INHIBITOR	FDA	label/2017/205755s009lbl.pdf	https://www.accessdata.fda.gov/drugsatfda_docs/label/2017/205755s009lbl.pdf
CHEMBL205596		Unknown		FDA	label/2015/205750lbl.pdf	http://www.accessdata.fda.gov/drugsatfda_docs/label/2015/205750lbl.pdf
CHEMBL8	CHEMBL2311224	Bacterial DNA gyrase inhibitor	INHIBITOR	FDA	label/2009/021918lbl.pdf	http://www.accessdata.fda.gov/drugsatfda_docs/label/2009/021918lbl.pdf
CHEMBL8	CHEMBL2363076	Topoisomerase IV inhibitor	INHIBITOR	FDA	label/2019/021473s040lbl.pdf	https://www.accessdata.fda.gov/drugsatfda_docs/label/2019/021473s040lbl.pdf
CHEMBL11359	CHEMBL2311221	DNA inhibitor	INHIBITOR	FDA	label/2011/018057s081lbl.pdf	http://www.accessdata.fda.gov/drugsatfda_docs/label/2011/018057s081lbl.pdf
CHEMBL1292	CHEMBL2366041	DNA inhibitor	INHIBITOR	FDA	label/2003/19500slr010_lamprene_lbl.pdf	http://www.accessdata.fda.gov/drugsatfda_docs/label/2003/19500slr010_lamprene_lbl.pdf
CHEMBL1201610	CHEMBL1965	Melanocortin receptor 2 agonist	AGONIST	FDA	label/2015/008372s044lbl.pdf	http://www.accessdata.fda.gov/drugsatfda_docs/label/2015/008372s044lbl.pdf
CHEMBL4297734	CHEMBL5378	P-selectin blocker	BLOCKER	FDA	label/2019/761128s000lbl.pdf	https://www.accessdata.fda.gov/drugsatfda_docs/label/2019/761128s000lbl.pdf
CHEMBL601719	CHEMBL3717	Hepatocyte growth factor receptor inhibitor	INHIBITOR	FDA	label/2012/202570s003lbl.pdf	http://www.accessdata.fda.gov/drugsatfda_docs/label/2012/202570s003lbl.pdf
CHEMBL601719	CHEMBL4247	ALK tyrosine kinase receptor inhibitor	INHIBITOR	FDA	label/2012/202570s003lbl.pdf	http://www.accessdata.fda.gov/drugsatfda_docs/label/2012/202570s003lbl.pdf
CHEMBL601719	CHEMBL3883330	EML4-ALK inhibitor	INHIBITOR	FDA	label/2017/202570s021lbl.pdf	https://www.accessdata.fda.gov/drugsatfda_docs/label/2017/202570s021lbl.pdf
CHEMBL601719	CHEMBL2111387	NPM/ALK (Nucleophosmin/ALK tyrosine kinase receptor) inhibitor	INHIBITOR	FDA	label/2017/202570s021lbl.pdf	https://www.accessdata.fda.gov/drugsatfda_docs/label/2017/202570s021lbl.pdf
CHEMBL601719	CHEMBL5568	Proto-oncogene tyrosine-protein kinase ROS inhibitor	INHIBITOR	FDA	label/2017/202570s021lbl.pdf	https://www.accessdata.fda.gov/drugsatfda_docs/label/2017/202570s021lbl.pdf
CHEMBL601719	CHEMBL2689	Macrophage-stimulating protein receptor inhibitor	INHIBITOR	FDA	label/2017/202570s021lbl.pdf	https://www.accessdata.fda.gov/drugsatfda_docs/label/2017/202570s021lbl.pdf
CHEMBL74		Unknown		FDA	anda/2000/75-271_Cromolyn%20Sodium_prntlbl.pdf	http://www.accessdata.fda.gov/drugsatfda_docs/anda/2000/75-271_Cromolyn%20Sodium_prntlbl.pdf
CHEMBL3137326	CHEMBL1893	Synaptic vesicular amine transporter inhibitor	INHIBITOR	FDA	label/2017/208082s000lbl.pdf	https://www.accessdata.fda.gov/drugsatfda_docs/label/2017/208082s000lbl.pdf
CHEMBL3545252	CHEMBL2095182	Tubulin inhibitor	INHIBITOR	FDA	label/2014/201195s006lbl.pdf	http://www.accessdata.fda.gov/drugsatfda_docs/label/2014/201195s006lbl.pdf
CHEMBL359744	CHEMBL1806	DNA topoisomerase II alpha inhibitor	INHIBITOR	FDA	label/2015/050718s048lbl.pdf	http://www.accessdata.fda.gov/drugsatfda_docs/label/2015/050718s048lbl.pdf
CHEMBL359744	CHEMBL2311221	DNA inhibitor	INHIBITOR	FDA	label/2015/050718s048lbl.pdf	http://www.accessdata.fda.gov/drugsatfda_docs/label/2015/050718s048lbl.pdf
CHEMBL290916		Unknown		FDA	label/2017/209176lbl.pdf	https://www.accessdata.fda.gov/drugsatfda_docs/label/2017/209176lbl.pdf
CHEMBL3989977	CHEMBL3286073	Interferon gamma inhibitor	INHIBITOR	FDA	label/2018/761107lbl.pdf	https://www.accessdata.fda.gov/drugsatfda_docs/label/2018/761107lbl.pdf
CHEMBL1200659	CHEMBL1808	Angiotensin-converting enzyme inhibitor	INHIBITOR	FDA	label/2015/018998s080lbl.pdf	http://www.accessdata.fda.gov/drugsatfda_docs/label/2015/018998s080lbl.pdf
CHEMBL1983268	CHEMBL3559684	Neurotrophic tyrosine kinase receptor inhibitor	INHIBITOR	FDA	label/2019/212725s000lbl.pdf	https://www.accessdata.fda.gov/drugsatfda_docs/label/2019/212725s000lbl.pdf
CHEMBL1983268	CHEMBL5568	Proto-oncogene tyrosine-protein kinase ROS inhibitor	INHIBITOR	FDA	label/2019/212725s000lbl.pdf	https://www.accessdata.fda.gov/drugsatfda_docs/label/2019/212725s000lbl.pdf
CHEMBL1983268	CHEMBL4247	ALK tyrosine kinase receptor inhibitor	INHIBITOR	FDA	label/2019/212725s000lbl.pdf	https://www.accessdata.fda.gov/drugsatfda_docs/label/2019/212725s000lbl.pdf
CHEMBL1523964	CHEMBL2331074	Adrenergic receptor agonist	AGONIST	FDA	label/2017/208609s000lbl.pdf	https://www.accessdata.fda.gov/drugsatfda_docs/label/2017/208609s000lbl.pdf
CHEMBL1201565	CHEMBL1817	Erythropoietin receptor agonist	AGONIST	FDA	label/2013/103234s5323lbl.pdf	http://www.accessdata.fda.gov/drugsatfda_docs/label/2013/103234s5323lbl.pdf
CHEMBL3545376	CHEMBL2095217	Fibroblast growth factor receptor inhibitor	INHIBITOR	FDA	label/2019/212018s000lbl.pdf	https://www.accessdata.fda.gov/drugsatfda_docs/label/2019/212018s000lbl.pdf
CHEMBL4297334		Diagnostic agent		FDA	label/2021/214793s000lbl.pdf	https://www.accessdata.fda.gov/drugsatfda_docs/label/2021/214793s000lbl.pdf
CHEMBL806	CHEMBL1871	Androgen Receptor antagonist	ANTAGONIST	FDA	label/2001/18554s23lbl.pdf	http://www.accessdata.fda.gov/drugsatfda_docs/label/2001/18554s23lbl.pdf
CHEMBL3989798	CHEMBL210	Beta-2 adrenergic receptor agonist	AGONIST	FDA	label/2016/022518s019,205641s005lbl.pdf	http://www.accessdata.fda.gov/drugsatfda_docs/label/2016/022518s019,205641s005lbl.pdf
CHEMBL4297756	CHEMBL3832947	Calcitonin gene-related peptide antagonist	ANTAGONIST	FDA	label/2018/761089s000lbl.pdf	https://www.accessdata.fda.gov/drugsatfda_docs/label/2018/761089s000lbl.pdf
CHEMBL1201506	CHEMBL1842	Myeloid cell surface antigen CD33 binding agent	BINDING AGENT	FDA	label/2006/021174s020lbl.pdf	http://www.accessdata.fda.gov/drugsatfda_docs/label/2006/021174s020lbl.pdf
CHEMBL1201506	CHEMBL2311221	DNA disrupting agent	DISRUPTING AGENT	FDA	label/2006/021174s020lbl.pdf	http://www.accessdata.fda.gov/drugsatfda_docs/label/2006/021174s020lbl.pdf
CHEMBL930		Unknown		FDA	label/2017/208587s000lbl.pdf	https://www.accessdata.fda.gov/drugsatfda_docs/label/2017/208587s000lbl.pdf
CHEMBL472	CHEMBL2096972	Sulfonylurea receptor 1, Kir6.2 blocker	BLOCKER	FDA	label/2015/020051s021lbl.pdf	http://www.accessdata.fda.gov/drugsatfda_docs/label/2015/020051s021lbl.pdf
CHEMBL435	CHEMBL1876	Thiazide-sensitive sodium-chloride cotransporter inhibitor	INHIBITOR	FDA	label/2015/020125s020lbl.pdf	http://www.accessdata.fda.gov/drugsatfda_docs/label/2015/020125s020lbl.pdf
CHEMBL71595		Unknown		FDA	label/2017/209305s000lbl.pdf	https://www.accessdata.fda.gov/drugsatfda_docs/label/2017/209305s000lbl.pdf
CHEMBL1873475	CHEMBL5251	Tyrosine-protein kinase BTK inhibitor	INHIBITOR	FDA	label/2013/205552lbl.pdf	http://www.accessdata.fda.gov/drugsatfda_docs/label/2013/205552lbl.pdf
CHEMBL2216870	CHEMBL3130	PI3-kinase p110-delta subunit inhibitor	INHIBITOR	FDA	label/2014/206545lbl.pdf	http://www.accessdata.fda.gov/drugsatfda_docs/label/2014/206545lbl.pdf
CHEMBL1201304		Diagnostic agent		FDA	label/2006/011525s017lbl.pdf	https://www.accessdata.fda.gov/drugsatfda_docs/label/2006/011525s017lbl.pdf
CHEMBL6	CHEMBL2094253	Cyclooxygenase inhibitor	INHIBITOR	FDA	label/2007/016059s097,017814s040,018332s030lbl.pdf	http://www.accessdata.fda.gov/drugsatfda_docs/label/2007/016059s097,017814s040,018332s030lbl.pdf
CHEMBL1863513		Unknown		FDA	label/2012/202833lbl.pdf	http://www.accessdata.fda.gov/drugsatfda_docs/label/2012/202833lbl.pdf
CHEMBL1513	CHEMBL227	Type-1 angiotensin II receptor antagonist	ANTAGONIST	FDA	label/2016/020757s059s067lbl.pdf	http://www.accessdata.fda.gov/drugsatfda_docs/label/2016/020757s059s067lbl.pdf
CHEMBL1201168	CHEMBL2095205	Monoamine oxidase inhibitor	INHIBITOR	FDA	label/2007/011961s039lbl.pdf	http://www.accessdata.fda.gov/drugsatfda_docs/label/2007/011961s039lbl.pdf
CHEMBL157101	CHEMBL1780	Cytochrome P450 51 inhibitor	INHIBITOR	FDA	label/2007/021738lbl.pdf	http://www.accessdata.fda.gov/drugsatfda_docs/label/2007/021738lbl.pdf
CHEMBL6068478	CHEMBL203	Epidermal growth factor receptor erbB1 inhibitor	INHIBITOR	FDA	label/2024/219008s000lbl.pdf	https://www.accessdata.fda.gov/drugsatfda_docs/label/2024/219008s000lbl.pdf
CHEMBL3989909	CHEMBL3130	PI3-kinase p110-delta subunit inhibitor	INHIBITOR	FDA	label/2023/217759s000lbl.pdf	https://www.accessdata.fda.gov/drugsatfda_docs/label/2023/217759s000lbl.pdf
CHEMBL2105720	CHEMBL6120	Solute carrier family 22 member 12 inhibitor	INHIBITOR	FDA	label/2015/207988lbl.pdf	http://www.accessdata.fda.gov/drugsatfda_docs/label/2015/207988lbl.pdf
CHEMBL1200775	CHEMBL1855	Gonadotropin-releasing hormone receptor agonist	AGONIST	FDA	label/2016/021343s033,021379s033,021488s030,021731s029lbl.pdf	http://www.accessdata.fda.gov/drugsatfda_docs/label/2016/021343s033,021379s033,021488s030,021731s029lbl.pdf
CHEMBL2103741	CHEMBL2111462	Thyroid hormone receptor agonist	AGONIST	FDA	label/2011/021402s020lbl.pdf	http://www.accessdata.fda.gov/drugsatfda_docs/label/2011/021402s020lbl.pdf
CHEMBL514	CHEMBL2311221	DNA inhibitor	INHIBITOR	FDA	label/2016/017588s043lbl.pdf	http://www.accessdata.fda.gov/drugsatfda_docs/label/2016/017588s043lbl.pdf
CHEMBL729	CHEMBL243	Human immunodeficiency virus type 1 protease inhibitor	INHIBITOR	FDA	label/2015/021906s042,021251s049lbl.pdf	http://www.accessdata.fda.gov/drugsatfda_docs/label/2015/021906s042,021251s049lbl.pdf
CHEMBL3286830	CHEMBL4247	ALK tyrosine kinase receptor inhibitor	INHIBITOR	FDA	label/2018/210868s000lbl.pdf	https://www.accessdata.fda.gov/drugsatfda_docs/label/2018/210868s000lbl.pdf
CHEMBL3286830	CHEMBL3883330	EML4-ALK inhibitor	INHIBITOR	FDA	label/2018/210868s000lbl.pdf	https://www.accessdata.fda.gov/drugsatfda_docs/label/2018/210868s000lbl.pdf
CHEMBL4650269	CHEMBL4331	Hemoglobin beta chain exogenous gene	EXOGENOUS GENE	FDA	https://www.fda.gov/media/174610/download	https://www.fda.gov/media/174610/download
CHEMBL4297516	CHEMBL2311221	DNA negative modulator	NEGATIVE MODULATOR	FDA	label/2020/213702s000lbl.pdf	http://www.accessdata.fda.gov/drugsatfda_docs/label/2020/213702s000lbl.pdf
CHEMBL3039545	CHEMBL3988637	Transforming growth factor beta inhibitor	INHIBITOR	FDA	label/2019/761136lbl.pdf	https://www.accessdata.fda.gov/drugsatfda_docs/label/2019/761136lbl.pdf
CHEMBL2103873	CHEMBL2096678	Endothelin receptor, ET-A/ET-B antagonist	ANTAGONIST	FDA	label/2013/204410s000lbl.pdf	https://www.accessdata.fda.gov/drugsatfda_docs/label/2013/204410s000lbl.pdf
CHEMBL550495		Reducing agent		FDA	label/2016/204630s000lbl.pdf	https://www.accessdata.fda.gov/drugsatfda_docs/label/2016/204630s000lbl.pdf
CHEMBL1200940	CHEMBL217	Dopamine D2 receptor antagonist	ANTAGONIST	FDA	label/2011/017854s058lbl.pdf	http://www.accessdata.fda.gov/drugsatfda_docs/label/2011/017854s058lbl.pdf
CHEMBL2107857	CHEMBL5913	Leptin receptor agonist	AGONIST	FDA	label/2014/125390s000lbl.pdf	http://www.accessdata.fda.gov/drugsatfda_docs/label/2014/125390s000lbl.pdf
CHEMBL137	CHEMBL2364041	DNA inhibitor	INHIBITOR	FDA	label/2011/021806s003lbl.pdf	http://www.accessdata.fda.gov/drugsatfda_docs/label/2011/021806s003lbl.pdf
CHEMBL105	CHEMBL2311221	DNA inhibitor	INHIBITOR	FDA	label/2014/022572s003lbl.pdf	http://www.accessdata.fda.gov/drugsatfda_docs/label/2014/022572s003lbl.pdf
CHEMBL4650319	CHEMBL203	Epidermal growth factor receptor erbB1 inhibitor	INHIBITOR	FDA	label/2021/215310s000lbl.pdf	https://www.accessdata.fda.gov/drugsatfda_docs/label/2021/215310s000lbl.pdf
CHEMBL4802239	CHEMBL203	Epidermal growth factor receptor erbB1 inhibitor	INHIBITOR	FDA	label/2021/215310s000lbl.pdf	https://www.accessdata.fda.gov/drugsatfda_docs/label/2021/215310s000lbl.pdf
CHEMBL2103744	CHEMBL233	Mu opioid receptor agonist	AGONIST	FDA	label/2010/018565s020lbl.pdf	http://www.accessdata.fda.gov/drugsatfda_docs/label/2010/018565s020lbl.pdf
CHEMBL193	CHEMBL2095229	Voltage-gated L-type calcium channel blocker	BLOCKER	FDA	label/2011/020198s023lbl.pdf	http://www.accessdata.fda.gov/drugsatfda_docs/label/2011/020198s023lbl.pdf
CHEMBL3039504	CHEMBL2095189	Platelet-derived growth factor receptor inhibitor	INHIBITOR	FDA	label/2014/205832s000lbl.pdf	http://www.accessdata.fda.gov/drugsatfda_docs/label/2014/205832s000lbl.pdf
CHEMBL3039504	CHEMBL2095227	Vascular endothelial growth factor receptor inhibitor	INHIBITOR	FDA	label/2014/205832s000lbl.pdf	http://www.accessdata.fda.gov/drugsatfda_docs/label/2014/205832s000lbl.pdf
CHEMBL3039504	CHEMBL2095217	Fibroblast growth factor receptor inhibitor	INHIBITOR	FDA	label/2014/205832s000lbl.pdf	http://www.accessdata.fda.gov/drugsatfda_docs/label/2014/205832s000lbl.pdf
CHEMBL572	CHEMBL2364041	DNA inhibitor	INHIBITOR	FDA	label/2009/009175s037lbl.pdf	http://www.accessdata.fda.gov/drugsatfda_docs/label/2009/009175s037lbl.pdf
CHEMBL730	CHEMBL2111348	Soluble guanylate cyclase activator	ACTIVATOR	FDA	label/2016/021780s007lbl.pdf	http://www.accessdata.fda.gov/drugsatfda_docs/label/2016/021780s007lbl.pdf
CHEMBL2108738	CHEMBL3307223	Programmed cell death protein 1 inhibitor	INHIBITOR	FDA	label/2015/125527s000lbl.pdf	http://www.accessdata.fda.gov/drugsatfda_docs/label/2015/125527s000lbl.pdf
CHEMBL715	CHEMBL224	Serotonin 2a (5-HT2a) receptor antagonist	ANTAGONIST	FDA	label/2015/020592s064,021086s042,021253s049lbl.pdf	http://www.accessdata.fda.gov/drugsatfda_docs/label/2015/020592s064,021086s042,021253s049lbl.pdf
CHEMBL715	CHEMBL225	Serotonin 2c (5-HT2c) receptor antagonist	ANTAGONIST	FDA	label/2015/020592s064,021086s042,021253s049lbl.pdf	http://www.accessdata.fda.gov/drugsatfda_docs/label/2015/020592s064,021086s042,021253s049lbl.pdf
CHEMBL715	CHEMBL2331075	D2-like dopamine receptor antagonist	ANTAGONIST	FDA	label/2015/020592s064,021086s042,021253s049lbl.pdf	http://www.accessdata.fda.gov/drugsatfda_docs/label/2015/020592s064,021086s042,021253s049lbl.pdf
CHEMBL521686	CHEMBL3390820	PARP 1, 2 and 3 inhibitor	INHIBITOR	FDA	label/2014/206162lbl.pdf	http://www.accessdata.fda.gov/drugsatfda_docs/label/2014/206162lbl.pdf
CHEMBL1089318	CHEMBL2023	Catechol O-methyltransferase inhibitor	INHIBITOR	FDA	label/2020/212489s000lbl.pdf	http://www.accessdata.fda.gov/drugsatfda_docs/label/2020/212489s000lbl.pdf
CHEMBL189963	CHEMBL2111455	CDK6/cyclin D1 inhibitor	INHIBITOR	FDA	label/2015/207103s000lbl.pdf	http://www.accessdata.fda.gov/drugsatfda_docs/label/2015/207103s000lbl.pdf
CHEMBL189963	CHEMBL1907601	Cyclin-dependent kinase 4/cyclin D1 inhibitor	INHIBITOR	FDA	label/2015/207103s000lbl.pdf	http://www.accessdata.fda.gov/drugsatfda_docs/label/2015/207103s000lbl.pdf
CHEMBL1720	CHEMBL1899	Serotonin 3a (5-HT3a) receptor antagonist	ANTAGONIST	FDA	label/2016/203050s000lbl.pdf	http://www.accessdata.fda.gov/drugsatfda_docs/label/2016/203050s000lbl.pdf
CHEMBL3137343	CHEMBL3307223	Programmed cell death protein 1 inhibitor	INHIBITOR	FDA	label/2014/125514lbl.pdf	http://www.accessdata.fda.gov/drugsatfda_docs/label/2014/125514lbl.pdf
CHEMBL1200895	CHEMBL2095205	Monoamine oxidase inhibitor	INHIBITOR	FDA	label/2007/011909s038lbl.pdf	http://www.accessdata.fda.gov/drugsatfda_docs/label/2007/011909s038lbl.pdf
CHEMBL1256391		Unknown		FDA	label/2014/022535s000lbl.pdf	http://www.accessdata.fda.gov/drugsatfda_docs/label/2014/022535s000lbl.pdf
CHEMBL90593		Unknown		FDA	label/2016/208470s000lbl.pdf	https://www.accessdata.fda.gov/drugsatfda_docs/label/2016/208470s000lbl.pdf
CHEMBL1168	CHEMBL1808	Angiotensin-converting enzyme inhibitor	INHIBITOR	FDA	label/2015/019901s065lbl.pdf	http://www.accessdata.fda.gov/drugsatfda_docs/label/2015/019901s065lbl.pdf
CHEMBL1743062	CHEMBL279	Vascular endothelial growth factor receptor 2 inhibitor	INHIBITOR	FDA	label/2014/125477lbl.pdf	http://www.accessdata.fda.gov/drugsatfda_docs/label/2014/125477lbl.pdf
CHEMBL2110372	CHEMBL1941	Histamine H2 receptor antagonist	ANTAGONIST	FDA	label/2009/019090s053,019593s042lbl.pdf	http://www.accessdata.fda.gov/drugsatfda_docs/label/2009/019090s053,019593s042lbl.pdf
CHEMBL1201142	CHEMBL2039	Monoamine oxidase B inhibitor	INHIBITOR	FDA	label/2009/021641s002s003s004s005s007s008s010lbl.pdf	http://www.accessdata.fda.gov/drugsatfda_docs/label/2009/021641s002s003s004s005s007s008s010lbl.pdf
CHEMBL1946170	CHEMBL1862	Tyrosine-protein kinase ABL inhibitor	INHIBITOR	FDA	label/2012/203085lbl.pdf	https://www.accessdata.fda.gov/drugsatfda_docs/label/2012/203085lbl.pdf
CHEMBL1946170	CHEMBL1906	Serine/threonine-protein kinase RAF inhibitor	INHIBITOR	FDA	label/2012/203085lbl.pdf	https://www.accessdata.fda.gov/drugsatfda_docs/label/2012/203085lbl.pdf
CHEMBL1946170	CHEMBL1936	Stem cell growth factor receptor inhibitor	INHIBITOR	FDA	label/2012/203085lbl.pdf	https://www.accessdata.fda.gov/drugsatfda_docs/label/2012/203085lbl.pdf
CHEMBL1946170	CHEMBL3650	Fibroblast growth factor receptor 1 inhibitor	INHIBITOR	FDA	label/2012/203085lbl.pdf	https://www.accessdata.fda.gov/drugsatfda_docs/label/2012/203085lbl.pdf
CHEMBL1946170	CHEMBL3961	MAP kinase p38 beta inhibitor	INHIBITOR	FDA	label/2012/203085lbl.pdf	https://www.accessdata.fda.gov/drugsatfda_docs/label/2012/203085lbl.pdf
CHEMBL1946170	CHEMBL4142	Fibroblast growth factor receptor 2 inhibitor	INHIBITOR	FDA	label/2012/203085lbl.pdf	https://www.accessdata.fda.gov/drugsatfda_docs/label/2012/203085lbl.pdf
CHEMBL1946170	CHEMBL4223	Tyrosine-protein kinase FRK inhibitor	INHIBITOR	FDA	label/2012/203085lbl.pdf	https://www.accessdata.fda.gov/drugsatfda_docs/label/2012/203085lbl.pdf
CHEMBL1946170	CHEMBL5122	Discoidin domain-containing receptor 2 inhibitor	INHIBITOR	FDA	label/2012/203085lbl.pdf	https://www.accessdata.fda.gov/drugsatfda_docs/label/2012/203085lbl.pdf
CHEMBL1946170	CHEMBL5145	Serine/threonine-protein kinase B-raf inhibitor	INHIBITOR	FDA	label/2012/203085lbl.pdf	https://www.accessdata.fda.gov/drugsatfda_docs/label/2012/203085lbl.pdf
CHEMBL1946170	CHEMBL4128	Tyrosine-protein kinase TIE-2 inhibitor	INHIBITOR	FDA	label/2012/203085lbl.pdf	https://www.accessdata.fda.gov/drugsatfda_docs/label/2012/203085lbl.pdf
CHEMBL1946170	CHEMBL2095189	Platelet-derived growth factor receptor inhibitor	INHIBITOR	FDA	label/2012/203085lbl.pdf	https://www.accessdata.fda.gov/drugsatfda_docs/label/2012/203085lbl.pdf
CHEMBL1946170	CHEMBL2095227	Vascular endothelial growth factor receptor inhibitor	INHIBITOR	FDA	label/2012/203085lbl.pdf	https://www.accessdata.fda.gov/drugsatfda_docs/label/2012/203085lbl.pdf
CHEMBL1946170	CHEMBL2041	Tyrosine-protein kinase receptor RET inhibitor	INHIBITOR	FDA	label/2012/203085lbl.pdf	https://www.accessdata.fda.gov/drugsatfda_docs/label/2012/203085lbl.pdf
CHEMBL1946170	CHEMBL2068	Ephrin type-A receptor 2 inhibitor	INHIBITOR	FDA	label/2012/203085lbl.pdf	https://www.accessdata.fda.gov/drugsatfda_docs/label/2012/203085lbl.pdf
CHEMBL1946170	CHEMBL2815	Nerve growth factor receptor Trk-A inhibitor	INHIBITOR	FDA	label/2012/203085lbl.pdf	https://www.accessdata.fda.gov/drugsatfda_docs/label/2012/203085lbl.pdf
CHEMBL4298138	CHEMBL2815	Nerve growth factor receptor Trk-A inhibitor	INHIBITOR	FDA	label/2023/218213s000lbl.pdf	https://www.accessdata.fda.gov/drugsatfda_docs/label/2023/218213s000lbl.pdf
CHEMBL4298138	CHEMBL4898	Neurotrophic tyrosine kinase receptor type 2 inhibitor	INHIBITOR	FDA	label/2023/218213s000lbl.pdf	https://www.accessdata.fda.gov/drugsatfda_docs/label/2023/218213s000lbl.pdf
CHEMBL4298138	CHEMBL5568	Proto-oncogene tyrosine-protein kinase ROS inhibitor	INHIBITOR	FDA	label/2023/218213s000lbl.pdf	https://www.accessdata.fda.gov/drugsatfda_docs/label/2023/218213s000lbl.pdf
CHEMBL4298138	CHEMBL5608	NT-3 growth factor receptor inhibitor	INHIBITOR	FDA	label/2023/218213s000lbl.pdf	https://www.accessdata.fda.gov/drugsatfda_docs/label/2023/218213s000lbl.pdf
CHEMBL4298138	CHEMBL4680046	CD74-ROS1 inhibitor	INHIBITOR	FDA	label/2023/218213s000lbl.pdf	https://www.accessdata.fda.gov/drugsatfda_docs/label/2023/218213s000lbl.pdf
CHEMBL4298138	CHEMBL5303568	ROS1-SDC4 inhibitor	INHIBITOR	FDA	label/2023/218213s000lbl.pdf	https://www.accessdata.fda.gov/drugsatfda_docs/label/2023/218213s000lbl.pdf
CHEMBL4216467	CHEMBL1936	Stem cell growth factor receptor inhibitor	INHIBITOR	FDA	label/2020/213973s000lbl.pdf	http://www.accessdata.fda.gov/drugsatfda_docs/label/2020/213973s000lbl.pdf
CHEMBL4216467	CHEMBL2007	Platelet-derived growth factor receptor alpha inhibitor	INHIBITOR	FDA	label/2020/213973s000lbl.pdf	http://www.accessdata.fda.gov/drugsatfda_docs/label/2020/213973s000lbl.pdf
CHEMBL85	CHEMBL224	Serotonin 2a (5-HT2a) receptor antagonist	ANTAGONIST	FDA	label/2014/021346s052lbl.pdf	http://www.accessdata.fda.gov/drugsatfda_docs/label/2014/021346s052lbl.pdf
CHEMBL85	CHEMBL225	Serotonin 2c (5-HT2c) receptor antagonist	ANTAGONIST	FDA	label/2014/021346s052lbl.pdf	http://www.accessdata.fda.gov/drugsatfda_docs/label/2014/021346s052lbl.pdf
CHEMBL85	CHEMBL217	Dopamine D2 receptor antagonist	ANTAGONIST	FDA	label/2014/021346s052lbl.pdf	http://www.accessdata.fda.gov/drugsatfda_docs/label/2014/021346s052lbl.pdf
CHEMBL636	CHEMBL2095233	Cholinesterases; ACHE & BCHE inhibitor	INHIBITOR	FDA	label/2006/020823s016,021025s008lbl.pdf	http://www.accessdata.fda.gov/drugsatfda_docs/label/2006/020823s016,021025s008lbl.pdf
CHEMBL122	CHEMBL230	Cyclooxygenase-2 inhibitor	INHIBITOR	FDA	label/2004/021052s026_021042s019lbl.pdf	http://www.accessdata.fda.gov/drugsatfda_docs/label/2004/021052s026_021042s019lbl.pdf
CHEMBL396778	CHEMBL2039	Monoamine oxidase B inhibitor	INHIBITOR	FDA	label/2017/207145lbl.pdf	https://www.accessdata.fda.gov/drugsatfda_docs/label/2017/207145lbl.pdf
CHEMBL48582	CHEMBL2039	Monoamine oxidase B inhibitor	INHIBITOR	FDA	label/2017/207145lbl.pdf	https://www.accessdata.fda.gov/drugsatfda_docs/label/2017/207145lbl.pdf
CHEMBL972	CHEMBL2039	Monoamine oxidase B inhibitor	INHIBITOR	FDA	label/2008/021479s003s004lbl.pdf	http://www.accessdata.fda.gov/drugsatfda_docs/label/2008/021479s003s004lbl.pdf
CHEMBL1200904	CHEMBL2039	Monoamine oxidase B inhibitor	INHIBITOR	FDA	label/2008/021479s003s004lbl.pdf	http://www.accessdata.fda.gov/drugsatfda_docs/label/2008/021479s003s004lbl.pdf
CHEMBL238804	CHEMBL1995	Prostanoid IP receptor agonist	AGONIST	FDA	label/2015/207947s000lbl.pdf	http://www.accessdata.fda.gov/drugsatfda_docs/label/2015/207947s000lbl.pdf
CHEMBL1709	CHEMBL228	Serotonin transporter inhibitor	INHIBITOR	FDA	label/2014/019839s084,020990s043lbl.pdf	http://www.accessdata.fda.gov/drugsatfda_docs/label/2014/019839s084,020990s043lbl.pdf
CHEMBL1200485	CHEMBL1906	Serine/threonine-protein kinase RAF inhibitor	INHIBITOR	FDA	label/2011/021923s012lbl.pdf	http://www.accessdata.fda.gov/drugsatfda_docs/label/2011/021923s012lbl.pdf
CHEMBL1200485	CHEMBL1913	Platelet-derived growth factor receptor beta inhibitor	INHIBITOR	FDA	label/2011/021923s012lbl.pdf	http://www.accessdata.fda.gov/drugsatfda_docs/label/2011/021923s012lbl.pdf
CHEMBL1200485	CHEMBL1936	Stem cell growth factor receptor inhibitor	INHIBITOR	FDA	label/2011/021923s012lbl.pdf	http://www.accessdata.fda.gov/drugsatfda_docs/label/2011/021923s012lbl.pdf
CHEMBL1200485	CHEMBL1974	Tyrosine-protein kinase receptor FLT3 inhibitor	INHIBITOR	FDA	label/2011/021923s012lbl.pdf	http://www.accessdata.fda.gov/drugsatfda_docs/label/2011/021923s012lbl.pdf
CHEMBL1200485	CHEMBL5145	Serine/threonine-protein kinase B-raf inhibitor	INHIBITOR	FDA	label/2011/021923s012lbl.pdf	http://www.accessdata.fda.gov/drugsatfda_docs/label/2011/021923s012lbl.pdf
CHEMBL1200485	CHEMBL2095227	Vascular endothelial growth factor receptor inhibitor	INHIBITOR	FDA	label/2011/021923s012lbl.pdf	http://www.accessdata.fda.gov/drugsatfda_docs/label/2011/021923s012lbl.pdf
CHEMBL1200485	CHEMBL2041	Tyrosine-protein kinase receptor RET inhibitor	INHIBITOR	FDA	label/2011/021923s012lbl.pdf	http://www.accessdata.fda.gov/drugsatfda_docs/label/2011/021923s012lbl.pdf
CHEMBL991	CHEMBL247	Human immunodeficiency virus type 1 reverse transcriptase inhibitor	INHIBITOR	FDA	label/2011/020412s038,020413s030lbl.pdf	http://www.accessdata.fda.gov/drugsatfda_docs/label/2011/020412s038,020413s030lbl.pdf
CHEMBL128	CHEMBL1898	Serotonin 1b (5-HT1b) receptor agonist	AGONIST	FDA	label/2012/020080s039s040s041s045lbl.pdf	http://www.accessdata.fda.gov/drugsatfda_docs/label/2012/020080s039s040s041s045lbl.pdf
CHEMBL128	CHEMBL1983	Serotonin 1d (5-HT1d) receptor agonist	AGONIST	FDA	label/2012/020080s039s040s041s045lbl.pdf	http://www.accessdata.fda.gov/drugsatfda_docs/label/2012/020080s039s040s041s045lbl.pdf
CHEMBL822	CHEMBL2364679	Squalene monooxygenase inhibitor	INHIBITOR	FDA	label/2012/020539s021lbl.pdf	http://www.accessdata.fda.gov/drugsatfda_docs/label/2012/020539s021lbl.pdf
CHEMBL1571	CHEMBL1978	Cytochrome P450 19A1 inhibitor	INHIBITOR	FDA	label/2003/16118slr023_teslac_lbl.pdf	http://www.accessdata.fda.gov/drugsatfda_docs/label/2003/16118slr023_teslac_lbl.pdf
CHEMBL386630	CHEMBL1871	Androgen Receptor agonist	AGONIST	FDA	label/2015/021015s040lbl.pdf	http://www.accessdata.fda.gov/drugsatfda_docs/label/2015/021015s040lbl.pdf
CHEMBL1200335	CHEMBL1871	Androgen Receptor agonist	AGONIST	FDA	label/2015/009165s033lbl.pdf	http://www.accessdata.fda.gov/drugsatfda_docs/label/2015/009165s033lbl.pdf
CHEMBL727	CHEMBL2111369	Inosine-5'-monophosphate dehydrogenase (IMPDH) inhibitor	INHIBITOR	FDA	label/2004/12429s022lbl.pdf	http://www.accessdata.fda.gov/drugsatfda_docs/label/2004/12429s022lbl.pdf
CHEMBL727	CHEMBL2311221	DNA inhibitor	INHIBITOR	FDA	label/2004/12429s022lbl.pdf	http://www.accessdata.fda.gov/drugsatfda_docs/label/2004/12429s022lbl.pdf
CHEMBL671	CHEMBL2311221	DNA inhibitor	INHIBITOR	FDA	label/2015/075547Orig1s006lbl.pdf	http://www.accessdata.fda.gov/drugsatfda_docs/label/2015/075547Orig1s006lbl.pdf
CHEMBL2105756	CHEMBL2095227	Vascular endothelial growth factor receptor inhibitor	INHIBITOR	FDA	label/2021/212904s000lbl.pdf	https://www.accessdata.fda.gov/drugsatfda_docs/label/2021/212904s000lbl.pdf
CHEMBL2105756	CHEMBL1936	Stem cell growth factor receptor inhibitor	INHIBITOR	FDA	label/2021/212904s000lbl.pdf	https://www.accessdata.fda.gov/drugsatfda_docs/label/2021/212904s000lbl.pdf
CHEMBL2105756	CHEMBL1913	Platelet-derived growth factor receptor beta inhibitor	INHIBITOR	FDA	label/2021/212904s000lbl.pdf	https://www.accessdata.fda.gov/drugsatfda_docs/label/2021/212904s000lbl.pdf
CHEMBL2105741	CHEMBL2964	Dual specificity mitogen-activated protein kinase kinase 2 inhibitor	INHIBITOR	FDA	label/2015/204114s004lbl.pdf	http://www.accessdata.fda.gov/drugsatfda_docs/label/2015/204114s004lbl.pdf
CHEMBL2105741	CHEMBL3587	Dual specificity mitogen-activated protein kinase kinase 1 inhibitor	INHIBITOR	FDA	label/2015/204114s004lbl.pdf	http://www.accessdata.fda.gov/drugsatfda_docs/label/2015/204114s004lbl.pdf
CHEMBL3989698	CHEMBL2095205	Monoamine oxidase inhibitor	INHIBITOR	FDA	label/2010/012342s063lbl.pdf	http://www.accessdata.fda.gov/drugsatfda_docs/label/2010/012342s063lbl.pdf
CHEMBL646	CHEMBL2093872	GABA-A receptor; anion channel positive allosteric modulator	POSITIVE ALLOSTERIC MODULATOR	FDA	label/2008/017892s038lbl.pdf	http://www.accessdata.fda.gov/drugsatfda_docs/label/2008/017892s038lbl.pdf
CHEMBL197084		Unknown		FDA	label/2023/217026s000lbl.pdf	https://www.accessdata.fda.gov/drugsatfda_docs/label/2023/217026s000lbl.pdf
CHEMBL3989869	CHEMBL4937	Casein kinase I epsilon inhibitor	INHIBITOR	FDA	label/2021/213176s000lbl.pdf	https://www.accessdata.fda.gov/drugsatfda_docs/label/2021/213176s000lbl.pdf
CHEMBL3989869	CHEMBL1862	Tyrosine-protein kinase ABL inhibitor	INHIBITOR	FDA	label/2021/213176s000lbl.pdf	https://www.accessdata.fda.gov/drugsatfda_docs/label/2021/213176s000lbl.pdf
CHEMBL523299	CHEMBL245	Muscarinic acetylcholine receptor M3 antagonist	ANTAGONIST	FDA	label/2013/203975s000lbl.pdf	http://www.accessdata.fda.gov/drugsatfda_docs/label/2013/203975s000lbl.pdf
CHEMBL1229517	CHEMBL5145	Serine/threonine-protein kinase B-raf inhibitor	INHIBITOR	FDA	label/2011/202429s000lbl.pdf	http://www.accessdata.fda.gov/drugsatfda_docs/label/2011/202429s000lbl.pdf
CHEMBL3137309	CHEMBL4860	Apoptosis regulator Bcl-2 inhibitor	INHIBITOR	FDA	label/2016/208573s000lbl.pdf	http://www.accessdata.fda.gov/drugsatfda_docs/label/2016/208573s000lbl.pdf
CHEMBL3707382	CHEMBL3991481	Glycosaminoglycans hydrolytic enzyme	HYDROLYTIC ENZYME	FDA	label/2017/761047s000lbl.pdf	http://www.accessdata.fda.gov/drugsatfda_docs/label/2017/761047s000lbl.pdf
CHEMBL3936761	CHEMBL5251	Tyrosine-protein kinase BTK inhibitor	INHIBITOR	FDA	label/2019/213217s000lbl.pdf	https://www.accessdata.fda.gov/drugsatfda_docs/label/2019/213217s000lbl.pdf
